teamcolor_id,stage,required_players,condition_text,icon_url
1000,1,3,3명,https://fco.dn.nexoncdn.co.kr/live/externalAssets/common/crests/light/medium/l10.png
1000,2,6,6명,https://fco.dn.nexoncdn.co.kr/live/externalAssets/common/crests/light/medium/l10.png
1000,3,8,8명,https://fco.dn.nexoncdn.co.kr/live/externalAssets/common/crests/light/medium/l10.png
1000,4,11,11명,https://fco.dn.nexoncdn.co.kr/live/externalAssets/common/crests/light/medium/l10.png
1001,1,3,3명,https://fco.dn.nexoncdn.co.kr/live/externalAssets/common/crests/light/medium/l9.png
1001,2,6,6명,https://fco.dn.nexoncdn.co.kr/live/externalAssets/common/crests/light/medium/l9.png
1001,3,8,8명,https://fco.dn.nexoncdn.co.kr/live/externalAssets/common/crests/light/medium/l9.png
1001,4,11,11명,https://fco.dn.nexoncdn.co.kr/live/externalAssets/common/crests/light/medium/l9.png
1002,1,3,3명,https://fco.dn.nexoncdn.co.kr/live/externalAssets/common/crests/light/medium/l18.png
1002,2,6,6명,https://fco.dn.nexoncdn.co.kr/live/externalAssets/common/crests/light/medium/l18.png
1002,3,8,8명,https://fco.dn.nexoncdn.co.kr/live/externalAssets/common/crests/light/medium/l18.png
1002,4,11,11명,https://fco.dn.nexoncdn.co.kr/live/externalAssets/common/crests/light/medium/l18.png
1003,1,3,3명,https://fco.dn.nexoncdn.co.kr/live/externalAssets/common/crests/light/medium/l5.png
1003,2,6,6명,https://fco.dn.nexoncdn.co.kr/live/externalAssets/common/crests/light/medium/l5.png
1003,3,8,8명,https://fco.dn.nexoncdn.co.kr/live/externalAssets/common/crests/light/medium/l5.png
1003,4,11,11명,https://fco.dn.nexoncdn.co.kr/live/externalAssets/common/crests/light/medium/l5.png
1004,1,3,3명,https://fco.dn.nexoncdn.co.kr/live/externalAssets/common/crests/light/medium/l1.png
1004,2,6,6명,https://fco.dn.nexoncdn.co.kr/live/externalAssets/common/crests/light/medium/l1.png
1004,3,8,8명,https://fco.dn.nexoncdn.co.kr/live/externalAssets/common/crests/light/medium/l1.png
1004,4,11,11명,https://fco.dn.nexoncdn.co.kr/live/externalAssets/common/crests/light/medium/l1.png
1005,1,3,3명,https://fco.dn.nexoncdn.co.kr/live/externalAssets/common/crests/light/medium/l11.png
1005,2,6,6명,https://fco.dn.nexoncdn.co.kr/live/externalAssets/common/crests/light/medium/l11.png
1005,3,8,8명,https://fco.dn.nexoncdn.co.kr/live/externalAssets/common/crests/light/medium/l11.png
1005,4,11,11명,https://fco.dn.nexoncdn.co.kr/live/externalAssets/common/crests/light/medium/l11.png
1006,1,3,3명,https://fco.dn.nexoncdn.co.kr/live/externalAssets/common/crests/light/medium/l110.png
1006,2,6,6명,https://fco.dn.nexoncdn.co.kr/live/externalAssets/common/crests/light/medium/l110.png
1006,3,8,8명,https://fco.dn.nexoncdn.co.kr/live/externalAssets/common/crests/light/medium/l110.png
1006,4,11,11명,https://fco.dn.nexoncdn.co.kr/live/externalAssets/common/crests/light/medium/l110.png
1007,1,3,3명,https://fco.dn.nexoncdn.co.kr/live/externalAssets/common/crests/light/medium/l95.png
1007,2,6,6명,https://fco.dn.nexoncdn.co.kr/live/externalAssets/common/crests/light/medium/l95.png
1007,3,8,8명,https://fco.dn.nexoncdn.co.kr/live/externalAssets/common/crests/light/medium/l95.png
1007,4,11,11명,https://fco.dn.nexoncdn.co.kr/live/externalAssets/common/crests/light/medium/l95.png
1008,1,3,3명,https://fco.dn.nexoncdn.co.kr/live/externalAssets/common/crests/light/medium/l7.png
1008,2,6,6명,https://fco.dn.nexoncdn.co.kr/live/externalAssets/common/crests/light/medium/l7.png
1008,3,8,8명,https://fco.dn.nexoncdn.co.kr/live/externalAssets/common/crests/light/medium/l7.png
1008,4,11,11명,https://fco.dn.nexoncdn.co.kr/live/externalAssets/common/crests/light/medium/l7.png
1009,1,3,3명,https://fco.dn.nexoncdn.co.kr/live/externalAssets/common/crests/light/medium/l1795.png
1009,2,6,6명,https://fco.dn.nexoncdn.co.kr/live/externalAssets/common/crests/light/medium/l1795.png
1009,3,8,8명,https://fco.dn.nexoncdn.co.kr/live/externalAssets/common/crests/light/medium/l1795.png
1009,4,11,11명,https://fco.dn.nexoncdn.co.kr/live/externalAssets/common/crests/light/medium/l1795.png
1010,1,3,3명,https://fco.dn.nexoncdn.co.kr/live/externalAssets/common/crests/light/medium/l21.png
1010,2,6,6명,https://fco.dn.nexoncdn.co.kr/live/externalAssets/common/crests/light/medium/l21.png
1010,3,8,8명,https://fco.dn.nexoncdn.co.kr/live/externalAssets/common/crests/light/medium/l21.png
1010,4,11,11명,https://fco.dn.nexoncdn.co.kr/live/externalAssets/common/crests/light/medium/l21.png
1011,1,3,3명,https://fco.dn.nexoncdn.co.kr/live/externalAssets/common/crests/light/medium/l22.png
1011,2,6,6명,https://fco.dn.nexoncdn.co.kr/live/externalAssets/common/crests/light/medium/l22.png
1011,3,8,8명,https://fco.dn.nexoncdn.co.kr/live/externalAssets/common/crests/light/medium/l22.png
1011,4,11,11명,https://fco.dn.nexoncdn.co.kr/live/externalAssets/common/crests/light/medium/l22.png
1012,1,3,3명,https://fco.dn.nexoncdn.co.kr/live/externalAssets/common/crests/light/medium/l112172.png
1012,2,6,6명,https://fco.dn.nexoncdn.co.kr/live/externalAssets/common/crests/light/medium/l112172.png
1012,3,8,8명,https://fco.dn.nexoncdn.co.kr/live/externalAssets/common/crests/light/medium/l112172.png
1012,4,11,11명,https://fco.dn.nexoncdn.co.kr/live/externalAssets/common/crests/light/medium/l112172.png
1013,1,3,3명,https://fco.dn.nexoncdn.co.kr/live/externalAssets/common/crests/light/medium/l1824.png
1013,2,6,6명,https://fco.dn.nexoncdn.co.kr/live/externalAssets/common/crests/light/medium/l1824.png
1013,3,8,8명,https://fco.dn.nexoncdn.co.kr/live/externalAssets/common/crests/light/medium/l1824.png
1013,4,11,11명,https://fco.dn.nexoncdn.co.kr/live/externalAssets/common/crests/light/medium/l1824.png
1014,1,3,3명,https://fco.dn.nexoncdn.co.kr/live/externalAssets/common/crests/light/medium/l32.png
1014,2,6,6명,https://fco.dn.nexoncdn.co.kr/live/externalAssets/common/crests/light/medium/l32.png
1014,3,8,8명,https://fco.dn.nexoncdn.co.kr/live/externalAssets/common/crests/light/medium/l32.png
1014,4,11,11명,https://fco.dn.nexoncdn.co.kr/live/externalAssets/common/crests/light/medium/l32.png
1015,1,3,3명,https://fco.dn.nexoncdn.co.kr/live/externalAssets/common/crests/light/medium/l175.png
1015,2,6,6명,https://fco.dn.nexoncdn.co.kr/live/externalAssets/common/crests/light/medium/l175.png
1015,3,8,8명,https://fco.dn.nexoncdn.co.kr/live/externalAssets/common/crests/light/medium/l175.png
1015,4,11,11명,https://fco.dn.nexoncdn.co.kr/live/externalAssets/common/crests/light/medium/l175.png
1016,1,3,3명,https://fco.dn.nexoncdn.co.kr/live/externalAssets/common/crests/light/medium/l241.png
1016,2,6,6명,https://fco.dn.nexoncdn.co.kr/live/externalAssets/common/crests/light/medium/l241.png
1016,3,8,8명,https://fco.dn.nexoncdn.co.kr/live/externalAssets/common/crests/light/medium/l241.png
1016,4,11,11명,https://fco.dn.nexoncdn.co.kr/live/externalAssets/common/crests/light/medium/l241.png
1017,1,3,3명,https://fco.dn.nexoncdn.co.kr/live/externalAssets/common/crests/light/medium/l240.png
1017,2,6,6명,https://fco.dn.nexoncdn.co.kr/live/externalAssets/common/crests/light/medium/l240.png
1017,3,8,8명,https://fco.dn.nexoncdn.co.kr/live/externalAssets/common/crests/light/medium/l240.png
1017,4,11,11명,https://fco.dn.nexoncdn.co.kr/live/externalAssets/common/crests/light/medium/l240.png
1018,1,3,3명,https://fco.dn.nexoncdn.co.kr/live/externalAssets/common/crests/light/medium/l243.png
1018,2,6,6명,https://fco.dn.nexoncdn.co.kr/live/externalAssets/common/crests/light/medium/l243.png
1018,3,8,8명,https://fco.dn.nexoncdn.co.kr/live/externalAssets/common/crests/light/medium/l243.png
1018,4,11,11명,https://fco.dn.nexoncdn.co.kr/live/externalAssets/common/crests/light/medium/l243.png
1019,1,3,3명,https://fco.dn.nexoncdn.co.kr/live/externalAssets/common/crests/light/medium/l461.png
1019,2,6,6명,https://fco.dn.nexoncdn.co.kr/live/externalAssets/common/crests/light/medium/l461.png
1019,3,8,8명,https://fco.dn.nexoncdn.co.kr/live/externalAssets/common/crests/light/medium/l461.png
1019,4,11,11명,https://fco.dn.nexoncdn.co.kr/live/externalAssets/common/crests/light/medium/l461.png
1020,1,3,3명,https://fco.dn.nexoncdn.co.kr/live/externalAssets/common/crests/light/medium/l452.png
1020,2,6,6명,https://fco.dn.nexoncdn.co.kr/live/externalAssets/common/crests/light/medium/l452.png
1020,3,8,8명,https://fco.dn.nexoncdn.co.kr/live/externalAssets/common/crests/light/medium/l452.png
1020,4,11,11명,https://fco.dn.nexoncdn.co.kr/live/externalAssets/common/crests/light/medium/l452.png
1021,1,3,3명,https://fco.dn.nexoncdn.co.kr/live/externalAssets/common/crests/light/medium/l45.png
1021,2,6,6명,https://fco.dn.nexoncdn.co.kr/live/externalAssets/common/crests/light/medium/l45.png
1021,3,8,8명,https://fco.dn.nexoncdn.co.kr/live/externalAssets/common/crests/light/medium/l45.png
1021,4,11,11명,https://fco.dn.nexoncdn.co.kr/live/externalAssets/common/crests/light/medium/l45.png
1022,1,3,3명,https://fco.dn.nexoncdn.co.kr/live/externalAssets/common/crests/light/medium/l48.png
1022,2,6,6명,https://fco.dn.nexoncdn.co.kr/live/externalAssets/common/crests/light/medium/l48.png
1022,3,8,8명,https://fco.dn.nexoncdn.co.kr/live/externalAssets/common/crests/light/medium/l48.png
1022,4,11,11명,https://fco.dn.nexoncdn.co.kr/live/externalAssets/common/crests/light/medium/l48.png
1023,1,3,3명,https://fco.dn.nexoncdn.co.kr/live/externalAssets/common/crests/light/medium/l131682.png
1023,2,6,6명,https://fco.dn.nexoncdn.co.kr/live/externalAssets/common/crests/light/medium/l131682.png
1023,3,8,8명,https://fco.dn.nexoncdn.co.kr/live/externalAssets/common/crests/light/medium/l131682.png
1023,4,11,11명,https://fco.dn.nexoncdn.co.kr/live/externalAssets/common/crests/light/medium/l131682.png
1024,1,3,3명,https://fco.dn.nexoncdn.co.kr/live/externalAssets/common/crests/light/medium/l52.png
1024,2,6,6명,https://fco.dn.nexoncdn.co.kr/live/externalAssets/common/crests/light/medium/l52.png
1024,3,8,8명,https://fco.dn.nexoncdn.co.kr/live/externalAssets/common/crests/light/medium/l52.png
1024,4,11,11명,https://fco.dn.nexoncdn.co.kr/live/externalAssets/common/crests/light/medium/l52.png
1025,1,3,3명,https://fco.dn.nexoncdn.co.kr/live/externalAssets/common/crests/light/medium/l131681.png
1025,2,6,6명,https://fco.dn.nexoncdn.co.kr/live/externalAssets/common/crests/light/medium/l131681.png
1025,3,8,8명,https://fco.dn.nexoncdn.co.kr/live/externalAssets/common/crests/light/medium/l131681.png
1025,4,11,11명,https://fco.dn.nexoncdn.co.kr/live/externalAssets/common/crests/light/medium/l131681.png
1026,1,3,3명,https://fco.dn.nexoncdn.co.kr/live/externalAssets/common/crests/light/medium/l115841.png
1026,2,6,6명,https://fco.dn.nexoncdn.co.kr/live/externalAssets/common/crests/light/medium/l115841.png
1026,3,8,8명,https://fco.dn.nexoncdn.co.kr/live/externalAssets/common/crests/light/medium/l115841.png
1026,4,11,11명,https://fco.dn.nexoncdn.co.kr/live/externalAssets/common/crests/light/medium/l115841.png
1027,1,3,3명,https://fco.dn.nexoncdn.co.kr/live/externalAssets/common/crests/light/medium/l73.png
1027,2,6,6명,https://fco.dn.nexoncdn.co.kr/live/externalAssets/common/crests/light/medium/l73.png
1027,3,8,8명,https://fco.dn.nexoncdn.co.kr/live/externalAssets/common/crests/light/medium/l73.png
1027,4,11,11명,https://fco.dn.nexoncdn.co.kr/live/externalAssets/common/crests/light/medium/l73.png
1028,1,3,3명,https://fco.dn.nexoncdn.co.kr/live/externalAssets/common/crests/light/medium/l65.png
1028,2,6,6명,https://fco.dn.nexoncdn.co.kr/live/externalAssets/common/crests/light/medium/l65.png
1028,3,8,8명,https://fco.dn.nexoncdn.co.kr/live/externalAssets/common/crests/light/medium/l65.png
1028,4,11,11명,https://fco.dn.nexoncdn.co.kr/live/externalAssets/common/crests/light/medium/l65.png
1029,1,3,3명,https://fco.dn.nexoncdn.co.kr/live/externalAssets/common/crests/light/medium/l66.png
1029,2,6,6명,https://fco.dn.nexoncdn.co.kr/live/externalAssets/common/crests/light/medium/l66.png
1029,3,8,8명,https://fco.dn.nexoncdn.co.kr/live/externalAssets/common/crests/light/medium/l66.png
1029,4,11,11명,https://fco.dn.nexoncdn.co.kr/live/externalAssets/common/crests/light/medium/l66.png
1030,1,3,3명,https://fco.dn.nexoncdn.co.kr/live/externalAssets/common/crests/light/medium/l219.png
1030,2,6,6명,https://fco.dn.nexoncdn.co.kr/live/externalAssets/common/crests/light/medium/l219.png
1030,3,8,8명,https://fco.dn.nexoncdn.co.kr/live/externalAssets/common/crests/light/medium/l219.png
1030,4,11,11명,https://fco.dn.nexoncdn.co.kr/live/externalAssets/common/crests/light/medium/l219.png
1031,1,3,3명,https://fco.dn.nexoncdn.co.kr/live/externalAssets/common/crests/light/medium/l245.png
1031,2,6,6명,https://fco.dn.nexoncdn.co.kr/live/externalAssets/common/crests/light/medium/l245.png
1031,3,8,8명,https://fco.dn.nexoncdn.co.kr/live/externalAssets/common/crests/light/medium/l245.png
1031,4,11,11명,https://fco.dn.nexoncdn.co.kr/live/externalAssets/common/crests/light/medium/l245.png
1032,1,3,3명,https://fco.dn.nexoncdn.co.kr/live/externalAssets/common/crests/light/medium/l247.png
1032,2,6,6명,https://fco.dn.nexoncdn.co.kr/live/externalAssets/common/crests/light/medium/l247.png
1032,3,8,8명,https://fco.dn.nexoncdn.co.kr/live/externalAssets/common/crests/light/medium/l247.png
1032,4,11,11명,https://fco.dn.nexoncdn.co.kr/live/externalAssets/common/crests/light/medium/l247.png
1033,1,3,3명,https://fco.dn.nexoncdn.co.kr/live/externalAssets/common/crests/light/medium/l1477.png
1033,2,6,6명,https://fco.dn.nexoncdn.co.kr/live/externalAssets/common/crests/light/medium/l1477.png
1033,3,8,8명,https://fco.dn.nexoncdn.co.kr/live/externalAssets/common/crests/light/medium/l1477.png
1033,4,11,11명,https://fco.dn.nexoncdn.co.kr/live/externalAssets/common/crests/light/medium/l1477.png
1034,1,3,3명,https://fco.dn.nexoncdn.co.kr/live/externalAssets/common/crests/light/medium/l1473.png
1034,2,6,6명,https://fco.dn.nexoncdn.co.kr/live/externalAssets/common/crests/light/medium/l1473.png
1034,3,8,8명,https://fco.dn.nexoncdn.co.kr/live/externalAssets/common/crests/light/medium/l1473.png
1034,4,11,11명,https://fco.dn.nexoncdn.co.kr/live/externalAssets/common/crests/light/medium/l1473.png
1035,1,3,3명,https://fco.dn.nexoncdn.co.kr/live/externalAssets/common/crests/light/medium/l982.png
1035,2,6,6명,https://fco.dn.nexoncdn.co.kr/live/externalAssets/common/crests/light/medium/l982.png
1035,3,8,8명,https://fco.dn.nexoncdn.co.kr/live/externalAssets/common/crests/light/medium/l982.png
1035,4,11,11명,https://fco.dn.nexoncdn.co.kr/live/externalAssets/common/crests/light/medium/l982.png
1036,1,3,3명,https://fco.dn.nexoncdn.co.kr/live/externalAssets/common/crests/light/medium/l2056.png
1036,2,6,6명,https://fco.dn.nexoncdn.co.kr/live/externalAssets/common/crests/light/medium/l2056.png
1036,3,8,8명,https://fco.dn.nexoncdn.co.kr/live/externalAssets/common/crests/light/medium/l2056.png
1036,4,11,11명,https://fco.dn.nexoncdn.co.kr/live/externalAssets/common/crests/light/medium/l2056.png
1037,1,3,3명,https://fco.dn.nexoncdn.co.kr/live/externalAssets/common/crests/light/medium/l2055.png
1037,2,6,6명,https://fco.dn.nexoncdn.co.kr/live/externalAssets/common/crests/light/medium/l2055.png
1037,3,8,8명,https://fco.dn.nexoncdn.co.kr/live/externalAssets/common/crests/light/medium/l2055.png
1037,4,11,11명,https://fco.dn.nexoncdn.co.kr/live/externalAssets/common/crests/light/medium/l2055.png
1038,1,3,3명,https://fco.dn.nexoncdn.co.kr/live/externalAssets/common/crests/light/medium/l981.png
1038,2,6,6명,https://fco.dn.nexoncdn.co.kr/live/externalAssets/common/crests/light/medium/l981.png
1038,3,8,8명,https://fco.dn.nexoncdn.co.kr/live/externalAssets/common/crests/light/medium/l981.png
1038,4,11,11명,https://fco.dn.nexoncdn.co.kr/live/externalAssets/common/crests/light/medium/l981.png
1039,1,3,3명,https://fco.dn.nexoncdn.co.kr/live/externalAssets/common/crests/light/medium/l112115.png
1039,2,6,6명,https://fco.dn.nexoncdn.co.kr/live/externalAssets/common/crests/light/medium/l112115.png
1039,3,8,8명,https://fco.dn.nexoncdn.co.kr/live/externalAssets/common/crests/light/medium/l112115.png
1039,4,11,11명,https://fco.dn.nexoncdn.co.kr/live/externalAssets/common/crests/light/medium/l112115.png
1040,1,3,3명,https://fco.dn.nexoncdn.co.kr/live/externalAssets/common/crests/light/medium/l1474.png
1040,2,6,6명,https://fco.dn.nexoncdn.co.kr/live/externalAssets/common/crests/light/medium/l1474.png
1040,3,8,8명,https://fco.dn.nexoncdn.co.kr/live/externalAssets/common/crests/light/medium/l1474.png
1040,4,11,11명,https://fco.dn.nexoncdn.co.kr/live/externalAssets/common/crests/light/medium/l1474.png
1041,1,3,3명,https://fco.dn.nexoncdn.co.kr/live/externalAssets/common/crests/light/medium/l111588.png
1041,2,6,6명,https://fco.dn.nexoncdn.co.kr/live/externalAssets/common/crests/light/medium/l111588.png
1041,3,8,8명,https://fco.dn.nexoncdn.co.kr/live/externalAssets/common/crests/light/medium/l111588.png
1041,4,11,11명,https://fco.dn.nexoncdn.co.kr/live/externalAssets/common/crests/light/medium/l111588.png
1042,1,3,3명,https://fco.dn.nexoncdn.co.kr/live/externalAssets/common/crests/light/medium/l983.png
1042,2,6,6명,https://fco.dn.nexoncdn.co.kr/live/externalAssets/common/crests/light/medium/l983.png
1042,3,8,8명,https://fco.dn.nexoncdn.co.kr/live/externalAssets/common/crests/light/medium/l983.png
1042,4,11,11명,https://fco.dn.nexoncdn.co.kr/live/externalAssets/common/crests/light/medium/l983.png
1043,1,3,3명,https://fco.dn.nexoncdn.co.kr/live/externalAssets/common/crests/light/medium/l110765.png
1043,2,6,6명,https://fco.dn.nexoncdn.co.kr/live/externalAssets/common/crests/light/medium/l110765.png
1043,3,8,8명,https://fco.dn.nexoncdn.co.kr/live/externalAssets/common/crests/light/medium/l110765.png
1043,4,11,11명,https://fco.dn.nexoncdn.co.kr/live/externalAssets/common/crests/light/medium/l110765.png
1044,1,3,3명,https://fco.dn.nexoncdn.co.kr/live/externalAssets/common/crests/light/medium/l1478.png
1044,2,6,6명,https://fco.dn.nexoncdn.co.kr/live/externalAssets/common/crests/light/medium/l1478.png
1044,3,8,8명,https://fco.dn.nexoncdn.co.kr/live/externalAssets/common/crests/light/medium/l1478.png
1044,4,11,11명,https://fco.dn.nexoncdn.co.kr/live/externalAssets/common/crests/light/medium/l1478.png
1047,1,3,3명,https://fco.dn.nexoncdn.co.kr/live/externalAssets/common/crests/light/medium/l112540.png
1047,2,6,6명,https://fco.dn.nexoncdn.co.kr/live/externalAssets/common/crests/light/medium/l112540.png
1047,3,8,8명,https://fco.dn.nexoncdn.co.kr/live/externalAssets/common/crests/light/medium/l112540.png
1047,4,11,11명,https://fco.dn.nexoncdn.co.kr/live/externalAssets/common/crests/light/medium/l112540.png
1049,1,3,3명,https://fco.dn.nexoncdn.co.kr/live/externalAssets/common/crests/light/medium/l111724.png
1049,2,6,6명,https://fco.dn.nexoncdn.co.kr/live/externalAssets/common/crests/light/medium/l111724.png
1049,3,8,8명,https://fco.dn.nexoncdn.co.kr/live/externalAssets/common/crests/light/medium/l111724.png
1049,4,11,11명,https://fco.dn.nexoncdn.co.kr/live/externalAssets/common/crests/light/medium/l111724.png
1051,1,3,3명,https://fco.dn.nexoncdn.co.kr/live/externalAssets/common/crests/light/medium/l111774.png
1051,2,6,6명,https://fco.dn.nexoncdn.co.kr/live/externalAssets/common/crests/light/medium/l111774.png
1051,3,8,8명,https://fco.dn.nexoncdn.co.kr/live/externalAssets/common/crests/light/medium/l111774.png
1051,4,11,11명,https://fco.dn.nexoncdn.co.kr/live/externalAssets/common/crests/light/medium/l111774.png
1053,1,3,3명,https://fco.dn.nexoncdn.co.kr/live/externalAssets/common/crests/light/medium/l110955.png
1053,2,6,6명,https://fco.dn.nexoncdn.co.kr/live/externalAssets/common/crests/light/medium/l110955.png
1053,3,8,8명,https://fco.dn.nexoncdn.co.kr/live/externalAssets/common/crests/light/medium/l110955.png
1053,4,11,11명,https://fco.dn.nexoncdn.co.kr/live/externalAssets/common/crests/light/medium/l110955.png
1062,1,3,3명,https://fco.dn.nexoncdn.co.kr/live/externalAssets/common/crests/light/medium/l112258.png
1062,2,6,6명,https://fco.dn.nexoncdn.co.kr/live/externalAssets/common/crests/light/medium/l112258.png
1062,3,8,8명,https://fco.dn.nexoncdn.co.kr/live/externalAssets/common/crests/light/medium/l112258.png
1062,4,11,11명,https://fco.dn.nexoncdn.co.kr/live/externalAssets/common/crests/light/medium/l112258.png
1063,1,3,3명,https://fco.dn.nexoncdn.co.kr/live/externalAssets/common/crests/light/medium/l1476.png
1063,2,6,6명,https://fco.dn.nexoncdn.co.kr/live/externalAssets/common/crests/light/medium/l1476.png
1063,3,8,8명,https://fco.dn.nexoncdn.co.kr/live/externalAssets/common/crests/light/medium/l1476.png
1063,4,11,11명,https://fco.dn.nexoncdn.co.kr/live/externalAssets/common/crests/light/medium/l1476.png
1064,1,3,3명,https://fco.dn.nexoncdn.co.kr/live/externalAssets/common/crests/light/medium/l112555.png
1064,2,6,6명,https://fco.dn.nexoncdn.co.kr/live/externalAssets/common/crests/light/medium/l112555.png
1064,3,8,8명,https://fco.dn.nexoncdn.co.kr/live/externalAssets/common/crests/light/medium/l112555.png
1064,4,11,11명,https://fco.dn.nexoncdn.co.kr/live/externalAssets/common/crests/light/medium/l112555.png
1065,1,3,3명,https://fco.dn.nexoncdn.co.kr/live/externalAssets/common/crests/light/medium/l112554.png
1065,2,6,6명,https://fco.dn.nexoncdn.co.kr/live/externalAssets/common/crests/light/medium/l112554.png
1065,3,8,8명,https://fco.dn.nexoncdn.co.kr/live/externalAssets/common/crests/light/medium/l112554.png
1065,4,11,11명,https://fco.dn.nexoncdn.co.kr/live/externalAssets/common/crests/light/medium/l112554.png
1066,1,3,3명,https://fco.dn.nexoncdn.co.kr/live/externalAssets/common/crests/light/medium/l113595.png
1066,2,6,6명,https://fco.dn.nexoncdn.co.kr/live/externalAssets/common/crests/light/medium/l113595.png
1066,3,8,8명,https://fco.dn.nexoncdn.co.kr/live/externalAssets/common/crests/light/medium/l113595.png
1066,4,11,11명,https://fco.dn.nexoncdn.co.kr/live/externalAssets/common/crests/light/medium/l113595.png
1067,1,3,3명,https://fco.dn.nexoncdn.co.kr/live/externalAssets/common/crests/light/medium/l1475.png
1067,2,6,6명,https://fco.dn.nexoncdn.co.kr/live/externalAssets/common/crests/light/medium/l1475.png
1067,3,8,8명,https://fco.dn.nexoncdn.co.kr/live/externalAssets/common/crests/light/medium/l1475.png
1067,4,11,11명,https://fco.dn.nexoncdn.co.kr/live/externalAssets/common/crests/light/medium/l1475.png
1068,1,3,3명,https://fco.dn.nexoncdn.co.kr/live/externalAssets/common/crests/light/medium/l112559.png
1068,2,6,6명,https://fco.dn.nexoncdn.co.kr/live/externalAssets/common/crests/light/medium/l112559.png
1068,3,8,8명,https://fco.dn.nexoncdn.co.kr/live/externalAssets/common/crests/light/medium/l112559.png
1068,4,11,11명,https://fco.dn.nexoncdn.co.kr/live/externalAssets/common/crests/light/medium/l112559.png
1069,1,3,3명,https://fco.dn.nexoncdn.co.kr/live/externalAssets/common/crests/light/medium/l112558.png
1069,2,6,6명,https://fco.dn.nexoncdn.co.kr/live/externalAssets/common/crests/light/medium/l112558.png
1069,3,8,8명,https://fco.dn.nexoncdn.co.kr/live/externalAssets/common/crests/light/medium/l112558.png
1069,4,11,11명,https://fco.dn.nexoncdn.co.kr/live/externalAssets/common/crests/light/medium/l112558.png
1070,1,3,3명,https://fco.dn.nexoncdn.co.kr/live/externalAssets/common/crests/light/medium/l980.png
1070,2,6,6명,https://fco.dn.nexoncdn.co.kr/live/externalAssets/common/crests/light/medium/l980.png
1070,3,8,8명,https://fco.dn.nexoncdn.co.kr/live/externalAssets/common/crests/light/medium/l980.png
1070,4,11,11명,https://fco.dn.nexoncdn.co.kr/live/externalAssets/common/crests/light/medium/l980.png
1071,1,3,3명,https://fco.dn.nexoncdn.co.kr/live/externalAssets/common/crests/light/medium/l113031.png
1071,2,6,6명,https://fco.dn.nexoncdn.co.kr/live/externalAssets/common/crests/light/medium/l113031.png
1071,3,8,8명,https://fco.dn.nexoncdn.co.kr/live/externalAssets/common/crests/light/medium/l113031.png
1071,4,11,11명,https://fco.dn.nexoncdn.co.kr/live/externalAssets/common/crests/light/medium/l113031.png
2001,1,3,3명,https://fco.dn.nexoncdn.co.kr/live/externalAssets/common/countries/largeflags/f_167.png
2001,2,6,6명,https://fco.dn.nexoncdn.co.kr/live/externalAssets/common/countries/largeflags/f_167.png
2001,3,8,8명,https://fco.dn.nexoncdn.co.kr/live/externalAssets/common/countries/largeflags/f_167.png
2001,4,11,11명,https://fco.dn.nexoncdn.co.kr/live/externalAssets/common/countries/largeflags/f_167.png
2002,1,3,3명,https://fco.dn.nexoncdn.co.kr/live/externalAssets/common/countries/largeflags/f_18.png
2002,2,6,6명,https://fco.dn.nexoncdn.co.kr/live/externalAssets/common/countries/largeflags/f_18.png
2002,3,8,8명,https://fco.dn.nexoncdn.co.kr/live/externalAssets/common/countries/largeflags/f_18.png
2002,4,11,11명,https://fco.dn.nexoncdn.co.kr/live/externalAssets/common/countries/largeflags/f_18.png
2003,1,3,3명,https://fco.dn.nexoncdn.co.kr/live/externalAssets/common/countries/largeflags/f_54.png
2003,2,6,6명,https://fco.dn.nexoncdn.co.kr/live/externalAssets/common/countries/largeflags/f_54.png
2003,3,8,8명,https://fco.dn.nexoncdn.co.kr/live/externalAssets/common/countries/largeflags/f_54.png
2003,4,11,11명,https://fco.dn.nexoncdn.co.kr/live/externalAssets/common/countries/largeflags/f_54.png
2004,1,3,3명,https://fco.dn.nexoncdn.co.kr/live/externalAssets/common/countries/largeflags/f_21.png
2004,2,6,6명,https://fco.dn.nexoncdn.co.kr/live/externalAssets/common/countries/largeflags/f_21.png
2004,3,8,8명,https://fco.dn.nexoncdn.co.kr/live/externalAssets/common/countries/largeflags/f_21.png
2004,4,11,11명,https://fco.dn.nexoncdn.co.kr/live/externalAssets/common/countries/largeflags/f_21.png
2005,1,3,3명,https://fco.dn.nexoncdn.co.kr/live/externalAssets/common/countries/largeflags/f_34.png
2005,2,6,6명,https://fco.dn.nexoncdn.co.kr/live/externalAssets/common/countries/largeflags/f_34.png
2005,3,8,8명,https://fco.dn.nexoncdn.co.kr/live/externalAssets/common/countries/largeflags/f_34.png
2005,4,11,11명,https://fco.dn.nexoncdn.co.kr/live/externalAssets/common/countries/largeflags/f_34.png
2006,1,3,3명,https://fco.dn.nexoncdn.co.kr/live/externalAssets/common/countries/largeflags/f_14.png
2006,2,6,6명,https://fco.dn.nexoncdn.co.kr/live/externalAssets/common/countries/largeflags/f_14.png
2006,3,8,8명,https://fco.dn.nexoncdn.co.kr/live/externalAssets/common/countries/largeflags/f_14.png
2006,4,11,11명,https://fco.dn.nexoncdn.co.kr/live/externalAssets/common/countries/largeflags/f_14.png
2007,1,3,3명,https://fco.dn.nexoncdn.co.kr/live/externalAssets/common/countries/largeflags/f_38.png
2007,2,6,6명,https://fco.dn.nexoncdn.co.kr/live/externalAssets/common/countries/largeflags/f_38.png
2007,3,8,8명,https://fco.dn.nexoncdn.co.kr/live/externalAssets/common/countries/largeflags/f_38.png
2007,4,11,11명,https://fco.dn.nexoncdn.co.kr/live/externalAssets/common/countries/largeflags/f_38.png
2008,1,3,3명,https://fco.dn.nexoncdn.co.kr/live/externalAssets/common/countries/largeflags/f_7.png
2008,2,6,6명,https://fco.dn.nexoncdn.co.kr/live/externalAssets/common/countries/largeflags/f_7.png
2008,3,8,8명,https://fco.dn.nexoncdn.co.kr/live/externalAssets/common/countries/largeflags/f_7.png
2008,4,11,11명,https://fco.dn.nexoncdn.co.kr/live/externalAssets/common/countries/largeflags/f_7.png
2009,1,3,3명,https://fco.dn.nexoncdn.co.kr/live/externalAssets/common/countries/largeflags/f_27.png
2009,2,6,6명,https://fco.dn.nexoncdn.co.kr/live/externalAssets/common/countries/largeflags/f_27.png
2009,3,8,8명,https://fco.dn.nexoncdn.co.kr/live/externalAssets/common/countries/largeflags/f_27.png
2009,4,11,11명,https://fco.dn.nexoncdn.co.kr/live/externalAssets/common/countries/largeflags/f_27.png
2010,1,3,3명,https://fco.dn.nexoncdn.co.kr/live/externalAssets/common/countries/largeflags/f_45.png
2010,2,6,6명,https://fco.dn.nexoncdn.co.kr/live/externalAssets/common/countries/largeflags/f_45.png
2010,3,8,8명,https://fco.dn.nexoncdn.co.kr/live/externalAssets/common/countries/largeflags/f_45.png
2010,4,11,11명,https://fco.dn.nexoncdn.co.kr/live/externalAssets/common/countries/largeflags/f_45.png
2011,1,3,3명,https://fco.dn.nexoncdn.co.kr/live/externalAssets/common/countries/largeflags/f_52.png
2011,2,6,6명,https://fco.dn.nexoncdn.co.kr/live/externalAssets/common/countries/largeflags/f_52.png
2011,3,8,8명,https://fco.dn.nexoncdn.co.kr/live/externalAssets/common/countries/largeflags/f_52.png
2011,4,11,11명,https://fco.dn.nexoncdn.co.kr/live/externalAssets/common/countries/largeflags/f_52.png
2012,1,3,3명,https://fco.dn.nexoncdn.co.kr/live/externalAssets/common/countries/largeflags/f_95.png
2012,2,6,6명,https://fco.dn.nexoncdn.co.kr/live/externalAssets/common/countries/largeflags/f_95.png
2012,3,8,8명,https://fco.dn.nexoncdn.co.kr/live/externalAssets/common/countries/largeflags/f_95.png
2012,4,11,11명,https://fco.dn.nexoncdn.co.kr/live/externalAssets/common/countries/largeflags/f_95.png
2014,1,3,3명,https://fco.dn.nexoncdn.co.kr/live/externalAssets/common/countries/largeflags/f_37.png
2014,2,6,6명,https://fco.dn.nexoncdn.co.kr/live/externalAssets/common/countries/largeflags/f_37.png
2014,3,8,8명,https://fco.dn.nexoncdn.co.kr/live/externalAssets/common/countries/largeflags/f_37.png
2014,4,11,11명,https://fco.dn.nexoncdn.co.kr/live/externalAssets/common/countries/largeflags/f_37.png
2015,1,3,3명,https://fco.dn.nexoncdn.co.kr/live/externalAssets/common/countries/largeflags/f_47.png
2015,2,6,6명,https://fco.dn.nexoncdn.co.kr/live/externalAssets/common/countries/largeflags/f_47.png
2015,3,8,8명,https://fco.dn.nexoncdn.co.kr/live/externalAssets/common/countries/largeflags/f_47.png
2015,4,11,11명,https://fco.dn.nexoncdn.co.kr/live/externalAssets/common/countries/largeflags/f_47.png
2016,1,3,3명,https://fco.dn.nexoncdn.co.kr/live/externalAssets/common/countries/largeflags/f_24.png
2016,2,6,6명,https://fco.dn.nexoncdn.co.kr/live/externalAssets/common/countries/largeflags/f_24.png
2016,3,8,8명,https://fco.dn.nexoncdn.co.kr/live/externalAssets/common/countries/largeflags/f_24.png
2016,4,11,11명,https://fco.dn.nexoncdn.co.kr/live/externalAssets/common/countries/largeflags/f_24.png
2017,1,3,3명,https://fco.dn.nexoncdn.co.kr/live/externalAssets/common/countries/largeflags/f_50.png
2017,2,6,6명,https://fco.dn.nexoncdn.co.kr/live/externalAssets/common/countries/largeflags/f_50.png
2017,3,8,8명,https://fco.dn.nexoncdn.co.kr/live/externalAssets/common/countries/largeflags/f_50.png
2017,4,11,11명,https://fco.dn.nexoncdn.co.kr/live/externalAssets/common/countries/largeflags/f_50.png
2018,1,3,3명,https://fco.dn.nexoncdn.co.kr/live/externalAssets/common/countries/largeflags/f_60.png
2018,2,6,6명,https://fco.dn.nexoncdn.co.kr/live/externalAssets/common/countries/largeflags/f_60.png
2018,3,8,8명,https://fco.dn.nexoncdn.co.kr/live/externalAssets/common/countries/largeflags/f_60.png
2018,4,11,11명,https://fco.dn.nexoncdn.co.kr/live/externalAssets/common/countries/largeflags/f_60.png
2019,1,3,3명,https://fco.dn.nexoncdn.co.kr/live/externalAssets/common/countries/largeflags/f_56.png
2019,2,6,6명,https://fco.dn.nexoncdn.co.kr/live/externalAssets/common/countries/largeflags/f_56.png
2019,3,8,8명,https://fco.dn.nexoncdn.co.kr/live/externalAssets/common/countries/largeflags/f_56.png
2019,4,11,11명,https://fco.dn.nexoncdn.co.kr/live/externalAssets/common/countries/largeflags/f_56.png
2020,1,3,3명,https://fco.dn.nexoncdn.co.kr/live/externalAssets/common/countries/largeflags/f_195.png
2020,2,6,6명,https://fco.dn.nexoncdn.co.kr/live/externalAssets/common/countries/largeflags/f_195.png
2020,3,8,8명,https://fco.dn.nexoncdn.co.kr/live/externalAssets/common/countries/largeflags/f_195.png
2020,4,11,11명,https://fco.dn.nexoncdn.co.kr/live/externalAssets/common/countries/largeflags/f_195.png
2021,1,3,3명,https://fco.dn.nexoncdn.co.kr/live/externalAssets/common/countries/largeflags/f_83.png
2021,2,6,6명,https://fco.dn.nexoncdn.co.kr/live/externalAssets/common/countries/largeflags/f_83.png
2021,3,8,8명,https://fco.dn.nexoncdn.co.kr/live/externalAssets/common/countries/largeflags/f_83.png
2021,4,11,11명,https://fco.dn.nexoncdn.co.kr/live/externalAssets/common/countries/largeflags/f_83.png
2022,1,3,3명,https://fco.dn.nexoncdn.co.kr/live/externalAssets/common/countries/largeflags/f_46.png
2022,2,6,6명,https://fco.dn.nexoncdn.co.kr/live/externalAssets/common/countries/largeflags/f_46.png
2022,3,8,8명,https://fco.dn.nexoncdn.co.kr/live/externalAssets/common/countries/largeflags/f_46.png
2022,4,11,11명,https://fco.dn.nexoncdn.co.kr/live/externalAssets/common/countries/largeflags/f_46.png
2023,1,3,3명,https://fco.dn.nexoncdn.co.kr/live/externalAssets/common/countries/largeflags/f_35.png
2023,2,6,6명,https://fco.dn.nexoncdn.co.kr/live/externalAssets/common/countries/largeflags/f_35.png
2023,3,8,8명,https://fco.dn.nexoncdn.co.kr/live/externalAssets/common/countries/largeflags/f_35.png
2023,4,11,11명,https://fco.dn.nexoncdn.co.kr/live/externalAssets/common/countries/largeflags/f_35.png
2024,1,3,3명,https://fco.dn.nexoncdn.co.kr/live/externalAssets/common/countries/largeflags/f_163.png
2024,2,6,6명,https://fco.dn.nexoncdn.co.kr/live/externalAssets/common/countries/largeflags/f_163.png
2024,3,8,8명,https://fco.dn.nexoncdn.co.kr/live/externalAssets/common/countries/largeflags/f_163.png
2024,4,11,11명,https://fco.dn.nexoncdn.co.kr/live/externalAssets/common/countries/largeflags/f_163.png
2025,1,3,3명,https://fco.dn.nexoncdn.co.kr/live/externalAssets/common/countries/largeflags/f_155.png
2025,2,6,6명,https://fco.dn.nexoncdn.co.kr/live/externalAssets/common/countries/largeflags/f_155.png
2025,3,8,8명,https://fco.dn.nexoncdn.co.kr/live/externalAssets/common/countries/largeflags/f_155.png
2025,4,11,11명,https://fco.dn.nexoncdn.co.kr/live/externalAssets/common/countries/largeflags/f_155.png
2028,1,3,3명,https://fco.dn.nexoncdn.co.kr/live/externalAssets/common/countries/largeflags/f_108.png
2028,2,6,6명,https://fco.dn.nexoncdn.co.kr/live/externalAssets/common/countries/largeflags/f_108.png
2028,3,8,8명,https://fco.dn.nexoncdn.co.kr/live/externalAssets/common/countries/largeflags/f_108.png
2028,4,11,11명,https://fco.dn.nexoncdn.co.kr/live/externalAssets/common/countries/largeflags/f_108.png
2029,1,3,3명,https://fco.dn.nexoncdn.co.kr/live/externalAssets/common/countries/largeflags/f_117.png
2029,2,6,6명,https://fco.dn.nexoncdn.co.kr/live/externalAssets/common/countries/largeflags/f_117.png
2029,3,8,8명,https://fco.dn.nexoncdn.co.kr/live/externalAssets/common/countries/largeflags/f_117.png
2029,4,11,11명,https://fco.dn.nexoncdn.co.kr/live/externalAssets/common/countries/largeflags/f_117.png
2030,1,3,3명,https://fco.dn.nexoncdn.co.kr/live/externalAssets/common/countries/largeflags/f_51.png
2030,2,6,6명,https://fco.dn.nexoncdn.co.kr/live/externalAssets/common/countries/largeflags/f_51.png
2030,3,8,8명,https://fco.dn.nexoncdn.co.kr/live/externalAssets/common/countries/largeflags/f_51.png
2030,4,11,11명,https://fco.dn.nexoncdn.co.kr/live/externalAssets/common/countries/largeflags/f_51.png
2031,1,3,3명,https://fco.dn.nexoncdn.co.kr/live/externalAssets/common/countries/largeflags/f_103.png
2031,2,6,6명,https://fco.dn.nexoncdn.co.kr/live/externalAssets/common/countries/largeflags/f_103.png
2031,3,8,8명,https://fco.dn.nexoncdn.co.kr/live/externalAssets/common/countries/largeflags/f_103.png
2031,4,11,11명,https://fco.dn.nexoncdn.co.kr/live/externalAssets/common/countries/largeflags/f_103.png
2032,1,3,3명,https://fco.dn.nexoncdn.co.kr/live/externalAssets/common/countries/largeflags/f_133.png
2032,2,6,6명,https://fco.dn.nexoncdn.co.kr/live/externalAssets/common/countries/largeflags/f_133.png
2032,3,8,8명,https://fco.dn.nexoncdn.co.kr/live/externalAssets/common/countries/largeflags/f_133.png
2032,4,11,11명,https://fco.dn.nexoncdn.co.kr/live/externalAssets/common/countries/largeflags/f_133.png
2033,1,3,3명,https://fco.dn.nexoncdn.co.kr/live/externalAssets/common/countries/largeflags/f_12.png
2033,2,6,6명,https://fco.dn.nexoncdn.co.kr/live/externalAssets/common/countries/largeflags/f_12.png
2033,3,8,8명,https://fco.dn.nexoncdn.co.kr/live/externalAssets/common/countries/largeflags/f_12.png
2033,4,11,11명,https://fco.dn.nexoncdn.co.kr/live/externalAssets/common/countries/largeflags/f_12.png
2034,1,3,3명,https://fco.dn.nexoncdn.co.kr/live/externalAssets/common/countries/largeflags/f_22.png
2034,2,6,6명,https://fco.dn.nexoncdn.co.kr/live/externalAssets/common/countries/largeflags/f_22.png
2034,3,8,8명,https://fco.dn.nexoncdn.co.kr/live/externalAssets/common/countries/largeflags/f_22.png
2034,4,11,11명,https://fco.dn.nexoncdn.co.kr/live/externalAssets/common/countries/largeflags/f_22.png
2035,1,3,3명,https://fco.dn.nexoncdn.co.kr/live/externalAssets/common/countries/largeflags/f_140.png
2035,2,6,6명,https://fco.dn.nexoncdn.co.kr/live/externalAssets/common/countries/largeflags/f_140.png
2035,3,8,8명,https://fco.dn.nexoncdn.co.kr/live/externalAssets/common/countries/largeflags/f_140.png
2035,4,11,11명,https://fco.dn.nexoncdn.co.kr/live/externalAssets/common/countries/largeflags/f_140.png
2036,1,3,3명,https://fco.dn.nexoncdn.co.kr/live/externalAssets/common/countries/largeflags/f_13.png
2036,2,6,6명,https://fco.dn.nexoncdn.co.kr/live/externalAssets/common/countries/largeflags/f_13.png
2036,3,8,8명,https://fco.dn.nexoncdn.co.kr/live/externalAssets/common/countries/largeflags/f_13.png
2036,4,11,11명,https://fco.dn.nexoncdn.co.kr/live/externalAssets/common/countries/largeflags/f_13.png
2037,1,3,3명,https://fco.dn.nexoncdn.co.kr/live/externalAssets/common/countries/largeflags/f_129.png
2037,2,6,6명,https://fco.dn.nexoncdn.co.kr/live/externalAssets/common/countries/largeflags/f_129.png
2037,3,8,8명,https://fco.dn.nexoncdn.co.kr/live/externalAssets/common/countries/largeflags/f_129.png
2037,4,11,11명,https://fco.dn.nexoncdn.co.kr/live/externalAssets/common/countries/largeflags/f_129.png
2038,1,3,3명,https://fco.dn.nexoncdn.co.kr/live/externalAssets/common/countries/largeflags/f_183.png
2038,2,6,6명,https://fco.dn.nexoncdn.co.kr/live/externalAssets/common/countries/largeflags/f_183.png
2038,3,8,8명,https://fco.dn.nexoncdn.co.kr/live/externalAssets/common/countries/largeflags/f_183.png
2038,4,11,11명,https://fco.dn.nexoncdn.co.kr/live/externalAssets/common/countries/largeflags/f_183.png
2039,1,3,3명,https://fco.dn.nexoncdn.co.kr/live/externalAssets/common/countries/largeflags/f_136.png
2039,2,6,6명,https://fco.dn.nexoncdn.co.kr/live/externalAssets/common/countries/largeflags/f_136.png
2039,3,8,8명,https://fco.dn.nexoncdn.co.kr/live/externalAssets/common/countries/largeflags/f_136.png
2039,4,11,11명,https://fco.dn.nexoncdn.co.kr/live/externalAssets/common/countries/largeflags/f_136.png
2040,1,3,3명,https://fco.dn.nexoncdn.co.kr/live/externalAssets/common/countries/largeflags/f_43.png
2040,2,6,6명,https://fco.dn.nexoncdn.co.kr/live/externalAssets/common/countries/largeflags/f_43.png
2040,3,8,8명,https://fco.dn.nexoncdn.co.kr/live/externalAssets/common/countries/largeflags/f_43.png
2040,4,11,11명,https://fco.dn.nexoncdn.co.kr/live/externalAssets/common/countries/largeflags/f_43.png
2041,1,3,3명,https://fco.dn.nexoncdn.co.kr/live/externalAssets/common/countries/largeflags/f_44.png
2041,2,6,6명,https://fco.dn.nexoncdn.co.kr/live/externalAssets/common/countries/largeflags/f_44.png
2041,3,8,8명,https://fco.dn.nexoncdn.co.kr/live/externalAssets/common/countries/largeflags/f_44.png
2041,4,11,11명,https://fco.dn.nexoncdn.co.kr/live/externalAssets/common/countries/largeflags/f_44.png
2042,1,3,3명,https://fco.dn.nexoncdn.co.kr/live/externalAssets/common/countries/largeflags/f_97.png
2042,2,6,6명,https://fco.dn.nexoncdn.co.kr/live/externalAssets/common/countries/largeflags/f_97.png
2042,3,8,8명,https://fco.dn.nexoncdn.co.kr/live/externalAssets/common/countries/largeflags/f_97.png
2042,4,11,11명,https://fco.dn.nexoncdn.co.kr/live/externalAssets/common/countries/largeflags/f_97.png
2043,1,3,3명,https://fco.dn.nexoncdn.co.kr/live/externalAssets/common/countries/largeflags/f_57.png
2043,2,6,6명,https://fco.dn.nexoncdn.co.kr/live/externalAssets/common/countries/largeflags/f_57.png
2043,3,8,8명,https://fco.dn.nexoncdn.co.kr/live/externalAssets/common/countries/largeflags/f_57.png
2043,4,11,11명,https://fco.dn.nexoncdn.co.kr/live/externalAssets/common/countries/largeflags/f_57.png
2044,1,3,3명,https://fco.dn.nexoncdn.co.kr/live/externalAssets/common/countries/largeflags/f_161.png
2044,2,6,6명,https://fco.dn.nexoncdn.co.kr/live/externalAssets/common/countries/largeflags/f_161.png
2044,3,8,8명,https://fco.dn.nexoncdn.co.kr/live/externalAssets/common/countries/largeflags/f_161.png
2044,4,11,11명,https://fco.dn.nexoncdn.co.kr/live/externalAssets/common/countries/largeflags/f_161.png
2045,1,3,3명,https://fco.dn.nexoncdn.co.kr/live/externalAssets/common/countries/largeflags/f_111.png
2045,2,6,6명,https://fco.dn.nexoncdn.co.kr/live/externalAssets/common/countries/largeflags/f_111.png
2045,3,8,8명,https://fco.dn.nexoncdn.co.kr/live/externalAssets/common/countries/largeflags/f_111.png
2045,4,11,11명,https://fco.dn.nexoncdn.co.kr/live/externalAssets/common/countries/largeflags/f_111.png
2046,1,3,3명,https://fco.dn.nexoncdn.co.kr/live/externalAssets/common/countries/largeflags/f_55.png
2046,2,6,6명,https://fco.dn.nexoncdn.co.kr/live/externalAssets/common/countries/largeflags/f_55.png
2046,3,8,8명,https://fco.dn.nexoncdn.co.kr/live/externalAssets/common/countries/largeflags/f_55.png
2046,4,11,11명,https://fco.dn.nexoncdn.co.kr/live/externalAssets/common/countries/largeflags/f_55.png
2047,1,3,3명,https://fco.dn.nexoncdn.co.kr/live/externalAssets/common/countries/largeflags/f_72.png
2047,2,6,6명,https://fco.dn.nexoncdn.co.kr/live/externalAssets/common/countries/largeflags/f_72.png
2047,3,8,8명,https://fco.dn.nexoncdn.co.kr/live/externalAssets/common/countries/largeflags/f_72.png
2047,4,11,11명,https://fco.dn.nexoncdn.co.kr/live/externalAssets/common/countries/largeflags/f_72.png
2048,1,3,3명,https://fco.dn.nexoncdn.co.kr/live/externalAssets/common/countries/largeflags/f_10.png
2048,2,6,6명,https://fco.dn.nexoncdn.co.kr/live/externalAssets/common/countries/largeflags/f_10.png
2048,3,8,8명,https://fco.dn.nexoncdn.co.kr/live/externalAssets/common/countries/largeflags/f_10.png
2048,4,11,11명,https://fco.dn.nexoncdn.co.kr/live/externalAssets/common/countries/largeflags/f_10.png
2049,1,3,3명,https://fco.dn.nexoncdn.co.kr/live/externalAssets/common/countries/largeflags/f_145.png
2049,2,6,6명,https://fco.dn.nexoncdn.co.kr/live/externalAssets/common/countries/largeflags/f_145.png
2049,3,8,8명,https://fco.dn.nexoncdn.co.kr/live/externalAssets/common/countries/largeflags/f_145.png
2049,4,11,11명,https://fco.dn.nexoncdn.co.kr/live/externalAssets/common/countries/largeflags/f_145.png
2050,1,3,3명,https://fco.dn.nexoncdn.co.kr/live/externalAssets/common/countries/largeflags/f_58.png
2050,2,6,6명,https://fco.dn.nexoncdn.co.kr/live/externalAssets/common/countries/largeflags/f_58.png
2050,3,8,8명,https://fco.dn.nexoncdn.co.kr/live/externalAssets/common/countries/largeflags/f_58.png
2050,4,11,11명,https://fco.dn.nexoncdn.co.kr/live/externalAssets/common/countries/largeflags/f_58.png
2051,1,3,3명,https://fco.dn.nexoncdn.co.kr/live/externalAssets/common/countries/largeflags/f_59.png
2051,2,6,6명,https://fco.dn.nexoncdn.co.kr/live/externalAssets/common/countries/largeflags/f_59.png
2051,3,8,8명,https://fco.dn.nexoncdn.co.kr/live/externalAssets/common/countries/largeflags/f_59.png
2051,4,11,11명,https://fco.dn.nexoncdn.co.kr/live/externalAssets/common/countries/largeflags/f_59.png
2052,1,3,3명,https://fco.dn.nexoncdn.co.kr/live/externalAssets/common/countries/largeflags/f_42.png
2052,2,6,6명,https://fco.dn.nexoncdn.co.kr/live/externalAssets/common/countries/largeflags/f_42.png
2052,3,8,8명,https://fco.dn.nexoncdn.co.kr/live/externalAssets/common/countries/largeflags/f_42.png
2052,4,11,11명,https://fco.dn.nexoncdn.co.kr/live/externalAssets/common/countries/largeflags/f_42.png
2053,1,3,3명,https://fco.dn.nexoncdn.co.kr/live/externalAssets/common/countries/largeflags/f_23.png
2053,2,6,6명,https://fco.dn.nexoncdn.co.kr/live/externalAssets/common/countries/largeflags/f_23.png
2053,3,8,8명,https://fco.dn.nexoncdn.co.kr/live/externalAssets/common/countries/largeflags/f_23.png
2053,4,11,11명,https://fco.dn.nexoncdn.co.kr/live/externalAssets/common/countries/largeflags/f_23.png
2054,1,3,3명,https://fco.dn.nexoncdn.co.kr/live/externalAssets/common/countries/largeflags/f_19.png
2054,2,6,6명,https://fco.dn.nexoncdn.co.kr/live/externalAssets/common/countries/largeflags/f_19.png
2054,3,8,8명,https://fco.dn.nexoncdn.co.kr/live/externalAssets/common/countries/largeflags/f_19.png
2054,4,11,11명,https://fco.dn.nexoncdn.co.kr/live/externalAssets/common/countries/largeflags/f_19.png
2055,1,3,3명,https://fco.dn.nexoncdn.co.kr/live/externalAssets/common/countries/largeflags/f_4.png
2055,2,6,6명,https://fco.dn.nexoncdn.co.kr/live/externalAssets/common/countries/largeflags/f_4.png
2055,3,8,8명,https://fco.dn.nexoncdn.co.kr/live/externalAssets/common/countries/largeflags/f_4.png
2055,4,11,11명,https://fco.dn.nexoncdn.co.kr/live/externalAssets/common/countries/largeflags/f_4.png
2056,1,3,3명,https://fco.dn.nexoncdn.co.kr/live/externalAssets/common/countries/largeflags/f_17.png
2056,2,6,6명,https://fco.dn.nexoncdn.co.kr/live/externalAssets/common/countries/largeflags/f_17.png
2056,3,8,8명,https://fco.dn.nexoncdn.co.kr/live/externalAssets/common/countries/largeflags/f_17.png
2056,4,11,11명,https://fco.dn.nexoncdn.co.kr/live/externalAssets/common/countries/largeflags/f_17.png
2057,1,3,3명,https://fco.dn.nexoncdn.co.kr/live/externalAssets/common/countries/largeflags/f_48.png
2057,2,6,6명,https://fco.dn.nexoncdn.co.kr/live/externalAssets/common/countries/largeflags/f_48.png
2057,3,8,8명,https://fco.dn.nexoncdn.co.kr/live/externalAssets/common/countries/largeflags/f_48.png
2057,4,11,11명,https://fco.dn.nexoncdn.co.kr/live/externalAssets/common/countries/largeflags/f_48.png
2058,1,3,3명,https://fco.dn.nexoncdn.co.kr/live/externalAssets/common/countries/largeflags/f_36.png
2058,2,6,6명,https://fco.dn.nexoncdn.co.kr/live/externalAssets/common/countries/largeflags/f_36.png
2058,3,8,8명,https://fco.dn.nexoncdn.co.kr/live/externalAssets/common/countries/largeflags/f_36.png
2058,4,11,11명,https://fco.dn.nexoncdn.co.kr/live/externalAssets/common/countries/largeflags/f_36.png
2059,1,3,3명,https://fco.dn.nexoncdn.co.kr/live/externalAssets/common/countries/largeflags/f_49.png
2059,2,6,6명,https://fco.dn.nexoncdn.co.kr/live/externalAssets/common/countries/largeflags/f_49.png
2059,3,8,8명,https://fco.dn.nexoncdn.co.kr/live/externalAssets/common/countries/largeflags/f_49.png
2059,4,11,11명,https://fco.dn.nexoncdn.co.kr/live/externalAssets/common/countries/largeflags/f_49.png
10001,1,5,5명,https://ssl.nexon.com/s2/game/fc/online/obt/datacenter/teamcolor/tc_u_g.png
10001,2,8,8명,https://ssl.nexon.com/s2/game/fc/online/obt/datacenter/teamcolor/tc_u_g.png
10002,1,5,5명,https://ssl.nexon.com/s2/game/fc/online/obt/datacenter/teamcolor/tc_u_s.png
10002,2,8,8명,https://ssl.nexon.com/s2/game/fc/online/obt/datacenter/teamcolor/tc_u_s.png
10003,1,5,5명,https://ssl.nexon.com/s2/game/fc/online/obt/datacenter/teamcolor/tc_u_b.png
10004,1,5,5명,https://ssl.nexon.com/s2/game/fc/online/obt/datacenter/teamcolor/tc_u_p.png
10004,2,8,8명,https://ssl.nexon.com/s2/game/fc/online/obt/datacenter/teamcolor/tc_u_p.png
10005,1,5,5명,https://ssl.nexon.com/s2/game/fc/online/obt/datacenter/teamcolor/tc_u_c.png
20001,1,5,5명,https://fco.dn.nexoncdn.co.kr/live/externalAssets/common/teamcolorboost/icon/medium/4_l1370.png
20002,1,5,5명,https://fco.dn.nexoncdn.co.kr/live/externalAssets/common/teamcolorboost/icon/medium/4_l1335.png
20003,1,5,5명,https://fco.dn.nexoncdn.co.kr/live/externalAssets/common/teamcolorboost/icon/medium/4_l1335.png
20004,1,5,5명,https://fco.dn.nexoncdn.co.kr/live/externalAssets/common/teamcolorboost/icon/medium/4_l1325.png
20005,1,5,5명,https://fco.dn.nexoncdn.co.kr/live/externalAssets/common/teamcolorboost/icon/medium/4_l1362.png
20006,1,5,5명,https://fco.dn.nexoncdn.co.kr/live/externalAssets/common/teamcolorboost/icon/medium/4_l105035.png
20007,1,5,5명,https://fco.dn.nexoncdn.co.kr/live/externalAssets/common/teamcolorboost/icon/medium/4_l1369.png
20008,1,5,5명,https://fco.dn.nexoncdn.co.kr/live/externalAssets/common/teamcolorboost/icon/medium/4_l111459.png
20009,1,5,5명,https://fco.dn.nexoncdn.co.kr/live/externalAssets/common/teamcolorboost/icon/medium/4_l974.png
20010,1,5,5명,https://fco.dn.nexoncdn.co.kr/live/externalAssets/common/teamcolorboost/icon/medium/4_l1318.png
20011,1,5,5명,https://fco.dn.nexoncdn.co.kr/live/externalAssets/common/teamcolorboost/icon/medium/4_l1337.png
20012,1,5,5명,https://fco.dn.nexoncdn.co.kr/live/externalAssets/common/teamcolorboost/icon/medium/4_l1343.png
20013,1,5,5명,https://fco.dn.nexoncdn.co.kr/live/externalAssets/common/teamcolorboost/icon/medium/4_l974.png
30002,1,5,5명,https://fco.dn.nexoncdn.co.kr/live/externalAssets/common/teamcolorboost/icon/medium/4_l1474.png
30003,1,5,5명,https://fco.dn.nexoncdn.co.kr/live/externalAssets/common/teamcolorboost/icon/medium/4_l983.png
30004,1,5,5명,https://fco.dn.nexoncdn.co.kr/live/externalAssets/common/teamcolorboost/icon/medium/4_l1474.png
30005,1,5,5명,https://fco.dn.nexoncdn.co.kr/live/externalAssets/common/teamcolorboost/icon/medium/4_l982.png
30007,1,5,5명,https://fco.dn.nexoncdn.co.kr/live/externalAssets/common/teamcolorboost/icon/medium/4_l981.png
30008,1,5,5명,https://fco.dn.nexoncdn.co.kr/live/externalAssets/common/teamcolorboost/icon/medium/4_l1477.png
30009,1,5,5명,https://fco.dn.nexoncdn.co.kr/live/externalAssets/common/teamcolorboost/icon/medium/4_l983.png
30010,1,5,5명,https://fco.dn.nexoncdn.co.kr/live/externalAssets/common/teamcolorboost/icon/medium/4_l1477.png
30011,1,5,5명,https://fco.dn.nexoncdn.co.kr/live/externalAssets/common/teamcolorboost/icon/medium/4_l83.png
30012,1,3,3명,https://fco.dn.nexoncdn.co.kr/live/externalAssets/common/teamcolorboost/icon/medium/4_l83.png
30013,1,3,3명,https://fco.dn.nexoncdn.co.kr/live/externalAssets/common/teamcolorboost/icon/medium/4_l83.png
30014,1,3,3명,https://fco.dn.nexoncdn.co.kr/live/externalAssets/common/teamcolorboost/icon/medium/4_l83.png
30017,1,3,3명,https://fco.dn.nexoncdn.co.kr/live/externalAssets/common/teamcolorboost/icon/medium/4_l999001.png
30017,2,6,6명,https://fco.dn.nexoncdn.co.kr/live/externalAssets/common/teamcolorboost/icon/medium/4_l999001.png
30017,3,8,8명,https://fco.dn.nexoncdn.co.kr/live/externalAssets/common/teamcolorboost/icon/medium/4_l999001.png
30018,1,3,3명,https://fco.dn.nexoncdn.co.kr/live/externalAssets/common/teamcolorboost/icon/medium/4_l999002.png
30018,2,6,6명,https://fco.dn.nexoncdn.co.kr/live/externalAssets/common/teamcolorboost/icon/medium/4_l999002.png
30018,3,8,8명,https://fco.dn.nexoncdn.co.kr/live/externalAssets/common/teamcolorboost/icon/medium/4_l999002.png
40000,1,2,2명,https://fco.dn.nexoncdn.co.kr/live/externalAssets/common/teamcolorboost/icon/medium/4_l9.png
40001,1,2,2명,https://fco.dn.nexoncdn.co.kr/live/externalAssets/common/teamcolorboost/icon/medium/4_l21.png
40002,1,2,2명,https://fco.dn.nexoncdn.co.kr/live/externalAssets/common/teamcolorboost/icon/medium/4_l131681.png
40003,1,2,2명,https://fco.dn.nexoncdn.co.kr/live/externalAssets/common/teamcolorboost/icon/medium/4_l1.png
40004,1,2,2명,https://fco.dn.nexoncdn.co.kr/live/externalAssets/common/teamcolorboost/icon/medium/4_l131681.png
40005,1,2,2명,https://fco.dn.nexoncdn.co.kr/live/externalAssets/common/teamcolorboost/icon/medium/4_l105035.png
40006,1,2,2명,https://fco.dn.nexoncdn.co.kr/live/externalAssets/common/teamcolorboost/icon/medium/4_l1335.png
40007,1,2,2명,https://fco.dn.nexoncdn.co.kr/live/externalAssets/common/teamcolorboost/icon/medium/4_l241.png
40008,1,2,2명,https://fco.dn.nexoncdn.co.kr/live/externalAssets/common/teamcolorboost/icon/medium/4_l1362.png
40009,1,2,2명,https://fco.dn.nexoncdn.co.kr/live/externalAssets/common/teamcolorboost/icon/medium/4_l243.png
40010,1,2,2명,https://fco.dn.nexoncdn.co.kr/live/externalAssets/common/teamcolorboost/icon/medium/4_l1377.png
40011,1,2,2명,https://fco.dn.nexoncdn.co.kr/live/externalAssets/common/teamcolorboost/icon/medium/4_l9.png
40012,1,2,2명,https://fco.dn.nexoncdn.co.kr/live/externalAssets/common/teamcolorboost/icon/medium/4_l10.png
40013,1,2,2명,https://fco.dn.nexoncdn.co.kr/live/externalAssets/common/teamcolorboost/icon/medium/4_l22.png
40014,1,2,2명,https://fco.dn.nexoncdn.co.kr/live/externalAssets/common/teamcolorboost/icon/medium/4_l100409.png
40015,1,3,3명,https://fco.dn.nexoncdn.co.kr/live/externalAssets/common/teamcolorboost/icon/medium/4_l1477.png
40016,1,3,3명,https://fco.dn.nexoncdn.co.kr/live/externalAssets/common/teamcolorboost/icon/medium/4_l241.png
40017,1,3,3명,https://fco.dn.nexoncdn.co.kr/live/externalAssets/common/teamcolorboost/icon/medium/4_l243.png
40018,1,3,3명,https://fco.dn.nexoncdn.co.kr/live/externalAssets/common/teamcolorboost/icon/medium/4_l73.png
40019,1,3,3명,https://fco.dn.nexoncdn.co.kr/live/externalAssets/common/teamcolorboost/icon/medium/4_l11.png
40020,1,5,5명,https://fco.dn.nexoncdn.co.kr/live/externalAssets/common/teamcolorboost/icon/medium/4_l1.png
40021,1,3,3명,https://fco.dn.nexoncdn.co.kr/live/externalAssets/common/teamcolorboost/icon/medium/4_l5.png
40022,1,5,5명,https://fco.dn.nexoncdn.co.kr/live/externalAssets/common/teamcolorboost/icon/medium/4_l243.png
40023,1,3,3명,https://fco.dn.nexoncdn.co.kr/live/externalAssets/common/teamcolorboost/icon/medium/4_l1370.png
40024,1,3,3명,https://fco.dn.nexoncdn.co.kr/live/externalAssets/common/teamcolorboost/icon/medium/4_l18.png
40025,1,3,3명,https://fco.dn.nexoncdn.co.kr/live/externalAssets/common/teamcolorboost/icon/medium/4_l9.png
40026,1,3,3명,https://fco.dn.nexoncdn.co.kr/live/externalAssets/common/teamcolorboost/icon/medium/4_l11.png
40027,1,3,3명,https://fco.dn.nexoncdn.co.kr/live/externalAssets/common/teamcolorboost/icon/medium/4_l45.png
40028,1,2,2명,https://fco.dn.nexoncdn.co.kr/live/externalAssets/common/teamcolorboost/icon/medium/4_l241.png
40029,1,3,3명,https://fco.dn.nexoncdn.co.kr/live/externalAssets/common/teamcolorboost/icon/medium/4_l45.png
40030,1,3,3명,https://fco.dn.nexoncdn.co.kr/live/externalAssets/common/teamcolorboost/icon/medium/4_l48.png
40031,1,3,3명,https://fco.dn.nexoncdn.co.kr/live/externalAssets/common/teamcolorboost/icon/medium/4_l11.png
40032,1,5,5명,https://fco.dn.nexoncdn.co.kr/live/externalAssets/common/teamcolorboost/icon/medium/4_l95.png
40033,1,2,2명,https://fco.dn.nexoncdn.co.kr/live/externalAssets/common/teamcolorboost/icon/medium/4_l18.png
40034,1,3,3명,https://fco.dn.nexoncdn.co.kr/live/externalAssets/common/teamcolorboost/icon/medium/4_l105035.png
40054,1,3,3명,https://fco.dn.nexoncdn.co.kr/live/externalAssets/common/crests/light/medium/l19.png
40054,2,6,6명,https://fco.dn.nexoncdn.co.kr/live/externalAssets/common/crests/light/medium/l19.png
40054,3,8,8명,https://fco.dn.nexoncdn.co.kr/live/externalAssets/common/crests/light/medium/l19.png
40054,4,11,11명,https://fco.dn.nexoncdn.co.kr/live/externalAssets/common/crests/light/medium/l19.png
40055,1,3,3명,https://fco.dn.nexoncdn.co.kr/live/externalAssets/common/crests/light/medium/l2.png
40055,2,6,6명,https://fco.dn.nexoncdn.co.kr/live/externalAssets/common/crests/light/medium/l2.png
40055,3,8,8명,https://fco.dn.nexoncdn.co.kr/live/externalAssets/common/crests/light/medium/l2.png
40055,4,11,11명,https://fco.dn.nexoncdn.co.kr/live/externalAssets/common/crests/light/medium/l2.png
40056,1,3,3명,https://fco.dn.nexoncdn.co.kr/live/externalAssets/common/crests/light/medium/l8.png
40056,2,6,6명,https://fco.dn.nexoncdn.co.kr/live/externalAssets/common/crests/light/medium/l8.png
40056,3,8,8명,https://fco.dn.nexoncdn.co.kr/live/externalAssets/common/crests/light/medium/l8.png
40056,4,11,11명,https://fco.dn.nexoncdn.co.kr/live/externalAssets/common/crests/light/medium/l8.png
40057,1,3,3명,https://fco.dn.nexoncdn.co.kr/live/externalAssets/common/crests/light/medium/l17.png
40057,2,6,6명,https://fco.dn.nexoncdn.co.kr/live/externalAssets/common/crests/light/medium/l17.png
40057,3,8,8명,https://fco.dn.nexoncdn.co.kr/live/externalAssets/common/crests/light/medium/l17.png
40057,4,11,11명,https://fco.dn.nexoncdn.co.kr/live/externalAssets/common/crests/light/medium/l17.png
40058,1,3,3명,https://fco.dn.nexoncdn.co.kr/live/externalAssets/common/crests/light/medium/l1799.png
40058,2,6,6명,https://fco.dn.nexoncdn.co.kr/live/externalAssets/common/crests/light/medium/l1799.png
40058,3,8,8명,https://fco.dn.nexoncdn.co.kr/live/externalAssets/common/crests/light/medium/l1799.png
40058,4,11,11명,https://fco.dn.nexoncdn.co.kr/live/externalAssets/common/crests/light/medium/l1799.png
40059,1,3,3명,https://fco.dn.nexoncdn.co.kr/live/externalAssets/common/crests/light/medium/l13.png
40059,2,6,6명,https://fco.dn.nexoncdn.co.kr/live/externalAssets/common/crests/light/medium/l13.png
40059,3,8,8명,https://fco.dn.nexoncdn.co.kr/live/externalAssets/common/crests/light/medium/l13.png
40059,4,11,11명,https://fco.dn.nexoncdn.co.kr/live/externalAssets/common/crests/light/medium/l13.png
40060,1,3,3명,https://fco.dn.nexoncdn.co.kr/live/externalAssets/common/crests/light/medium/l1808.png
40060,2,6,6명,https://fco.dn.nexoncdn.co.kr/live/externalAssets/common/crests/light/medium/l1808.png
40060,3,8,8명,https://fco.dn.nexoncdn.co.kr/live/externalAssets/common/crests/light/medium/l1808.png
40060,4,11,11명,https://fco.dn.nexoncdn.co.kr/live/externalAssets/common/crests/light/medium/l1808.png
40061,1,3,3명,https://fco.dn.nexoncdn.co.kr/live/externalAssets/common/crests/light/medium/l1796.png
40061,2,6,6명,https://fco.dn.nexoncdn.co.kr/live/externalAssets/common/crests/light/medium/l1796.png
40061,3,8,8명,https://fco.dn.nexoncdn.co.kr/live/externalAssets/common/crests/light/medium/l1796.png
40061,4,11,11명,https://fco.dn.nexoncdn.co.kr/live/externalAssets/common/crests/light/medium/l1796.png
40062,1,3,3명,https://fco.dn.nexoncdn.co.kr/live/externalAssets/common/crests/light/medium/l144.png
40062,2,6,6명,https://fco.dn.nexoncdn.co.kr/live/externalAssets/common/crests/light/medium/l144.png
40062,3,8,8명,https://fco.dn.nexoncdn.co.kr/live/externalAssets/common/crests/light/medium/l144.png
40062,4,11,11명,https://fco.dn.nexoncdn.co.kr/live/externalAssets/common/crests/light/medium/l144.png
40063,1,3,3명,https://fco.dn.nexoncdn.co.kr/live/externalAssets/common/crests/light/medium/l109.png
40063,2,6,6명,https://fco.dn.nexoncdn.co.kr/live/externalAssets/common/crests/light/medium/l109.png
40063,3,8,8명,https://fco.dn.nexoncdn.co.kr/live/externalAssets/common/crests/light/medium/l109.png
40063,4,11,11명,https://fco.dn.nexoncdn.co.kr/live/externalAssets/common/crests/light/medium/l109.png
40064,1,3,3명,https://fco.dn.nexoncdn.co.kr/live/externalAssets/common/crests/light/medium/l1794.png
40064,2,6,6명,https://fco.dn.nexoncdn.co.kr/live/externalAssets/common/crests/light/medium/l1794.png
40064,3,8,8명,https://fco.dn.nexoncdn.co.kr/live/externalAssets/common/crests/light/medium/l1794.png
40064,4,11,11명,https://fco.dn.nexoncdn.co.kr/live/externalAssets/common/crests/light/medium/l1794.png
40065,1,3,3명,https://fco.dn.nexoncdn.co.kr/live/externalAssets/common/crests/light/medium/l481.png
40065,2,6,6명,https://fco.dn.nexoncdn.co.kr/live/externalAssets/common/crests/light/medium/l481.png
40065,3,8,8명,https://fco.dn.nexoncdn.co.kr/live/externalAssets/common/crests/light/medium/l481.png
40065,4,11,11명,https://fco.dn.nexoncdn.co.kr/live/externalAssets/common/crests/light/medium/l481.png
40066,1,3,3명,https://fco.dn.nexoncdn.co.kr/live/externalAssets/common/crests/light/medium/l483.png
40066,2,6,6명,https://fco.dn.nexoncdn.co.kr/live/externalAssets/common/crests/light/medium/l483.png
40066,3,8,8명,https://fco.dn.nexoncdn.co.kr/live/externalAssets/common/crests/light/medium/l483.png
40066,4,11,11명,https://fco.dn.nexoncdn.co.kr/live/externalAssets/common/crests/light/medium/l483.png
40067,1,3,3명,https://fco.dn.nexoncdn.co.kr/live/externalAssets/common/crests/light/medium/l457.png
40067,2,6,6명,https://fco.dn.nexoncdn.co.kr/live/externalAssets/common/crests/light/medium/l457.png
40067,3,8,8명,https://fco.dn.nexoncdn.co.kr/live/externalAssets/common/crests/light/medium/l457.png
40067,4,11,11명,https://fco.dn.nexoncdn.co.kr/live/externalAssets/common/crests/light/medium/l457.png
40068,1,3,3명,https://fco.dn.nexoncdn.co.kr/live/externalAssets/common/crests/light/medium/l449.png
40068,2,6,6명,https://fco.dn.nexoncdn.co.kr/live/externalAssets/common/crests/light/medium/l449.png
40068,3,8,8명,https://fco.dn.nexoncdn.co.kr/live/externalAssets/common/crests/light/medium/l449.png
40068,4,11,11명,https://fco.dn.nexoncdn.co.kr/live/externalAssets/common/crests/light/medium/l449.png
40069,1,3,3명,https://fco.dn.nexoncdn.co.kr/live/externalAssets/common/crests/light/medium/l110832.png
40069,2,6,6명,https://fco.dn.nexoncdn.co.kr/live/externalAssets/common/crests/light/medium/l110832.png
40069,3,8,8명,https://fco.dn.nexoncdn.co.kr/live/externalAssets/common/crests/light/medium/l110832.png
40069,4,11,11명,https://fco.dn.nexoncdn.co.kr/live/externalAssets/common/crests/light/medium/l110832.png
40070,1,3,3명,https://fco.dn.nexoncdn.co.kr/live/externalAssets/common/crests/light/medium/l1853.png
40070,2,6,6명,https://fco.dn.nexoncdn.co.kr/live/externalAssets/common/crests/light/medium/l1853.png
40070,3,8,8명,https://fco.dn.nexoncdn.co.kr/live/externalAssets/common/crests/light/medium/l1853.png
40070,4,11,11명,https://fco.dn.nexoncdn.co.kr/live/externalAssets/common/crests/light/medium/l1853.png
40071,1,3,3명,https://fco.dn.nexoncdn.co.kr/live/externalAssets/common/crests/light/medium/l450.png
40071,2,6,6명,https://fco.dn.nexoncdn.co.kr/live/externalAssets/common/crests/light/medium/l450.png
40071,3,8,8명,https://fco.dn.nexoncdn.co.kr/live/externalAssets/common/crests/light/medium/l450.png
40071,4,11,11명,https://fco.dn.nexoncdn.co.kr/live/externalAssets/common/crests/light/medium/l450.png
40072,1,3,3명,https://fco.dn.nexoncdn.co.kr/live/externalAssets/common/crests/light/medium/l448.png
40072,2,6,6명,https://fco.dn.nexoncdn.co.kr/live/externalAssets/common/crests/light/medium/l448.png
40072,3,8,8명,https://fco.dn.nexoncdn.co.kr/live/externalAssets/common/crests/light/medium/l448.png
40072,4,11,11명,https://fco.dn.nexoncdn.co.kr/live/externalAssets/common/crests/light/medium/l448.png
40073,1,3,3명,https://fco.dn.nexoncdn.co.kr/live/externalAssets/common/crests/light/medium/l1860.png
40073,2,6,6명,https://fco.dn.nexoncdn.co.kr/live/externalAssets/common/crests/light/medium/l1860.png
40073,3,8,8명,https://fco.dn.nexoncdn.co.kr/live/externalAssets/common/crests/light/medium/l1860.png
40073,4,11,11명,https://fco.dn.nexoncdn.co.kr/live/externalAssets/common/crests/light/medium/l1860.png
40074,1,3,3명,https://fco.dn.nexoncdn.co.kr/live/externalAssets/common/crests/light/medium/l1968.png
40074,2,6,6명,https://fco.dn.nexoncdn.co.kr/live/externalAssets/common/crests/light/medium/l1968.png
40074,3,8,8명,https://fco.dn.nexoncdn.co.kr/live/externalAssets/common/crests/light/medium/l1968.png
40074,4,11,11명,https://fco.dn.nexoncdn.co.kr/live/externalAssets/common/crests/light/medium/l1968.png
40075,1,3,3명,https://fco.dn.nexoncdn.co.kr/live/externalAssets/common/crests/light/medium/l467.png
40075,2,6,6명,https://fco.dn.nexoncdn.co.kr/live/externalAssets/common/crests/light/medium/l467.png
40075,3,8,8명,https://fco.dn.nexoncdn.co.kr/live/externalAssets/common/crests/light/medium/l467.png
40075,4,11,11명,https://fco.dn.nexoncdn.co.kr/live/externalAssets/common/crests/light/medium/l467.png
40076,1,3,3명,https://fco.dn.nexoncdn.co.kr/live/externalAssets/common/crests/light/medium/l462.png
40076,2,6,6명,https://fco.dn.nexoncdn.co.kr/live/externalAssets/common/crests/light/medium/l462.png
40076,3,8,8명,https://fco.dn.nexoncdn.co.kr/live/externalAssets/common/crests/light/medium/l462.png
40076,4,11,11명,https://fco.dn.nexoncdn.co.kr/live/externalAssets/common/crests/light/medium/l462.png
40077,1,3,3명,https://fco.dn.nexoncdn.co.kr/live/externalAssets/common/crests/light/medium/l479.png
40077,2,6,6명,https://fco.dn.nexoncdn.co.kr/live/externalAssets/common/crests/light/medium/l479.png
40077,3,8,8명,https://fco.dn.nexoncdn.co.kr/live/externalAssets/common/crests/light/medium/l479.png
40077,4,11,11명,https://fco.dn.nexoncdn.co.kr/live/externalAssets/common/crests/light/medium/l479.png
40078,1,3,3명,https://fco.dn.nexoncdn.co.kr/live/externalAssets/common/crests/light/medium/l463.png
40078,2,6,6명,https://fco.dn.nexoncdn.co.kr/live/externalAssets/common/crests/light/medium/l463.png
40078,3,8,8명,https://fco.dn.nexoncdn.co.kr/live/externalAssets/common/crests/light/medium/l463.png
40078,4,11,11명,https://fco.dn.nexoncdn.co.kr/live/externalAssets/common/crests/light/medium/l463.png
40079,1,3,3명,https://fco.dn.nexoncdn.co.kr/live/externalAssets/common/crests/light/medium/l468.png
40079,2,6,6명,https://fco.dn.nexoncdn.co.kr/live/externalAssets/common/crests/light/medium/l468.png
40079,3,8,8명,https://fco.dn.nexoncdn.co.kr/live/externalAssets/common/crests/light/medium/l468.png
40079,4,11,11명,https://fco.dn.nexoncdn.co.kr/live/externalAssets/common/crests/light/medium/l468.png
40080,1,3,3명,https://fco.dn.nexoncdn.co.kr/live/externalAssets/common/crests/light/medium/l110839.png
40080,2,6,6명,https://fco.dn.nexoncdn.co.kr/live/externalAssets/common/crests/light/medium/l110839.png
40080,3,8,8명,https://fco.dn.nexoncdn.co.kr/live/externalAssets/common/crests/light/medium/l110839.png
40080,4,11,11명,https://fco.dn.nexoncdn.co.kr/live/externalAssets/common/crests/light/medium/l110839.png
40081,1,3,3명,https://fco.dn.nexoncdn.co.kr/live/externalAssets/common/crests/light/medium/l23.png
40081,2,6,6명,https://fco.dn.nexoncdn.co.kr/live/externalAssets/common/crests/light/medium/l23.png
40081,3,8,8명,https://fco.dn.nexoncdn.co.kr/live/externalAssets/common/crests/light/medium/l23.png
40081,4,11,11명,https://fco.dn.nexoncdn.co.kr/live/externalAssets/common/crests/light/medium/l23.png
40082,1,3,3명,https://fco.dn.nexoncdn.co.kr/live/externalAssets/common/crests/light/medium/l1831.png
40082,2,6,6명,https://fco.dn.nexoncdn.co.kr/live/externalAssets/common/crests/light/medium/l1831.png
40082,3,8,8명,https://fco.dn.nexoncdn.co.kr/live/externalAssets/common/crests/light/medium/l1831.png
40082,4,11,11명,https://fco.dn.nexoncdn.co.kr/live/externalAssets/common/crests/light/medium/l1831.png
40083,1,3,3명,https://fco.dn.nexoncdn.co.kr/live/externalAssets/common/crests/light/medium/l36.png
40083,2,6,6명,https://fco.dn.nexoncdn.co.kr/live/externalAssets/common/crests/light/medium/l36.png
40083,3,8,8명,https://fco.dn.nexoncdn.co.kr/live/externalAssets/common/crests/light/medium/l36.png
40083,4,11,11명,https://fco.dn.nexoncdn.co.kr/live/externalAssets/common/crests/light/medium/l36.png
40084,1,3,3명,https://fco.dn.nexoncdn.co.kr/live/externalAssets/common/crests/light/medium/l38.png
40084,2,6,6명,https://fco.dn.nexoncdn.co.kr/live/externalAssets/common/crests/light/medium/l38.png
40084,3,8,8명,https://fco.dn.nexoncdn.co.kr/live/externalAssets/common/crests/light/medium/l38.png
40084,4,11,11명,https://fco.dn.nexoncdn.co.kr/live/externalAssets/common/crests/light/medium/l38.png
40085,1,3,3명,https://fco.dn.nexoncdn.co.kr/live/externalAssets/common/crests/light/medium/l10029.png
40085,2,6,6명,https://fco.dn.nexoncdn.co.kr/live/externalAssets/common/crests/light/medium/l10029.png
40085,3,8,8명,https://fco.dn.nexoncdn.co.kr/live/externalAssets/common/crests/light/medium/l10029.png
40085,4,11,11명,https://fco.dn.nexoncdn.co.kr/live/externalAssets/common/crests/light/medium/l10029.png
40086,1,3,3명,https://fco.dn.nexoncdn.co.kr/live/externalAssets/common/crests/light/medium/l100409.png
40086,2,6,6명,https://fco.dn.nexoncdn.co.kr/live/externalAssets/common/crests/light/medium/l100409.png
40086,3,8,8명,https://fco.dn.nexoncdn.co.kr/live/externalAssets/common/crests/light/medium/l100409.png
40086,4,11,11명,https://fco.dn.nexoncdn.co.kr/live/externalAssets/common/crests/light/medium/l100409.png
40087,1,3,3명,https://fco.dn.nexoncdn.co.kr/live/externalAssets/common/crests/light/medium/l31.png
40087,2,6,6명,https://fco.dn.nexoncdn.co.kr/live/externalAssets/common/crests/light/medium/l31.png
40087,3,8,8명,https://fco.dn.nexoncdn.co.kr/live/externalAssets/common/crests/light/medium/l31.png
40087,4,11,11명,https://fco.dn.nexoncdn.co.kr/live/externalAssets/common/crests/light/medium/l31.png
40088,1,3,3명,https://fco.dn.nexoncdn.co.kr/live/externalAssets/common/crests/light/medium/l166.png
40088,2,6,6명,https://fco.dn.nexoncdn.co.kr/live/externalAssets/common/crests/light/medium/l166.png
40088,3,8,8명,https://fco.dn.nexoncdn.co.kr/live/externalAssets/common/crests/light/medium/l166.png
40088,4,11,11명,https://fco.dn.nexoncdn.co.kr/live/externalAssets/common/crests/light/medium/l166.png
40089,1,3,3명,https://fco.dn.nexoncdn.co.kr/live/externalAssets/common/crests/light/medium/l159.png
40089,2,6,6명,https://fco.dn.nexoncdn.co.kr/live/externalAssets/common/crests/light/medium/l159.png
40089,3,8,8명,https://fco.dn.nexoncdn.co.kr/live/externalAssets/common/crests/light/medium/l159.png
40089,4,11,11명,https://fco.dn.nexoncdn.co.kr/live/externalAssets/common/crests/light/medium/l159.png
40090,1,3,3명,https://fco.dn.nexoncdn.co.kr/live/externalAssets/common/crests/light/medium/l169.png
40090,2,6,6명,https://fco.dn.nexoncdn.co.kr/live/externalAssets/common/crests/light/medium/l169.png
40090,3,8,8명,https://fco.dn.nexoncdn.co.kr/live/externalAssets/common/crests/light/medium/l169.png
40090,4,11,11명,https://fco.dn.nexoncdn.co.kr/live/externalAssets/common/crests/light/medium/l169.png
40091,1,3,3명,https://fco.dn.nexoncdn.co.kr/live/externalAssets/common/crests/light/medium/l34.png
40091,2,6,6명,https://fco.dn.nexoncdn.co.kr/live/externalAssets/common/crests/light/medium/l34.png
40091,3,8,8명,https://fco.dn.nexoncdn.co.kr/live/externalAssets/common/crests/light/medium/l34.png
40091,4,11,11명,https://fco.dn.nexoncdn.co.kr/live/externalAssets/common/crests/light/medium/l34.png
40092,1,3,3명,https://fco.dn.nexoncdn.co.kr/live/externalAssets/common/crests/light/medium/l25.png
40092,2,6,6명,https://fco.dn.nexoncdn.co.kr/live/externalAssets/common/crests/light/medium/l25.png
40092,3,8,8명,https://fco.dn.nexoncdn.co.kr/live/externalAssets/common/crests/light/medium/l25.png
40092,4,11,11명,https://fco.dn.nexoncdn.co.kr/live/externalAssets/common/crests/light/medium/l25.png
40093,1,3,3명,https://fco.dn.nexoncdn.co.kr/live/externalAssets/common/crests/light/medium/l115845.png
40093,2,6,6명,https://fco.dn.nexoncdn.co.kr/live/externalAssets/common/crests/light/medium/l115845.png
40093,3,8,8명,https://fco.dn.nexoncdn.co.kr/live/externalAssets/common/crests/light/medium/l115845.png
40093,4,11,11명,https://fco.dn.nexoncdn.co.kr/live/externalAssets/common/crests/light/medium/l115845.png
40094,1,3,3명,https://fco.dn.nexoncdn.co.kr/live/externalAssets/common/crests/light/medium/l111974.png
40094,2,6,6명,https://fco.dn.nexoncdn.co.kr/live/externalAssets/common/crests/light/medium/l111974.png
40094,3,8,8명,https://fco.dn.nexoncdn.co.kr/live/externalAssets/common/crests/light/medium/l111974.png
40094,4,11,11명,https://fco.dn.nexoncdn.co.kr/live/externalAssets/common/crests/light/medium/l111974.png
40095,1,3,3명,https://fco.dn.nexoncdn.co.kr/live/externalAssets/common/crests/light/medium/l206.png
40095,2,6,6명,https://fco.dn.nexoncdn.co.kr/live/externalAssets/common/crests/light/medium/l206.png
40095,3,8,8명,https://fco.dn.nexoncdn.co.kr/live/externalAssets/common/crests/light/medium/l206.png
40095,4,11,11명,https://fco.dn.nexoncdn.co.kr/live/externalAssets/common/crests/light/medium/l206.png
40096,1,3,3명,https://fco.dn.nexoncdn.co.kr/live/externalAssets/common/crests/light/medium/l1837.png
40096,2,6,6명,https://fco.dn.nexoncdn.co.kr/live/externalAssets/common/crests/light/medium/l1837.png
40096,3,8,8명,https://fco.dn.nexoncdn.co.kr/live/externalAssets/common/crests/light/medium/l1837.png
40096,4,11,11명,https://fco.dn.nexoncdn.co.kr/live/externalAssets/common/crests/light/medium/l1837.png
40097,1,3,3명,https://fco.dn.nexoncdn.co.kr/live/externalAssets/common/crests/light/medium/l110374.png
40097,2,6,6명,https://fco.dn.nexoncdn.co.kr/live/externalAssets/common/crests/light/medium/l110374.png
40097,3,8,8명,https://fco.dn.nexoncdn.co.kr/live/externalAssets/common/crests/light/medium/l110374.png
40097,4,11,11명,https://fco.dn.nexoncdn.co.kr/live/externalAssets/common/crests/light/medium/l110374.png
40099,1,3,3명,https://fco.dn.nexoncdn.co.kr/live/externalAssets/common/crests/light/medium/l55.png
40099,2,6,6명,https://fco.dn.nexoncdn.co.kr/live/externalAssets/common/crests/light/medium/l55.png
40099,3,8,8명,https://fco.dn.nexoncdn.co.kr/live/externalAssets/common/crests/light/medium/l55.png
40099,4,11,11명,https://fco.dn.nexoncdn.co.kr/live/externalAssets/common/crests/light/medium/l55.png
40100,1,3,3명,https://fco.dn.nexoncdn.co.kr/live/externalAssets/common/crests/light/medium/l110556.png
40100,2,6,6명,https://fco.dn.nexoncdn.co.kr/live/externalAssets/common/crests/light/medium/l110556.png
40100,3,8,8명,https://fco.dn.nexoncdn.co.kr/live/externalAssets/common/crests/light/medium/l110556.png
40100,4,11,11명,https://fco.dn.nexoncdn.co.kr/live/externalAssets/common/crests/light/medium/l110556.png
40101,1,3,3명,https://fco.dn.nexoncdn.co.kr/live/externalAssets/common/crests/light/medium/l189.png
40101,2,6,6명,https://fco.dn.nexoncdn.co.kr/live/externalAssets/common/crests/light/medium/l189.png
40101,3,8,8명,https://fco.dn.nexoncdn.co.kr/live/externalAssets/common/crests/light/medium/l189.png
40101,4,11,11명,https://fco.dn.nexoncdn.co.kr/live/externalAssets/common/crests/light/medium/l189.png
40102,1,3,3명,https://fco.dn.nexoncdn.co.kr/live/externalAssets/common/crests/light/medium/l113974.png
40102,2,6,6명,https://fco.dn.nexoncdn.co.kr/live/externalAssets/common/crests/light/medium/l113974.png
40102,3,8,8명,https://fco.dn.nexoncdn.co.kr/live/externalAssets/common/crests/light/medium/l113974.png
40102,4,11,11명,https://fco.dn.nexoncdn.co.kr/live/externalAssets/common/crests/light/medium/l113974.png
40103,1,3,3명,https://fco.dn.nexoncdn.co.kr/live/externalAssets/common/crests/light/medium/l54.png
40103,2,6,6명,https://fco.dn.nexoncdn.co.kr/live/externalAssets/common/crests/light/medium/l54.png
40103,3,8,8명,https://fco.dn.nexoncdn.co.kr/live/externalAssets/common/crests/light/medium/l54.png
40103,4,11,11명,https://fco.dn.nexoncdn.co.kr/live/externalAssets/common/crests/light/medium/l54.png
40104,1,3,3명,https://fco.dn.nexoncdn.co.kr/live/externalAssets/common/crests/light/medium/l1842.png
40104,2,6,6명,https://fco.dn.nexoncdn.co.kr/live/externalAssets/common/crests/light/medium/l1842.png
40104,3,8,8명,https://fco.dn.nexoncdn.co.kr/live/externalAssets/common/crests/light/medium/l1842.png
40104,4,11,11명,https://fco.dn.nexoncdn.co.kr/live/externalAssets/common/crests/light/medium/l1842.png
40105,1,3,3명,https://fco.dn.nexoncdn.co.kr/live/externalAssets/common/crests/light/medium/l50.png
40105,2,6,6명,https://fco.dn.nexoncdn.co.kr/live/externalAssets/common/crests/light/medium/l50.png
40105,3,8,8명,https://fco.dn.nexoncdn.co.kr/live/externalAssets/common/crests/light/medium/l50.png
40105,4,11,11명,https://fco.dn.nexoncdn.co.kr/live/externalAssets/common/crests/light/medium/l50.png
40107,1,3,3명,https://fco.dn.nexoncdn.co.kr/live/externalAssets/common/crests/light/medium/l69.png
40107,2,6,6명,https://fco.dn.nexoncdn.co.kr/live/externalAssets/common/crests/light/medium/l69.png
40107,3,8,8명,https://fco.dn.nexoncdn.co.kr/live/externalAssets/common/crests/light/medium/l69.png
40107,4,11,11명,https://fco.dn.nexoncdn.co.kr/live/externalAssets/common/crests/light/medium/l69.png
40108,1,3,3명,https://fco.dn.nexoncdn.co.kr/live/externalAssets/common/crests/light/medium/l74.png
40108,2,6,6명,https://fco.dn.nexoncdn.co.kr/live/externalAssets/common/crests/light/medium/l74.png
40108,3,8,8명,https://fco.dn.nexoncdn.co.kr/live/externalAssets/common/crests/light/medium/l74.png
40108,4,11,11명,https://fco.dn.nexoncdn.co.kr/live/externalAssets/common/crests/light/medium/l74.png
40110,1,3,3명,https://fco.dn.nexoncdn.co.kr/live/externalAssets/common/crests/light/medium/l1819.png
40110,2,6,6명,https://fco.dn.nexoncdn.co.kr/live/externalAssets/common/crests/light/medium/l1819.png
40110,3,8,8명,https://fco.dn.nexoncdn.co.kr/live/externalAssets/common/crests/light/medium/l1819.png
40110,4,11,11명,https://fco.dn.nexoncdn.co.kr/live/externalAssets/common/crests/light/medium/l1819.png
40111,1,3,3명,https://fco.dn.nexoncdn.co.kr/live/externalAssets/common/crests/light/medium/l68.png
40111,2,6,6명,https://fco.dn.nexoncdn.co.kr/live/externalAssets/common/crests/light/medium/l68.png
40111,3,8,8명,https://fco.dn.nexoncdn.co.kr/live/externalAssets/common/crests/light/medium/l68.png
40111,4,11,11명,https://fco.dn.nexoncdn.co.kr/live/externalAssets/common/crests/light/medium/l68.png
40112,1,3,3명,https://fco.dn.nexoncdn.co.kr/live/externalAssets/common/crests/light/medium/l64.png
40112,2,6,6명,https://fco.dn.nexoncdn.co.kr/live/externalAssets/common/crests/light/medium/l64.png
40112,3,8,8명,https://fco.dn.nexoncdn.co.kr/live/externalAssets/common/crests/light/medium/l64.png
40112,4,11,11명,https://fco.dn.nexoncdn.co.kr/live/externalAssets/common/crests/light/medium/l64.png
40113,1,3,3명,https://fco.dn.nexoncdn.co.kr/live/externalAssets/common/crests/light/medium/l1530.png
40113,2,6,6명,https://fco.dn.nexoncdn.co.kr/live/externalAssets/common/crests/light/medium/l1530.png
40113,3,8,8명,https://fco.dn.nexoncdn.co.kr/live/externalAssets/common/crests/light/medium/l1530.png
40113,4,11,11명,https://fco.dn.nexoncdn.co.kr/live/externalAssets/common/crests/light/medium/l1530.png
40114,1,3,3명,https://fco.dn.nexoncdn.co.kr/live/externalAssets/common/crests/light/medium/l70.png
40114,2,6,6명,https://fco.dn.nexoncdn.co.kr/live/externalAssets/common/crests/light/medium/l70.png
40114,3,8,8명,https://fco.dn.nexoncdn.co.kr/live/externalAssets/common/crests/light/medium/l70.png
40114,4,11,11명,https://fco.dn.nexoncdn.co.kr/live/externalAssets/common/crests/light/medium/l70.png
40115,1,3,3명,https://fco.dn.nexoncdn.co.kr/live/externalAssets/common/crests/light/medium/l379.png
40115,2,6,6명,https://fco.dn.nexoncdn.co.kr/live/externalAssets/common/crests/light/medium/l379.png
40115,3,8,8명,https://fco.dn.nexoncdn.co.kr/live/externalAssets/common/crests/light/medium/l379.png
40115,4,11,11명,https://fco.dn.nexoncdn.co.kr/live/externalAssets/common/crests/light/medium/l379.png
40116,1,3,3명,https://fco.dn.nexoncdn.co.kr/live/externalAssets/common/crests/light/medium/l378.png
40116,2,6,6명,https://fco.dn.nexoncdn.co.kr/live/externalAssets/common/crests/light/medium/l378.png
40116,3,8,8명,https://fco.dn.nexoncdn.co.kr/live/externalAssets/common/crests/light/medium/l378.png
40116,4,11,11명,https://fco.dn.nexoncdn.co.kr/live/externalAssets/common/crests/light/medium/l378.png
40117,1,3,3명,https://fco.dn.nexoncdn.co.kr/live/externalAssets/common/crests/light/medium/l72.png
40117,2,6,6명,https://fco.dn.nexoncdn.co.kr/live/externalAssets/common/crests/light/medium/l72.png
40117,3,8,8명,https://fco.dn.nexoncdn.co.kr/live/externalAssets/common/crests/light/medium/l72.png
40117,4,11,11명,https://fco.dn.nexoncdn.co.kr/live/externalAssets/common/crests/light/medium/l72.png
40118,1,3,3명,https://fco.dn.nexoncdn.co.kr/live/externalAssets/common/crests/light/medium/l76.png
40118,2,6,6명,https://fco.dn.nexoncdn.co.kr/live/externalAssets/common/crests/light/medium/l76.png
40118,3,8,8명,https://fco.dn.nexoncdn.co.kr/live/externalAssets/common/crests/light/medium/l76.png
40118,4,11,11명,https://fco.dn.nexoncdn.co.kr/live/externalAssets/common/crests/light/medium/l76.png
40119,1,3,3명,https://fco.dn.nexoncdn.co.kr/live/externalAssets/common/crests/light/medium/l71.png
40119,2,6,6명,https://fco.dn.nexoncdn.co.kr/live/externalAssets/common/crests/light/medium/l71.png
40119,3,8,8명,https://fco.dn.nexoncdn.co.kr/live/externalAssets/common/crests/light/medium/l71.png
40119,4,11,11명,https://fco.dn.nexoncdn.co.kr/live/externalAssets/common/crests/light/medium/l71.png
40120,1,3,3명,https://fco.dn.nexoncdn.co.kr/live/externalAssets/common/crests/light/medium/l217.png
40120,2,6,6명,https://fco.dn.nexoncdn.co.kr/live/externalAssets/common/crests/light/medium/l217.png
40120,3,8,8명,https://fco.dn.nexoncdn.co.kr/live/externalAssets/common/crests/light/medium/l217.png
40120,4,11,11명,https://fco.dn.nexoncdn.co.kr/live/externalAssets/common/crests/light/medium/l217.png
40123,1,3,3명,https://fco.dn.nexoncdn.co.kr/live/externalAssets/common/crests/light/medium/l28.png
40123,2,6,6명,https://fco.dn.nexoncdn.co.kr/live/externalAssets/common/crests/light/medium/l28.png
40123,3,8,8명,https://fco.dn.nexoncdn.co.kr/live/externalAssets/common/crests/light/medium/l28.png
40123,4,11,11명,https://fco.dn.nexoncdn.co.kr/live/externalAssets/common/crests/light/medium/l28.png
40124,1,3,3명,https://fco.dn.nexoncdn.co.kr/live/externalAssets/common/crests/light/medium/l3.png
40124,2,6,6명,https://fco.dn.nexoncdn.co.kr/live/externalAssets/common/crests/light/medium/l3.png
40124,3,8,8명,https://fco.dn.nexoncdn.co.kr/live/externalAssets/common/crests/light/medium/l3.png
40124,4,11,11명,https://fco.dn.nexoncdn.co.kr/live/externalAssets/common/crests/light/medium/l3.png
40125,1,3,3명,https://fco.dn.nexoncdn.co.kr/live/externalAssets/common/crests/light/medium/l12.png
40125,2,6,6명,https://fco.dn.nexoncdn.co.kr/live/externalAssets/common/crests/light/medium/l12.png
40125,3,8,8명,https://fco.dn.nexoncdn.co.kr/live/externalAssets/common/crests/light/medium/l12.png
40125,4,11,11명,https://fco.dn.nexoncdn.co.kr/live/externalAssets/common/crests/light/medium/l12.png
40126,1,3,3명,https://fco.dn.nexoncdn.co.kr/live/externalAssets/common/crests/light/medium/l1806.png
40126,2,6,6명,https://fco.dn.nexoncdn.co.kr/live/externalAssets/common/crests/light/medium/l1806.png
40126,3,8,8명,https://fco.dn.nexoncdn.co.kr/live/externalAssets/common/crests/light/medium/l1806.png
40126,4,11,11명,https://fco.dn.nexoncdn.co.kr/live/externalAssets/common/crests/light/medium/l1806.png
40127,1,3,3명,https://fco.dn.nexoncdn.co.kr/live/externalAssets/common/crests/light/medium/l453.png
40127,2,6,6명,https://fco.dn.nexoncdn.co.kr/live/externalAssets/common/crests/light/medium/l453.png
40127,3,8,8명,https://fco.dn.nexoncdn.co.kr/live/externalAssets/common/crests/light/medium/l453.png
40127,4,11,11명,https://fco.dn.nexoncdn.co.kr/live/externalAssets/common/crests/light/medium/l453.png
40128,1,3,3명,https://fco.dn.nexoncdn.co.kr/live/externalAssets/common/crests/light/medium/l697.png
40128,2,6,6명,https://fco.dn.nexoncdn.co.kr/live/externalAssets/common/crests/light/medium/l697.png
40128,3,8,8명,https://fco.dn.nexoncdn.co.kr/live/externalAssets/common/crests/light/medium/l697.png
40128,4,11,11명,https://fco.dn.nexoncdn.co.kr/live/externalAssets/common/crests/light/medium/l697.png
40129,1,3,3명,https://fco.dn.nexoncdn.co.kr/live/externalAssets/common/crests/light/medium/l234.png
40129,2,6,6명,https://fco.dn.nexoncdn.co.kr/live/externalAssets/common/crests/light/medium/l234.png
40129,3,8,8명,https://fco.dn.nexoncdn.co.kr/live/externalAssets/common/crests/light/medium/l234.png
40129,4,11,11명,https://fco.dn.nexoncdn.co.kr/live/externalAssets/common/crests/light/medium/l234.png
40130,1,3,3명,https://fco.dn.nexoncdn.co.kr/live/externalAssets/common/crests/light/medium/l325.png
40130,2,6,6명,https://fco.dn.nexoncdn.co.kr/live/externalAssets/common/crests/light/medium/l325.png
40130,3,8,8명,https://fco.dn.nexoncdn.co.kr/live/externalAssets/common/crests/light/medium/l325.png
40130,4,11,11명,https://fco.dn.nexoncdn.co.kr/live/externalAssets/common/crests/light/medium/l325.png
40131,1,3,3명,https://fco.dn.nexoncdn.co.kr/live/externalAssets/common/crests/light/medium/l191.png
40131,2,6,6명,https://fco.dn.nexoncdn.co.kr/live/externalAssets/common/crests/light/medium/l191.png
40131,3,8,8명,https://fco.dn.nexoncdn.co.kr/live/externalAssets/common/crests/light/medium/l191.png
40131,4,11,11명,https://fco.dn.nexoncdn.co.kr/live/externalAssets/common/crests/light/medium/l191.png
40132,1,3,3명,https://fco.dn.nexoncdn.co.kr/live/externalAssets/common/crests/light/medium/l246.png
40132,2,6,6명,https://fco.dn.nexoncdn.co.kr/live/externalAssets/common/crests/light/medium/l246.png
40132,3,8,8명,https://fco.dn.nexoncdn.co.kr/live/externalAssets/common/crests/light/medium/l246.png
40132,4,11,11명,https://fco.dn.nexoncdn.co.kr/live/externalAssets/common/crests/light/medium/l246.png
40133,1,3,3명,https://fco.dn.nexoncdn.co.kr/live/externalAssets/common/crests/light/medium/l101059.png
40133,2,6,6명,https://fco.dn.nexoncdn.co.kr/live/externalAssets/common/crests/light/medium/l101059.png
40133,3,8,8명,https://fco.dn.nexoncdn.co.kr/live/externalAssets/common/crests/light/medium/l101059.png
40133,4,11,11명,https://fco.dn.nexoncdn.co.kr/live/externalAssets/common/crests/light/medium/l101059.png
40134,1,3,3명,https://fco.dn.nexoncdn.co.kr/live/externalAssets/common/crests/light/medium/l673.png
40134,2,6,6명,https://fco.dn.nexoncdn.co.kr/live/externalAssets/common/crests/light/medium/l673.png
40134,3,8,8명,https://fco.dn.nexoncdn.co.kr/live/externalAssets/common/crests/light/medium/l673.png
40134,4,11,11명,https://fco.dn.nexoncdn.co.kr/live/externalAssets/common/crests/light/medium/l673.png
40136,1,3,3명,https://fco.dn.nexoncdn.co.kr/live/externalAssets/common/crests/light/medium/l267.png
40136,2,6,6명,https://fco.dn.nexoncdn.co.kr/live/externalAssets/common/crests/light/medium/l267.png
40136,3,8,8명,https://fco.dn.nexoncdn.co.kr/live/externalAssets/common/crests/light/medium/l267.png
40136,4,11,11명,https://fco.dn.nexoncdn.co.kr/live/externalAssets/common/crests/light/medium/l267.png
40137,1,3,3명,https://fco.dn.nexoncdn.co.kr/live/externalAssets/common/crests/light/medium/l101047.png
40137,2,6,6명,https://fco.dn.nexoncdn.co.kr/live/externalAssets/common/crests/light/medium/l101047.png
40137,3,8,8명,https://fco.dn.nexoncdn.co.kr/live/externalAssets/common/crests/light/medium/l101047.png
40137,4,11,11명,https://fco.dn.nexoncdn.co.kr/live/externalAssets/common/crests/light/medium/l101047.png
40138,1,3,3명,https://fco.dn.nexoncdn.co.kr/live/externalAssets/common/crests/light/medium/l236.png
40138,2,6,6명,https://fco.dn.nexoncdn.co.kr/live/externalAssets/common/crests/light/medium/l236.png
40138,3,8,8명,https://fco.dn.nexoncdn.co.kr/live/externalAssets/common/crests/light/medium/l236.png
40138,4,11,11명,https://fco.dn.nexoncdn.co.kr/live/externalAssets/common/crests/light/medium/l236.png
40139,1,3,3명,https://fco.dn.nexoncdn.co.kr/live/externalAssets/common/crests/light/medium/l211.png
40139,2,6,6명,https://fco.dn.nexoncdn.co.kr/live/externalAssets/common/crests/light/medium/l211.png
40139,3,8,8명,https://fco.dn.nexoncdn.co.kr/live/externalAssets/common/crests/light/medium/l211.png
40139,4,11,11명,https://fco.dn.nexoncdn.co.kr/live/externalAssets/common/crests/light/medium/l211.png
40140,1,3,3명,https://fco.dn.nexoncdn.co.kr/live/externalAssets/common/crests/light/medium/l819.png
40140,2,6,6명,https://fco.dn.nexoncdn.co.kr/live/externalAssets/common/crests/light/medium/l819.png
40140,3,8,8명,https://fco.dn.nexoncdn.co.kr/live/externalAssets/common/crests/light/medium/l819.png
40140,4,11,11명,https://fco.dn.nexoncdn.co.kr/live/externalAssets/common/crests/light/medium/l819.png
40141,1,3,3명,https://fco.dn.nexoncdn.co.kr/live/externalAssets/common/crests/light/medium/l896.png
40141,2,6,6명,https://fco.dn.nexoncdn.co.kr/live/externalAssets/common/crests/light/medium/l896.png
40141,3,8,8명,https://fco.dn.nexoncdn.co.kr/live/externalAssets/common/crests/light/medium/l896.png
40141,4,11,11명,https://fco.dn.nexoncdn.co.kr/live/externalAssets/common/crests/light/medium/l896.png
40143,1,3,3명,https://fco.dn.nexoncdn.co.kr/live/externalAssets/common/crests/light/medium/l78.png
40143,2,6,6명,https://fco.dn.nexoncdn.co.kr/live/externalAssets/common/crests/light/medium/l78.png
40143,3,8,8명,https://fco.dn.nexoncdn.co.kr/live/externalAssets/common/crests/light/medium/l78.png
40143,4,11,11명,https://fco.dn.nexoncdn.co.kr/live/externalAssets/common/crests/light/medium/l78.png
40144,1,3,3명,https://fco.dn.nexoncdn.co.kr/live/externalAssets/common/crests/light/medium/l86.png
40144,2,6,6명,https://fco.dn.nexoncdn.co.kr/live/externalAssets/common/crests/light/medium/l86.png
40144,3,8,8명,https://fco.dn.nexoncdn.co.kr/live/externalAssets/common/crests/light/medium/l86.png
40144,4,11,11명,https://fco.dn.nexoncdn.co.kr/live/externalAssets/common/crests/light/medium/l86.png
40145,1,3,3명,https://fco.dn.nexoncdn.co.kr/live/externalAssets/common/crests/light/medium/l101014.png
40145,2,6,6명,https://fco.dn.nexoncdn.co.kr/live/externalAssets/common/crests/light/medium/l101014.png
40145,3,8,8명,https://fco.dn.nexoncdn.co.kr/live/externalAssets/common/crests/light/medium/l101014.png
40145,4,11,11명,https://fco.dn.nexoncdn.co.kr/live/externalAssets/common/crests/light/medium/l101014.png
40146,1,3,3명,https://fco.dn.nexoncdn.co.kr/live/externalAssets/common/crests/light/medium/l237.png
40146,2,6,6명,https://fco.dn.nexoncdn.co.kr/live/externalAssets/common/crests/light/medium/l237.png
40146,3,8,8명,https://fco.dn.nexoncdn.co.kr/live/externalAssets/common/crests/light/medium/l237.png
40146,4,11,11명,https://fco.dn.nexoncdn.co.kr/live/externalAssets/common/crests/light/medium/l237.png
40147,1,3,3명,https://fco.dn.nexoncdn.co.kr/live/externalAssets/common/crests/light/medium/l114601.png
40147,2,6,6명,https://fco.dn.nexoncdn.co.kr/live/externalAssets/common/crests/light/medium/l114601.png
40147,3,8,8명,https://fco.dn.nexoncdn.co.kr/live/externalAssets/common/crests/light/medium/l114601.png
40148,1,3,3명,https://fco.dn.nexoncdn.co.kr/live/externalAssets/common/crests/light/medium/l114890.png
40148,2,6,6명,https://fco.dn.nexoncdn.co.kr/live/externalAssets/common/crests/light/medium/l114890.png
40148,3,8,8명,https://fco.dn.nexoncdn.co.kr/live/externalAssets/common/crests/light/medium/l114890.png
40149,1,3,3명,https://fco.dn.nexoncdn.co.kr/live/externalAssets/common/teamcolorboost/icon/medium/4_l999221.png
40149,2,6,6명,https://fco.dn.nexoncdn.co.kr/live/externalAssets/common/teamcolorboost/icon/medium/4_l999221.png
40149,3,8,8명,https://fco.dn.nexoncdn.co.kr/live/externalAssets/common/teamcolorboost/icon/medium/4_l999221.png
40150,1,3,3명,https://fco.dn.nexoncdn.co.kr/live/externalAssets/common/teamcolorboost/icon/medium/4_l999239.png
40150,2,6,6명,https://fco.dn.nexoncdn.co.kr/live/externalAssets/common/teamcolorboost/icon/medium/4_l999239.png
40150,3,8,8명,https://fco.dn.nexoncdn.co.kr/live/externalAssets/common/teamcolorboost/icon/medium/4_l999239.png
40151,1,3,3명,https://fco.dn.nexoncdn.co.kr/live/externalAssets/common/crests/light/medium/l114379.png
40151,2,6,6명,https://fco.dn.nexoncdn.co.kr/live/externalAssets/common/crests/light/medium/l114379.png
40151,3,8,8명,https://fco.dn.nexoncdn.co.kr/live/externalAssets/common/crests/light/medium/l114379.png
40152,1,3,3명,https://fco.dn.nexoncdn.co.kr/live/externalAssets/common/crests/light/medium/l113999.png
40152,2,6,6명,https://fco.dn.nexoncdn.co.kr/live/externalAssets/common/crests/light/medium/l113999.png
40152,3,8,8명,https://fco.dn.nexoncdn.co.kr/live/externalAssets/common/crests/light/medium/l113999.png
40153,1,3,3명,https://fco.dn.nexoncdn.co.kr/live/externalAssets/common/crests/light/medium/l114378.png
40153,2,6,6명,https://fco.dn.nexoncdn.co.kr/live/externalAssets/common/crests/light/medium/l114378.png
40153,3,8,8명,https://fco.dn.nexoncdn.co.kr/live/externalAssets/common/crests/light/medium/l114378.png
40154,1,3,3명,https://fco.dn.nexoncdn.co.kr/live/externalAssets/common/crests/light/medium/l112658.png
40154,2,6,6명,https://fco.dn.nexoncdn.co.kr/live/externalAssets/common/crests/light/medium/l112658.png
40154,3,8,8명,https://fco.dn.nexoncdn.co.kr/live/externalAssets/common/crests/light/medium/l112658.png
40156,1,3,3명,https://fco.dn.nexoncdn.co.kr/live/externalAssets/common/crests/light/medium/l114744.png
40156,2,6,6명,https://fco.dn.nexoncdn.co.kr/live/externalAssets/common/crests/light/medium/l114744.png
40156,3,8,8명,https://fco.dn.nexoncdn.co.kr/live/externalAssets/common/crests/light/medium/l114744.png
40157,1,3,3명,https://fco.dn.nexoncdn.co.kr/live/externalAssets/common/crests/light/medium/l114148.png
40157,2,6,6명,https://fco.dn.nexoncdn.co.kr/live/externalAssets/common/crests/light/medium/l114148.png
40158,1,3,3명,https://fco.dn.nexoncdn.co.kr/live/externalAssets/common/crests/light/medium/l114866.png
40158,2,6,6명,https://fco.dn.nexoncdn.co.kr/live/externalAssets/common/crests/light/medium/l114866.png
40158,3,8,8명,https://fco.dn.nexoncdn.co.kr/live/externalAssets/common/crests/light/medium/l114866.png
40159,1,3,3명,https://fco.dn.nexoncdn.co.kr/live/externalAssets/common/crests/light/medium/l114889.png
40159,2,6,6명,https://fco.dn.nexoncdn.co.kr/live/externalAssets/common/crests/light/medium/l114889.png
40159,3,8,8명,https://fco.dn.nexoncdn.co.kr/live/externalAssets/common/crests/light/medium/l114889.png
40160,1,3,3명,https://fco.dn.nexoncdn.co.kr/live/externalAssets/common/crests/light/medium/l113885.png
40160,2,6,6명,https://fco.dn.nexoncdn.co.kr/live/externalAssets/common/crests/light/medium/l113885.png
40160,3,8,8명,https://fco.dn.nexoncdn.co.kr/live/externalAssets/common/crests/light/medium/l113885.png
40161,1,3,3명,https://fco.dn.nexoncdn.co.kr/live/externalAssets/common/teamcolorboost/icon/medium/4_l999218.png
40161,2,6,6명,https://fco.dn.nexoncdn.co.kr/live/externalAssets/common/teamcolorboost/icon/medium/4_l999218.png
40161,3,8,8명,https://fco.dn.nexoncdn.co.kr/live/externalAssets/common/teamcolorboost/icon/medium/4_l999218.png
40162,1,3,3명,https://fco.dn.nexoncdn.co.kr/live/externalAssets/common/crests/light/medium/l114683.png
40162,2,6,6명,https://fco.dn.nexoncdn.co.kr/live/externalAssets/common/crests/light/medium/l114683.png
40162,3,8,8명,https://fco.dn.nexoncdn.co.kr/live/externalAssets/common/crests/light/medium/l114683.png
40163,1,3,3명,https://fco.dn.nexoncdn.co.kr/live/externalAssets/common/crests/light/medium/l113895.png
40163,2,6,6명,https://fco.dn.nexoncdn.co.kr/live/externalAssets/common/crests/light/medium/l113895.png
40163,3,8,8명,https://fco.dn.nexoncdn.co.kr/live/externalAssets/common/crests/light/medium/l113895.png
40164,1,3,3명,https://fco.dn.nexoncdn.co.kr/live/externalAssets/common/crests/light/medium/l113979.png
40164,2,6,6명,https://fco.dn.nexoncdn.co.kr/live/externalAssets/common/crests/light/medium/l113979.png
40164,3,8,8명,https://fco.dn.nexoncdn.co.kr/live/externalAssets/common/crests/light/medium/l113979.png
40165,1,3,3명,https://fco.dn.nexoncdn.co.kr/live/externalAssets/common/crests/light/medium/l113956.png
40165,2,6,6명,https://fco.dn.nexoncdn.co.kr/live/externalAssets/common/crests/light/medium/l113956.png
40165,3,8,8명,https://fco.dn.nexoncdn.co.kr/live/externalAssets/common/crests/light/medium/l113956.png
40166,1,3,3명,https://fco.dn.nexoncdn.co.kr/live/externalAssets/common/crests/light/medium/l114155.png
40166,2,6,6명,https://fco.dn.nexoncdn.co.kr/live/externalAssets/common/crests/light/medium/l114155.png
40166,3,8,8명,https://fco.dn.nexoncdn.co.kr/live/externalAssets/common/crests/light/medium/l114155.png
40167,1,3,3명,https://fco.dn.nexoncdn.co.kr/live/externalAssets/common/crests/light/medium/l114878.png
40167,2,6,6명,https://fco.dn.nexoncdn.co.kr/live/externalAssets/common/crests/light/medium/l114878.png
40167,3,8,8명,https://fco.dn.nexoncdn.co.kr/live/externalAssets/common/crests/light/medium/l114878.png
40168,1,3,3명,https://fco.dn.nexoncdn.co.kr/live/externalAssets/common/teamcolorboost/icon/medium/4_l999242.png
40168,2,6,6명,https://fco.dn.nexoncdn.co.kr/live/externalAssets/common/teamcolorboost/icon/medium/4_l999242.png
40168,3,8,8명,https://fco.dn.nexoncdn.co.kr/live/externalAssets/common/teamcolorboost/icon/medium/4_l999242.png
40175,1,3,3명,https://fco.dn.nexoncdn.co.kr/live/externalAssets/common/crests/light/medium/l115416.png
40175,2,6,6명,https://fco.dn.nexoncdn.co.kr/live/externalAssets/common/crests/light/medium/l115416.png
40175,3,8,8명,https://fco.dn.nexoncdn.co.kr/live/externalAssets/common/crests/light/medium/l115416.png
40176,1,3,3명,https://fco.dn.nexoncdn.co.kr/live/externalAssets/common/crests/light/medium/l115342.png
40176,2,6,6명,https://fco.dn.nexoncdn.co.kr/live/externalAssets/common/crests/light/medium/l115342.png
40176,3,8,8명,https://fco.dn.nexoncdn.co.kr/live/externalAssets/common/crests/light/medium/l115342.png
40177,1,3,3명,https://fco.dn.nexoncdn.co.kr/live/externalAssets/common/teamcolorboost/icon/medium/4_l241.png
40178,1,3,3명,https://fco.dn.nexoncdn.co.kr/live/externalAssets/common/teamcolorboost/icon/medium/4_l243.png
40179,1,2,2명,https://fco.dn.nexoncdn.co.kr/live/externalAssets/common/teamcolorboost/icon/medium/4_l45.png
40180,1,3,3명,https://fco.dn.nexoncdn.co.kr/live/externalAssets/common/teamcolorboost/icon/medium/4_l131681.png
40181,1,2,2명,https://fco.dn.nexoncdn.co.kr/live/externalAssets/common/teamcolorboost/icon/medium/4_l131682.png
40182,1,3,3명,https://fco.dn.nexoncdn.co.kr/live/externalAssets/common/teamcolorboost/icon/medium/4_l73.png
40183,1,3,3명,https://fco.dn.nexoncdn.co.kr/live/externalAssets/common/teamcolorboost/icon/medium/4_l1318.png
40184,1,3,3명,https://fco.dn.nexoncdn.co.kr/live/externalAssets/common/teamcolorboost/icon/medium/4_l11.png
40185,1,5,5명,https://fco.dn.nexoncdn.co.kr/live/externalAssets/common/teamcolorboost/icon/medium/4_l5.png
40186,1,3,3명,https://fco.dn.nexoncdn.co.kr/live/externalAssets/common/teamcolorboost/icon/medium/4_l9.png
40187,1,3,3명,https://fco.dn.nexoncdn.co.kr/live/externalAssets/common/teamcolorboost/icon/medium/4_l10.png
40188,1,5,5명,https://fco.dn.nexoncdn.co.kr/live/externalAssets/common/teamcolorboost/icon/medium/4_l11.png
40189,1,5,5명,https://fco.dn.nexoncdn.co.kr/live/externalAssets/common/teamcolorboost/icon/medium/4_l21.png
40190,1,5,5명,https://fco.dn.nexoncdn.co.kr/live/externalAssets/common/teamcolorboost/icon/medium/4_l21.png
40191,1,5,5명,https://fco.dn.nexoncdn.co.kr/live/externalAssets/common/teamcolorboost/icon/medium/4_l241.png
40192,1,5,5명,https://fco.dn.nexoncdn.co.kr/live/externalAssets/common/teamcolorboost/icon/medium/4_l241.png
40193,1,5,5명,https://fco.dn.nexoncdn.co.kr/live/externalAssets/common/teamcolorboost/icon/medium/4_l131682.png
40194,1,5,5명,https://fco.dn.nexoncdn.co.kr/live/externalAssets/common/teamcolorboost/icon/medium/4_l243.png
40195,1,2,2명,https://fco.dn.nexoncdn.co.kr/live/externalAssets/common/teamcolorboost/icon/medium/4_l974.png
40196,1,2,2명,https://fco.dn.nexoncdn.co.kr/live/externalAssets/common/teamcolorboost/icon/medium/4_l982.png
40197,1,2,2명,https://fco.dn.nexoncdn.co.kr/live/externalAssets/common/teamcolorboost/icon/medium/4_l974.png
40198,1,3,3명,https://fco.dn.nexoncdn.co.kr/live/externalAssets/common/teamcolorboost/icon/medium/4_l974.png
40199,1,8,8명,https://fco.dn.nexoncdn.co.kr/live/externalAssets/common/teamcolorboost/icon/medium/4_l1477.png
40200,1,8,8명,https://fco.dn.nexoncdn.co.kr/live/externalAssets/common/teamcolorboost/icon/medium/4_l1473.png
40238,1,2,2명,https://fco.dn.nexoncdn.co.kr/live/externalAssets/common/teamcolorboost/icon/medium/4_l48.png
40239,1,3,3명,https://fco.dn.nexoncdn.co.kr/live/externalAssets/common/teamcolorboost/icon/medium/4_l48.png
40240,1,4,4명,https://fco.dn.nexoncdn.co.kr/live/externalAssets/common/teamcolorboost/icon/medium/4_l45.png
40241,1,2,2명,https://fco.dn.nexoncdn.co.kr/live/externalAssets/common/teamcolorboost/icon/medium/4_l45.png
40242,1,3,3명,https://fco.dn.nexoncdn.co.kr/live/externalAssets/common/teamcolorboost/icon/medium/4_l22.png
40243,1,3,3명,https://fco.dn.nexoncdn.co.kr/live/externalAssets/common/teamcolorboost/icon/medium/4_l22.png
40244,1,3,3명,https://fco.dn.nexoncdn.co.kr/live/externalAssets/common/teamcolorboost/icon/medium/4_l131681.png
40245,1,2,2명,https://fco.dn.nexoncdn.co.kr/live/externalAssets/common/teamcolorboost/icon/medium/4_l131681.png
40246,1,2,2명,https://fco.dn.nexoncdn.co.kr/live/externalAssets/common/teamcolorboost/icon/medium/4_l10.png
40247,1,2,2명,https://fco.dn.nexoncdn.co.kr/live/externalAssets/common/teamcolorboost/icon/medium/4_l131682.png
40248,1,2,2명,https://fco.dn.nexoncdn.co.kr/live/externalAssets/common/teamcolorboost/icon/medium/4_l5.png
40249,1,2,2명,https://fco.dn.nexoncdn.co.kr/live/externalAssets/common/teamcolorboost/icon/medium/4_l115841.png
40250,1,3,3명,https://fco.dn.nexoncdn.co.kr/live/externalAssets/common/teamcolorboost/icon/medium/4_l115841.png
40251,1,3,3명,https://fco.dn.nexoncdn.co.kr/live/externalAssets/common/teamcolorboost/icon/medium/4_l115845.png
40253,1,8,8명,https://fco.dn.nexoncdn.co.kr/live/externalAssets/common/teamcolorboost/icon/medium/4_l1343.png
40254,1,8,8명,https://fco.dn.nexoncdn.co.kr/live/externalAssets/common/teamcolorboost/icon/medium/4_l1365.png
40255,1,8,8명,https://fco.dn.nexoncdn.co.kr/live/externalAssets/common/teamcolorboost/icon/medium/4_l1367.png
40256,1,8,8명,https://fco.dn.nexoncdn.co.kr/live/externalAssets/common/teamcolorboost/icon/medium/4_l1364.png
40257,1,8,8명,https://fco.dn.nexoncdn.co.kr/live/externalAssets/common/teamcolorboost/icon/medium/4_l1331.png
40258,1,8,8명,https://fco.dn.nexoncdn.co.kr/live/externalAssets/common/teamcolorboost/icon/medium/4_l1334.png
40259,1,8,8명,https://fco.dn.nexoncdn.co.kr/live/externalAssets/common/teamcolorboost/icon/medium/4_l1325.png
40261,1,8,8명,https://fco.dn.nexoncdn.co.kr/live/externalAssets/common/teamcolorboost/icon/medium/4_l1318.png
40262,1,8,8명,https://fco.dn.nexoncdn.co.kr/live/externalAssets/common/teamcolorboost/icon/medium/4_l1328.png
40263,1,8,8명,https://fco.dn.nexoncdn.co.kr/live/externalAssets/common/teamcolorboost/icon/medium/4_l1322.png
40264,1,8,8명,https://fco.dn.nexoncdn.co.kr/live/externalAssets/common/teamcolorboost/icon/medium/4_l105022.png
40265,1,8,8명,https://fco.dn.nexoncdn.co.kr/live/externalAssets/common/teamcolorboost/icon/medium/4_l3539.png
40266,1,8,8명,https://fco.dn.nexoncdn.co.kr/live/externalAssets/common/teamcolorboost/icon/medium/4_l1366.png
40267,1,8,8명,https://fco.dn.nexoncdn.co.kr/live/externalAssets/common/teamcolorboost/icon/medium/4_l1359.png
40268,1,8,8명,https://fco.dn.nexoncdn.co.kr/live/externalAssets/common/teamcolorboost/icon/medium/4_l1330.png
40269,1,8,8명,https://fco.dn.nexoncdn.co.kr/live/externalAssets/common/teamcolorboost/icon/medium/4_l1353.png
40270,1,8,8명,https://fco.dn.nexoncdn.co.kr/live/externalAssets/common/teamcolorboost/icon/medium/4_l1360.png
40271,1,8,8명,https://fco.dn.nexoncdn.co.kr/live/externalAssets/common/teamcolorboost/icon/medium/4_l1362.png
40272,1,8,8명,https://fco.dn.nexoncdn.co.kr/live/externalAssets/common/teamcolorboost/icon/medium/4_l1363.png
40273,1,8,8명,https://fco.dn.nexoncdn.co.kr/live/externalAssets/common/teamcolorboost/icon/medium/4_l1886.png
40274,1,8,8명,https://fco.dn.nexoncdn.co.kr/live/externalAssets/common/teamcolorboost/icon/medium/4_l1354.png
40275,1,8,8명,https://fco.dn.nexoncdn.co.kr/live/externalAssets/common/teamcolorboost/icon/medium/4_l1335.png
40276,1,8,8명,https://fco.dn.nexoncdn.co.kr/live/externalAssets/common/teamcolorboost/icon/medium/4_l1337.png
40277,1,2,2명,https://fco.dn.nexoncdn.co.kr/live/externalAssets/common/teamcolorboost/icon/medium/4_l73.png
40278,1,3,3명,https://fco.dn.nexoncdn.co.kr/live/externalAssets/common/teamcolorboost/icon/medium/4_l191.png
40279,1,2,2명,https://fco.dn.nexoncdn.co.kr/live/externalAssets/common/teamcolorboost/icon/medium/4_l9.png
40280,1,2,2명,https://fco.dn.nexoncdn.co.kr/live/externalAssets/common/teamcolorboost/icon/medium/4_l1325.png
40281,1,2,2명,https://fco.dn.nexoncdn.co.kr/live/externalAssets/common/teamcolorboost/icon/medium/4_l1335.png
40282,1,2,2명,https://fco.dn.nexoncdn.co.kr/live/externalAssets/common/teamcolorboost/icon/medium/4_l1331.png
40283,1,2,2명,https://fco.dn.nexoncdn.co.kr/live/externalAssets/common/teamcolorboost/icon/medium/4_l240.png
40284,1,2,2명,https://fco.dn.nexoncdn.co.kr/live/externalAssets/common/teamcolorboost/icon/medium/4_l240.png
40285,1,2,2명,https://fco.dn.nexoncdn.co.kr/live/externalAssets/common/teamcolorboost/icon/medium/4_l1369.png
40286,1,3,3명,https://fco.dn.nexoncdn.co.kr/live/externalAssets/common/teamcolorboost/icon/medium/4_l1354.png
40287,1,3,3명,https://fco.dn.nexoncdn.co.kr/live/externalAssets/common/crests/light/medium/l115618.png
40287,2,6,6명,https://fco.dn.nexoncdn.co.kr/live/externalAssets/common/crests/light/medium/l115618.png
40287,3,8,8명,https://fco.dn.nexoncdn.co.kr/live/externalAssets/common/crests/light/medium/l115618.png
40288,1,3,3명,https://fco.dn.nexoncdn.co.kr/live/externalAssets/common/crests/light/medium/l115423.png
40288,2,6,6명,https://fco.dn.nexoncdn.co.kr/live/externalAssets/common/crests/light/medium/l115423.png
40288,3,8,8명,https://fco.dn.nexoncdn.co.kr/live/externalAssets/common/crests/light/medium/l115423.png
40289,1,3,3명,https://fco.dn.nexoncdn.co.kr/live/externalAssets/common/crests/light/medium/l115438.png
40289,2,6,6명,https://fco.dn.nexoncdn.co.kr/live/externalAssets/common/crests/light/medium/l115438.png
40289,3,8,8명,https://fco.dn.nexoncdn.co.kr/live/externalAssets/common/crests/light/medium/l115438.png
40290,1,3,3명,https://fco.dn.nexoncdn.co.kr/live/externalAssets/common/crests/light/medium/l115626.png
40290,2,6,6명,https://fco.dn.nexoncdn.co.kr/live/externalAssets/common/crests/light/medium/l115626.png
40290,3,8,8명,https://fco.dn.nexoncdn.co.kr/live/externalAssets/common/crests/light/medium/l115626.png
40296,1,3,3명,https://fco.dn.nexoncdn.co.kr/live/externalAssets/common/crests/light/medium/l115635.png
40296,2,6,6명,https://fco.dn.nexoncdn.co.kr/live/externalAssets/common/crests/light/medium/l115635.png
40296,3,8,8명,https://fco.dn.nexoncdn.co.kr/live/externalAssets/common/crests/light/medium/l115635.png
40297,1,3,3명,https://fco.dn.nexoncdn.co.kr/live/externalAssets/common/crests/light/medium/l115436.png
40297,2,6,6명,https://fco.dn.nexoncdn.co.kr/live/externalAssets/common/crests/light/medium/l115436.png
40297,3,8,8명,https://fco.dn.nexoncdn.co.kr/live/externalAssets/common/crests/light/medium/l115436.png
40298,1,2,2명,https://fco.dn.nexoncdn.co.kr/live/externalAssets/common/teamcolorboost/icon/medium/4_l974.png
40299,1,4,4명,https://fco.dn.nexoncdn.co.kr/live/externalAssets/common/teamcolorboost/icon/medium/4_l245.png
40300,1,5,5명,https://fco.dn.nexoncdn.co.kr/live/externalAssets/common/teamcolorboost/icon/medium/4_l243.png
40301,1,8,8명,https://fco.dn.nexoncdn.co.kr/live/externalAssets/common/teamcolorboost/icon/medium/4_l243.png
40302,1,3,3명,https://fco.dn.nexoncdn.co.kr/live/externalAssets/common/teamcolorboost/icon/medium/4_l999257.png
40302,2,6,6명,https://fco.dn.nexoncdn.co.kr/live/externalAssets/common/teamcolorboost/icon/medium/4_l999257.png
40302,3,8,8명,https://fco.dn.nexoncdn.co.kr/live/externalAssets/common/teamcolorboost/icon/medium/4_l999257.png
40303,1,3,3명,https://fco.dn.nexoncdn.co.kr/live/externalAssets/common/teamcolorboost/icon/medium/4_l999260.png
40303,2,6,6명,https://fco.dn.nexoncdn.co.kr/live/externalAssets/common/teamcolorboost/icon/medium/4_l999260.png
40303,3,8,8명,https://fco.dn.nexoncdn.co.kr/live/externalAssets/common/teamcolorboost/icon/medium/4_l999260.png
40304,1,3,3명,https://fco.dn.nexoncdn.co.kr/live/externalAssets/common/crests/light/medium/l115649.png
40304,2,6,6명,https://fco.dn.nexoncdn.co.kr/live/externalAssets/common/crests/light/medium/l115649.png
40304,3,8,8명,https://fco.dn.nexoncdn.co.kr/live/externalAssets/common/crests/light/medium/l115649.png
40306,1,3,3명,https://fco.dn.nexoncdn.co.kr/live/externalAssets/common/crests/light/medium/l115653.png
40306,2,6,6명,https://fco.dn.nexoncdn.co.kr/live/externalAssets/common/crests/light/medium/l115653.png
40306,3,8,8명,https://fco.dn.nexoncdn.co.kr/live/externalAssets/common/crests/light/medium/l115653.png
40307,1,3,3명,https://fco.dn.nexoncdn.co.kr/live/externalAssets/common/crests/light/medium/l115650.png
40307,2,6,6명,https://fco.dn.nexoncdn.co.kr/live/externalAssets/common/crests/light/medium/l115650.png
40307,3,8,8명,https://fco.dn.nexoncdn.co.kr/live/externalAssets/common/crests/light/medium/l115650.png
40341,1,3,3명,https://fco.dn.nexoncdn.co.kr/live/externalAssets/common/teamcolorboost/icon/medium/4_l10.png
40342,1,2,2명,https://fco.dn.nexoncdn.co.kr/live/externalAssets/common/teamcolorboost/icon/medium/4_l243.png
40343,1,2,2명,https://fco.dn.nexoncdn.co.kr/live/externalAssets/common/teamcolorboost/icon/medium/4_l9.png
40344,1,3,3명,https://fco.dn.nexoncdn.co.kr/live/externalAssets/common/crests/light/medium/l115400.png
40344,2,6,6명,https://fco.dn.nexoncdn.co.kr/live/externalAssets/common/crests/light/medium/l115400.png
40344,3,8,8명,https://fco.dn.nexoncdn.co.kr/live/externalAssets/common/crests/light/medium/l115400.png
40345,1,3,3명,https://fco.dn.nexoncdn.co.kr/live/externalAssets/common/crests/light/medium/l115404.png
40345,2,6,6명,https://fco.dn.nexoncdn.co.kr/live/externalAssets/common/crests/light/medium/l115404.png
40345,3,8,8명,https://fco.dn.nexoncdn.co.kr/live/externalAssets/common/crests/light/medium/l115404.png
40348,1,3,3명,https://fco.dn.nexoncdn.co.kr/live/externalAssets/common/crests/light/medium/l130182.png
40348,2,6,6명,https://fco.dn.nexoncdn.co.kr/live/externalAssets/common/crests/light/medium/l130182.png
40348,3,8,8명,https://fco.dn.nexoncdn.co.kr/live/externalAssets/common/crests/light/medium/l130182.png
40349,1,3,3명,https://fco.dn.nexoncdn.co.kr/live/externalAssets/common/crests/light/medium/l130178.png
40349,2,6,6명,https://fco.dn.nexoncdn.co.kr/live/externalAssets/common/crests/light/medium/l130178.png
40349,3,8,8명,https://fco.dn.nexoncdn.co.kr/live/externalAssets/common/crests/light/medium/l130178.png
40350,1,3,3명,https://fco.dn.nexoncdn.co.kr/live/externalAssets/common/crests/light/medium/l130179.png
40350,2,6,6명,https://fco.dn.nexoncdn.co.kr/live/externalAssets/common/crests/light/medium/l130179.png
40350,3,8,8명,https://fco.dn.nexoncdn.co.kr/live/externalAssets/common/crests/light/medium/l130179.png
40353,1,8,8명,https://fco.dn.nexoncdn.co.kr/live/externalAssets/common/teamcolorboost/icon/medium/4_l2052.png
40354,1,8,8명,https://fco.dn.nexoncdn.co.kr/live/externalAssets/common/teamcolorboost/icon/medium/4_l2195.png
40355,1,8,8명,https://fco.dn.nexoncdn.co.kr/live/externalAssets/common/teamcolorboost/icon/medium/4_l2007.png
40356,1,8,8명,https://fco.dn.nexoncdn.co.kr/live/externalAssets/common/teamcolorboost/icon/medium/4_l2054.png
40357,1,8,8명,https://fco.dn.nexoncdn.co.kr/live/externalAssets/common/teamcolorboost/icon/medium/4_l2103.png
40358,1,8,8명,https://fco.dn.nexoncdn.co.kr/live/externalAssets/common/teamcolorboost/icon/medium/4_l2070.png
40359,1,8,8명,https://fco.dn.nexoncdn.co.kr/live/externalAssets/common/teamcolorboost/icon/medium/4_l2072.png
40360,1,8,8명,https://fco.dn.nexoncdn.co.kr/live/externalAssets/common/teamcolorboost/icon/medium/4_l2010.png
40361,1,8,8명,https://fco.dn.nexoncdn.co.kr/live/externalAssets/common/teamcolorboost/icon/medium/4_l2013.png
40362,1,8,8명,https://fco.dn.nexoncdn.co.kr/live/externalAssets/common/teamcolorboost/icon/medium/4_l2057.png
40363,1,8,8명,https://fco.dn.nexoncdn.co.kr/live/externalAssets/common/teamcolorboost/icon/medium/4_l2014.png
40364,1,8,8명,https://fco.dn.nexoncdn.co.kr/live/externalAssets/common/teamcolorboost/icon/medium/4_l2018.png
40365,1,8,8명,https://fco.dn.nexoncdn.co.kr/live/externalAssets/common/teamcolorboost/icon/medium/4_l2021.png
40366,1,8,8명,https://fco.dn.nexoncdn.co.kr/live/externalAssets/common/teamcolorboost/icon/medium/4_l2117.png
40367,1,8,8명,https://fco.dn.nexoncdn.co.kr/live/externalAssets/common/teamcolorboost/icon/medium/4_l2034.png
40368,1,8,8명,https://fco.dn.nexoncdn.co.kr/live/externalAssets/common/teamcolorboost/icon/medium/4_l2161.png
40369,1,8,8명,https://fco.dn.nexoncdn.co.kr/live/externalAssets/common/teamcolorboost/icon/medium/4_l2163.png
40370,1,8,8명,https://fco.dn.nexoncdn.co.kr/live/externalAssets/common/teamcolorboost/icon/medium/4_l2167.png
40371,1,8,8명,https://fco.dn.nexoncdn.co.kr/live/externalAssets/common/teamcolorboost/icon/medium/4_l2083.png
40372,1,8,8명,https://fco.dn.nexoncdn.co.kr/live/externalAssets/common/teamcolorboost/icon/medium/4_l2129.png
40373,1,8,8명,https://fco.dn.nexoncdn.co.kr/live/externalAssets/common/teamcolorboost/icon/medium/4_l2037.png
40374,1,8,8명,https://fco.dn.nexoncdn.co.kr/live/externalAssets/common/teamcolorboost/icon/medium/4_l2038.png
40375,1,8,8명,https://fco.dn.nexoncdn.co.kr/live/externalAssets/common/teamcolorboost/icon/medium/4_l2182.png
40376,1,8,8명,https://fco.dn.nexoncdn.co.kr/live/externalAssets/common/teamcolorboost/icon/medium/4_l2183.png
40377,1,8,8명,https://fco.dn.nexoncdn.co.kr/live/externalAssets/common/teamcolorboost/icon/medium/4_l2136.png
40378,1,8,8명,https://fco.dn.nexoncdn.co.kr/live/externalAssets/common/teamcolorboost/icon/medium/4_l2051.png
40379,1,8,8명,https://fco.dn.nexoncdn.co.kr/live/externalAssets/common/teamcolorboost/icon/medium/4_l2045.png
40380,1,8,8명,https://fco.dn.nexoncdn.co.kr/live/externalAssets/common/teamcolorboost/icon/medium/4_l2047.png
40381,1,8,8명,https://fco.dn.nexoncdn.co.kr/live/externalAssets/common/teamcolorboost/icon/medium/4_l2145.png
40382,1,8,8명,https://fco.dn.nexoncdn.co.kr/live/externalAssets/common/teamcolorboost/icon/medium/4_l2095.png
40383,1,8,8명,https://fco.dn.nexoncdn.co.kr/live/externalAssets/common/teamcolorboost/icon/medium/4_l2060.png
40384,1,8,8명,https://fco.dn.nexoncdn.co.kr/live/externalAssets/common/teamcolorboost/icon/medium/4_l2050.png
40385,1,3,3명,https://fco.dn.nexoncdn.co.kr/live/externalAssets/common/teamcolorboost/icon/medium/4_l999277.png
40385,2,6,6명,https://fco.dn.nexoncdn.co.kr/live/externalAssets/common/teamcolorboost/icon/medium/4_l999277.png
40385,3,8,8명,https://fco.dn.nexoncdn.co.kr/live/externalAssets/common/teamcolorboost/icon/medium/4_l999277.png
40386,1,3,3명,https://fco.dn.nexoncdn.co.kr/live/externalAssets/common/crests/light/medium/l130185.png
40386,2,6,6명,https://fco.dn.nexoncdn.co.kr/live/externalAssets/common/crests/light/medium/l130185.png
40386,3,8,8명,https://fco.dn.nexoncdn.co.kr/live/externalAssets/common/crests/light/medium/l130185.png
40391,1,3,3명,https://fco.dn.nexoncdn.co.kr/live/externalAssets/common/teamcolorboost/icon/medium/4_l999280.png
40391,2,6,6명,https://fco.dn.nexoncdn.co.kr/live/externalAssets/common/teamcolorboost/icon/medium/4_l999280.png
40391,3,8,8명,https://fco.dn.nexoncdn.co.kr/live/externalAssets/common/teamcolorboost/icon/medium/4_l999280.png
40394,1,3,3명,https://fco.dn.nexoncdn.co.kr/live/externalAssets/common/crests/light/medium/l130279.png
40394,2,6,6명,https://fco.dn.nexoncdn.co.kr/live/externalAssets/common/crests/light/medium/l130279.png
40394,3,8,8명,https://fco.dn.nexoncdn.co.kr/live/externalAssets/common/crests/light/medium/l130279.png
40395,1,3,3명,https://fco.dn.nexoncdn.co.kr/live/externalAssets/common/crests/light/medium/l130278.png
40395,2,6,6명,https://fco.dn.nexoncdn.co.kr/live/externalAssets/common/crests/light/medium/l130278.png
40395,3,8,8명,https://fco.dn.nexoncdn.co.kr/live/externalAssets/common/crests/light/medium/l130278.png
40396,1,5,5명,https://fco.dn.nexoncdn.co.kr/live/externalAssets/common/teamcolorboost/icon/medium/4_l9.png
40397,1,3,3명,https://fco.dn.nexoncdn.co.kr/live/externalAssets/common/teamcolorboost/icon/medium/4_l9.png
40398,1,2,2명,https://fco.dn.nexoncdn.co.kr/live/externalAssets/common/teamcolorboost/icon/medium/4_l1370.png
40399,1,3,3명,https://fco.dn.nexoncdn.co.kr/live/externalAssets/common/crests/light/medium/l130172.png
40399,2,6,6명,https://fco.dn.nexoncdn.co.kr/live/externalAssets/common/crests/light/medium/l130172.png
40399,3,8,8명,https://fco.dn.nexoncdn.co.kr/live/externalAssets/common/crests/light/medium/l130172.png
40443,1,5,5명,https://fco.dn.nexoncdn.co.kr/live/externalAssets/common/teamcolorboost/icon/medium/4_l10.png
40444,1,5,5명,https://fco.dn.nexoncdn.co.kr/live/externalAssets/common/teamcolorboost/icon/medium/4_l48.png
40455,1,2,2명,https://fco.dn.nexoncdn.co.kr/live/externalAssets/common/teamcolorboost/icon/medium/4_l10.png
40465,1,3,3명,https://fco.dn.nexoncdn.co.kr/live/externalAssets/common/crests/light/medium/l130086.png
40465,2,6,6명,https://fco.dn.nexoncdn.co.kr/live/externalAssets/common/crests/light/medium/l130086.png
40465,3,8,8명,https://fco.dn.nexoncdn.co.kr/live/externalAssets/common/crests/light/medium/l130086.png
40466,1,3,3명,https://fco.dn.nexoncdn.co.kr/live/externalAssets/common/crests/light/medium/l130088.png
40466,2,6,6명,https://fco.dn.nexoncdn.co.kr/live/externalAssets/common/crests/light/medium/l130088.png
40466,3,8,8명,https://fco.dn.nexoncdn.co.kr/live/externalAssets/common/crests/light/medium/l130088.png
40472,1,3,3명,https://fco.dn.nexoncdn.co.kr/live/externalAssets/common/teamcolorboost/icon/medium/4_l73.png
40478,1,3,3명,https://fco.dn.nexoncdn.co.kr/live/externalAssets/common/crests/light/medium/l130256.png
40478,2,6,6명,https://fco.dn.nexoncdn.co.kr/live/externalAssets/common/crests/light/medium/l130256.png
40478,3,8,8명,https://fco.dn.nexoncdn.co.kr/live/externalAssets/common/crests/light/medium/l130256.png
40480,1,3,3명,https://fco.dn.nexoncdn.co.kr/live/externalAssets/common/crests/light/medium/l130262.png
40480,2,6,6명,https://fco.dn.nexoncdn.co.kr/live/externalAssets/common/crests/light/medium/l130262.png
40480,3,8,8명,https://fco.dn.nexoncdn.co.kr/live/externalAssets/common/crests/light/medium/l130262.png
40481,1,3,3명,https://fco.dn.nexoncdn.co.kr/live/externalAssets/common/crests/light/medium/l130280.png
40481,2,6,6명,https://fco.dn.nexoncdn.co.kr/live/externalAssets/common/crests/light/medium/l130280.png
40481,3,8,8명,https://fco.dn.nexoncdn.co.kr/live/externalAssets/common/crests/light/medium/l130280.png
40482,1,3,3명,https://fco.dn.nexoncdn.co.kr/live/externalAssets/common/teamcolorboost/icon/medium/4_l999005.png
40482,2,6,6명,https://fco.dn.nexoncdn.co.kr/live/externalAssets/common/teamcolorboost/icon/medium/4_l999005.png
40482,3,8,8명,https://fco.dn.nexoncdn.co.kr/live/externalAssets/common/teamcolorboost/icon/medium/4_l999005.png
40483,1,3,3명,https://fco.dn.nexoncdn.co.kr/live/externalAssets/common/teamcolorboost/icon/medium/4_l999277.png
40483,2,6,6명,https://fco.dn.nexoncdn.co.kr/live/externalAssets/common/teamcolorboost/icon/medium/4_l999277.png
40483,3,8,8명,https://fco.dn.nexoncdn.co.kr/live/externalAssets/common/teamcolorboost/icon/medium/4_l999277.png
40486,1,3,3명,https://fco.dn.nexoncdn.co.kr/live/externalAssets/common/teamcolorboost/icon/medium/4_l130296.png
40486,2,6,6명,https://fco.dn.nexoncdn.co.kr/live/externalAssets/common/teamcolorboost/icon/medium/4_l130296.png
40486,3,8,8명,https://fco.dn.nexoncdn.co.kr/live/externalAssets/common/teamcolorboost/icon/medium/4_l130296.png
40504,1,3,3명,https://fco.dn.nexoncdn.co.kr/live/externalAssets/common/crests/light/medium/l130303.png
40504,2,6,6명,https://fco.dn.nexoncdn.co.kr/live/externalAssets/common/crests/light/medium/l130303.png
40504,3,8,8명,https://fco.dn.nexoncdn.co.kr/live/externalAssets/common/crests/light/medium/l130303.png
40505,1,3,3명,https://fco.dn.nexoncdn.co.kr/live/externalAssets/common/crests/light/medium/l130304.png
40505,2,6,6명,https://fco.dn.nexoncdn.co.kr/live/externalAssets/common/crests/light/medium/l130304.png
40505,3,8,8명,https://fco.dn.nexoncdn.co.kr/live/externalAssets/common/crests/light/medium/l130304.png
40507,1,3,3명,https://fco.dn.nexoncdn.co.kr/live/externalAssets/common/crests/light/medium/l130354.png
40507,2,6,6명,https://fco.dn.nexoncdn.co.kr/live/externalAssets/common/crests/light/medium/l130354.png
40507,3,8,8명,https://fco.dn.nexoncdn.co.kr/live/externalAssets/common/crests/light/medium/l130354.png
40508,1,8,8명,https://fco.dn.nexoncdn.co.kr/live/externalAssets/common/teamcolorboost/icon/medium/4_l2401.png
40509,1,8,8명,https://fco.dn.nexoncdn.co.kr/live/externalAssets/common/teamcolorboost/icon/medium/4_l2404.png
40510,1,8,8명,https://fco.dn.nexoncdn.co.kr/live/externalAssets/common/teamcolorboost/icon/medium/4_l2407.png
40511,1,8,8명,https://fco.dn.nexoncdn.co.kr/live/externalAssets/common/teamcolorboost/icon/medium/4_l2410.png
40512,1,8,8명,https://fco.dn.nexoncdn.co.kr/live/externalAssets/common/teamcolorboost/icon/medium/4_l2412.png
40513,1,8,8명,https://fco.dn.nexoncdn.co.kr/live/externalAssets/common/teamcolorboost/icon/medium/4_l2413.png
40514,1,8,8명,https://fco.dn.nexoncdn.co.kr/live/externalAssets/common/teamcolorboost/icon/medium/4_l2414.png
40515,1,8,8명,https://fco.dn.nexoncdn.co.kr/live/externalAssets/common/teamcolorboost/icon/medium/4_l2418.png
40516,1,8,8명,https://fco.dn.nexoncdn.co.kr/live/externalAssets/common/teamcolorboost/icon/medium/4_l2421.png
40517,1,8,8명,https://fco.dn.nexoncdn.co.kr/live/externalAssets/common/teamcolorboost/icon/medium/4_l2423.png
40518,1,8,8명,https://fco.dn.nexoncdn.co.kr/live/externalAssets/common/teamcolorboost/icon/medium/4_l2427.png
40519,1,8,8명,https://fco.dn.nexoncdn.co.kr/live/externalAssets/common/teamcolorboost/icon/medium/4_l2434.png
40520,1,8,8명,https://fco.dn.nexoncdn.co.kr/live/externalAssets/common/teamcolorboost/icon/medium/4_l2438.png
40521,1,8,8명,https://fco.dn.nexoncdn.co.kr/live/externalAssets/common/teamcolorboost/icon/medium/4_l2439.png
40522,1,8,8명,https://fco.dn.nexoncdn.co.kr/live/externalAssets/common/teamcolorboost/icon/medium/4_l2442.png
40523,1,8,8명,https://fco.dn.nexoncdn.co.kr/live/externalAssets/common/teamcolorboost/icon/medium/4_l2443.png
40524,1,8,8명,https://fco.dn.nexoncdn.co.kr/live/externalAssets/common/teamcolorboost/icon/medium/4_l2444.png
40525,1,8,8명,https://fco.dn.nexoncdn.co.kr/live/externalAssets/common/teamcolorboost/icon/medium/4_l2445.png
40526,1,8,8명,https://fco.dn.nexoncdn.co.kr/live/externalAssets/common/teamcolorboost/icon/medium/4_l2447.png
40527,1,8,8명,https://fco.dn.nexoncdn.co.kr/live/externalAssets/common/teamcolorboost/icon/medium/4_l2448.png
40528,1,8,8명,https://fco.dn.nexoncdn.co.kr/live/externalAssets/common/teamcolorboost/icon/medium/4_l2451.png
40529,1,3,3명,https://fco.dn.nexoncdn.co.kr/live/externalAssets/common/teamcolorboost/icon/medium/4_l2420.png
40530,1,3,3명,https://fco.dn.nexoncdn.co.kr/live/externalAssets/common/teamcolorboost/icon/medium/4_l2437.png
40531,1,3,3명,https://fco.dn.nexoncdn.co.kr/live/externalAssets/common/teamcolorboost/icon/medium/4_l2449.png
40532,1,3,3명,https://fco.dn.nexoncdn.co.kr/live/externalAssets/common/crests/light/medium/l130356.png
40532,2,6,6명,https://fco.dn.nexoncdn.co.kr/live/externalAssets/common/crests/light/medium/l130356.png
40532,3,8,8명,https://fco.dn.nexoncdn.co.kr/live/externalAssets/common/crests/light/medium/l130356.png
40533,1,5,5명,https://fco.dn.nexoncdn.co.kr/live/externalAssets/common/teamcolorboost/icon/medium/4_l10.png
40534,1,5,5명,https://fco.dn.nexoncdn.co.kr/live/externalAssets/common/teamcolorboost/icon/medium/4_l32.png
40535,1,3,3명,https://fco.dn.nexoncdn.co.kr/live/externalAssets/common/crests/light/medium/l130371.png
40535,2,6,6명,https://fco.dn.nexoncdn.co.kr/live/externalAssets/common/crests/light/medium/l130371.png
40535,3,8,8명,https://fco.dn.nexoncdn.co.kr/live/externalAssets/common/crests/light/medium/l130371.png
40574,1,3,3명,https://fco.dn.nexoncdn.co.kr/live/externalAssets/common/crests/light/medium/l130386.png
40574,2,6,6명,https://fco.dn.nexoncdn.co.kr/live/externalAssets/common/crests/light/medium/l130386.png
40574,3,8,8명,https://fco.dn.nexoncdn.co.kr/live/externalAssets/common/crests/light/medium/l130386.png
40575,1,5,5명,https://fco.dn.nexoncdn.co.kr/live/externalAssets/common/teamcolorboost/icon/medium/4_l243.png
40576,1,5,5명,https://fco.dn.nexoncdn.co.kr/live/externalAssets/common/teamcolorboost/icon/medium/4_l45.png
40577,1,2,2명,https://fco.dn.nexoncdn.co.kr/live/externalAssets/common/teamcolorboost/icon/medium/4_l11.png
40578,1,5,5명,https://fco.dn.nexoncdn.co.kr/live/externalAssets/common/teamcolorboost/icon/medium/4_l1362.png
40579,1,2,2명,https://fco.dn.nexoncdn.co.kr/live/externalAssets/common/teamcolorboost/icon/medium/4_l236.png
40580,1,2,2명,https://fco.dn.nexoncdn.co.kr/live/externalAssets/common/teamcolorboost/icon/medium/4_l18.png
40581,1,4,4명,https://fco.dn.nexoncdn.co.kr/live/externalAssets/common/teamcolorboost/icon/medium/4_l241.png
40582,1,3,3명,https://fco.dn.nexoncdn.co.kr/live/externalAssets/common/teamcolorboost/icon/medium/4_l1343.png
40583,1,3,3명,https://fco.dn.nexoncdn.co.kr/live/externalAssets/common/teamcolorboost/icon/medium/4_l243.png
40584,1,3,3명,https://fco.dn.nexoncdn.co.kr/live/externalAssets/common/crests/light/medium/l130391.png
40584,2,6,6명,https://fco.dn.nexoncdn.co.kr/live/externalAssets/common/crests/light/medium/l130391.png
40584,3,8,8명,https://fco.dn.nexoncdn.co.kr/live/externalAssets/common/crests/light/medium/l130391.png
40585,1,3,3명,https://fco.dn.nexoncdn.co.kr/live/externalAssets/common/teamcolorboost/icon/medium/4_l999828.png
40585,2,6,6명,https://fco.dn.nexoncdn.co.kr/live/externalAssets/common/teamcolorboost/icon/medium/4_l999828.png
40585,3,8,8명,https://fco.dn.nexoncdn.co.kr/live/externalAssets/common/teamcolorboost/icon/medium/4_l999828.png
40587,1,3,3명,https://fco.dn.nexoncdn.co.kr/live/externalAssets/common/teamcolorboost/icon/medium/4_l999829.png
40587,2,6,6명,https://fco.dn.nexoncdn.co.kr/live/externalAssets/common/teamcolorboost/icon/medium/4_l999829.png
40587,3,8,8명,https://fco.dn.nexoncdn.co.kr/live/externalAssets/common/teamcolorboost/icon/medium/4_l999829.png
40588,1,3,3명,https://fco.dn.nexoncdn.co.kr/live/externalAssets/common/teamcolorboost/icon/medium/4_l999830.png
40588,2,6,6명,https://fco.dn.nexoncdn.co.kr/live/externalAssets/common/teamcolorboost/icon/medium/4_l999830.png
40588,3,8,8명,https://fco.dn.nexoncdn.co.kr/live/externalAssets/common/teamcolorboost/icon/medium/4_l999830.png
40590,1,3,3명,https://fco.dn.nexoncdn.co.kr/live/externalAssets/common/teamcolorboost/icon/medium/4_l999834.png
40590,2,6,6명,https://fco.dn.nexoncdn.co.kr/live/externalAssets/common/teamcolorboost/icon/medium/4_l999834.png
40590,3,8,8명,https://fco.dn.nexoncdn.co.kr/live/externalAssets/common/teamcolorboost/icon/medium/4_l999834.png
40592,1,3,3명,https://fco.dn.nexoncdn.co.kr/live/externalAssets/common/crests/light/medium/l130400.png
40592,2,6,6명,https://fco.dn.nexoncdn.co.kr/live/externalAssets/common/crests/light/medium/l130400.png
40592,3,8,8명,https://fco.dn.nexoncdn.co.kr/live/externalAssets/common/crests/light/medium/l130400.png
40593,1,3,3명,https://fco.dn.nexoncdn.co.kr/live/externalAssets/common/teamcolorboost/icon/medium/4_l999836.png
40593,2,6,6명,https://fco.dn.nexoncdn.co.kr/live/externalAssets/common/teamcolorboost/icon/medium/4_l999836.png
40593,3,8,8명,https://fco.dn.nexoncdn.co.kr/live/externalAssets/common/teamcolorboost/icon/medium/4_l999836.png
40594,1,3,3명,https://fco.dn.nexoncdn.co.kr/live/externalAssets/common/crests/light/medium/l130446.png
40594,2,6,6명,https://fco.dn.nexoncdn.co.kr/live/externalAssets/common/crests/light/medium/l130446.png
40594,3,8,8명,https://fco.dn.nexoncdn.co.kr/live/externalAssets/common/crests/light/medium/l130446.png
40595,1,3,3명,https://fco.dn.nexoncdn.co.kr/live/externalAssets/common/teamcolorboost/icon/medium/4_l999839.png
40595,2,6,6명,https://fco.dn.nexoncdn.co.kr/live/externalAssets/common/teamcolorboost/icon/medium/4_l999839.png
40595,3,8,8명,https://fco.dn.nexoncdn.co.kr/live/externalAssets/common/teamcolorboost/icon/medium/4_l999839.png
40596,1,3,3명,https://fco.dn.nexoncdn.co.kr/live/externalAssets/common/crests/light/medium/l130447.png
40596,2,6,6명,https://fco.dn.nexoncdn.co.kr/live/externalAssets/common/crests/light/medium/l130447.png
40596,3,8,8명,https://fco.dn.nexoncdn.co.kr/live/externalAssets/common/crests/light/medium/l130447.png
40604,1,3,3명,https://fco.dn.nexoncdn.co.kr/live/externalAssets/common/teamcolorboost/icon/medium/4_l999840.png
40604,2,6,6명,https://fco.dn.nexoncdn.co.kr/live/externalAssets/common/teamcolorboost/icon/medium/4_l999840.png
40604,3,8,8명,https://fco.dn.nexoncdn.co.kr/live/externalAssets/common/teamcolorboost/icon/medium/4_l999840.png
40605,1,3,3명,https://fco.dn.nexoncdn.co.kr/live/externalAssets/common/crests/light/medium/l130461.png
40605,2,6,6명,https://fco.dn.nexoncdn.co.kr/live/externalAssets/common/crests/light/medium/l130461.png
40605,3,8,8명,https://fco.dn.nexoncdn.co.kr/live/externalAssets/common/crests/light/medium/l130461.png
40617,1,3,3명,https://fco.dn.nexoncdn.co.kr/live/externalAssets/common/teamcolorboost/icon/medium/4_l999845.png
40617,2,6,6명,https://fco.dn.nexoncdn.co.kr/live/externalAssets/common/teamcolorboost/icon/medium/4_l999845.png
40617,3,8,8명,https://fco.dn.nexoncdn.co.kr/live/externalAssets/common/teamcolorboost/icon/medium/4_l999845.png
40618,1,3,3명,https://fco.dn.nexoncdn.co.kr/live/externalAssets/common/crests/light/medium/l130492.png
40618,2,6,6명,https://fco.dn.nexoncdn.co.kr/live/externalAssets/common/crests/light/medium/l130492.png
40618,3,8,8명,https://fco.dn.nexoncdn.co.kr/live/externalAssets/common/crests/light/medium/l130492.png
40619,1,8,8명,https://fco.dn.nexoncdn.co.kr/live/externalAssets/common/teamcolorboost/icon/medium/4_l9.png
40620,1,8,8명,https://fco.dn.nexoncdn.co.kr/live/externalAssets/common/teamcolorboost/icon/medium/4_l1.png
40621,1,8,8명,https://fco.dn.nexoncdn.co.kr/live/externalAssets/common/teamcolorboost/icon/medium/4_l10.png
40622,1,8,8명,https://fco.dn.nexoncdn.co.kr/live/externalAssets/common/teamcolorboost/icon/medium/4_l5.png
40623,1,8,8명,https://fco.dn.nexoncdn.co.kr/live/externalAssets/common/teamcolorboost/icon/medium/4_l13.png
40624,1,8,8명,https://fco.dn.nexoncdn.co.kr/live/externalAssets/common/teamcolorboost/icon/medium/4_l18.png
40625,1,8,8명,https://fco.dn.nexoncdn.co.kr/live/externalAssets/common/teamcolorboost/icon/medium/4_l2.png
40626,1,8,8명,https://fco.dn.nexoncdn.co.kr/live/externalAssets/common/teamcolorboost/icon/medium/4_l1799.png
40627,1,8,8명,https://fco.dn.nexoncdn.co.kr/live/externalAssets/common/teamcolorboost/icon/medium/4_l14.png
40628,1,8,8명,https://fco.dn.nexoncdn.co.kr/live/externalAssets/common/teamcolorboost/icon/medium/4_l241.png
40629,1,8,8명,https://fco.dn.nexoncdn.co.kr/live/externalAssets/common/teamcolorboost/icon/medium/4_l243.png
40630,1,8,8명,https://fco.dn.nexoncdn.co.kr/live/externalAssets/common/teamcolorboost/icon/medium/4_l240.png
40631,1,8,8명,https://fco.dn.nexoncdn.co.kr/live/externalAssets/common/teamcolorboost/icon/medium/4_l448.png
40632,1,8,8명,https://fco.dn.nexoncdn.co.kr/live/externalAssets/common/teamcolorboost/icon/medium/4_l483.png
40633,1,8,8명,https://fco.dn.nexoncdn.co.kr/live/externalAssets/common/teamcolorboost/icon/medium/4_l449.png
40634,1,8,8명,https://fco.dn.nexoncdn.co.kr/live/externalAssets/common/teamcolorboost/icon/medium/4_l450.png
40635,1,8,8명,https://fco.dn.nexoncdn.co.kr/live/externalAssets/common/teamcolorboost/icon/medium/4_l480.png
40636,1,8,8명,https://fco.dn.nexoncdn.co.kr/live/externalAssets/common/teamcolorboost/icon/medium/4_l48.png
40637,1,8,8명,https://fco.dn.nexoncdn.co.kr/live/externalAssets/common/teamcolorboost/icon/medium/4_l131682.png
40638,1,8,8명,https://fco.dn.nexoncdn.co.kr/live/externalAssets/common/teamcolorboost/icon/medium/4_l115845.png
40639,1,8,8명,https://fco.dn.nexoncdn.co.kr/live/externalAssets/common/teamcolorboost/icon/medium/4_l45.png
40640,1,8,8명,https://fco.dn.nexoncdn.co.kr/live/externalAssets/common/teamcolorboost/icon/medium/4_l52.png
40641,1,8,8명,https://fco.dn.nexoncdn.co.kr/live/externalAssets/common/teamcolorboost/icon/medium/4_l189.png
40642,1,8,8명,https://fco.dn.nexoncdn.co.kr/live/externalAssets/common/teamcolorboost/icon/medium/4_l110374.png
40643,1,8,8명,https://fco.dn.nexoncdn.co.kr/live/externalAssets/common/teamcolorboost/icon/medium/4_l21.png
40644,1,8,8명,https://fco.dn.nexoncdn.co.kr/live/externalAssets/common/teamcolorboost/icon/medium/4_l32.png
40645,1,8,8명,https://fco.dn.nexoncdn.co.kr/live/externalAssets/common/teamcolorboost/icon/medium/4_l1824.png
40646,1,8,8명,https://fco.dn.nexoncdn.co.kr/live/externalAssets/common/teamcolorboost/icon/medium/4_l22.png
40647,1,8,8명,https://fco.dn.nexoncdn.co.kr/live/externalAssets/common/teamcolorboost/icon/medium/4_l25.png
40648,1,8,8명,https://fco.dn.nexoncdn.co.kr/live/externalAssets/common/teamcolorboost/icon/medium/4_l36.png
40649,1,8,8명,https://fco.dn.nexoncdn.co.kr/live/externalAssets/common/teamcolorboost/icon/medium/4_l169.png
40650,1,8,8명,https://fco.dn.nexoncdn.co.kr/live/externalAssets/common/teamcolorboost/icon/medium/4_l73.png
40651,1,8,8명,https://fco.dn.nexoncdn.co.kr/live/externalAssets/common/teamcolorboost/icon/medium/4_l219.png
40652,1,8,8명,https://fco.dn.nexoncdn.co.kr/live/externalAssets/common/teamcolorboost/icon/medium/4_l69.png
40653,1,8,8명,https://fco.dn.nexoncdn.co.kr/live/externalAssets/common/teamcolorboost/icon/medium/4_l72.png
40654,1,8,8명,https://fco.dn.nexoncdn.co.kr/live/externalAssets/common/teamcolorboost/icon/medium/4_l65.png
40655,1,8,8명,https://fco.dn.nexoncdn.co.kr/live/externalAssets/common/teamcolorboost/icon/medium/4_l66.png
40656,1,5,5명,https://fco.dn.nexoncdn.co.kr/live/externalAssets/common/teamcolorboost/icon/medium/4_l18.png
40657,1,5,5명,https://fco.dn.nexoncdn.co.kr/live/externalAssets/common/teamcolorboost/icon/medium/4_l1799.png
40658,1,5,5명,https://fco.dn.nexoncdn.co.kr/live/externalAssets/common/teamcolorboost/icon/medium/4_l52.png
40659,1,5,5명,https://fco.dn.nexoncdn.co.kr/live/externalAssets/common/teamcolorboost/icon/medium/4_l73.png
40660,1,3,3명,https://fco.dn.nexoncdn.co.kr/live/externalAssets/common/teamcolorboost/icon/medium/4_l999113.png
40660,2,6,6명,https://fco.dn.nexoncdn.co.kr/live/externalAssets/common/teamcolorboost/icon/medium/4_l999113.png
40660,3,8,8명,https://fco.dn.nexoncdn.co.kr/live/externalAssets/common/teamcolorboost/icon/medium/4_l999113.png
40661,1,3,3명,https://fco.dn.nexoncdn.co.kr/live/externalAssets/common/teamcolorboost/icon/medium/4_l999846.png
40661,2,6,6명,https://fco.dn.nexoncdn.co.kr/live/externalAssets/common/teamcolorboost/icon/medium/4_l999846.png
40661,3,8,8명,https://fco.dn.nexoncdn.co.kr/live/externalAssets/common/teamcolorboost/icon/medium/4_l999846.png
40662,1,3,3명,https://fco.dn.nexoncdn.co.kr/live/externalAssets/common/crests/light/medium/l130491.png
40662,2,6,6명,https://fco.dn.nexoncdn.co.kr/live/externalAssets/common/crests/light/medium/l130491.png
40662,3,8,8명,https://fco.dn.nexoncdn.co.kr/live/externalAssets/common/crests/light/medium/l130491.png
40663,1,3,3명,https://fco.dn.nexoncdn.co.kr/live/externalAssets/common/teamcolorboost/icon/medium/4_l999848.png
40663,2,6,6명,https://fco.dn.nexoncdn.co.kr/live/externalAssets/common/teamcolorboost/icon/medium/4_l999848.png
40663,3,8,8명,https://fco.dn.nexoncdn.co.kr/live/externalAssets/common/teamcolorboost/icon/medium/4_l999848.png
40664,1,3,3명,https://fco.dn.nexoncdn.co.kr/live/externalAssets/common/crests/light/medium/l130493.png
40664,2,6,6명,https://fco.dn.nexoncdn.co.kr/live/externalAssets/common/crests/light/medium/l130493.png
40664,3,8,8명,https://fco.dn.nexoncdn.co.kr/live/externalAssets/common/crests/light/medium/l130493.png
40665,1,3,3명,https://fco.dn.nexoncdn.co.kr/live/externalAssets/common/teamcolorboost/icon/medium/4_l999851.png
40665,2,6,6명,https://fco.dn.nexoncdn.co.kr/live/externalAssets/common/teamcolorboost/icon/medium/4_l999851.png
40665,3,8,8명,https://fco.dn.nexoncdn.co.kr/live/externalAssets/common/teamcolorboost/icon/medium/4_l999851.png
40666,1,3,3명,https://fco.dn.nexoncdn.co.kr/live/externalAssets/common/teamcolorboost/icon/medium/4_l999852.png
40666,2,6,6명,https://fco.dn.nexoncdn.co.kr/live/externalAssets/common/teamcolorboost/icon/medium/4_l999852.png
40666,3,8,8명,https://fco.dn.nexoncdn.co.kr/live/externalAssets/common/teamcolorboost/icon/medium/4_l999852.png
40667,1,3,3명,https://fco.dn.nexoncdn.co.kr/live/externalAssets/common/crests/light/medium/l130550.png
40667,2,6,6명,https://fco.dn.nexoncdn.co.kr/live/externalAssets/common/crests/light/medium/l130550.png
40667,3,8,8명,https://fco.dn.nexoncdn.co.kr/live/externalAssets/common/crests/light/medium/l130550.png
40668,1,3,3명,https://fco.dn.nexoncdn.co.kr/live/externalAssets/common/teamcolorboost/icon/medium/4_l999853.png
40668,2,6,6명,https://fco.dn.nexoncdn.co.kr/live/externalAssets/common/teamcolorboost/icon/medium/4_l999853.png
40668,3,8,8명,https://fco.dn.nexoncdn.co.kr/live/externalAssets/common/teamcolorboost/icon/medium/4_l999853.png
40670,1,3,3명,https://fco.dn.nexoncdn.co.kr/live/externalAssets/common/teamcolorboost/icon/medium/4_l999856.png
40670,2,6,6명,https://fco.dn.nexoncdn.co.kr/live/externalAssets/common/teamcolorboost/icon/medium/4_l999856.png
40670,3,8,8명,https://fco.dn.nexoncdn.co.kr/live/externalAssets/common/teamcolorboost/icon/medium/4_l999856.png
40671,1,2,2명,https://fco.dn.nexoncdn.co.kr/live/externalAssets/common/teamcolorboost/icon/medium/4_l52.png
40672,1,3,3명,https://fco.dn.nexoncdn.co.kr/live/externalAssets/common/crests/light/medium/l130586.png
40672,2,6,6명,https://fco.dn.nexoncdn.co.kr/live/externalAssets/common/crests/light/medium/l130586.png
40672,3,8,8명,https://fco.dn.nexoncdn.co.kr/live/externalAssets/common/crests/light/medium/l130586.png
40674,1,3,3명,https://fco.dn.nexoncdn.co.kr/live/externalAssets/common/crests/light/medium/l130592.png
40674,2,6,6명,https://fco.dn.nexoncdn.co.kr/live/externalAssets/common/crests/light/medium/l130592.png
40674,3,8,8명,https://fco.dn.nexoncdn.co.kr/live/externalAssets/common/crests/light/medium/l130592.png
40676,1,3,3명,https://fco.dn.nexoncdn.co.kr/live/externalAssets/common/crests/light/medium/l130591.png
40676,2,6,6명,https://fco.dn.nexoncdn.co.kr/live/externalAssets/common/crests/light/medium/l130591.png
40676,3,8,8명,https://fco.dn.nexoncdn.co.kr/live/externalAssets/common/crests/light/medium/l130591.png
40677,1,3,3명,https://fco.dn.nexoncdn.co.kr/live/externalAssets/common/teamcolorboost/icon/medium/4_l999863.png
40677,2,6,6명,https://fco.dn.nexoncdn.co.kr/live/externalAssets/common/teamcolorboost/icon/medium/4_l999863.png
40677,3,8,8명,https://fco.dn.nexoncdn.co.kr/live/externalAssets/common/teamcolorboost/icon/medium/4_l999863.png
40678,1,3,3명,https://fco.dn.nexoncdn.co.kr/live/externalAssets/common/teamcolorboost/icon/medium/4_l999596.png
40678,2,6,6명,https://fco.dn.nexoncdn.co.kr/live/externalAssets/common/teamcolorboost/icon/medium/4_l999596.png
40678,3,8,8명,https://fco.dn.nexoncdn.co.kr/live/externalAssets/common/teamcolorboost/icon/medium/4_l999596.png
40679,1,3,3명,https://fco.dn.nexoncdn.co.kr/live/externalAssets/common/crests/light/medium/l130624.png
40679,2,6,6명,https://fco.dn.nexoncdn.co.kr/live/externalAssets/common/crests/light/medium/l130624.png
40679,3,8,8명,https://fco.dn.nexoncdn.co.kr/live/externalAssets/common/crests/light/medium/l130624.png
40680,1,8,8명,https://fco.dn.nexoncdn.co.kr/live/externalAssets/common/teamcolorboost/icon/medium/4_l3004.png
40681,1,8,8명,https://fco.dn.nexoncdn.co.kr/live/externalAssets/common/teamcolorboost/icon/medium/4_l3007.png
40682,1,8,8명,https://fco.dn.nexoncdn.co.kr/live/externalAssets/common/teamcolorboost/icon/medium/4_l3008.png
40683,1,8,8명,https://fco.dn.nexoncdn.co.kr/live/externalAssets/common/teamcolorboost/icon/medium/4_l3010.png
40684,1,8,8명,https://fco.dn.nexoncdn.co.kr/live/externalAssets/common/teamcolorboost/icon/medium/4_l3012.png
40685,1,8,8명,https://fco.dn.nexoncdn.co.kr/live/externalAssets/common/teamcolorboost/icon/medium/4_l3014.png
40686,1,8,8명,https://fco.dn.nexoncdn.co.kr/live/externalAssets/common/teamcolorboost/icon/medium/4_l3018.png
40687,1,8,8명,https://fco.dn.nexoncdn.co.kr/live/externalAssets/common/teamcolorboost/icon/medium/4_l3021.png
40688,1,8,8명,https://fco.dn.nexoncdn.co.kr/live/externalAssets/common/teamcolorboost/icon/medium/4_l3034.png
40689,1,8,8명,https://fco.dn.nexoncdn.co.kr/live/externalAssets/common/teamcolorboost/icon/medium/4_l3036.png
40690,1,8,8명,https://fco.dn.nexoncdn.co.kr/live/externalAssets/common/teamcolorboost/icon/medium/4_l3038.png
40691,1,8,8명,https://fco.dn.nexoncdn.co.kr/live/externalAssets/common/teamcolorboost/icon/medium/4_l3042.png
40692,1,8,8명,https://fco.dn.nexoncdn.co.kr/live/externalAssets/common/teamcolorboost/icon/medium/4_l3045.png
40693,1,8,8명,https://fco.dn.nexoncdn.co.kr/live/externalAssets/common/teamcolorboost/icon/medium/4_l3046.png
40694,1,8,8명,https://fco.dn.nexoncdn.co.kr/live/externalAssets/common/teamcolorboost/icon/medium/4_l3047.png
40695,1,8,8명,https://fco.dn.nexoncdn.co.kr/live/externalAssets/common/teamcolorboost/icon/medium/4_l3048.png
40696,1,8,8명,https://fco.dn.nexoncdn.co.kr/live/externalAssets/common/teamcolorboost/icon/medium/4_l3052.png
40697,1,8,8명,https://fco.dn.nexoncdn.co.kr/live/externalAssets/common/teamcolorboost/icon/medium/4_l3054.png
40698,1,8,8명,https://fco.dn.nexoncdn.co.kr/live/externalAssets/common/teamcolorboost/icon/medium/4_l3056.png
40699,1,8,8명,https://fco.dn.nexoncdn.co.kr/live/externalAssets/common/teamcolorboost/icon/medium/4_l3057.png
40700,1,8,8명,https://fco.dn.nexoncdn.co.kr/live/externalAssets/common/teamcolorboost/icon/medium/4_l3058.png
40701,1,8,8명,https://fco.dn.nexoncdn.co.kr/live/externalAssets/common/teamcolorboost/icon/medium/4_l3060.png
40702,1,8,8명,https://fco.dn.nexoncdn.co.kr/live/externalAssets/common/teamcolorboost/icon/medium/4_l3070.png
40703,1,8,8명,https://fco.dn.nexoncdn.co.kr/live/externalAssets/common/teamcolorboost/icon/medium/4_l3080.png
40704,1,8,8명,https://fco.dn.nexoncdn.co.kr/live/externalAssets/common/teamcolorboost/icon/medium/4_l3083.png
40705,1,8,8명,https://fco.dn.nexoncdn.co.kr/live/externalAssets/common/teamcolorboost/icon/medium/4_l3095.png
40706,1,8,8명,https://fco.dn.nexoncdn.co.kr/live/externalAssets/common/teamcolorboost/icon/medium/4_l3097.png
40707,1,8,8명,https://fco.dn.nexoncdn.co.kr/live/externalAssets/common/teamcolorboost/icon/medium/4_l3108.png
40708,1,8,8명,https://fco.dn.nexoncdn.co.kr/live/externalAssets/common/teamcolorboost/icon/medium/4_l3110.png
40709,1,8,8명,https://fco.dn.nexoncdn.co.kr/live/externalAssets/common/teamcolorboost/icon/medium/4_l3117.png
40710,1,8,8명,https://fco.dn.nexoncdn.co.kr/live/externalAssets/common/teamcolorboost/icon/medium/4_l3129.png
40711,1,8,8명,https://fco.dn.nexoncdn.co.kr/live/externalAssets/common/teamcolorboost/icon/medium/4_l3136.png
40712,1,8,8명,https://fco.dn.nexoncdn.co.kr/live/externalAssets/common/teamcolorboost/icon/medium/4_l3145.png
40713,1,8,8명,https://fco.dn.nexoncdn.co.kr/live/externalAssets/common/teamcolorboost/icon/medium/4_l3163.png
40714,1,8,8명,https://fco.dn.nexoncdn.co.kr/live/externalAssets/common/teamcolorboost/icon/medium/4_l3167.png
40715,1,8,8명,https://fco.dn.nexoncdn.co.kr/live/externalAssets/common/teamcolorboost/icon/medium/4_l3182.png
40716,1,8,8명,https://fco.dn.nexoncdn.co.kr/live/externalAssets/common/teamcolorboost/icon/medium/4_l3183.png
40717,1,8,8명,https://fco.dn.nexoncdn.co.kr/live/externalAssets/common/teamcolorboost/icon/medium/4_l3195.png
40718,1,8,8명,https://fco.dn.nexoncdn.co.kr/live/externalAssets/common/teamcolorboost/icon/medium/4_l3198.png
40719,1,3,3명,https://fco.dn.nexoncdn.co.kr/live/externalAssets/common/teamcolorboost/icon/medium/4_l3085.png
40720,1,3,3명,https://fco.dn.nexoncdn.co.kr/live/externalAssets/common/teamcolorboost/icon/medium/4_l3087.png
40721,1,3,3명,https://fco.dn.nexoncdn.co.kr/live/externalAssets/common/teamcolorboost/icon/medium/4_l3104.png
40722,1,3,3명,https://fco.dn.nexoncdn.co.kr/live/externalAssets/common/teamcolorboost/icon/medium/4_l3111.png
40723,1,3,3명,https://fco.dn.nexoncdn.co.kr/live/externalAssets/common/teamcolorboost/icon/medium/4_l3140.png
40724,1,3,3명,https://fco.dn.nexoncdn.co.kr/live/externalAssets/common/teamcolorboost/icon/medium/4_l3161.png
40725,1,3,3명,https://fco.dn.nexoncdn.co.kr/live/externalAssets/common/teamcolorboost/icon/medium/4_l3162.png
40726,1,3,3명,https://fco.dn.nexoncdn.co.kr/live/externalAssets/common/teamcolorboost/icon/medium/4_l3191.png
40727,1,2,2명,https://fco.dn.nexoncdn.co.kr/live/externalAssets/common/teamcolorboost/icon/medium/4_l3164.png
40728,1,3,3명,https://fco.dn.nexoncdn.co.kr/live/externalAssets/common/teamcolorboost/icon/medium/4_l999867.png
40728,2,6,6명,https://fco.dn.nexoncdn.co.kr/live/externalAssets/common/teamcolorboost/icon/medium/4_l999867.png
40728,3,8,8명,https://fco.dn.nexoncdn.co.kr/live/externalAssets/common/teamcolorboost/icon/medium/4_l999867.png
40729,1,3,3명,https://fco.dn.nexoncdn.co.kr/live/externalAssets/common/crests/light/medium/l130634.png
40729,2,6,6명,https://fco.dn.nexoncdn.co.kr/live/externalAssets/common/crests/light/medium/l130634.png
40729,3,8,8명,https://fco.dn.nexoncdn.co.kr/live/externalAssets/common/crests/light/medium/l130634.png
40730,1,5,5명,https://fco.dn.nexoncdn.co.kr/live/externalAssets/common/teamcolorboost/icon/medium/4_l2.png
40731,1,3,3명,https://fco.dn.nexoncdn.co.kr/live/externalAssets/common/teamcolorboost/icon/medium/4_l21.png
40732,1,4,4명,https://fco.dn.nexoncdn.co.kr/live/externalAssets/common/teamcolorboost/icon/medium/4_l11.png
40733,1,5,5명,https://fco.dn.nexoncdn.co.kr/live/externalAssets/common/teamcolorboost/icon/medium/4_l64.png
40735,1,8,8명,https://fco.dn.nexoncdn.co.kr/live/externalAssets/common/teamcolorboost/icon/medium/4_l1.png
40736,1,8,8명,https://fco.dn.nexoncdn.co.kr/live/externalAssets/common/teamcolorboost/icon/medium/4_l10.png
40737,1,8,8명,https://fco.dn.nexoncdn.co.kr/live/externalAssets/common/teamcolorboost/icon/medium/4_l11.png
40738,1,8,8명,https://fco.dn.nexoncdn.co.kr/live/externalAssets/common/teamcolorboost/icon/medium/4_l2.png
40739,1,8,8명,https://fco.dn.nexoncdn.co.kr/live/externalAssets/common/teamcolorboost/icon/medium/4_l9.png
40740,1,8,8명,https://fco.dn.nexoncdn.co.kr/live/externalAssets/common/teamcolorboost/icon/medium/4_l1943.png
40741,1,8,8명,https://fco.dn.nexoncdn.co.kr/live/externalAssets/common/teamcolorboost/icon/medium/4_l106.png
40742,1,8,8명,https://fco.dn.nexoncdn.co.kr/live/externalAssets/common/teamcolorboost/icon/medium/4_l1799.png
40743,1,8,8명,https://fco.dn.nexoncdn.co.kr/live/externalAssets/common/teamcolorboost/icon/medium/4_l1808.png
40744,1,8,8명,https://fco.dn.nexoncdn.co.kr/live/externalAssets/common/teamcolorboost/icon/medium/4_l241.png
40745,1,8,8명,https://fco.dn.nexoncdn.co.kr/live/externalAssets/common/teamcolorboost/icon/medium/4_l243.png
40746,1,8,8명,https://fco.dn.nexoncdn.co.kr/live/externalAssets/common/teamcolorboost/icon/medium/4_l483.png
40747,1,8,8명,https://fco.dn.nexoncdn.co.kr/live/externalAssets/common/teamcolorboost/icon/medium/4_l240.png
40748,1,8,8명,https://fco.dn.nexoncdn.co.kr/live/externalAssets/common/teamcolorboost/icon/medium/4_l449.png
40749,1,8,8명,https://fco.dn.nexoncdn.co.kr/live/externalAssets/common/teamcolorboost/icon/medium/4_l450.png
40750,1,8,8명,https://fco.dn.nexoncdn.co.kr/live/externalAssets/common/teamcolorboost/icon/medium/4_l457.png
40751,1,8,8명,https://fco.dn.nexoncdn.co.kr/live/externalAssets/common/teamcolorboost/icon/medium/4_l1860.png
40752,1,8,8명,https://fco.dn.nexoncdn.co.kr/live/externalAssets/common/teamcolorboost/icon/medium/4_l21.png
40753,1,8,8명,https://fco.dn.nexoncdn.co.kr/live/externalAssets/common/teamcolorboost/icon/medium/4_l22.png
40754,1,8,8명,https://fco.dn.nexoncdn.co.kr/live/externalAssets/common/teamcolorboost/icon/medium/4_l112172.png
40755,1,8,8명,https://fco.dn.nexoncdn.co.kr/live/externalAssets/common/teamcolorboost/icon/medium/4_l36.png
40756,1,8,8명,https://fco.dn.nexoncdn.co.kr/live/externalAssets/common/teamcolorboost/icon/medium/4_l10029.png
40757,1,8,8명,https://fco.dn.nexoncdn.co.kr/live/externalAssets/common/teamcolorboost/icon/medium/4_l32.png
40758,1,8,8명,https://fco.dn.nexoncdn.co.kr/live/externalAssets/common/teamcolorboost/icon/medium/4_l25.png
40759,1,8,8명,https://fco.dn.nexoncdn.co.kr/live/externalAssets/common/teamcolorboost/icon/medium/4_l131682.png
40760,1,8,8명,https://fco.dn.nexoncdn.co.kr/live/externalAssets/common/teamcolorboost/icon/medium/4_l48.png
40761,1,8,8명,https://fco.dn.nexoncdn.co.kr/live/externalAssets/common/teamcolorboost/icon/medium/4_l52.png
40762,1,8,8명,https://fco.dn.nexoncdn.co.kr/live/externalAssets/common/teamcolorboost/icon/medium/4_l1745.png
40763,1,8,8명,https://fco.dn.nexoncdn.co.kr/live/externalAssets/common/teamcolorboost/icon/medium/4_l131681.png
40764,1,8,8명,https://fco.dn.nexoncdn.co.kr/live/externalAssets/common/teamcolorboost/icon/medium/4_l45.png
40765,1,8,8명,https://fco.dn.nexoncdn.co.kr/live/externalAssets/common/teamcolorboost/icon/medium/4_l115845.png
40766,1,8,8명,https://fco.dn.nexoncdn.co.kr/live/externalAssets/common/teamcolorboost/icon/medium/4_l73.png
40767,1,8,8명,https://fco.dn.nexoncdn.co.kr/live/externalAssets/common/teamcolorboost/icon/medium/4_l64.png
40768,1,8,8명,https://fco.dn.nexoncdn.co.kr/live/externalAssets/common/teamcolorboost/icon/medium/4_l65.png
40769,1,8,8명,https://fco.dn.nexoncdn.co.kr/live/externalAssets/common/teamcolorboost/icon/medium/4_l66.png
40770,1,8,8명,https://fco.dn.nexoncdn.co.kr/live/externalAssets/common/teamcolorboost/icon/medium/4_l219.png
40771,1,8,8명,https://fco.dn.nexoncdn.co.kr/live/externalAssets/common/teamcolorboost/icon/medium/4_l74.png
40772,1,8,8명,https://fco.dn.nexoncdn.co.kr/live/externalAssets/common/teamcolorboost/icon/medium/4_l69.png
