teamcolor_id,stage,stat_code,stat_name,value,raw_effect
1000,1,overall,전체 능력치,1,전체 능력치 +1
1000,2,overall,전체 능력치,3,전체 능력치 +3
1000,3,overall,전체 능력치,3,전체 능력치 +3
1000,3,shortpassing,짧은 패스,1,짧은 패스 +1
1000,3,vision,시야,2,시야 +2
1000,4,overall,전체 능력치,4,전체 능력치 +4
1000,4,shortpassing,짧은 패스,3,짧은 패스 +3
1000,4,vision,시야,3,시야 +3
1001,1,overall,전체 능력치,1,전체 능력치 +1
1001,2,overall,전체 능력치,3,전체 능력치 +3
1001,3,overall,전체 능력치,3,전체 능력치 +3
1001,3,reactions,반응 속도,1,반응 속도 +1
1001,3,sprintspeed,속력,2,속력 +2
1001,4,overall,전체 능력치,4,전체 능력치 +4
1001,4,reactions,반응 속도,3,반응 속도 +3
1001,4,sprintspeed,속력,3,속력 +3
1002,1,overall,전체 능력치,1,전체 능력치 +1
1002,2,overall,전체 능력치,3,전체 능력치 +3
1002,3,overall,전체 능력치,3,전체 능력치 +3
1002,3,positioning,위치 선정,1,위치 선정 +1
1002,3,reactions,반응 속도,2,반응 속도 +2
1002,4,overall,전체 능력치,4,전체 능력치 +4
1002,4,positioning,위치 선정,3,위치 선정 +3
1002,4,reactions,반응 속도,3,반응 속도 +3
1003,1,overall,전체 능력치,1,전체 능력치 +1
1003,2,overall,전체 능력치,3,전체 능력치 +3
1003,3,ballcontrol,볼 컨트롤,2,볼 컨트롤 +2
1003,3,crossing,크로스,1,크로스 +1
1003,3,overall,전체 능력치,3,전체 능력치 +3
1003,4,ballcontrol,볼 컨트롤,3,볼 컨트롤 +3
1003,4,crossing,크로스,3,크로스 +3
1003,4,overall,전체 능력치,4,전체 능력치 +4
1004,1,overall,전체 능력치,1,전체 능력치 +1
1004,2,overall,전체 능력치,3,전체 능력치 +3
1004,3,agility,민첩성,1,민첩성 +1
1004,3,overall,전체 능력치,3,전체 능력치 +3
1004,3,shortpassing,짧은 패스,2,짧은 패스 +2
1004,4,agility,민첩성,3,민첩성 +3
1004,4,overall,전체 능력치,4,전체 능력치 +4
1004,4,shortpassing,짧은 패스,3,짧은 패스 +3
1005,1,overall,전체 능력치,1,전체 능력치 +1
1005,2,overall,전체 능력치,3,전체 능력치 +3
1005,3,acceleration,가속력,2,가속력 +2
1005,3,longshots,중거리 슛,1,중거리 슛 +1
1005,3,overall,전체 능력치,3,전체 능력치 +3
1005,4,acceleration,가속력,3,가속력 +3
1005,4,longshots,중거리 슛,3,중거리 슛 +3
1005,4,overall,전체 능력치,4,전체 능력치 +4
1006,1,overall,전체 능력치,1,전체 능력치 +1
1006,2,overall,전체 능력치,3,전체 능력치 +3
1006,3,acceleration,가속력,2,가속력 +2
1006,3,interceptions,가로채기,1,가로채기 +1
1006,3,overall,전체 능력치,3,전체 능력치 +3
1006,4,acceleration,가속력,3,가속력 +3
1006,4,interceptions,가로채기,3,가로채기 +3
1006,4,overall,전체 능력치,4,전체 능력치 +4
1007,1,overall,전체 능력치,1,전체 능력치 +1
1007,2,overall,전체 능력치,3,전체 능력치 +3
1007,3,interceptions,가로채기,1,가로채기 +1
1007,3,overall,전체 능력치,3,전체 능력치 +3
1007,3,shortpassing,짧은 패스,2,짧은 패스 +2
1007,4,interceptions,가로채기,3,가로채기 +3
1007,4,overall,전체 능력치,4,전체 능력치 +4
1007,4,shortpassing,짧은 패스,3,짧은 패스 +3
1008,1,overall,전체 능력치,1,전체 능력치 +1
1008,2,overall,전체 능력치,3,전체 능력치 +3
1008,3,balance,밸런스,1,밸런스 +1
1008,3,crossing,크로스,2,크로스 +2
1008,3,overall,전체 능력치,3,전체 능력치 +3
1008,4,balance,밸런스,3,밸런스 +3
1008,4,crossing,크로스,3,크로스 +3
1008,4,overall,전체 능력치,4,전체 능력치 +4
1009,1,overall,전체 능력치,1,전체 능력치 +1
1009,2,overall,전체 능력치,3,전체 능력치 +3
1009,3,overall,전체 능력치,3,전체 능력치 +3
1009,3,reactions,반응 속도,2,반응 속도 +2
1009,3,sprintspeed,속력,1,속력 +1
1009,4,overall,전체 능력치,4,전체 능력치 +4
1009,4,reactions,반응 속도,3,반응 속도 +3
1009,4,sprintspeed,속력,3,속력 +3
1010,1,overall,전체 능력치,1,전체 능력치 +1
1010,2,overall,전체 능력치,3,전체 능력치 +3
1010,3,overall,전체 능력치,3,전체 능력치 +3
1010,3,shortpassing,짧은 패스,2,짧은 패스 +2
1010,3,shotpower,슛 파워,1,슛 파워 +1
1010,4,overall,전체 능력치,4,전체 능력치 +4
1010,4,shortpassing,짧은 패스,3,짧은 패스 +3
1010,4,shotpower,슛 파워,3,슛 파워 +3
1011,1,overall,전체 능력치,1,전체 능력치 +1
1011,2,overall,전체 능력치,3,전체 능력치 +3
1011,3,ballcontrol,볼 컨트롤,1,볼 컨트롤 +1
1011,3,dribbling,드리블,2,드리블 +2
1011,3,overall,전체 능력치,3,전체 능력치 +3
1011,4,ballcontrol,볼 컨트롤,3,볼 컨트롤 +3
1011,4,dribbling,드리블,3,드리블 +3
1011,4,overall,전체 능력치,4,전체 능력치 +4
1012,1,overall,전체 능력치,1,전체 능력치 +1
1012,2,overall,전체 능력치,3,전체 능력치 +3
1012,3,agility,민첩성,2,민첩성 +2
1012,3,overall,전체 능력치,3,전체 능력치 +3
1012,3,vision,시야,1,시야 +1
1012,4,agility,민첩성,3,민첩성 +3
1012,4,overall,전체 능력치,4,전체 능력치 +4
1012,4,vision,시야,3,시야 +3
1013,1,overall,전체 능력치,1,전체 능력치 +1
1013,2,overall,전체 능력치,3,전체 능력치 +3
1013,3,dribbling,드리블,2,드리블 +2
1013,3,overall,전체 능력치,3,전체 능력치 +3
1013,3,vision,시야,1,시야 +1
1013,4,dribbling,드리블,3,드리블 +3
1013,4,overall,전체 능력치,4,전체 능력치 +4
1013,4,vision,시야,3,시야 +3
1014,1,overall,전체 능력치,1,전체 능력치 +1
1014,2,overall,전체 능력치,3,전체 능력치 +3
1014,3,acceleration,가속력,1,가속력 +1
1014,3,overall,전체 능력치,3,전체 능력치 +3
1014,3,sprintspeed,속력,2,속력 +2
1014,4,acceleration,가속력,3,가속력 +3
1014,4,overall,전체 능력치,4,전체 능력치 +4
1014,4,sprintspeed,속력,3,속력 +3
1015,1,overall,전체 능력치,1,전체 능력치 +1
1015,2,overall,전체 능력치,3,전체 능력치 +3
1015,3,interceptions,가로채기,1,가로채기 +1
1015,3,overall,전체 능력치,3,전체 능력치 +3
1015,3,standingtackle,태클,2,태클 +2
1015,4,interceptions,가로채기,3,가로채기 +3
1015,4,overall,전체 능력치,4,전체 능력치 +4
1015,4,standingtackle,태클,3,태클 +3
1016,1,overall,전체 능력치,1,전체 능력치 +1
1016,2,overall,전체 능력치,3,전체 능력치 +3
1016,3,ballcontrol,볼 컨트롤,1,볼 컨트롤 +1
1016,3,overall,전체 능력치,3,전체 능력치 +3
1016,3,shortpassing,짧은 패스,2,짧은 패스 +2
1016,4,ballcontrol,볼 컨트롤,3,볼 컨트롤 +3
1016,4,overall,전체 능력치,4,전체 능력치 +4
1016,4,shortpassing,짧은 패스,3,짧은 패스 +3
1017,1,overall,전체 능력치,1,전체 능력치 +1
1017,2,overall,전체 능력치,3,전체 능력치 +3
1017,3,overall,전체 능력치,3,전체 능력치 +3
1017,3,reactions,반응 속도,1,반응 속도 +1
1017,3,standingtackle,태클,2,태클 +2
1017,4,overall,전체 능력치,4,전체 능력치 +4
1017,4,reactions,반응 속도,3,반응 속도 +3
1017,4,standingtackle,태클,3,태클 +3
1018,1,overall,전체 능력치,1,전체 능력치 +1
1018,2,overall,전체 능력치,3,전체 능력치 +3
1018,3,dribbling,드리블,1,드리블 +1
1018,3,overall,전체 능력치,3,전체 능력치 +3
1018,3,vision,시야,2,시야 +2
1018,4,dribbling,드리블,3,드리블 +3
1018,4,overall,전체 능력치,4,전체 능력치 +4
1018,4,vision,시야,3,시야 +3
1019,1,overall,전체 능력치,1,전체 능력치 +1
1019,2,overall,전체 능력치,3,전체 능력치 +3
1019,3,longshots,중거리 슛,1,중거리 슛 +1
1019,3,overall,전체 능력치,3,전체 능력치 +3
1019,3,reactions,반응 속도,2,반응 속도 +2
1019,4,longshots,중거리 슛,3,중거리 슛 +3
1019,4,overall,전체 능력치,4,전체 능력치 +4
1019,4,reactions,반응 속도,3,반응 속도 +3
1020,1,overall,전체 능력치,1,전체 능력치 +1
1020,2,overall,전체 능력치,3,전체 능력치 +3
1020,3,longshots,중거리 슛,2,중거리 슛 +2
1020,3,overall,전체 능력치,3,전체 능력치 +3
1020,3,shortpassing,짧은 패스,1,짧은 패스 +1
1020,4,longshots,중거리 슛,3,중거리 슛 +3
1020,4,overall,전체 능력치,4,전체 능력치 +4
1020,4,shortpassing,짧은 패스,3,짧은 패스 +3
1021,1,overall,전체 능력치,1,전체 능력치 +1
1021,2,overall,전체 능력치,3,전체 능력치 +3
1021,3,agility,민첩성,2,민첩성 +2
1021,3,overall,전체 능력치,3,전체 능력치 +3
1021,3,shortpassing,짧은 패스,1,짧은 패스 +1
1021,4,agility,민첩성,3,민첩성 +3
1021,4,overall,전체 능력치,4,전체 능력치 +4
1021,4,shortpassing,짧은 패스,3,짧은 패스 +3
1022,1,overall,전체 능력치,1,전체 능력치 +1
1022,2,overall,전체 능력치,3,전체 능력치 +3
1022,3,curve,커브,1,커브 +1
1022,3,overall,전체 능력치,3,전체 능력치 +3
1022,3,vision,시야,2,시야 +2
1022,4,curve,커브,3,커브 +3
1022,4,overall,전체 능력치,4,전체 능력치 +4
1022,4,vision,시야,3,시야 +3
1023,1,overall,전체 능력치,1,전체 능력치 +1
1023,2,overall,전체 능력치,3,전체 능력치 +3
1023,3,finishing,골 결정력,2,골 결정력 +2
1023,3,longshots,중거리 슛,1,중거리 슛 +1
1023,3,overall,전체 능력치,3,전체 능력치 +3
1023,4,finishing,골 결정력,3,골 결정력 +3
1023,4,longshots,중거리 슛,3,중거리 슛 +3
1023,4,overall,전체 능력치,4,전체 능력치 +4
1024,1,overall,전체 능력치,1,전체 능력치 +1
1024,2,overall,전체 능력치,3,전체 능력치 +3
1024,3,interceptions,가로채기,2,가로채기 +2
1024,3,overall,전체 능력치,3,전체 능력치 +3
1024,3,vision,시야,1,시야 +1
1024,4,interceptions,가로채기,3,가로채기 +3
1024,4,overall,전체 능력치,4,전체 능력치 +4
1024,4,vision,시야,3,시야 +3
1025,1,overall,전체 능력치,1,전체 능력치 +1
1025,2,overall,전체 능력치,3,전체 능력치 +3
1025,3,marking,대인 수비,2,대인 수비 +2
1025,3,overall,전체 능력치,3,전체 능력치 +3
1025,3,standingtackle,태클,1,태클 +1
1025,4,marking,대인 수비,3,대인 수비 +3
1025,4,overall,전체 능력치,4,전체 능력치 +4
1025,4,standingtackle,태클,3,태클 +3
1026,1,overall,전체 능력치,1,전체 능력치 +1
1026,2,overall,전체 능력치,3,전체 능력치 +3
1026,3,longpassing,긴 패스,1,긴 패스 +1
1026,3,overall,전체 능력치,3,전체 능력치 +3
1026,3,standingtackle,태클,2,태클 +2
1026,4,longpassing,긴 패스,3,긴 패스 +3
1026,4,overall,전체 능력치,4,전체 능력치 +4
1026,4,standingtackle,태클,3,태클 +3
1027,1,overall,전체 능력치,1,전체 능력치 +1
1027,2,overall,전체 능력치,3,전체 능력치 +3
1027,3,ballcontrol,볼 컨트롤,1,볼 컨트롤 +1
1027,3,dribbling,드리블,2,드리블 +2
1027,3,overall,전체 능력치,3,전체 능력치 +3
1027,4,ballcontrol,볼 컨트롤,3,볼 컨트롤 +3
1027,4,dribbling,드리블,3,드리블 +3
1027,4,overall,전체 능력치,4,전체 능력치 +4
1028,1,overall,전체 능력치,1,전체 능력치 +1
1028,2,overall,전체 능력치,3,전체 능력치 +3
1028,3,finishing,골 결정력,1,골 결정력 +1
1028,3,overall,전체 능력치,3,전체 능력치 +3
1028,3,positioning,위치 선정,2,위치 선정 +2
1028,4,finishing,골 결정력,3,골 결정력 +3
1028,4,overall,전체 능력치,4,전체 능력치 +4
1028,4,positioning,위치 선정,3,위치 선정 +3
1029,1,overall,전체 능력치,1,전체 능력치 +1
1029,2,overall,전체 능력치,3,전체 능력치 +3
1029,3,agility,민첩성,1,민첩성 +1
1029,3,overall,전체 능력치,3,전체 능력치 +3
1029,3,vision,시야,2,시야 +2
1029,4,agility,민첩성,3,민첩성 +3
1029,4,overall,전체 능력치,4,전체 능력치 +4
1029,4,vision,시야,3,시야 +3
1030,1,overall,전체 능력치,1,전체 능력치 +1
1030,2,overall,전체 능력치,3,전체 능력치 +3
1030,3,aggression,적극성,2,적극성 +2
1030,3,overall,전체 능력치,3,전체 능력치 +3
1030,3,strength,몸싸움,1,몸싸움 +1
1030,4,aggression,적극성,3,적극성 +3
1030,4,overall,전체 능력치,4,전체 능력치 +4
1030,4,strength,몸싸움,3,몸싸움 +3
1031,1,overall,전체 능력치,1,전체 능력치 +1
1031,2,overall,전체 능력치,3,전체 능력치 +3
1031,3,dribbling,드리블,2,드리블 +2
1031,3,overall,전체 능력치,3,전체 능력치 +3
1031,3,shortpassing,짧은 패스,1,짧은 패스 +1
1031,4,dribbling,드리블,3,드리블 +3
1031,4,overall,전체 능력치,4,전체 능력치 +4
1031,4,shortpassing,짧은 패스,3,짧은 패스 +3
1032,1,overall,전체 능력치,1,전체 능력치 +1
1032,2,overall,전체 능력치,3,전체 능력치 +3
1032,3,finishing,골 결정력,2,골 결정력 +2
1032,3,interceptions,가로채기,1,가로채기 +1
1032,3,overall,전체 능력치,3,전체 능력치 +3
1032,4,finishing,골 결정력,3,골 결정력 +3
1032,4,interceptions,가로채기,3,가로채기 +3
1032,4,overall,전체 능력치,4,전체 능력치 +4
1033,1,overall,전체 능력치,1,전체 능력치 +1
1033,2,overall,전체 능력치,3,전체 능력치 +3
1033,3,finishing,골 결정력,2,골 결정력 +2
1033,3,overall,전체 능력치,3,전체 능력치 +3
1033,3,positioning,위치 선정,1,위치 선정 +1
1033,4,finishing,골 결정력,3,골 결정력 +3
1033,4,overall,전체 능력치,4,전체 능력치 +4
1033,4,positioning,위치 선정,3,위치 선정 +3
1034,1,overall,전체 능력치,1,전체 능력치 +1
1034,2,overall,전체 능력치,3,전체 능력치 +3
1034,3,acceleration,가속력,2,가속력 +2
1034,3,finishing,골 결정력,1,골 결정력 +1
1034,3,overall,전체 능력치,3,전체 능력치 +3
1034,4,acceleration,가속력,3,가속력 +3
1034,4,finishing,골 결정력,3,골 결정력 +3
1034,4,overall,전체 능력치,4,전체 능력치 +4
1035,1,overall,전체 능력치,1,전체 능력치 +1
1035,2,overall,전체 능력치,3,전체 능력치 +3
1035,3,interceptions,가로채기,2,가로채기 +2
1035,3,marking,대인 수비,1,대인 수비 +1
1035,3,overall,전체 능력치,3,전체 능력치 +3
1035,4,interceptions,가로채기,3,가로채기 +3
1035,4,marking,대인 수비,3,대인 수비 +3
1035,4,overall,전체 능력치,4,전체 능력치 +4
1036,1,overall,전체 능력치,1,전체 능력치 +1
1036,2,overall,전체 능력치,3,전체 능력치 +3
1036,3,acceleration,가속력,1,가속력 +1
1036,3,overall,전체 능력치,3,전체 능력치 +3
1036,3,vision,시야,2,시야 +2
1036,4,acceleration,가속력,3,가속력 +3
1036,4,overall,전체 능력치,4,전체 능력치 +4
1036,4,vision,시야,3,시야 +3
1037,1,overall,전체 능력치,1,전체 능력치 +1
1037,2,overall,전체 능력치,3,전체 능력치 +3
1037,3,agility,민첩성,1,민첩성 +1
1037,3,overall,전체 능력치,3,전체 능력치 +3
1037,3,reactions,반응 속도,2,반응 속도 +2
1037,4,agility,민첩성,3,민첩성 +3
1037,4,overall,전체 능력치,4,전체 능력치 +4
1037,4,reactions,반응 속도,3,반응 속도 +3
1038,1,overall,전체 능력치,1,전체 능력치 +1
1038,2,overall,전체 능력치,3,전체 능력치 +3
1038,3,longshots,중거리 슛,2,중거리 슛 +2
1038,3,overall,전체 능력치,3,전체 능력치 +3
1038,3,standingtackle,태클,1,태클 +1
1038,4,longshots,중거리 슛,3,중거리 슛 +3
1038,4,overall,전체 능력치,4,전체 능력치 +4
1038,4,standingtackle,태클,3,태클 +3
1039,1,overall,전체 능력치,1,전체 능력치 +1
1039,2,overall,전체 능력치,3,전체 능력치 +3
1039,3,dribbling,드리블,1,드리블 +1
1039,3,overall,전체 능력치,3,전체 능력치 +3
1039,3,shortpassing,짧은 패스,2,짧은 패스 +2
1039,4,dribbling,드리블,3,드리블 +3
1039,4,overall,전체 능력치,4,전체 능력치 +4
1039,4,shortpassing,짧은 패스,3,짧은 패스 +3
1040,1,overall,전체 능력치,1,전체 능력치 +1
1040,2,overall,전체 능력치,3,전체 능력치 +3
1040,3,interceptions,가로채기,2,가로채기 +2
1040,3,overall,전체 능력치,3,전체 능력치 +3
1040,3,shortpassing,짧은 패스,1,짧은 패스 +1
1040,4,interceptions,가로채기,3,가로채기 +3
1040,4,overall,전체 능력치,4,전체 능력치 +4
1040,4,shortpassing,짧은 패스,3,짧은 패스 +3
1041,1,overall,전체 능력치,1,전체 능력치 +1
1041,2,overall,전체 능력치,3,전체 능력치 +3
1041,3,crossing,크로스,1,크로스 +1
1041,3,longpassing,긴 패스,2,긴 패스 +2
1041,3,overall,전체 능력치,3,전체 능력치 +3
1041,4,crossing,크로스,3,크로스 +3
1041,4,longpassing,긴 패스,3,긴 패스 +3
1041,4,overall,전체 능력치,4,전체 능력치 +4
1042,1,overall,전체 능력치,1,전체 능력치 +1
1042,2,overall,전체 능력치,3,전체 능력치 +3
1042,3,overall,전체 능력치,3,전체 능력치 +3
1042,3,standingtackle,태클,2,태클 +2
1042,3,strength,몸싸움,1,몸싸움 +1
1042,4,overall,전체 능력치,4,전체 능력치 +4
1042,4,standingtackle,태클,3,태클 +3
1042,4,strength,몸싸움,3,몸싸움 +3
1043,1,overall,전체 능력치,1,전체 능력치 +1
1043,2,overall,전체 능력치,3,전체 능력치 +3
1043,3,headingaccuracy,헤더,1,헤더 +1
1043,3,overall,전체 능력치,3,전체 능력치 +3
1043,3,strength,몸싸움,2,몸싸움 +2
1043,4,headingaccuracy,헤더,3,헤더 +3
1043,4,overall,전체 능력치,4,전체 능력치 +4
1043,4,strength,몸싸움,3,몸싸움 +3
1044,1,overall,전체 능력치,1,전체 능력치 +1
1044,2,overall,전체 능력치,3,전체 능력치 +3
1044,3,ballcontrol,볼 컨트롤,2,볼 컨트롤 +2
1044,3,dribbling,드리블,1,드리블 +1
1044,3,overall,전체 능력치,3,전체 능력치 +3
1044,4,ballcontrol,볼 컨트롤,3,볼 컨트롤 +3
1044,4,dribbling,드리블,3,드리블 +3
1044,4,overall,전체 능력치,4,전체 능력치 +4
1047,1,overall,전체 능력치,1,전체 능력치 +1
1047,2,overall,전체 능력치,3,전체 능력치 +3
1047,3,acceleration,가속력,2,가속력 +2
1047,3,dribbling,드리블,1,드리블 +1
1047,3,overall,전체 능력치,3,전체 능력치 +3
1047,4,acceleration,가속력,3,가속력 +3
1047,4,dribbling,드리블,3,드리블 +3
1047,4,overall,전체 능력치,4,전체 능력치 +4
1049,1,overall,전체 능력치,1,전체 능력치 +1
1049,2,overall,전체 능력치,3,전체 능력치 +3
1049,3,interceptions,가로채기,1,가로채기 +1
1049,3,overall,전체 능력치,3,전체 능력치 +3
1049,3,standingtackle,태클,2,태클 +2
1049,4,interceptions,가로채기,3,가로채기 +3
1049,4,overall,전체 능력치,4,전체 능력치 +4
1049,4,standingtackle,태클,3,태클 +3
1051,1,overall,전체 능력치,1,전체 능력치 +1
1051,2,overall,전체 능력치,3,전체 능력치 +3
1051,3,balance,밸런스,1,밸런스 +1
1051,3,marking,대인 수비,2,대인 수비 +2
1051,3,overall,전체 능력치,3,전체 능력치 +3
1051,4,balance,밸런스,3,밸런스 +3
1051,4,marking,대인 수비,3,대인 수비 +3
1051,4,overall,전체 능력치,4,전체 능력치 +4
1053,1,overall,전체 능력치,1,전체 능력치 +1
1053,2,overall,전체 능력치,3,전체 능력치 +3
1053,3,crossing,크로스,2,크로스 +2
1053,3,longpassing,긴 패스,1,긴 패스 +1
1053,3,overall,전체 능력치,3,전체 능력치 +3
1053,4,crossing,크로스,3,크로스 +3
1053,4,longpassing,긴 패스,3,긴 패스 +3
1053,4,overall,전체 능력치,4,전체 능력치 +4
1062,1,overall,전체 능력치,1,전체 능력치 +1
1062,2,overall,전체 능력치,3,전체 능력치 +3
1062,3,crossing,크로스,2,크로스 +2
1062,3,headingaccuracy,헤더,1,헤더 +1
1062,3,overall,전체 능력치,3,전체 능력치 +3
1062,4,crossing,크로스,3,크로스 +3
1062,4,headingaccuracy,헤더,3,헤더 +3
1062,4,overall,전체 능력치,4,전체 능력치 +4
1063,1,overall,전체 능력치,1,전체 능력치 +1
1063,2,overall,전체 능력치,3,전체 능력치 +3
1063,3,finishing,골 결정력,2,골 결정력 +2
1063,3,overall,전체 능력치,3,전체 능력치 +3
1063,3,shotpower,슛 파워,1,슛 파워 +1
1063,4,finishing,골 결정력,3,골 결정력 +3
1063,4,overall,전체 능력치,4,전체 능력치 +4
1063,4,shotpower,슛 파워,3,슛 파워 +3
1064,1,overall,전체 능력치,1,전체 능력치 +1
1064,2,overall,전체 능력치,3,전체 능력치 +3
1064,3,dribbling,드리블,2,드리블 +2
1064,3,overall,전체 능력치,3,전체 능력치 +3
1064,3,sprintspeed,속력,1,속력 +1
1064,4,dribbling,드리블,3,드리블 +3
1064,4,overall,전체 능력치,4,전체 능력치 +4
1064,4,sprintspeed,속력,3,속력 +3
1065,1,overall,전체 능력치,1,전체 능력치 +1
1065,2,overall,전체 능력치,3,전체 능력치 +3
1065,3,interceptions,가로채기,2,가로채기 +2
1065,3,overall,전체 능력치,3,전체 능력치 +3
1065,3,standingtackle,태클,1,태클 +1
1065,4,interceptions,가로채기,3,가로채기 +3
1065,4,overall,전체 능력치,4,전체 능력치 +4
1065,4,standingtackle,태클,3,태클 +3
1066,1,overall,전체 능력치,1,전체 능력치 +1
1066,2,overall,전체 능력치,3,전체 능력치 +3
1066,3,marking,대인 수비,1,대인 수비 +1
1066,3,overall,전체 능력치,3,전체 능력치 +3
1066,3,slidingtackle,슬라이딩 태클,2,슬라이딩 태클 +2
1066,4,marking,대인 수비,3,대인 수비 +3
1066,4,overall,전체 능력치,4,전체 능력치 +4
1066,4,slidingtackle,슬라이딩 태클,3,슬라이딩 태클 +3
1067,1,overall,전체 능력치,1,전체 능력치 +1
1067,2,overall,전체 능력치,3,전체 능력치 +3
1067,3,overall,전체 능력치,3,전체 능력치 +3
1067,3,reactions,반응 속도,1,반응 속도 +1
1067,3,sprintspeed,속력,2,속력 +2
1067,4,overall,전체 능력치,4,전체 능력치 +4
1067,4,reactions,반응 속도,3,반응 속도 +3
1067,4,sprintspeed,속력,3,속력 +3
1068,1,overall,전체 능력치,1,전체 능력치 +1
1068,2,overall,전체 능력치,3,전체 능력치 +3
1068,3,longpassing,긴 패스,2,긴 패스 +2
1068,3,overall,전체 능력치,3,전체 능력치 +3
1068,3,shortpassing,짧은 패스,1,짧은 패스 +1
1068,4,longpassing,긴 패스,3,긴 패스 +3
1068,4,overall,전체 능력치,4,전체 능력치 +4
1068,4,shortpassing,짧은 패스,3,짧은 패스 +3
1069,1,overall,전체 능력치,1,전체 능력치 +1
1069,2,overall,전체 능력치,3,전체 능력치 +3
1069,3,freekickaccuracy,프리킥,2,프리킥 +2
1069,3,headingaccuracy,헤더,1,헤더 +1
1069,3,overall,전체 능력치,3,전체 능력치 +3
1069,4,freekickaccuracy,프리킥,3,프리킥 +3
1069,4,headingaccuracy,헤더,3,헤더 +3
1069,4,overall,전체 능력치,4,전체 능력치 +4
1070,1,overall,전체 능력치,1,전체 능력치 +1
1070,2,overall,전체 능력치,3,전체 능력치 +3
1070,3,aggression,적극성,1,적극성 +1
1070,3,marking,대인 수비,2,대인 수비 +2
1070,3,overall,전체 능력치,3,전체 능력치 +3
1070,4,aggression,적극성,3,적극성 +3
1070,4,marking,대인 수비,3,대인 수비 +3
1070,4,overall,전체 능력치,4,전체 능력치 +4
1071,1,overall,전체 능력치,1,전체 능력치 +1
1071,2,overall,전체 능력치,3,전체 능력치 +3
1071,3,overall,전체 능력치,3,전체 능력치 +3
1071,3,standingtackle,태클,1,태클 +1
1071,3,strength,몸싸움,2,몸싸움 +2
1071,4,overall,전체 능력치,4,전체 능력치 +4
1071,4,standingtackle,태클,3,태클 +3
1071,4,strength,몸싸움,3,몸싸움 +3
2001,1,overall,전체 능력치,1,전체 능력치 +1
2001,2,overall,전체 능력치,3,전체 능력치 +3
2001,3,crossing,크로스,2,크로스 +2
2001,3,longpassing,긴 패스,1,긴 패스 +1
2001,3,overall,전체 능력치,3,전체 능력치 +3
2001,4,crossing,크로스,3,크로스 +3
2001,4,longpassing,긴 패스,3,긴 패스 +3
2001,4,overall,전체 능력치,4,전체 능력치 +4
2002,1,overall,전체 능력치,1,전체 능력치 +1
2002,2,overall,전체 능력치,3,전체 능력치 +3
2002,3,dribbling,드리블,2,드리블 +2
2002,3,overall,전체 능력치,3,전체 능력치 +3
2002,3,shortpassing,짧은 패스,1,짧은 패스 +1
2002,4,dribbling,드리블,3,드리블 +3
2002,4,overall,전체 능력치,4,전체 능력치 +4
2002,4,shortpassing,짧은 패스,3,짧은 패스 +3
2003,1,overall,전체 능력치,1,전체 능력치 +1
2003,2,overall,전체 능력치,3,전체 능력치 +3
2003,3,ballcontrol,볼 컨트롤,2,볼 컨트롤 +2
2003,3,overall,전체 능력치,3,전체 능력치 +3
2003,3,stamina,스태미너,1,스태미너 +1
2003,4,ballcontrol,볼 컨트롤,3,볼 컨트롤 +3
2003,4,overall,전체 능력치,4,전체 능력치 +4
2003,4,stamina,스태미너,3,스태미너 +3
2004,1,overall,전체 능력치,1,전체 능력치 +1
2004,2,overall,전체 능력치,3,전체 능력치 +3
2004,3,crossing,크로스,1,크로스 +1
2004,3,overall,전체 능력치,3,전체 능력치 +3
2004,3,shortpassing,짧은 패스,2,짧은 패스 +2
2004,4,crossing,크로스,3,크로스 +3
2004,4,overall,전체 능력치,4,전체 능력치 +4
2004,4,shortpassing,짧은 패스,3,짧은 패스 +3
2005,1,overall,전체 능력치,1,전체 능력치 +1
2005,2,overall,전체 능력치,3,전체 능력치 +3
2005,3,longshots,중거리 슛,1,중거리 슛 +1
2005,3,overall,전체 능력치,3,전체 능력치 +3
2005,3,standingtackle,태클,2,태클 +2
2005,4,longshots,중거리 슛,3,중거리 슛 +3
2005,4,overall,전체 능력치,4,전체 능력치 +4
2005,4,standingtackle,태클,3,태클 +3
2006,1,overall,전체 능력치,1,전체 능력치 +1
2006,2,overall,전체 능력치,3,전체 능력치 +3
2006,3,finishing,골 결정력,1,골 결정력 +1
2006,3,longpassing,긴 패스,2,긴 패스 +2
2006,3,overall,전체 능력치,3,전체 능력치 +3
2006,4,finishing,골 결정력,3,골 결정력 +3
2006,4,longpassing,긴 패스,3,긴 패스 +3
2006,4,overall,전체 능력치,4,전체 능력치 +4
2007,1,overall,전체 능력치,1,전체 능력치 +1
2007,2,overall,전체 능력치,3,전체 능력치 +3
2007,3,dribbling,드리블,1,드리블 +1
2007,3,overall,전체 능력치,3,전체 능력치 +3
2007,3,positioning,위치 선정,2,위치 선정 +2
2007,4,dribbling,드리블,3,드리블 +3
2007,4,overall,전체 능력치,4,전체 능력치 +4
2007,4,positioning,위치 선정,3,위치 선정 +3
2008,1,overall,전체 능력치,1,전체 능력치 +1
2008,2,overall,전체 능력치,3,전체 능력치 +3
2008,3,dribbling,드리블,2,드리블 +2
2008,3,overall,전체 능력치,3,전체 능력치 +3
2008,3,strength,몸싸움,1,몸싸움 +1
2008,4,dribbling,드리블,3,드리블 +3
2008,4,overall,전체 능력치,4,전체 능력치 +4
2008,4,strength,몸싸움,3,몸싸움 +3
2009,1,overall,전체 능력치,1,전체 능력치 +1
2009,2,overall,전체 능력치,3,전체 능력치 +3
2009,3,longpassing,긴 패스,2,긴 패스 +2
2009,3,overall,전체 능력치,3,전체 능력치 +3
2009,3,slidingtackle,슬라이딩 태클,1,슬라이딩 태클 +1
2009,4,longpassing,긴 패스,3,긴 패스 +3
2009,4,overall,전체 능력치,4,전체 능력치 +4
2009,4,slidingtackle,슬라이딩 태클,3,슬라이딩 태클 +3
2010,1,overall,전체 능력치,1,전체 능력치 +1
2010,2,overall,전체 능력치,3,전체 능력치 +3
2010,3,interceptions,가로채기,1,가로채기 +1
2010,3,overall,전체 능력치,3,전체 능력치 +3
2010,3,shortpassing,짧은 패스,2,짧은 패스 +2
2010,4,interceptions,가로채기,3,가로채기 +3
2010,4,overall,전체 능력치,4,전체 능력치 +4
2010,4,shortpassing,짧은 패스,3,짧은 패스 +3
2011,1,overall,전체 능력치,1,전체 능력치 +1
2011,2,overall,전체 능력치,3,전체 능력치 +3
2011,3,dribbling,드리블,2,드리블 +2
2011,3,finishing,골 결정력,1,골 결정력 +1
2011,3,overall,전체 능력치,3,전체 능력치 +3
2011,4,dribbling,드리블,3,드리블 +3
2011,4,finishing,골 결정력,3,골 결정력 +3
2011,4,overall,전체 능력치,4,전체 능력치 +4
2012,1,overall,전체 능력치,1,전체 능력치 +1
2012,2,overall,전체 능력치,3,전체 능력치 +3
2012,3,acceleration,가속력,2,가속력 +2
2012,3,balance,밸런스,1,밸런스 +1
2012,3,overall,전체 능력치,3,전체 능력치 +3
2012,4,acceleration,가속력,3,가속력 +3
2012,4,balance,밸런스,3,밸런스 +3
2012,4,overall,전체 능력치,4,전체 능력치 +4
2014,1,overall,전체 능력치,1,전체 능력치 +1
2014,2,overall,전체 능력치,3,전체 능력치 +3
2014,3,headingaccuracy,헤더,2,헤더 +2
2014,3,overall,전체 능력치,3,전체 능력치 +3
2014,3,positioning,위치 선정,1,위치 선정 +1
2014,4,headingaccuracy,헤더,3,헤더 +3
2014,4,overall,전체 능력치,4,전체 능력치 +4
2014,4,positioning,위치 선정,3,위치 선정 +3
2015,1,overall,전체 능력치,1,전체 능력치 +1
2015,2,overall,전체 능력치,3,전체 능력치 +3
2015,3,crossing,크로스,1,크로스 +1
2015,3,overall,전체 능력치,3,전체 능력치 +3
2015,3,stamina,스태미너,2,스태미너 +2
2015,4,crossing,크로스,3,크로스 +3
2015,4,overall,전체 능력치,4,전체 능력치 +4
2015,4,stamina,스태미너,3,스태미너 +3
2016,1,overall,전체 능력치,1,전체 능력치 +1
2016,2,overall,전체 능력치,3,전체 능력치 +3
2016,3,freekickaccuracy,프리킥,2,프리킥 +2
2016,3,headingaccuracy,헤더,1,헤더 +1
2016,3,overall,전체 능력치,3,전체 능력치 +3
2016,4,freekickaccuracy,프리킥,3,프리킥 +3
2016,4,headingaccuracy,헤더,3,헤더 +3
2016,4,overall,전체 능력치,4,전체 능력치 +4
2017,1,overall,전체 능력치,1,전체 능력치 +1
2017,2,overall,전체 능력치,3,전체 능력치 +3
2017,3,acceleration,가속력,2,가속력 +2
2017,3,overall,전체 능력치,3,전체 능력치 +3
2017,3,sprintspeed,속력,1,속력 +1
2017,4,acceleration,가속력,3,가속력 +3
2017,4,overall,전체 능력치,4,전체 능력치 +4
2017,4,sprintspeed,속력,3,속력 +3
2018,1,overall,전체 능력치,1,전체 능력치 +1
2018,2,overall,전체 능력치,3,전체 능력치 +3
2018,3,finishing,골 결정력,2,골 결정력 +2
2018,3,overall,전체 능력치,3,전체 능력치 +3
2018,3,positioning,위치 선정,1,위치 선정 +1
2018,4,finishing,골 결정력,3,골 결정력 +3
2018,4,overall,전체 능력치,4,전체 능력치 +4
2018,4,positioning,위치 선정,3,위치 선정 +3
2019,1,overall,전체 능력치,1,전체 능력치 +1
2019,2,overall,전체 능력치,3,전체 능력치 +3
2019,3,ballcontrol,볼 컨트롤,2,볼 컨트롤 +2
2019,3,longshots,중거리 슛,1,중거리 슛 +1
2019,3,overall,전체 능력치,3,전체 능력치 +3
2019,4,ballcontrol,볼 컨트롤,3,볼 컨트롤 +3
2019,4,longshots,중거리 슛,3,중거리 슛 +3
2019,4,overall,전체 능력치,4,전체 능력치 +4
2020,1,overall,전체 능력치,1,전체 능력치 +1
2020,2,overall,전체 능력치,3,전체 능력치 +3
2020,3,overall,전체 능력치,3,전체 능력치 +3
2020,3,shotpower,슛 파워,2,슛 파워 +2
2020,3,strength,몸싸움,1,몸싸움 +1
2020,4,overall,전체 능력치,4,전체 능력치 +4
2020,4,shotpower,슛 파워,3,슛 파워 +3
2020,4,strength,몸싸움,3,몸싸움 +3
2021,1,overall,전체 능력치,1,전체 능력치 +1
2021,2,overall,전체 능력치,3,전체 능력치 +3
2021,3,dribbling,드리블,1,드리블 +1
2021,3,overall,전체 능력치,3,전체 능력치 +3
2021,3,reactions,반응 속도,2,반응 속도 +2
2021,4,dribbling,드리블,3,드리블 +3
2021,4,overall,전체 능력치,4,전체 능력치 +4
2021,4,reactions,반응 속도,3,반응 속도 +3
2022,1,overall,전체 능력치,1,전체 능력치 +1
2022,2,overall,전체 능력치,3,전체 능력치 +3
2022,3,balance,밸런스,1,밸런스 +1
2022,3,headingaccuracy,헤더,2,헤더 +2
2022,3,overall,전체 능력치,3,전체 능력치 +3
2022,4,balance,밸런스,3,밸런스 +3
2022,4,headingaccuracy,헤더,3,헤더 +3
2022,4,overall,전체 능력치,4,전체 능력치 +4
2023,1,overall,전체 능력치,1,전체 능력치 +1
2023,2,overall,전체 능력치,3,전체 능력치 +3
2023,3,marking,대인 수비,2,대인 수비 +2
2023,3,overall,전체 능력치,3,전체 능력치 +3
2023,3,stamina,스태미너,1,스태미너 +1
2023,4,marking,대인 수비,3,대인 수비 +3
2023,4,overall,전체 능력치,4,전체 능력치 +4
2023,4,stamina,스태미너,3,스태미너 +3
2024,1,overall,전체 능력치,1,전체 능력치 +1
2024,2,overall,전체 능력치,3,전체 능력치 +3
2024,3,aggression,적극성,1,적극성 +1
2024,3,overall,전체 능력치,3,전체 능력치 +3
2024,3,stamina,스태미너,2,스태미너 +2
2024,4,aggression,적극성,3,적극성 +3
2024,4,overall,전체 능력치,4,전체 능력치 +4
2024,4,stamina,스태미너,3,스태미너 +3
2025,1,overall,전체 능력치,1,전체 능력치 +1
2025,2,overall,전체 능력치,3,전체 능력치 +3
2025,3,agility,민첩성,2,민첩성 +2
2025,3,overall,전체 능력치,3,전체 능력치 +3
2025,3,stamina,스태미너,1,스태미너 +1
2025,4,agility,민첩성,3,민첩성 +3
2025,4,overall,전체 능력치,4,전체 능력치 +4
2025,4,stamina,스태미너,3,스태미너 +3
2028,1,overall,전체 능력치,1,전체 능력치 +1
2028,2,overall,전체 능력치,3,전체 능력치 +3
2028,3,jumping,점프,1,점프 +1
2028,3,overall,전체 능력치,3,전체 능력치 +3
2028,3,strength,몸싸움,2,몸싸움 +2
2028,4,jumping,점프,3,점프 +3
2028,4,overall,전체 능력치,4,전체 능력치 +4
2028,4,strength,몸싸움,3,몸싸움 +3
2029,1,overall,전체 능력치,1,전체 능력치 +1
2029,2,overall,전체 능력치,3,전체 능력치 +3
2029,3,ballcontrol,볼 컨트롤,2,볼 컨트롤 +2
2029,3,overall,전체 능력치,3,전체 능력치 +3
2029,3,sprintspeed,속력,1,속력 +1
2029,4,ballcontrol,볼 컨트롤,3,볼 컨트롤 +3
2029,4,overall,전체 능력치,4,전체 능력치 +4
2029,4,sprintspeed,속력,3,속력 +3
2030,1,overall,전체 능력치,1,전체 능력치 +1
2030,2,overall,전체 능력치,3,전체 능력치 +3
2030,3,ballcontrol,볼 컨트롤,2,볼 컨트롤 +2
2030,3,longpassing,긴 패스,1,긴 패스 +1
2030,3,overall,전체 능력치,3,전체 능력치 +3
2030,4,ballcontrol,볼 컨트롤,3,볼 컨트롤 +3
2030,4,longpassing,긴 패스,3,긴 패스 +3
2030,4,overall,전체 능력치,4,전체 능력치 +4
2031,1,overall,전체 능력치,1,전체 능력치 +1
2031,2,overall,전체 능력치,3,전체 능력치 +3
2031,3,balance,밸런스,1,밸런스 +1
2031,3,overall,전체 능력치,3,전체 능력치 +3
2031,3,sprintspeed,속력,2,속력 +2
2031,4,balance,밸런스,3,밸런스 +3
2031,4,overall,전체 능력치,4,전체 능력치 +4
2031,4,sprintspeed,속력,3,속력 +3
2032,1,overall,전체 능력치,1,전체 능력치 +1
2032,2,overall,전체 능력치,3,전체 능력치 +3
2032,3,acceleration,가속력,2,가속력 +2
2032,3,interceptions,가로채기,1,가로채기 +1
2032,3,overall,전체 능력치,3,전체 능력치 +3
2032,4,acceleration,가속력,3,가속력 +3
2032,4,interceptions,가로채기,3,가로채기 +3
2032,4,overall,전체 능력치,4,전체 능력치 +4
2033,1,overall,전체 능력치,1,전체 능력치 +1
2033,2,overall,전체 능력치,3,전체 능력치 +3
2033,3,aggression,적극성,1,적극성 +1
2033,3,curve,커브,2,커브 +2
2033,3,overall,전체 능력치,3,전체 능력치 +3
2033,4,aggression,적극성,3,적극성 +3
2033,4,curve,커브,3,커브 +3
2033,4,overall,전체 능력치,4,전체 능력치 +4
2034,1,overall,전체 능력치,1,전체 능력치 +1
2034,2,overall,전체 능력치,3,전체 능력치 +3
2034,3,overall,전체 능력치,3,전체 능력치 +3
2034,3,positioning,위치 선정,1,위치 선정 +1
2034,3,reactions,반응 속도,2,반응 속도 +2
2034,4,overall,전체 능력치,4,전체 능력치 +4
2034,4,positioning,위치 선정,3,위치 선정 +3
2034,4,reactions,반응 속도,3,반응 속도 +3
2035,1,overall,전체 능력치,1,전체 능력치 +1
2035,2,overall,전체 능력치,3,전체 능력치 +3
2035,3,aggression,적극성,1,적극성 +1
2035,3,headingaccuracy,헤더,2,헤더 +2
2035,3,overall,전체 능력치,3,전체 능력치 +3
2035,4,aggression,적극성,3,적극성 +3
2035,4,headingaccuracy,헤더,3,헤더 +3
2035,4,overall,전체 능력치,4,전체 능력치 +4
2036,1,overall,전체 능력치,1,전체 능력치 +1
2036,2,overall,전체 능력치,3,전체 능력치 +3
2036,3,longshots,중거리 슛,1,중거리 슛 +1
2036,3,overall,전체 능력치,3,전체 능력치 +3
2036,3,vision,시야,2,시야 +2
2036,4,longshots,중거리 슛,3,중거리 슛 +3
2036,4,overall,전체 능력치,4,전체 능력치 +4
2036,4,vision,시야,3,시야 +3
2037,1,overall,전체 능력치,1,전체 능력치 +1
2037,2,overall,전체 능력치,3,전체 능력치 +3
2037,3,overall,전체 능력치,3,전체 능력치 +3
2037,3,reactions,반응 속도,1,반응 속도 +1
2037,3,stamina,스태미너,2,스태미너 +2
2037,4,overall,전체 능력치,4,전체 능력치 +4
2037,4,reactions,반응 속도,3,반응 속도 +3
2037,4,stamina,스태미너,3,스태미너 +3
2038,1,overall,전체 능력치,1,전체 능력치 +1
2038,2,overall,전체 능력치,3,전체 능력치 +3
2038,3,marking,대인 수비,1,대인 수비 +1
2038,3,overall,전체 능력치,3,전체 능력치 +3
2038,3,reactions,반응 속도,2,반응 속도 +2
2038,4,marking,대인 수비,3,대인 수비 +3
2038,4,overall,전체 능력치,4,전체 능력치 +4
2038,4,reactions,반응 속도,3,반응 속도 +3
2039,1,overall,전체 능력치,1,전체 능력치 +1
2039,2,overall,전체 능력치,3,전체 능력치 +3
2039,3,interceptions,가로채기,2,가로채기 +2
2039,3,overall,전체 능력치,3,전체 능력치 +3
2039,3,stamina,스태미너,1,스태미너 +1
2039,4,interceptions,가로채기,3,가로채기 +3
2039,4,overall,전체 능력치,4,전체 능력치 +4
2039,4,stamina,스태미너,3,스태미너 +3
2040,1,overall,전체 능력치,1,전체 능력치 +1
2040,2,overall,전체 능력치,3,전체 능력치 +3
2040,3,longpassing,긴 패스,1,긴 패스 +1
2040,3,overall,전체 능력치,3,전체 능력치 +3
2040,3,positioning,위치 선정,2,위치 선정 +2
2040,4,longpassing,긴 패스,3,긴 패스 +3
2040,4,overall,전체 능력치,4,전체 능력치 +4
2040,4,positioning,위치 선정,3,위치 선정 +3
2041,1,overall,전체 능력치,1,전체 능력치 +1
2041,2,overall,전체 능력치,3,전체 능력치 +3
2041,3,headingaccuracy,헤더,1,헤더 +1
2041,3,overall,전체 능력치,3,전체 능력치 +3
2041,3,positioning,위치 선정,2,위치 선정 +2
2041,4,headingaccuracy,헤더,3,헤더 +3
2041,4,overall,전체 능력치,4,전체 능력치 +4
2041,4,positioning,위치 선정,3,위치 선정 +3
2042,1,overall,전체 능력치,1,전체 능력치 +1
2042,2,overall,전체 능력치,3,전체 능력치 +3
2042,3,crossing,크로스,1,크로스 +1
2042,3,overall,전체 능력치,3,전체 능력치 +3
2042,3,stamina,스태미너,2,스태미너 +2
2042,4,crossing,크로스,3,크로스 +3
2042,4,overall,전체 능력치,4,전체 능력치 +4
2042,4,stamina,스태미너,3,스태미너 +3
2043,1,overall,전체 능력치,1,전체 능력치 +1
2043,2,overall,전체 능력치,3,전체 능력치 +3
2043,3,agility,민첩성,2,민첩성 +2
2043,3,overall,전체 능력치,3,전체 능력치 +3
2043,3,reactions,반응 속도,1,반응 속도 +1
2043,4,agility,민첩성,3,민첩성 +3
2043,4,overall,전체 능력치,4,전체 능력치 +4
2043,4,reactions,반응 속도,3,반응 속도 +3
2044,1,overall,전체 능력치,1,전체 능력치 +1
2044,2,overall,전체 능력치,3,전체 능력치 +3
2044,3,longpassing,긴 패스,2,긴 패스 +2
2044,3,overall,전체 능력치,3,전체 능력치 +3
2044,3,strength,몸싸움,1,몸싸움 +1
2044,4,longpassing,긴 패스,3,긴 패스 +3
2044,4,overall,전체 능력치,4,전체 능력치 +4
2044,4,strength,몸싸움,3,몸싸움 +3
2045,1,overall,전체 능력치,1,전체 능력치 +1
2045,2,overall,전체 능력치,3,전체 능력치 +3
2045,3,acceleration,가속력,1,가속력 +1
2045,3,finishing,골 결정력,2,골 결정력 +2
2045,3,overall,전체 능력치,3,전체 능력치 +3
2045,4,acceleration,가속력,3,가속력 +3
2045,4,finishing,골 결정력,3,골 결정력 +3
2045,4,overall,전체 능력치,4,전체 능력치 +4
2046,1,overall,전체 능력치,1,전체 능력치 +1
2046,2,overall,전체 능력치,3,전체 능력치 +3
2046,3,dribbling,드리블,2,드리블 +2
2046,3,overall,전체 능력치,3,전체 능력치 +3
2046,3,shortpassing,짧은 패스,1,짧은 패스 +1
2046,4,dribbling,드리블,3,드리블 +3
2046,4,overall,전체 능력치,4,전체 능력치 +4
2046,4,shortpassing,짧은 패스,3,짧은 패스 +3
2047,1,overall,전체 능력치,1,전체 능력치 +1
2047,2,overall,전체 능력치,3,전체 능력치 +3
2047,3,aggression,적극성,1,적극성 +1
2047,3,overall,전체 능력치,3,전체 능력치 +3
2047,3,shortpassing,짧은 패스,2,짧은 패스 +2
2047,4,aggression,적극성,3,적극성 +3
2047,4,overall,전체 능력치,4,전체 능력치 +4
2047,4,shortpassing,짧은 패스,3,짧은 패스 +3
2048,1,overall,전체 능력치,1,전체 능력치 +1
2048,2,overall,전체 능력치,3,전체 능력치 +3
2048,3,ballcontrol,볼 컨트롤,2,볼 컨트롤 +2
2048,3,overall,전체 능력치,3,전체 능력치 +3
2048,3,shortpassing,짧은 패스,1,짧은 패스 +1
2048,4,ballcontrol,볼 컨트롤,3,볼 컨트롤 +3
2048,4,overall,전체 능력치,4,전체 능력치 +4
2048,4,shortpassing,짧은 패스,3,짧은 패스 +3
2049,1,overall,전체 능력치,1,전체 능력치 +1
2049,2,overall,전체 능력치,3,전체 능력치 +3
2049,3,overall,전체 능력치,3,전체 능력치 +3
2049,3,shotpower,슛 파워,2,슛 파워 +2
2049,3,standingtackle,태클,1,태클 +1
2049,4,overall,전체 능력치,4,전체 능력치 +4
2049,4,shotpower,슛 파워,3,슛 파워 +3
2049,4,standingtackle,태클,3,태클 +3
2050,1,overall,전체 능력치,1,전체 능력치 +1
2050,2,overall,전체 능력치,3,전체 능력치 +3
2050,3,dribbling,드리블,1,드리블 +1
2050,3,overall,전체 능력치,3,전체 능력치 +3
2050,3,vision,시야,2,시야 +2
2050,4,dribbling,드리블,3,드리블 +3
2050,4,overall,전체 능력치,4,전체 능력치 +4
2050,4,vision,시야,3,시야 +3
2051,1,overall,전체 능력치,1,전체 능력치 +1
2051,2,overall,전체 능력치,3,전체 능력치 +3
2051,3,finishing,골 결정력,1,골 결정력 +1
2051,3,marking,대인 수비,2,대인 수비 +2
2051,3,overall,전체 능력치,3,전체 능력치 +3
2051,4,finishing,골 결정력,3,골 결정력 +3
2051,4,marking,대인 수비,3,대인 수비 +3
2051,4,overall,전체 능력치,4,전체 능력치 +4
2052,1,overall,전체 능력치,1,전체 능력치 +1
2052,2,overall,전체 능력치,3,전체 능력치 +3
2052,3,overall,전체 능력치,3,전체 능력치 +3
2052,3,slidingtackle,슬라이딩 태클,2,슬라이딩 태클 +2
2052,3,standingtackle,태클,1,태클 +1
2052,4,overall,전체 능력치,4,전체 능력치 +4
2052,4,slidingtackle,슬라이딩 태클,3,슬라이딩 태클 +3
2052,4,standingtackle,태클,3,태클 +3
2053,1,overall,전체 능력치,1,전체 능력치 +1
2053,2,overall,전체 능력치,3,전체 능력치 +3
2053,3,composure,침착성,2,침착성 +2
2053,3,curve,커브,1,커브 +1
2053,3,overall,전체 능력치,3,전체 능력치 +3
2053,4,composure,침착성,3,침착성 +3
2053,4,curve,커브,3,커브 +3
2053,4,overall,전체 능력치,4,전체 능력치 +4
2054,1,overall,전체 능력치,1,전체 능력치 +1
2054,2,overall,전체 능력치,3,전체 능력치 +3
2054,3,composure,침착성,2,침착성 +2
2054,3,overall,전체 능력치,3,전체 능력치 +3
2054,3,stamina,스태미너,1,스태미너 +1
2054,4,composure,침착성,3,침착성 +3
2054,4,overall,전체 능력치,4,전체 능력치 +4
2054,4,stamina,스태미너,3,스태미너 +3
2055,1,overall,전체 능력치,1,전체 능력치 +1
2055,2,overall,전체 능력치,3,전체 능력치 +3
2055,3,crossing,크로스,1,크로스 +1
2055,3,overall,전체 능력치,3,전체 능력치 +3
2055,3,slidingtackle,슬라이딩 태클,2,슬라이딩 태클 +2
2055,4,crossing,크로스,3,크로스 +3
2055,4,overall,전체 능력치,4,전체 능력치 +4
2055,4,slidingtackle,슬라이딩 태클,3,슬라이딩 태클 +3
2056,1,overall,전체 능력치,1,전체 능력치 +1
2056,2,overall,전체 능력치,3,전체 능력치 +3
2056,3,composure,침착성,1,침착성 +1
2056,3,finishing,골 결정력,2,골 결정력 +2
2056,3,overall,전체 능력치,3,전체 능력치 +3
2056,4,composure,침착성,3,침착성 +3
2056,4,finishing,골 결정력,3,골 결정력 +3
2056,4,overall,전체 능력치,4,전체 능력치 +4
2057,1,overall,전체 능력치,1,전체 능력치 +1
2057,2,overall,전체 능력치,3,전체 능력치 +3
2057,3,aggression,적극성,2,적극성 +2
2057,3,longpassing,긴 패스,1,긴 패스 +1
2057,3,overall,전체 능력치,3,전체 능력치 +3
2057,4,aggression,적극성,3,적극성 +3
2057,4,longpassing,긴 패스,3,긴 패스 +3
2057,4,overall,전체 능력치,4,전체 능력치 +4
2058,1,overall,전체 능력치,1,전체 능력치 +1
2058,2,overall,전체 능력치,3,전체 능력치 +3
2058,3,finishing,골 결정력,2,골 결정력 +2
2058,3,overall,전체 능력치,3,전체 능력치 +3
2058,3,vision,시야,1,시야 +1
2058,4,finishing,골 결정력,3,골 결정력 +3
2058,4,overall,전체 능력치,4,전체 능력치 +4
2058,4,vision,시야,3,시야 +3
2059,1,overall,전체 능력치,1,전체 능력치 +1
2059,2,overall,전체 능력치,3,전체 능력치 +3
2059,3,longshots,중거리 슛,2,중거리 슛 +2
2059,3,overall,전체 능력치,3,전체 능력치 +3
2059,3,stamina,스태미너,1,스태미너 +1
2059,4,longshots,중거리 슛,3,중거리 슛 +3
2059,4,overall,전체 능력치,4,전체 능력치 +4
2059,4,stamina,스태미너,3,스태미너 +3
10001,1,overall,전체 능력치,3,전체 능력치 +3
10001,2,overall,전체 능력치,4,전체 능력치 +4
10002,1,overall,전체 능력치,1,전체 능력치 +1
10002,2,overall,전체 능력치,3,전체 능력치 +3
10003,1,overall,전체 능력치,1,전체 능력치 +1
10004,1,overall,전체 능력치,4,전체 능력치 +4
10004,2,overall,전체 능력치,5,전체 능력치 +5
10005,1,overall,전체 능력치,50,전체 능력치 +50
20001,1,acceleration,가속력,1,가속력 +1
20001,1,curve,커브,2,커브 +2
20001,1,dribbling,드리블,2,드리블 +2
20002,1,balance,밸런스,2,밸런스 +2
20002,1,ballcontrol,볼 컨트롤,3,볼 컨트롤 +3
20003,1,balance,밸런스,2,밸런스 +2
20003,1,shortpassing,짧은 패스,3,짧은 패스 +3
20004,1,finishing,골 결정력,2,골 결정력 +2
20004,1,longshots,중거리 슛,3,중거리 슛 +3
20005,1,ballcontrol,볼 컨트롤,1,볼 컨트롤 +1
20005,1,finishing,골 결정력,2,골 결정력 +2
20005,1,shortpassing,짧은 패스,2,짧은 패스 +2
20006,1,ballcontrol,볼 컨트롤,2,볼 컨트롤 +2
20006,1,headingaccuracy,헤더,2,헤더 +2
20006,1,shortpassing,짧은 패스,1,짧은 패스 +1
20007,1,dribbling,드리블,2,드리블 +2
20007,1,finishing,골 결정력,2,골 결정력 +2
20007,1,sprintspeed,속력,1,속력 +1
20008,1,dribbling,드리블,1,드리블 +1
20008,1,shotpower,슛 파워,2,슛 파워 +2
20008,1,stamina,스태미너,2,스태미너 +2
20009,1,aggression,적극성,1,적극성 +1
20009,1,stamina,스태미너,2,스태미너 +2
20009,1,strength,몸싸움,2,몸싸움 +2
20010,1,longpassing,긴 패스,2,긴 패스 +2
20010,1,longshots,중거리 슛,2,중거리 슛 +2
20010,1,sprintspeed,속력,1,속력 +1
20011,1,finishing,골 결정력,2,골 결정력 +2
20011,1,shortpassing,짧은 패스,2,짧은 패스 +2
20011,1,strength,몸싸움,1,몸싸움 +1
20012,1,acceleration,가속력,2,가속력 +2
20012,1,interceptions,가로채기,1,가로채기 +1
20012,1,marking,대인 수비,2,대인 수비 +2
20013,1,ballcontrol,볼 컨트롤,2,볼 컨트롤 +2
20013,1,longpassing,긴 패스,2,긴 패스 +2
20013,1,shortpassing,짧은 패스,1,짧은 패스 +1
30002,1,shortpassing,짧은 패스,2,짧은 패스 +2
30002,1,stamina,스태미너,2,스태미너 +2
30002,1,vision,시야,1,시야 +1
30003,1,crossing,크로스,2,크로스 +2
30003,1,curve,커브,1,커브 +1
30003,1,reactions,반응 속도,2,반응 속도 +2
30004,1,balance,밸런스,2,밸런스 +2
30004,1,ballcontrol,볼 컨트롤,2,볼 컨트롤 +2
30004,1,marking,대인 수비,1,대인 수비 +1
30005,1,finishing,골 결정력,2,골 결정력 +2
30005,1,headingaccuracy,헤더,1,헤더 +1
30005,1,marking,대인 수비,2,대인 수비 +2
30007,1,finishing,골 결정력,3,골 결정력 +3
30007,1,shotpower,슛 파워,2,슛 파워 +2
30008,1,balance,밸런스,2,밸런스 +2
30008,1,crossing,크로스,1,크로스 +1
30008,1,shortpassing,짧은 패스,2,짧은 패스 +2
30009,1,dribbling,드리블,2,드리블 +2
30009,1,longshots,중거리 슛,1,중거리 슛 +1
30009,1,reactions,반응 속도,2,반응 속도 +2
30010,1,acceleration,가속력,2,가속력 +2
30010,1,crossing,크로스,1,크로스 +1
30010,1,finishing,골 결정력,2,골 결정력 +2
30011,1,composure,침착성,3,침착성 +3
30011,1,longshots,중거리 슛,2,중거리 슛 +2
30012,1,dribbling,드리블,3,드리블 +3
30012,1,freekickaccuracy,프리킥,3,프리킥 +3
30012,1,shotpower,슛 파워,3,슛 파워 +3
30013,1,gkpositioning,GK 위치 선정,1,GK 위치 선정 +1
30013,1,gkreflexes,GK 반응속도,2,GK 반응속도 +2
30013,1,stamina,스태미너,2,스태미너 +2
30014,1,agility,민첩성,1,민첩성 +1
30014,1,balance,밸런스,2,밸런스 +2
30014,1,sprintspeed,속력,2,속력 +2
30017,1,overall,전체 능력치,1,전체 능력치 +1
30017,2,overall,전체 능력치,2,전체 능력치 +2
30017,3,aggression,적극성,1,적극성 +1
30017,3,overall,전체 능력치,3,전체 능력치 +3
30017,3,stamina,스태미너,2,스태미너 +2
30018,1,overall,전체 능력치,1,전체 능력치 +1
30018,2,overall,전체 능력치,2,전체 능력치 +2
30018,3,agility,민첩성,2,민첩성 +2
30018,3,overall,전체 능력치,3,전체 능력치 +3
30018,3,stamina,스태미너,1,스태미너 +1
40000,1,longpassing,긴 패스,1,긴 패스 +1
40000,1,positioning,위치 선정,1,위치 선정 +1
40001,1,agility,민첩성,1,민첩성 +1
40001,1,dribbling,드리블,1,드리블 +1
40002,1,acceleration,가속력,1,가속력 +1
40002,1,reactions,반응 속도,1,반응 속도 +1
40003,1,ballcontrol,볼 컨트롤,1,볼 컨트롤 +1
40003,1,finishing,골 결정력,1,골 결정력 +1
40004,1,marking,대인 수비,1,대인 수비 +1
40004,1,standingtackle,태클,1,태클 +1
40005,1,headingaccuracy,헤더,1,헤더 +1
40005,1,strength,몸싸움,1,몸싸움 +1
40006,1,balance,밸런스,1,밸런스 +1
40006,1,standingtackle,태클,1,태클 +1
40007,1,aggression,적극성,1,적극성 +1
40007,1,slidingtackle,슬라이딩 태클,1,슬라이딩 태클 +1
40008,1,acceleration,가속력,1,가속력 +1
40008,1,finishing,골 결정력,1,골 결정력 +1
40009,1,aggression,적극성,1,적극성 +1
40009,1,strength,몸싸움,1,몸싸움 +1
40010,1,finishing,골 결정력,1,골 결정력 +1
40010,1,positioning,위치 선정,1,위치 선정 +1
40011,1,finishing,골 결정력,1,골 결정력 +1
40011,1,sprintspeed,속력,1,속력 +1
40012,1,reactions,반응 속도,1,반응 속도 +1
40012,1,shortpassing,짧은 패스,1,짧은 패스 +1
40013,1,dribbling,드리블,1,드리블 +1
40013,1,reactions,반응 속도,1,반응 속도 +1
40014,1,longshots,중거리 슛,1,중거리 슛 +1
40014,1,volleys,발리 슛,1,발리 슛 +1
40015,1,headingaccuracy,헤더,2,헤더 +2
40015,1,volleys,발리 슛,1,발리 슛 +1
40016,1,dribbling,드리블,1,드리블 +1
40016,1,finishing,골 결정력,2,골 결정력 +2
40017,1,finishing,골 결정력,1,골 결정력 +1
40017,1,sprintspeed,속력,2,속력 +2
40018,1,dribbling,드리블,2,드리블 +2
40018,1,shotpower,슛 파워,1,슛 파워 +1
40019,1,aggression,적극성,2,적극성 +2
40019,1,marking,대인 수비,1,대인 수비 +1
40020,1,balance,밸런스,2,밸런스 +2
40020,1,sprintspeed,속력,3,속력 +3
40021,1,balance,밸런스,1,밸런스 +1
40021,1,longpassing,긴 패스,2,긴 패스 +2
40022,1,acceleration,가속력,2,가속력 +2
40022,1,reactions,반응 속도,3,반응 속도 +3
40023,1,dribbling,드리블,2,드리블 +2
40023,1,finishing,골 결정력,1,골 결정력 +1
40024,1,balance,밸런스,1,밸런스 +1
40024,1,longshots,중거리 슛,2,중거리 슛 +2
40025,1,acceleration,가속력,1,가속력 +1
40025,1,agility,민첩성,1,민첩성 +1
40025,1,finishing,골 결정력,1,골 결정력 +1
40026,1,finishing,골 결정력,1,골 결정력 +1
40026,1,sprintspeed,속력,2,속력 +2
40027,1,balance,밸런스,1,밸런스 +1
40027,1,longpassing,긴 패스,1,긴 패스 +1
40027,1,longshots,중거리 슛,1,중거리 슛 +1
40028,1,ballcontrol,볼 컨트롤,1,볼 컨트롤 +1
40028,1,shortpassing,짧은 패스,1,짧은 패스 +1
40029,1,headingaccuracy,헤더,2,헤더 +2
40029,1,strength,몸싸움,1,몸싸움 +1
40030,1,positioning,위치 선정,1,위치 선정 +1
40030,1,stamina,스태미너,2,스태미너 +2
40031,1,interceptions,가로채기,2,가로채기 +2
40031,1,sprintspeed,속력,1,속력 +1
40032,1,longpassing,긴 패스,2,긴 패스 +2
40032,1,sprintspeed,속력,1,속력 +1
40032,1,standingtackle,태클,2,태클 +2
40033,1,acceleration,가속력,2,가속력 +2
40033,1,vision,시야,1,시야 +1
40034,1,agility,민첩성,2,민첩성 +2
40034,1,balance,밸런스,1,밸런스 +1
40054,1,overall,전체 능력치,1,전체 능력치 +1
40054,2,overall,전체 능력치,3,전체 능력치 +3
40054,3,crossing,크로스,2,크로스 +2
40054,3,dribbling,드리블,1,드리블 +1
40054,3,overall,전체 능력치,3,전체 능력치 +3
40054,4,crossing,크로스,3,크로스 +3
40054,4,dribbling,드리블,3,드리블 +3
40054,4,overall,전체 능력치,4,전체 능력치 +4
40055,1,overall,전체 능력치,1,전체 능력치 +1
40055,2,overall,전체 능력치,3,전체 능력치 +3
40055,3,ballcontrol,볼 컨트롤,2,볼 컨트롤 +2
40055,3,overall,전체 능력치,3,전체 능력치 +3
40055,3,sprintspeed,속력,1,속력 +1
40055,4,ballcontrol,볼 컨트롤,3,볼 컨트롤 +3
40055,4,overall,전체 능력치,4,전체 능력치 +4
40055,4,sprintspeed,속력,3,속력 +3
40056,1,overall,전체 능력치,1,전체 능력치 +1
40056,2,overall,전체 능력치,3,전체 능력치 +3
40056,3,overall,전체 능력치,3,전체 능력치 +3
40056,3,positioning,위치 선정,1,위치 선정 +1
40056,3,stamina,스태미너,2,스태미너 +2
40056,4,overall,전체 능력치,4,전체 능력치 +4
40056,4,positioning,위치 선정,3,위치 선정 +3
40056,4,stamina,스태미너,3,스태미너 +3
40057,1,overall,전체 능력치,1,전체 능력치 +1
40057,2,overall,전체 능력치,3,전체 능력치 +3
40057,3,headingaccuracy,헤더,1,헤더 +1
40057,3,overall,전체 능력치,3,전체 능력치 +3
40057,3,stamina,스태미너,2,스태미너 +2
40057,4,headingaccuracy,헤더,3,헤더 +3
40057,4,overall,전체 능력치,4,전체 능력치 +4
40057,4,stamina,스태미너,3,스태미너 +3
40058,1,overall,전체 능력치,1,전체 능력치 +1
40058,2,overall,전체 능력치,3,전체 능력치 +3
40058,3,agility,민첩성,1,민첩성 +1
40058,3,marking,대인 수비,2,대인 수비 +2
40058,3,overall,전체 능력치,3,전체 능력치 +3
40058,4,agility,민첩성,3,민첩성 +3
40058,4,marking,대인 수비,3,대인 수비 +3
40058,4,overall,전체 능력치,4,전체 능력치 +4
40059,1,overall,전체 능력치,1,전체 능력치 +1
40059,2,overall,전체 능력치,3,전체 능력치 +3
40059,3,acceleration,가속력,2,가속력 +2
40059,3,longpassing,긴 패스,1,긴 패스 +1
40059,3,overall,전체 능력치,3,전체 능력치 +3
40059,4,acceleration,가속력,3,가속력 +3
40059,4,longpassing,긴 패스,3,긴 패스 +3
40059,4,overall,전체 능력치,4,전체 능력치 +4
40060,1,overall,전체 능력치,1,전체 능력치 +1
40060,2,overall,전체 능력치,3,전체 능력치 +3
40060,3,finishing,골 결정력,1,골 결정력 +1
40060,3,overall,전체 능력치,3,전체 능력치 +3
40060,3,shortpassing,짧은 패스,2,짧은 패스 +2
40060,4,finishing,골 결정력,3,골 결정력 +3
40060,4,overall,전체 능력치,4,전체 능력치 +4
40060,4,shortpassing,짧은 패스,3,짧은 패스 +3
40061,1,overall,전체 능력치,1,전체 능력치 +1
40061,2,overall,전체 능력치,3,전체 능력치 +3
40061,3,aggression,적극성,1,적극성 +1
40061,3,longpassing,긴 패스,2,긴 패스 +2
40061,3,overall,전체 능력치,3,전체 능력치 +3
40061,4,aggression,적극성,3,적극성 +3
40061,4,longpassing,긴 패스,3,긴 패스 +3
40061,4,overall,전체 능력치,4,전체 능력치 +4
40062,1,overall,전체 능력치,1,전체 능력치 +1
40062,2,overall,전체 능력치,3,전체 능력치 +3
40062,3,dribbling,드리블,2,드리블 +2
40062,3,overall,전체 능력치,3,전체 능력치 +3
40062,3,shortpassing,짧은 패스,1,짧은 패스 +1
40062,4,dribbling,드리블,3,드리블 +3
40062,4,overall,전체 능력치,4,전체 능력치 +4
40062,4,shortpassing,짧은 패스,3,짧은 패스 +3
40063,1,overall,전체 능력치,1,전체 능력치 +1
40063,2,overall,전체 능력치,3,전체 능력치 +3
40063,3,crossing,크로스,2,크로스 +2
40063,3,marking,대인 수비,1,대인 수비 +1
40063,3,overall,전체 능력치,3,전체 능력치 +3
40063,4,crossing,크로스,3,크로스 +3
40063,4,marking,대인 수비,3,대인 수비 +3
40063,4,overall,전체 능력치,4,전체 능력치 +4
40064,1,overall,전체 능력치,1,전체 능력치 +1
40064,2,overall,전체 능력치,3,전체 능력치 +3
40064,3,interceptions,가로채기,2,가로채기 +2
40064,3,overall,전체 능력치,3,전체 능력치 +3
40064,3,stamina,스태미너,1,스태미너 +1
40064,4,interceptions,가로채기,3,가로채기 +3
40064,4,overall,전체 능력치,4,전체 능력치 +4
40064,4,stamina,스태미너,3,스태미너 +3
40065,1,overall,전체 능력치,1,전체 능력치 +1
40065,2,overall,전체 능력치,3,전체 능력치 +3
40065,3,acceleration,가속력,1,가속력 +1
40065,3,crossing,크로스,2,크로스 +2
40065,3,overall,전체 능력치,3,전체 능력치 +3
40065,4,acceleration,가속력,3,가속력 +3
40065,4,crossing,크로스,3,크로스 +3
40065,4,overall,전체 능력치,4,전체 능력치 +4
40066,1,overall,전체 능력치,1,전체 능력치 +1
40066,2,overall,전체 능력치,3,전체 능력치 +3
40066,3,overall,전체 능력치,3,전체 능력치 +3
40066,3,shortpassing,짧은 패스,2,짧은 패스 +2
40066,3,vision,시야,1,시야 +1
40066,4,overall,전체 능력치,4,전체 능력치 +4
40066,4,shortpassing,짧은 패스,3,짧은 패스 +3
40066,4,vision,시야,3,시야 +3
40067,1,overall,전체 능력치,1,전체 능력치 +1
40067,2,overall,전체 능력치,3,전체 능력치 +3
40067,3,finishing,골 결정력,1,골 결정력 +1
40067,3,longpassing,긴 패스,2,긴 패스 +2
40067,3,overall,전체 능력치,3,전체 능력치 +3
40067,4,finishing,골 결정력,3,골 결정력 +3
40067,4,longpassing,긴 패스,3,긴 패스 +3
40067,4,overall,전체 능력치,4,전체 능력치 +4
40068,1,overall,전체 능력치,1,전체 능력치 +1
40068,2,overall,전체 능력치,3,전체 능력치 +3
40068,3,composure,침착성,1,침착성 +1
40068,3,dribbling,드리블,2,드리블 +2
40068,3,overall,전체 능력치,3,전체 능력치 +3
40068,4,composure,침착성,3,침착성 +3
40068,4,dribbling,드리블,3,드리블 +3
40068,4,overall,전체 능력치,4,전체 능력치 +4
40069,1,overall,전체 능력치,1,전체 능력치 +1
40069,2,overall,전체 능력치,3,전체 능력치 +3
40069,3,marking,대인 수비,1,대인 수비 +1
40069,3,overall,전체 능력치,3,전체 능력치 +3
40069,3,reactions,반응 속도,2,반응 속도 +2
40069,4,marking,대인 수비,3,대인 수비 +3
40069,4,overall,전체 능력치,4,전체 능력치 +4
40069,4,reactions,반응 속도,3,반응 속도 +3
40070,1,overall,전체 능력치,1,전체 능력치 +1
40070,2,overall,전체 능력치,3,전체 능력치 +3
40070,3,finishing,골 결정력,1,골 결정력 +1
40070,3,overall,전체 능력치,3,전체 능력치 +3
40070,3,sprintspeed,속력,2,속력 +2
40070,4,finishing,골 결정력,3,골 결정력 +3
40070,4,overall,전체 능력치,4,전체 능력치 +4
40070,4,sprintspeed,속력,3,속력 +3
40071,1,overall,전체 능력치,1,전체 능력치 +1
40071,2,overall,전체 능력치,3,전체 능력치 +3
40071,3,aggression,적극성,2,적극성 +2
40071,3,marking,대인 수비,1,대인 수비 +1
40071,3,overall,전체 능력치,3,전체 능력치 +3
40071,4,aggression,적극성,3,적극성 +3
40071,4,marking,대인 수비,3,대인 수비 +3
40071,4,overall,전체 능력치,4,전체 능력치 +4
40072,1,overall,전체 능력치,1,전체 능력치 +1
40072,2,overall,전체 능력치,3,전체 능력치 +3
40072,3,headingaccuracy,헤더,1,헤더 +1
40072,3,overall,전체 능력치,3,전체 능력치 +3
40072,3,positioning,위치 선정,2,위치 선정 +2
40072,4,headingaccuracy,헤더,3,헤더 +3
40072,4,overall,전체 능력치,4,전체 능력치 +4
40072,4,positioning,위치 선정,3,위치 선정 +3
40073,1,overall,전체 능력치,1,전체 능력치 +1
40073,2,overall,전체 능력치,3,전체 능력치 +3
40073,3,aggression,적극성,2,적극성 +2
40073,3,overall,전체 능력치,3,전체 능력치 +3
40073,3,stamina,스태미너,1,스태미너 +1
40073,4,aggression,적극성,3,적극성 +3
40073,4,overall,전체 능력치,4,전체 능력치 +4
40073,4,stamina,스태미너,3,스태미너 +3
40074,1,overall,전체 능력치,1,전체 능력치 +1
40074,2,overall,전체 능력치,3,전체 능력치 +3
40074,3,interceptions,가로채기,2,가로채기 +2
40074,3,marking,대인 수비,1,대인 수비 +1
40074,3,overall,전체 능력치,3,전체 능력치 +3
40074,4,interceptions,가로채기,3,가로채기 +3
40074,4,marking,대인 수비,3,대인 수비 +3
40074,4,overall,전체 능력치,4,전체 능력치 +4
40075,1,overall,전체 능력치,1,전체 능력치 +1
40075,2,overall,전체 능력치,3,전체 능력치 +3
40075,3,jumping,점프,1,점프 +1
40075,3,longshots,중거리 슛,2,중거리 슛 +2
40075,3,overall,전체 능력치,3,전체 능력치 +3
40075,4,jumping,점프,3,점프 +3
40075,4,longshots,중거리 슛,3,중거리 슛 +3
40075,4,overall,전체 능력치,4,전체 능력치 +4
40076,1,overall,전체 능력치,1,전체 능력치 +1
40076,2,overall,전체 능력치,3,전체 능력치 +3
40076,3,overall,전체 능력치,3,전체 능력치 +3
40076,3,reactions,반응 속도,2,반응 속도 +2
40076,3,strength,몸싸움,1,몸싸움 +1
40076,4,overall,전체 능력치,4,전체 능력치 +4
40076,4,reactions,반응 속도,3,반응 속도 +3
40076,4,strength,몸싸움,3,몸싸움 +3
40077,1,overall,전체 능력치,1,전체 능력치 +1
40077,2,overall,전체 능력치,3,전체 능력치 +3
40077,3,jumping,점프,2,점프 +2
40077,3,longpassing,긴 패스,1,긴 패스 +1
40077,3,overall,전체 능력치,3,전체 능력치 +3
40077,4,jumping,점프,3,점프 +3
40077,4,longpassing,긴 패스,3,긴 패스 +3
40077,4,overall,전체 능력치,4,전체 능력치 +4
40078,1,overall,전체 능력치,1,전체 능력치 +1
40078,2,overall,전체 능력치,3,전체 능력치 +3
40078,3,longpassing,긴 패스,2,긴 패스 +2
40078,3,overall,전체 능력치,3,전체 능력치 +3
40078,3,sprintspeed,속력,1,속력 +1
40078,4,longpassing,긴 패스,3,긴 패스 +3
40078,4,overall,전체 능력치,4,전체 능력치 +4
40078,4,sprintspeed,속력,3,속력 +3
40079,1,overall,전체 능력치,1,전체 능력치 +1
40079,2,overall,전체 능력치,3,전체 능력치 +3
40079,3,marking,대인 수비,2,대인 수비 +2
40079,3,overall,전체 능력치,3,전체 능력치 +3
40079,3,stamina,스태미너,1,스태미너 +1
40079,4,marking,대인 수비,3,대인 수비 +3
40079,4,overall,전체 능력치,4,전체 능력치 +4
40079,4,stamina,스태미너,3,스태미너 +3
40080,1,overall,전체 능력치,1,전체 능력치 +1
40080,2,overall,전체 능력치,3,전체 능력치 +3
40080,3,longpassing,긴 패스,2,긴 패스 +2
40080,3,overall,전체 능력치,3,전체 능력치 +3
40080,3,slidingtackle,슬라이딩 태클,1,슬라이딩 태클 +1
40080,4,longpassing,긴 패스,3,긴 패스 +3
40080,4,overall,전체 능력치,4,전체 능력치 +4
40080,4,slidingtackle,슬라이딩 태클,3,슬라이딩 태클 +3
40081,1,overall,전체 능력치,1,전체 능력치 +1
40081,2,overall,전체 능력치,3,전체 능력치 +3
40081,3,finishing,골 결정력,1,골 결정력 +1
40081,3,interceptions,가로채기,2,가로채기 +2
40081,3,overall,전체 능력치,3,전체 능력치 +3
40081,4,finishing,골 결정력,3,골 결정력 +3
40081,4,interceptions,가로채기,3,가로채기 +3
40081,4,overall,전체 능력치,4,전체 능력치 +4
40082,1,overall,전체 능력치,1,전체 능력치 +1
40082,2,overall,전체 능력치,3,전체 능력치 +3
40082,3,crossing,크로스,2,크로스 +2
40082,3,jumping,점프,1,점프 +1
40082,3,overall,전체 능력치,3,전체 능력치 +3
40082,4,crossing,크로스,3,크로스 +3
40082,4,jumping,점프,3,점프 +3
40082,4,overall,전체 능력치,4,전체 능력치 +4
40083,1,overall,전체 능력치,1,전체 능력치 +1
40083,2,overall,전체 능력치,3,전체 능력치 +3
40083,3,dribbling,드리블,1,드리블 +1
40083,3,overall,전체 능력치,3,전체 능력치 +3
40083,3,sprintspeed,속력,2,속력 +2
40083,4,dribbling,드리블,3,드리블 +3
40083,4,overall,전체 능력치,4,전체 능력치 +4
40083,4,sprintspeed,속력,3,속력 +3
40084,1,overall,전체 능력치,1,전체 능력치 +1
40084,2,overall,전체 능력치,3,전체 능력치 +3
40084,3,jumping,점프,2,점프 +2
40084,3,overall,전체 능력치,3,전체 능력치 +3
40084,3,vision,시야,1,시야 +1
40084,4,jumping,점프,3,점프 +3
40084,4,overall,전체 능력치,4,전체 능력치 +4
40084,4,vision,시야,3,시야 +3
40085,1,overall,전체 능력치,1,전체 능력치 +1
40085,2,overall,전체 능력치,3,전체 능력치 +3
40085,3,acceleration,가속력,1,가속력 +1
40085,3,marking,대인 수비,2,대인 수비 +2
40085,3,overall,전체 능력치,3,전체 능력치 +3
40085,4,acceleration,가속력,3,가속력 +3
40085,4,marking,대인 수비,3,대인 수비 +3
40085,4,overall,전체 능력치,4,전체 능력치 +4
40086,1,overall,전체 능력치,1,전체 능력치 +1
40086,2,overall,전체 능력치,3,전체 능력치 +3
40086,3,interceptions,가로채기,1,가로채기 +1
40086,3,longpassing,긴 패스,2,긴 패스 +2
40086,3,overall,전체 능력치,3,전체 능력치 +3
40086,4,interceptions,가로채기,3,가로채기 +3
40086,4,longpassing,긴 패스,3,긴 패스 +3
40086,4,overall,전체 능력치,4,전체 능력치 +4
40087,1,overall,전체 능력치,1,전체 능력치 +1
40087,2,overall,전체 능력치,3,전체 능력치 +3
40087,3,acceleration,가속력,2,가속력 +2
40087,3,overall,전체 능력치,3,전체 능력치 +3
40087,3,stamina,스태미너,1,스태미너 +1
40087,4,acceleration,가속력,3,가속력 +3
40087,4,overall,전체 능력치,4,전체 능력치 +4
40087,4,stamina,스태미너,3,스태미너 +3
40088,1,overall,전체 능력치,1,전체 능력치 +1
40088,2,overall,전체 능력치,3,전체 능력치 +3
40088,3,longshots,중거리 슛,2,중거리 슛 +2
40088,3,overall,전체 능력치,3,전체 능력치 +3
40088,3,positioning,위치 선정,1,위치 선정 +1
40088,4,longshots,중거리 슛,3,중거리 슛 +3
40088,4,overall,전체 능력치,4,전체 능력치 +4
40088,4,positioning,위치 선정,3,위치 선정 +3
40089,1,overall,전체 능력치,1,전체 능력치 +1
40089,2,overall,전체 능력치,3,전체 능력치 +3
40089,3,longpassing,긴 패스,1,긴 패스 +1
40089,3,overall,전체 능력치,3,전체 능력치 +3
40089,3,stamina,스태미너,2,스태미너 +2
40089,4,longpassing,긴 패스,3,긴 패스 +3
40089,4,overall,전체 능력치,4,전체 능력치 +4
40089,4,stamina,스태미너,3,스태미너 +3
40090,1,overall,전체 능력치,1,전체 능력치 +1
40090,2,overall,전체 능력치,3,전체 능력치 +3
40090,3,interceptions,가로채기,2,가로채기 +2
40090,3,overall,전체 능력치,3,전체 능력치 +3
40090,3,positioning,위치 선정,1,위치 선정 +1
40090,4,interceptions,가로채기,3,가로채기 +3
40090,4,overall,전체 능력치,4,전체 능력치 +4
40090,4,positioning,위치 선정,3,위치 선정 +3
40091,1,overall,전체 능력치,1,전체 능력치 +1
40091,2,overall,전체 능력치,3,전체 능력치 +3
40091,3,aggression,적극성,2,적극성 +2
40091,3,overall,전체 능력치,3,전체 능력치 +3
40091,3,reactions,반응 속도,1,반응 속도 +1
40091,4,aggression,적극성,3,적극성 +3
40091,4,overall,전체 능력치,4,전체 능력치 +4
40091,4,reactions,반응 속도,3,반응 속도 +3
40092,1,overall,전체 능력치,1,전체 능력치 +1
40092,2,overall,전체 능력치,3,전체 능력치 +3
40092,3,overall,전체 능력치,3,전체 능력치 +3
40092,3,slidingtackle,슬라이딩 태클,1,슬라이딩 태클 +1
40092,3,stamina,스태미너,2,스태미너 +2
40092,4,overall,전체 능력치,4,전체 능력치 +4
40092,4,slidingtackle,슬라이딩 태클,3,슬라이딩 태클 +3
40092,4,stamina,스태미너,3,스태미너 +3
40093,1,overall,전체 능력치,1,전체 능력치 +1
40093,2,overall,전체 능력치,3,전체 능력치 +3
40093,3,balance,밸런스,1,밸런스 +1
40093,3,overall,전체 능력치,3,전체 능력치 +3
40093,3,vision,시야,2,시야 +2
40093,4,balance,밸런스,3,밸런스 +3
40093,4,overall,전체 능력치,4,전체 능력치 +4
40093,4,vision,시야,3,시야 +3
40094,1,overall,전체 능력치,1,전체 능력치 +1
40094,2,overall,전체 능력치,3,전체 능력치 +3
40094,3,dribbling,드리블,1,드리블 +1
40094,3,overall,전체 능력치,3,전체 능력치 +3
40094,3,shortpassing,짧은 패스,2,짧은 패스 +2
40094,4,dribbling,드리블,3,드리블 +3
40094,4,overall,전체 능력치,4,전체 능력치 +4
40094,4,shortpassing,짧은 패스,3,짧은 패스 +3
40095,1,overall,전체 능력치,1,전체 능력치 +1
40095,2,overall,전체 능력치,3,전체 능력치 +3
40095,3,composure,침착성,1,침착성 +1
40095,3,overall,전체 능력치,3,전체 능력치 +3
40095,3,strength,몸싸움,2,몸싸움 +2
40095,4,composure,침착성,3,침착성 +3
40095,4,overall,전체 능력치,4,전체 능력치 +4
40095,4,strength,몸싸움,3,몸싸움 +3
40096,1,overall,전체 능력치,1,전체 능력치 +1
40096,2,overall,전체 능력치,3,전체 능력치 +3
40096,3,crossing,크로스,2,크로스 +2
40096,3,headingaccuracy,헤더,1,헤더 +1
40096,3,overall,전체 능력치,3,전체 능력치 +3
40096,4,crossing,크로스,3,크로스 +3
40096,4,headingaccuracy,헤더,3,헤더 +3
40096,4,overall,전체 능력치,4,전체 능력치 +4
40097,1,overall,전체 능력치,1,전체 능력치 +1
40097,2,overall,전체 능력치,3,전체 능력치 +3
40097,3,acceleration,가속력,2,가속력 +2
40097,3,overall,전체 능력치,3,전체 능력치 +3
40097,3,reactions,반응 속도,1,반응 속도 +1
40097,4,acceleration,가속력,3,가속력 +3
40097,4,overall,전체 능력치,4,전체 능력치 +4
40097,4,reactions,반응 속도,3,반응 속도 +3
40099,1,overall,전체 능력치,1,전체 능력치 +1
40099,2,overall,전체 능력치,3,전체 능력치 +3
40099,3,ballcontrol,볼 컨트롤,1,볼 컨트롤 +1
40099,3,overall,전체 능력치,3,전체 능력치 +3
40099,3,positioning,위치 선정,2,위치 선정 +2
40099,4,ballcontrol,볼 컨트롤,3,볼 컨트롤 +3
40099,4,overall,전체 능력치,4,전체 능력치 +4
40099,4,positioning,위치 선정,3,위치 선정 +3
40100,1,overall,전체 능력치,1,전체 능력치 +1
40100,2,overall,전체 능력치,3,전체 능력치 +3
40100,3,aggression,적극성,1,적극성 +1
40100,3,marking,대인 수비,2,대인 수비 +2
40100,3,overall,전체 능력치,3,전체 능력치 +3
40100,4,aggression,적극성,3,적극성 +3
40100,4,marking,대인 수비,3,대인 수비 +3
40100,4,overall,전체 능력치,4,전체 능력치 +4
40101,1,overall,전체 능력치,1,전체 능력치 +1
40101,2,overall,전체 능력치,3,전체 능력치 +3
40101,3,crossing,크로스,2,크로스 +2
40101,3,longpassing,긴 패스,1,긴 패스 +1
40101,3,overall,전체 능력치,3,전체 능력치 +3
40101,4,crossing,크로스,3,크로스 +3
40101,4,longpassing,긴 패스,3,긴 패스 +3
40101,4,overall,전체 능력치,4,전체 능력치 +4
40102,1,overall,전체 능력치,1,전체 능력치 +1
40102,2,overall,전체 능력치,3,전체 능력치 +3
40102,3,longpassing,긴 패스,2,긴 패스 +2
40102,3,overall,전체 능력치,3,전체 능력치 +3
40102,3,standingtackle,태클,1,태클 +1
40102,4,longpassing,긴 패스,3,긴 패스 +3
40102,4,overall,전체 능력치,4,전체 능력치 +4
40102,4,standingtackle,태클,3,태클 +3
40103,1,overall,전체 능력치,1,전체 능력치 +1
40103,2,overall,전체 능력치,3,전체 능력치 +3
40103,3,agility,민첩성,1,민첩성 +1
40103,3,dribbling,드리블,2,드리블 +2
40103,3,overall,전체 능력치,3,전체 능력치 +3
40103,4,agility,민첩성,3,민첩성 +3
40103,4,dribbling,드리블,3,드리블 +3
40103,4,overall,전체 능력치,4,전체 능력치 +4
40104,1,overall,전체 능력치,1,전체 능력치 +1
40104,2,overall,전체 능력치,3,전체 능력치 +3
40104,3,agility,민첩성,1,민첩성 +1
40104,3,overall,전체 능력치,3,전체 능력치 +3
40104,3,reactions,반응 속도,2,반응 속도 +2
40104,4,agility,민첩성,3,민첩성 +3
40104,4,overall,전체 능력치,4,전체 능력치 +4
40104,4,reactions,반응 속도,3,반응 속도 +3
40105,1,overall,전체 능력치,1,전체 능력치 +1
40105,2,overall,전체 능력치,3,전체 능력치 +3
40105,3,longpassing,긴 패스,1,긴 패스 +1
40105,3,overall,전체 능력치,3,전체 능력치 +3
40105,3,shortpassing,짧은 패스,2,짧은 패스 +2
40105,4,longpassing,긴 패스,3,긴 패스 +3
40105,4,overall,전체 능력치,4,전체 능력치 +4
40105,4,shortpassing,짧은 패스,3,짧은 패스 +3
40107,1,overall,전체 능력치,1,전체 능력치 +1
40107,2,overall,전체 능력치,3,전체 능력치 +3
40107,3,headingaccuracy,헤더,1,헤더 +1
40107,3,overall,전체 능력치,3,전체 능력치 +3
40107,3,positioning,위치 선정,2,위치 선정 +2
40107,4,headingaccuracy,헤더,3,헤더 +3
40107,4,overall,전체 능력치,4,전체 능력치 +4
40107,4,positioning,위치 선정,3,위치 선정 +3
40108,1,overall,전체 능력치,1,전체 능력치 +1
40108,2,overall,전체 능력치,3,전체 능력치 +3
40108,3,overall,전체 능력치,3,전체 능력치 +3
40108,3,reactions,반응 속도,1,반응 속도 +1
40108,3,shortpassing,짧은 패스,2,짧은 패스 +2
40108,4,overall,전체 능력치,4,전체 능력치 +4
40108,4,reactions,반응 속도,3,반응 속도 +3
40108,4,shortpassing,짧은 패스,3,짧은 패스 +3
40110,1,overall,전체 능력치,1,전체 능력치 +1
40110,2,overall,전체 능력치,3,전체 능력치 +3
40110,3,overall,전체 능력치,3,전체 능력치 +3
40110,3,slidingtackle,슬라이딩 태클,1,슬라이딩 태클 +1
40110,3,standingtackle,태클,2,태클 +2
40110,4,overall,전체 능력치,4,전체 능력치 +4
40110,4,slidingtackle,슬라이딩 태클,3,슬라이딩 태클 +3
40110,4,standingtackle,태클,3,태클 +3
40111,1,overall,전체 능력치,1,전체 능력치 +1
40111,2,overall,전체 능력치,3,전체 능력치 +3
40111,3,acceleration,가속력,1,가속력 +1
40111,3,longshots,중거리 슛,2,중거리 슛 +2
40111,3,overall,전체 능력치,3,전체 능력치 +3
40111,4,acceleration,가속력,3,가속력 +3
40111,4,longshots,중거리 슛,3,중거리 슛 +3
40111,4,overall,전체 능력치,4,전체 능력치 +4
40112,1,overall,전체 능력치,1,전체 능력치 +1
40112,2,overall,전체 능력치,3,전체 능력치 +3
40112,3,marking,대인 수비,1,대인 수비 +1
40112,3,overall,전체 능력치,3,전체 능력치 +3
40112,3,stamina,스태미너,2,스태미너 +2
40112,4,marking,대인 수비,3,대인 수비 +3
40112,4,overall,전체 능력치,4,전체 능력치 +4
40112,4,stamina,스태미너,3,스태미너 +3
40113,1,overall,전체 능력치,1,전체 능력치 +1
40113,2,overall,전체 능력치,3,전체 능력치 +3
40113,3,aggression,적극성,2,적극성 +2
40113,3,overall,전체 능력치,3,전체 능력치 +3
40113,3,strength,몸싸움,1,몸싸움 +1
40113,4,aggression,적극성,3,적극성 +3
40113,4,overall,전체 능력치,4,전체 능력치 +4
40113,4,strength,몸싸움,3,몸싸움 +3
40114,1,overall,전체 능력치,1,전체 능력치 +1
40114,2,overall,전체 능력치,3,전체 능력치 +3
40114,3,crossing,크로스,2,크로스 +2
40114,3,longpassing,긴 패스,1,긴 패스 +1
40114,3,overall,전체 능력치,3,전체 능력치 +3
40114,4,crossing,크로스,3,크로스 +3
40114,4,longpassing,긴 패스,3,긴 패스 +3
40114,4,overall,전체 능력치,4,전체 능력치 +4
40115,1,overall,전체 능력치,1,전체 능력치 +1
40115,2,overall,전체 능력치,3,전체 능력치 +3
40115,3,marking,대인 수비,2,대인 수비 +2
40115,3,overall,전체 능력치,3,전체 능력치 +3
40115,3,positioning,위치 선정,1,위치 선정 +1
40115,4,marking,대인 수비,3,대인 수비 +3
40115,4,overall,전체 능력치,4,전체 능력치 +4
40115,4,positioning,위치 선정,3,위치 선정 +3
40116,1,overall,전체 능력치,1,전체 능력치 +1
40116,2,overall,전체 능력치,3,전체 능력치 +3
40116,3,headingaccuracy,헤더,1,헤더 +1
40116,3,longpassing,긴 패스,2,긴 패스 +2
40116,3,overall,전체 능력치,3,전체 능력치 +3
40116,4,headingaccuracy,헤더,3,헤더 +3
40116,4,longpassing,긴 패스,3,긴 패스 +3
40116,4,overall,전체 능력치,4,전체 능력치 +4
40117,1,overall,전체 능력치,1,전체 능력치 +1
40117,2,overall,전체 능력치,3,전체 능력치 +3
40117,3,aggression,적극성,1,적극성 +1
40117,3,overall,전체 능력치,3,전체 능력치 +3
40117,3,shortpassing,짧은 패스,2,짧은 패스 +2
40117,4,aggression,적극성,3,적극성 +3
40117,4,overall,전체 능력치,4,전체 능력치 +4
40117,4,shortpassing,짧은 패스,3,짧은 패스 +3
40118,1,overall,전체 능력치,1,전체 능력치 +1
40118,2,overall,전체 능력치,3,전체 능력치 +3
40118,3,crossing,크로스,2,크로스 +2
40118,3,overall,전체 능력치,3,전체 능력치 +3
40118,3,sprintspeed,속력,1,속력 +1
40118,4,crossing,크로스,3,크로스 +3
40118,4,overall,전체 능력치,4,전체 능력치 +4
40118,4,sprintspeed,속력,3,속력 +3
40119,1,overall,전체 능력치,1,전체 능력치 +1
40119,2,overall,전체 능력치,3,전체 능력치 +3
40119,3,overall,전체 능력치,3,전체 능력치 +3
40119,3,standingtackle,태클,2,태클 +2
40119,3,strength,몸싸움,1,몸싸움 +1
40119,4,overall,전체 능력치,4,전체 능력치 +4
40119,4,standingtackle,태클,3,태클 +3
40119,4,strength,몸싸움,3,몸싸움 +3
40120,1,overall,전체 능력치,1,전체 능력치 +1
40120,2,overall,전체 능력치,3,전체 능력치 +3
40120,3,interceptions,가로채기,1,가로채기 +1
40120,3,longshots,중거리 슛,2,중거리 슛 +2
40120,3,overall,전체 능력치,3,전체 능력치 +3
40120,4,interceptions,가로채기,3,가로채기 +3
40120,4,longshots,중거리 슛,3,중거리 슛 +3
40120,4,overall,전체 능력치,4,전체 능력치 +4
40123,1,overall,전체 능력치,1,전체 능력치 +1
40123,2,overall,전체 능력치,3,전체 능력치 +3
40123,3,finishing,골 결정력,1,골 결정력 +1
40123,3,overall,전체 능력치,3,전체 능력치 +3
40123,3,sprintspeed,속력,2,속력 +2
40123,4,finishing,골 결정력,3,골 결정력 +3
40123,4,overall,전체 능력치,4,전체 능력치 +4
40123,4,sprintspeed,속력,3,속력 +3
40124,1,overall,전체 능력치,1,전체 능력치 +1
40124,2,overall,전체 능력치,3,전체 능력치 +3
40124,3,acceleration,가속력,2,가속력 +2
40124,3,dribbling,드리블,1,드리블 +1
40124,3,overall,전체 능력치,3,전체 능력치 +3
40124,4,acceleration,가속력,3,가속력 +3
40124,4,dribbling,드리블,3,드리블 +3
40124,4,overall,전체 능력치,4,전체 능력치 +4
40125,1,overall,전체 능력치,1,전체 능력치 +1
40125,2,overall,전체 능력치,3,전체 능력치 +3
40125,3,marking,대인 수비,2,대인 수비 +2
40125,3,overall,전체 능력치,3,전체 능력치 +3
40125,3,stamina,스태미너,1,스태미너 +1
40125,4,marking,대인 수비,3,대인 수비 +3
40125,4,overall,전체 능력치,4,전체 능력치 +4
40125,4,stamina,스태미너,3,스태미너 +3
40126,1,overall,전체 능력치,1,전체 능력치 +1
40126,2,overall,전체 능력치,3,전체 능력치 +3
40126,3,aggression,적극성,2,적극성 +2
40126,3,headingaccuracy,헤더,1,헤더 +1
40126,3,overall,전체 능력치,3,전체 능력치 +3
40126,4,aggression,적극성,3,적극성 +3
40126,4,headingaccuracy,헤더,3,헤더 +3
40126,4,overall,전체 능력치,4,전체 능력치 +4
40127,1,overall,전체 능력치,1,전체 능력치 +1
40127,2,overall,전체 능력치,3,전체 능력치 +3
40127,3,finishing,골 결정력,2,골 결정력 +2
40127,3,marking,대인 수비,1,대인 수비 +1
40127,3,overall,전체 능력치,3,전체 능력치 +3
40127,4,finishing,골 결정력,3,골 결정력 +3
40127,4,marking,대인 수비,3,대인 수비 +3
40127,4,overall,전체 능력치,4,전체 능력치 +4
40128,1,overall,전체 능력치,1,전체 능력치 +1
40128,2,overall,전체 능력치,3,전체 능력치 +3
40128,3,longshots,중거리 슛,1,중거리 슛 +1
40128,3,overall,전체 능력치,3,전체 능력치 +3
40128,3,shotpower,슛 파워,2,슛 파워 +2
40128,4,longshots,중거리 슛,3,중거리 슛 +3
40128,4,overall,전체 능력치,4,전체 능력치 +4
40128,4,shotpower,슛 파워,3,슛 파워 +3
40129,1,overall,전체 능력치,1,전체 능력치 +1
40129,2,overall,전체 능력치,3,전체 능력치 +3
40129,3,dribbling,드리블,1,드리블 +1
40129,3,overall,전체 능력치,3,전체 능력치 +3
40129,3,shortpassing,짧은 패스,2,짧은 패스 +2
40129,4,dribbling,드리블,3,드리블 +3
40129,4,overall,전체 능력치,4,전체 능력치 +4
40129,4,shortpassing,짧은 패스,3,짧은 패스 +3
40130,1,overall,전체 능력치,1,전체 능력치 +1
40130,2,overall,전체 능력치,3,전체 능력치 +3
40130,3,finishing,골 결정력,1,골 결정력 +1
40130,3,overall,전체 능력치,3,전체 능력치 +3
40130,3,strength,몸싸움,2,몸싸움 +2
40130,4,finishing,골 결정력,3,골 결정력 +3
40130,4,overall,전체 능력치,4,전체 능력치 +4
40130,4,strength,몸싸움,3,몸싸움 +3
40131,1,overall,전체 능력치,1,전체 능력치 +1
40131,2,overall,전체 능력치,3,전체 능력치 +3
40131,3,finishing,골 결정력,2,골 결정력 +2
40131,3,overall,전체 능력치,3,전체 능력치 +3
40131,3,stamina,스태미너,1,스태미너 +1
40131,4,finishing,골 결정력,3,골 결정력 +3
40131,4,overall,전체 능력치,4,전체 능력치 +4
40131,4,stamina,스태미너,3,스태미너 +3
40132,1,overall,전체 능력치,1,전체 능력치 +1
40132,2,overall,전체 능력치,3,전체 능력치 +3
40132,3,longshots,중거리 슛,1,중거리 슛 +1
40132,3,marking,대인 수비,2,대인 수비 +2
40132,3,overall,전체 능력치,3,전체 능력치 +3
40132,4,longshots,중거리 슛,3,중거리 슛 +3
40132,4,marking,대인 수비,3,대인 수비 +3
40132,4,overall,전체 능력치,4,전체 능력치 +4
40133,1,overall,전체 능력치,1,전체 능력치 +1
40133,2,overall,전체 능력치,3,전체 능력치 +3
40133,3,acceleration,가속력,2,가속력 +2
40133,3,dribbling,드리블,1,드리블 +1
40133,3,overall,전체 능력치,3,전체 능력치 +3
40133,4,acceleration,가속력,3,가속력 +3
40133,4,dribbling,드리블,3,드리블 +3
40133,4,overall,전체 능력치,4,전체 능력치 +4
40134,1,overall,전체 능력치,1,전체 능력치 +1
40134,2,overall,전체 능력치,3,전체 능력치 +3
40134,3,overall,전체 능력치,3,전체 능력치 +3
40134,3,shortpassing,짧은 패스,2,짧은 패스 +2
40134,3,vision,시야,1,시야 +1
40134,4,overall,전체 능력치,4,전체 능력치 +4
40134,4,shortpassing,짧은 패스,3,짧은 패스 +3
40134,4,vision,시야,3,시야 +3
40136,1,overall,전체 능력치,1,전체 능력치 +1
40136,2,overall,전체 능력치,3,전체 능력치 +3
40136,3,agility,민첩성,1,민첩성 +1
40136,3,finishing,골 결정력,2,골 결정력 +2
40136,3,overall,전체 능력치,3,전체 능력치 +3
40136,4,agility,민첩성,3,민첩성 +3
40136,4,finishing,골 결정력,3,골 결정력 +3
40136,4,overall,전체 능력치,4,전체 능력치 +4
40137,1,overall,전체 능력치,1,전체 능력치 +1
40137,2,overall,전체 능력치,3,전체 능력치 +3
40137,3,acceleration,가속력,2,가속력 +2
40137,3,longshots,중거리 슛,1,중거리 슛 +1
40137,3,overall,전체 능력치,3,전체 능력치 +3
40137,4,acceleration,가속력,3,가속력 +3
40137,4,longshots,중거리 슛,3,중거리 슛 +3
40137,4,overall,전체 능력치,4,전체 능력치 +4
40138,1,overall,전체 능력치,1,전체 능력치 +1
40138,2,overall,전체 능력치,3,전체 능력치 +3
40138,3,marking,대인 수비,2,대인 수비 +2
40138,3,overall,전체 능력치,3,전체 능력치 +3
40138,3,reactions,반응 속도,1,반응 속도 +1
40138,4,marking,대인 수비,3,대인 수비 +3
40138,4,overall,전체 능력치,4,전체 능력치 +4
40138,4,reactions,반응 속도,3,반응 속도 +3
40139,1,overall,전체 능력치,1,전체 능력치 +1
40139,2,overall,전체 능력치,3,전체 능력치 +3
40139,3,overall,전체 능력치,3,전체 능력치 +3
40139,3,reactions,반응 속도,2,반응 속도 +2
40139,3,stamina,스태미너,1,스태미너 +1
40139,4,overall,전체 능력치,4,전체 능력치 +4
40139,4,reactions,반응 속도,3,반응 속도 +3
40139,4,stamina,스태미너,3,스태미너 +3
40140,1,overall,전체 능력치,1,전체 능력치 +1
40140,2,overall,전체 능력치,3,전체 능력치 +3
40140,3,aggression,적극성,2,적극성 +2
40140,3,overall,전체 능력치,3,전체 능력치 +3
40140,3,positioning,위치 선정,1,위치 선정 +1
40140,4,aggression,적극성,3,적극성 +3
40140,4,overall,전체 능력치,4,전체 능력치 +4
40140,4,positioning,위치 선정,3,위치 선정 +3
40141,1,overall,전체 능력치,1,전체 능력치 +1
40141,2,overall,전체 능력치,3,전체 능력치 +3
40141,3,finishing,골 결정력,2,골 결정력 +2
40141,3,headingaccuracy,헤더,1,헤더 +1
40141,3,overall,전체 능력치,3,전체 능력치 +3
40141,4,finishing,골 결정력,3,골 결정력 +3
40141,4,headingaccuracy,헤더,3,헤더 +3
40141,4,overall,전체 능력치,4,전체 능력치 +4
40143,1,overall,전체 능력치,1,전체 능력치 +1
40143,2,overall,전체 능력치,3,전체 능력치 +3
40143,3,longshots,중거리 슛,1,중거리 슛 +1
40143,3,overall,전체 능력치,3,전체 능력치 +3
40143,3,shortpassing,짧은 패스,2,짧은 패스 +2
40143,4,longshots,중거리 슛,3,중거리 슛 +3
40143,4,overall,전체 능력치,4,전체 능력치 +4
40143,4,shortpassing,짧은 패스,3,짧은 패스 +3
40144,1,overall,전체 능력치,1,전체 능력치 +1
40144,2,overall,전체 능력치,3,전체 능력치 +3
40144,3,marking,대인 수비,1,대인 수비 +1
40144,3,overall,전체 능력치,3,전체 능력치 +3
40144,3,shortpassing,짧은 패스,2,짧은 패스 +2
40144,4,marking,대인 수비,3,대인 수비 +3
40144,4,overall,전체 능력치,4,전체 능력치 +4
40144,4,shortpassing,짧은 패스,3,짧은 패스 +3
40145,1,overall,전체 능력치,1,전체 능력치 +1
40145,2,overall,전체 능력치,3,전체 능력치 +3
40145,3,overall,전체 능력치,3,전체 능력치 +3
40145,3,standingtackle,태클,2,태클 +2
40145,3,strength,몸싸움,1,몸싸움 +1
40145,4,overall,전체 능력치,4,전체 능력치 +4
40145,4,standingtackle,태클,3,태클 +3
40145,4,strength,몸싸움,3,몸싸움 +3
40146,1,overall,전체 능력치,1,전체 능력치 +1
40146,2,overall,전체 능력치,3,전체 능력치 +3
40146,3,dribbling,드리블,1,드리블 +1
40146,3,overall,전체 능력치,3,전체 능력치 +3
40146,3,sprintspeed,속력,2,속력 +2
40146,4,dribbling,드리블,3,드리블 +3
40146,4,overall,전체 능력치,4,전체 능력치 +4
40146,4,sprintspeed,속력,3,속력 +3
40147,1,overall,전체 능력치,1,전체 능력치 +1
40147,2,overall,전체 능력치,2,전체 능력치 +2
40147,3,overall,전체 능력치,3,전체 능력치 +3
40148,1,overall,전체 능력치,1,전체 능력치 +1
40148,2,overall,전체 능력치,2,전체 능력치 +2
40148,3,overall,전체 능력치,3,전체 능력치 +3
40149,1,overall,전체 능력치,1,전체 능력치 +1
40149,2,overall,전체 능력치,2,전체 능력치 +2
40149,3,overall,전체 능력치,3,전체 능력치 +3
40150,1,overall,전체 능력치,1,전체 능력치 +1
40150,2,overall,전체 능력치,2,전체 능력치 +2
40150,3,overall,전체 능력치,3,전체 능력치 +3
40151,1,overall,전체 능력치,1,전체 능력치 +1
40151,2,overall,전체 능력치,2,전체 능력치 +2
40151,3,overall,전체 능력치,3,전체 능력치 +3
40152,1,overall,전체 능력치,1,전체 능력치 +1
40152,2,overall,전체 능력치,2,전체 능력치 +2
40152,3,overall,전체 능력치,3,전체 능력치 +3
40153,1,overall,전체 능력치,1,전체 능력치 +1
40153,2,overall,전체 능력치,2,전체 능력치 +2
40153,3,overall,전체 능력치,3,전체 능력치 +3
40154,1,overall,전체 능력치,1,전체 능력치 +1
40154,2,overall,전체 능력치,2,전체 능력치 +2
40154,3,overall,전체 능력치,3,전체 능력치 +3
40156,1,overall,전체 능력치,1,전체 능력치 +1
40156,2,overall,전체 능력치,2,전체 능력치 +2
40156,3,overall,전체 능력치,3,전체 능력치 +3
40157,1,overall,전체 능력치,1,전체 능력치 +1
40157,2,overall,전체 능력치,2,전체 능력치 +2
40158,1,overall,전체 능력치,1,전체 능력치 +1
40158,2,overall,전체 능력치,2,전체 능력치 +2
40158,3,overall,전체 능력치,3,전체 능력치 +3
40159,1,overall,전체 능력치,1,전체 능력치 +1
40159,2,overall,전체 능력치,2,전체 능력치 +2
40159,3,overall,전체 능력치,3,전체 능력치 +3
40160,1,overall,전체 능력치,1,전체 능력치 +1
40160,2,overall,전체 능력치,2,전체 능력치 +2
40160,3,overall,전체 능력치,3,전체 능력치 +3
40161,1,overall,전체 능력치,1,전체 능력치 +1
40161,2,overall,전체 능력치,2,전체 능력치 +2
40161,3,overall,전체 능력치,3,전체 능력치 +3
40162,1,overall,전체 능력치,1,전체 능력치 +1
40162,2,overall,전체 능력치,2,전체 능력치 +2
40162,3,overall,전체 능력치,3,전체 능력치 +3
40163,1,overall,전체 능력치,1,전체 능력치 +1
40163,2,overall,전체 능력치,2,전체 능력치 +2
40163,3,overall,전체 능력치,3,전체 능력치 +3
40164,1,overall,전체 능력치,1,전체 능력치 +1
40164,2,overall,전체 능력치,2,전체 능력치 +2
40164,3,overall,전체 능력치,3,전체 능력치 +3
40165,1,overall,전체 능력치,1,전체 능력치 +1
40165,2,overall,전체 능력치,2,전체 능력치 +2
40165,3,overall,전체 능력치,3,전체 능력치 +3
40166,1,overall,전체 능력치,1,전체 능력치 +1
40166,2,overall,전체 능력치,2,전체 능력치 +2
40166,3,overall,전체 능력치,3,전체 능력치 +3
40167,1,overall,전체 능력치,1,전체 능력치 +1
40167,2,overall,전체 능력치,2,전체 능력치 +2
40167,3,overall,전체 능력치,3,전체 능력치 +3
40168,1,overall,전체 능력치,1,전체 능력치 +1
40168,2,overall,전체 능력치,2,전체 능력치 +2
40168,3,overall,전체 능력치,3,전체 능력치 +3
40175,1,overall,전체 능력치,1,전체 능력치 +1
40175,2,overall,전체 능력치,2,전체 능력치 +2
40175,3,overall,전체 능력치,3,전체 능력치 +3
40176,1,overall,전체 능력치,1,전체 능력치 +1
40176,2,overall,전체 능력치,2,전체 능력치 +2
40176,3,overall,전체 능력치,3,전체 능력치 +3
40177,1,shortpassing,짧은 패스,1,짧은 패스 +1
40177,1,vision,시야,2,시야 +2
40178,1,interceptions,가로채기,1,가로채기 +1
40178,1,longpassing,긴 패스,2,긴 패스 +2
40179,1,curve,커브,1,커브 +1
40179,1,headingaccuracy,헤더,1,헤더 +1
40180,1,crossing,크로스,1,크로스 +1
40180,1,slidingtackle,슬라이딩 태클,2,슬라이딩 태클 +2
40181,1,composure,침착성,1,침착성 +1
40181,1,interceptions,가로채기,1,가로채기 +1
40182,1,dribbling,드리블,1,드리블 +1
40182,1,sprintspeed,속력,2,속력 +2
40183,1,composure,침착성,1,침착성 +1
40183,1,positioning,위치 선정,2,위치 선정 +2
40184,1,ballcontrol,볼 컨트롤,1,볼 컨트롤 +1
40184,1,crossing,크로스,2,크로스 +2
40185,1,dribbling,드리블,2,드리블 +2
40185,1,finishing,골 결정력,2,골 결정력 +2
40185,1,reactions,반응 속도,1,반응 속도 +1
40186,1,aggression,적극성,2,적극성 +2
40186,1,stamina,스태미너,1,스태미너 +1
40187,1,jumping,점프,1,점프 +1
40187,1,longpassing,긴 패스,2,긴 패스 +2
40188,1,headingaccuracy,헤더,2,헤더 +2
40188,1,positioning,위치 선정,2,위치 선정 +2
40188,1,stamina,스태미너,1,스태미너 +1
40189,1,acceleration,가속력,2,가속력 +2
40189,1,dribbling,드리블,1,드리블 +1
40189,1,sprintspeed,속력,2,속력 +2
40190,1,acceleration,가속력,1,가속력 +1
40190,1,finishing,골 결정력,2,골 결정력 +2
40190,1,headingaccuracy,헤더,2,헤더 +2
40191,1,agility,민첩성,1,민첩성 +1
40191,1,ballcontrol,볼 컨트롤,2,볼 컨트롤 +2
40191,1,shortpassing,짧은 패스,2,짧은 패스 +2
40192,1,curve,커브,1,커브 +1
40192,1,dribbling,드리블,2,드리블 +2
40192,1,sprintspeed,속력,2,속력 +2
40193,1,acceleration,가속력,1,가속력 +1
40193,1,marking,대인 수비,2,대인 수비 +2
40193,1,reactions,반응 속도,2,반응 속도 +2
40194,1,longshots,중거리 슛,2,중거리 슛 +2
40194,1,shotpower,슛 파워,2,슛 파워 +2
40194,1,sprintspeed,속력,1,속력 +1
40195,1,agility,민첩성,1,민첩성 +1
40195,1,balance,밸런스,1,밸런스 +1
40196,1,dribbling,드리블,1,드리블 +1
40196,1,longpassing,긴 패스,1,긴 패스 +1
40197,1,acceleration,가속력,1,가속력 +1
40197,1,sprintspeed,속력,1,속력 +1
40198,1,balance,밸런스,1,밸런스 +1
40198,1,sprintspeed,속력,1,속력 +1
40198,1,stamina,스태미너,1,스태미너 +1
40199,1,acceleration,가속력,3,가속력 +3
40199,1,composure,침착성,2,침착성 +2
40199,1,dribbling,드리블,3,드리블 +3
40199,1,strength,몸싸움,2,몸싸움 +2
40200,1,finishing,골 결정력,3,골 결정력 +3
40200,1,longshots,중거리 슛,2,중거리 슛 +2
40200,1,reactions,반응 속도,2,반응 속도 +2
40200,1,sprintspeed,속력,3,속력 +3
40238,1,finishing,골 결정력,2,골 결정력 +2
40238,1,positioning,위치 선정,1,위치 선정 +1
40239,1,dribbling,드리블,1,드리블 +1
40239,1,positioning,위치 선정,2,위치 선정 +2
40240,1,reactions,반응 속도,2,반응 속도 +2
40240,1,shortpassing,짧은 패스,2,짧은 패스 +2
40241,1,marking,대인 수비,1,대인 수비 +1
40241,1,standingtackle,태클,1,태클 +1
40242,1,finishing,골 결정력,1,골 결정력 +1
40242,1,positioning,위치 선정,2,위치 선정 +2
40243,1,marking,대인 수비,1,대인 수비 +1
40243,1,strength,몸싸움,2,몸싸움 +2
40244,1,dribbling,드리블,1,드리블 +1
40244,1,finishing,골 결정력,2,골 결정력 +2
40245,1,interceptions,가로채기,1,가로채기 +1
40245,1,vision,시야,1,시야 +1
40246,1,aggression,적극성,1,적극성 +1
40246,1,standingtackle,태클,1,태클 +1
40247,1,longshots,중거리 슛,1,중거리 슛 +1
40247,1,strength,몸싸움,1,몸싸움 +1
40248,1,longshots,중거리 슛,1,중거리 슛 +1
40248,1,positioning,위치 선정,1,위치 선정 +1
40249,1,reactions,반응 속도,1,반응 속도 +1
40249,1,slidingtackle,슬라이딩 태클,1,슬라이딩 태클 +1
40250,1,finishing,골 결정력,2,골 결정력 +2
40250,1,headingaccuracy,헤더,1,헤더 +1
40251,1,composure,침착성,1,침착성 +1
40251,1,curve,커브,2,커브 +2
40253,1,acceleration,가속력,2,가속력 +2
40253,1,composure,침착성,2,침착성 +2
40253,1,interceptions,가로채기,3,가로채기 +3
40253,1,shortpassing,짧은 패스,3,짧은 패스 +3
40254,1,dribbling,드리블,3,드리블 +3
40254,1,interceptions,가로채기,3,가로채기 +3
40254,1,longshots,중거리 슛,2,중거리 슛 +2
40254,1,reactions,반응 속도,2,반응 속도 +2
40255,1,headingaccuracy,헤더,3,헤더 +3
40255,1,jumping,점프,2,점프 +2
40255,1,positioning,위치 선정,3,위치 선정 +3
40255,1,sprintspeed,속력,2,속력 +2
40256,1,agility,민첩성,2,민첩성 +2
40256,1,composure,침착성,3,침착성 +3
40256,1,headingaccuracy,헤더,2,헤더 +2
40256,1,reactions,반응 속도,3,반응 속도 +3
40257,1,longpassing,긴 패스,2,긴 패스 +2
40257,1,longshots,중거리 슛,3,중거리 슛 +3
40257,1,shotpower,슛 파워,3,슛 파워 +3
40257,1,vision,시야,2,시야 +2
40258,1,aggression,적극성,3,적극성 +3
40258,1,marking,대인 수비,2,대인 수비 +2
40258,1,slidingtackle,슬라이딩 태클,2,슬라이딩 태클 +2
40258,1,stamina,스태미너,3,스태미너 +3
40259,1,dribbling,드리블,2,드리블 +2
40259,1,finishing,골 결정력,3,골 결정력 +3
40259,1,strength,몸싸움,3,몸싸움 +3
40259,1,vision,시야,2,시야 +2
40261,1,balance,밸런스,2,밸런스 +2
40261,1,finishing,골 결정력,3,골 결정력 +3
40261,1,sprintspeed,속력,3,속력 +3
40261,1,stamina,스태미너,2,스태미너 +2
40262,1,longpassing,긴 패스,3,긴 패스 +3
40262,1,reactions,반응 속도,2,반응 속도 +2
40262,1,shotpower,슛 파워,2,슛 파워 +2
40262,1,standingtackle,태클,3,태클 +3
40263,1,crossing,크로스,3,크로스 +3
40263,1,headingaccuracy,헤더,2,헤더 +2
40263,1,stamina,스태미너,3,스태미너 +3
40263,1,strength,몸싸움,2,몸싸움 +2
40264,1,balance,밸런스,3,밸런스 +3
40264,1,interceptions,가로채기,2,가로채기 +2
40264,1,positioning,위치 선정,3,위치 선정 +3
40264,1,stamina,스태미너,2,스태미너 +2
40265,1,acceleration,가속력,3,가속력 +3
40265,1,ballcontrol,볼 컨트롤,3,볼 컨트롤 +3
40265,1,longpassing,긴 패스,2,긴 패스 +2
40265,1,vision,시야,2,시야 +2
40266,1,composure,침착성,2,침착성 +2
40266,1,curve,커브,2,커브 +2
40266,1,interceptions,가로채기,3,가로채기 +3
40266,1,longshots,중거리 슛,3,중거리 슛 +3
40267,1,marking,대인 수비,3,대인 수비 +3
40267,1,slidingtackle,슬라이딩 태클,2,슬라이딩 태클 +2
40267,1,sprintspeed,속력,3,속력 +3
40267,1,standingtackle,태클,2,태클 +2
40268,1,crossing,크로스,2,크로스 +2
40268,1,finishing,골 결정력,3,골 결정력 +3
40268,1,headingaccuracy,헤더,3,헤더 +3
40268,1,jumping,점프,2,점프 +2
40269,1,finishing,골 결정력,3,골 결정력 +3
40269,1,shotpower,슛 파워,2,슛 파워 +2
40269,1,strength,몸싸움,3,몸싸움 +3
40269,1,vision,시야,2,시야 +2
40270,1,aggression,적극성,2,적극성 +2
40270,1,positioning,위치 선정,3,위치 선정 +3
40270,1,reactions,반응 속도,2,반응 속도 +2
40270,1,standingtackle,태클,3,태클 +3
40271,1,agility,민첩성,2,민첩성 +2
40271,1,ballcontrol,볼 컨트롤,3,볼 컨트롤 +3
40271,1,dribbling,드리블,2,드리블 +2
40271,1,shortpassing,짧은 패스,3,짧은 패스 +3
40272,1,finishing,골 결정력,3,골 결정력 +3
40272,1,longpassing,긴 패스,2,긴 패스 +2
40272,1,sprintspeed,속력,2,속력 +2
40272,1,stamina,스태미너,3,스태미너 +3
40273,1,aggression,적극성,3,적극성 +3
40273,1,finishing,골 결정력,2,골 결정력 +2
40273,1,interceptions,가로채기,2,가로채기 +2
40273,1,sprintspeed,속력,3,속력 +3
40274,1,ballcontrol,볼 컨트롤,3,볼 컨트롤 +3
40274,1,dribbling,드리블,2,드리블 +2
40274,1,finishing,골 결정력,3,골 결정력 +3
40274,1,stamina,스태미너,2,스태미너 +2
40275,1,curve,커브,2,커브 +2
40275,1,longshots,중거리 슛,2,중거리 슛 +2
40275,1,sprintspeed,속력,3,속력 +3
40275,1,vision,시야,3,시야 +3
40276,1,ballcontrol,볼 컨트롤,2,볼 컨트롤 +2
40276,1,longpassing,긴 패스,2,긴 패스 +2
40276,1,reactions,반응 속도,3,반응 속도 +3
40276,1,strength,몸싸움,3,몸싸움 +3
40277,1,marking,대인 수비,1,대인 수비 +1
40277,1,reactions,반응 속도,1,반응 속도 +1
40278,1,finishing,골 결정력,2,골 결정력 +2
40278,1,sprintspeed,속력,1,속력 +1
40279,1,acceleration,가속력,1,가속력 +1
40279,1,slidingtackle,슬라이딩 태클,1,슬라이딩 태클 +1
40280,1,ballcontrol,볼 컨트롤,1,볼 컨트롤 +1
40280,1,dribbling,드리블,1,드리블 +1
40281,1,slidingtackle,슬라이딩 태클,1,슬라이딩 태클 +1
40281,1,sprintspeed,속력,1,속력 +1
40282,1,dribbling,드리블,1,드리블 +1
40282,1,vision,시야,1,시야 +1
40283,1,marking,대인 수비,1,대인 수비 +1
40283,1,strength,몸싸움,1,몸싸움 +1
40284,1,interceptions,가로채기,1,가로채기 +1
40284,1,shortpassing,짧은 패스,1,짧은 패스 +1
40285,1,ballcontrol,볼 컨트롤,1,볼 컨트롤 +1
40285,1,dribbling,드리블,1,드리블 +1
40286,1,ballcontrol,볼 컨트롤,2,볼 컨트롤 +2
40286,1,curve,커브,1,커브 +1
40287,1,overall,전체 능력치,1,전체 능력치 +1
40287,2,overall,전체 능력치,2,전체 능력치 +2
40287,3,overall,전체 능력치,3,전체 능력치 +3
40288,1,overall,전체 능력치,1,전체 능력치 +1
40288,2,overall,전체 능력치,2,전체 능력치 +2
40288,3,overall,전체 능력치,3,전체 능력치 +3
40289,1,overall,전체 능력치,1,전체 능력치 +1
40289,2,overall,전체 능력치,2,전체 능력치 +2
40289,3,overall,전체 능력치,3,전체 능력치 +3
40290,1,overall,전체 능력치,1,전체 능력치 +1
40290,2,overall,전체 능력치,2,전체 능력치 +2
40290,3,overall,전체 능력치,3,전체 능력치 +3
40296,1,overall,전체 능력치,1,전체 능력치 +1
40296,2,overall,전체 능력치,2,전체 능력치 +2
40296,3,overall,전체 능력치,3,전체 능력치 +3
40297,1,overall,전체 능력치,1,전체 능력치 +1
40297,2,overall,전체 능력치,2,전체 능력치 +2
40297,3,overall,전체 능력치,3,전체 능력치 +3
40298,1,ballcontrol,볼 컨트롤,1,볼 컨트롤 +1
40298,1,longpassing,긴 패스,1,긴 패스 +1
40299,1,positioning,위치 선정,2,위치 선정 +2
40299,1,vision,시야,3,시야 +3
40300,1,finishing,골 결정력,2,골 결정력 +2
40300,1,longpassing,긴 패스,3,긴 패스 +3
40301,1,crossing,크로스,3,크로스 +3
40301,1,finishing,골 결정력,3,골 결정력 +3
40301,1,positioning,위치 선정,2,위치 선정 +2
40301,1,vision,시야,2,시야 +2
40302,1,overall,전체 능력치,1,전체 능력치 +1
40302,2,overall,전체 능력치,2,전체 능력치 +2
40302,3,overall,전체 능력치,3,전체 능력치 +3
40303,1,overall,전체 능력치,1,전체 능력치 +1
40303,2,overall,전체 능력치,2,전체 능력치 +2
40303,3,overall,전체 능력치,3,전체 능력치 +3
40304,1,overall,전체 능력치,1,전체 능력치 +1
40304,2,overall,전체 능력치,2,전체 능력치 +2
40304,3,overall,전체 능력치,3,전체 능력치 +3
40306,1,overall,전체 능력치,1,전체 능력치 +1
40306,2,overall,전체 능력치,2,전체 능력치 +2
40306,3,overall,전체 능력치,3,전체 능력치 +3
40307,1,overall,전체 능력치,1,전체 능력치 +1
40307,2,overall,전체 능력치,2,전체 능력치 +2
40307,3,overall,전체 능력치,3,전체 능력치 +3
40341,1,finishing,골 결정력,2,골 결정력 +2
40341,1,headingaccuracy,헤더,1,헤더 +1
40342,1,composure,침착성,1,침착성 +1
40342,1,shortpassing,짧은 패스,1,짧은 패스 +1
40343,1,acceleration,가속력,1,가속력 +1
40343,1,finishing,골 결정력,1,골 결정력 +1
40344,1,overall,전체 능력치,1,전체 능력치 +1
40344,2,overall,전체 능력치,2,전체 능력치 +2
40344,3,overall,전체 능력치,3,전체 능력치 +3
40345,1,overall,전체 능력치,1,전체 능력치 +1
40345,2,overall,전체 능력치,2,전체 능력치 +2
40345,3,overall,전체 능력치,3,전체 능력치 +3
40348,1,overall,전체 능력치,1,전체 능력치 +1
40348,2,overall,전체 능력치,2,전체 능력치 +2
40348,3,overall,전체 능력치,3,전체 능력치 +3
40349,1,overall,전체 능력치,1,전체 능력치 +1
40349,2,overall,전체 능력치,2,전체 능력치 +2
40349,3,overall,전체 능력치,3,전체 능력치 +3
40350,1,overall,전체 능력치,1,전체 능력치 +1
40350,2,overall,전체 능력치,2,전체 능력치 +2
40350,3,overall,전체 능력치,3,전체 능력치 +3
40353,1,dribbling,드리블,3,드리블 +3
40353,1,shortpassing,짧은 패스,2,짧은 패스 +2
40353,1,standingtackle,태클,2,태클 +2
40353,1,vision,시야,3,시야 +3
40354,1,balance,밸런스,2,밸런스 +2
40354,1,headingaccuracy,헤더,3,헤더 +3
40354,1,stamina,스태미너,2,스태미너 +2
40354,1,strength,몸싸움,3,몸싸움 +3
40355,1,ballcontrol,볼 컨트롤,3,볼 컨트롤 +3
40355,1,longpassing,긴 패스,2,긴 패스 +2
40355,1,longshots,중거리 슛,2,중거리 슛 +2
40355,1,shortpassing,짧은 패스,3,짧은 패스 +3
40356,1,agility,민첩성,2,민첩성 +2
40356,1,ballcontrol,볼 컨트롤,3,볼 컨트롤 +3
40356,1,dribbling,드리블,3,드리블 +3
40356,1,reactions,반응 속도,2,반응 속도 +2
40357,1,balance,밸런스,3,밸런스 +3
40357,1,composure,침착성,2,침착성 +2
40357,1,shortpassing,짧은 패스,2,짧은 패스 +2
40357,1,strength,몸싸움,3,몸싸움 +3
40358,1,acceleration,가속력,3,가속력 +3
40358,1,agility,민첩성,3,민첩성 +3
40358,1,crossing,크로스,2,크로스 +2
40358,1,curve,커브,2,커브 +2
40359,1,jumping,점프,3,점프 +3
40359,1,positioning,위치 선정,2,위치 선정 +2
40359,1,stamina,스태미너,2,스태미너 +2
40359,1,standingtackle,태클,3,태클 +3
40360,1,crossing,크로스,3,크로스 +3
40360,1,longpassing,긴 패스,2,긴 패스 +2
40360,1,shortpassing,짧은 패스,3,짧은 패스 +3
40360,1,standingtackle,태클,2,태클 +2
40361,1,balance,밸런스,2,밸런스 +2
40361,1,headingaccuracy,헤더,2,헤더 +2
40361,1,marking,대인 수비,3,대인 수비 +3
40361,1,standingtackle,태클,3,태클 +3
40362,1,aggression,적극성,2,적극성 +2
40362,1,slidingtackle,슬라이딩 태클,3,슬라이딩 태클 +3
40362,1,sprintspeed,속력,3,속력 +3
40362,1,stamina,스태미너,2,스태미너 +2
40363,1,agility,민첩성,2,민첩성 +2
40363,1,finishing,골 결정력,3,골 결정력 +3
40363,1,marking,대인 수비,3,대인 수비 +3
40363,1,shortpassing,짧은 패스,2,짧은 패스 +2
40364,1,acceleration,가속력,3,가속력 +3
40364,1,agility,민첩성,3,민첩성 +3
40364,1,ballcontrol,볼 컨트롤,2,볼 컨트롤 +2
40364,1,reactions,반응 속도,2,반응 속도 +2
40365,1,balance,밸런스,3,밸런스 +3
40365,1,longpassing,긴 패스,3,긴 패스 +3
40365,1,slidingtackle,슬라이딩 태클,2,슬라이딩 태클 +2
40365,1,stamina,스태미너,2,스태미너 +2
40366,1,agility,민첩성,3,민첩성 +3
40366,1,balance,밸런스,3,밸런스 +3
40366,1,interceptions,가로채기,2,가로채기 +2
40366,1,strength,몸싸움,2,몸싸움 +2
40367,1,balance,밸런스,3,밸런스 +3
40367,1,ballcontrol,볼 컨트롤,2,볼 컨트롤 +2
40367,1,marking,대인 수비,2,대인 수비 +2
40367,1,standingtackle,태클,3,태클 +3
40368,1,finishing,골 결정력,2,골 결정력 +2
40368,1,jumping,점프,2,점프 +2
40368,1,marking,대인 수비,3,대인 수비 +3
40368,1,strength,몸싸움,3,몸싸움 +3
40369,1,acceleration,가속력,2,가속력 +2
40369,1,agility,민첩성,3,민첩성 +3
40369,1,ballcontrol,볼 컨트롤,2,볼 컨트롤 +2
40369,1,shortpassing,짧은 패스,3,짧은 패스 +3
40370,1,acceleration,가속력,3,가속력 +3
40370,1,longpassing,긴 패스,2,긴 패스 +2
40370,1,longshots,중거리 슛,3,중거리 슛 +3
40370,1,standingtackle,태클,2,태클 +2
40371,1,agility,민첩성,2,민첩성 +2
40371,1,ballcontrol,볼 컨트롤,2,볼 컨트롤 +2
40371,1,positioning,위치 선정,3,위치 선정 +3
40371,1,shortpassing,짧은 패스,3,짧은 패스 +3
40372,1,aggression,적극성,3,적극성 +3
40372,1,crossing,크로스,2,크로스 +2
40372,1,slidingtackle,슬라이딩 태클,2,슬라이딩 태클 +2
40372,1,sprintspeed,속력,3,속력 +3
40373,1,composure,침착성,3,침착성 +3
40373,1,finishing,골 결정력,3,골 결정력 +3
40373,1,headingaccuracy,헤더,2,헤더 +2
40373,1,jumping,점프,2,점프 +2
40374,1,agility,민첩성,2,민첩성 +2
40374,1,ballcontrol,볼 컨트롤,3,볼 컨트롤 +3
40374,1,dribbling,드리블,3,드리블 +3
40374,1,shortpassing,짧은 패스,2,짧은 패스 +2
40375,1,finishing,골 결정력,3,골 결정력 +3
40375,1,positioning,위치 선정,3,위치 선정 +3
40375,1,reactions,반응 속도,2,반응 속도 +2
40375,1,shotpower,슛 파워,2,슛 파워 +2
40376,1,balance,밸런스,3,밸런스 +3
40376,1,interceptions,가로채기,2,가로채기 +2
40376,1,marking,대인 수비,3,대인 수비 +3
40376,1,sprintspeed,속력,2,속력 +2
40377,1,acceleration,가속력,3,가속력 +3
40377,1,balance,밸런스,2,밸런스 +2
40377,1,standingtackle,태클,2,태클 +2
40377,1,strength,몸싸움,3,몸싸움 +3
40378,1,composure,침착성,3,침착성 +3
40378,1,crossing,크로스,2,크로스 +2
40378,1,finishing,골 결정력,3,골 결정력 +3
40378,1,strength,몸싸움,2,몸싸움 +2
40379,1,agility,민첩성,2,민첩성 +2
40379,1,ballcontrol,볼 컨트롤,3,볼 컨트롤 +3
40379,1,reactions,반응 속도,2,반응 속도 +2
40379,1,shortpassing,짧은 패스,3,짧은 패스 +3
40380,1,balance,밸런스,3,밸런스 +3
40380,1,shortpassing,짧은 패스,2,짧은 패스 +2
40380,1,stamina,스태미너,3,스태미너 +3
40380,1,strength,몸싸움,2,몸싸움 +2
40381,1,ballcontrol,볼 컨트롤,2,볼 컨트롤 +2
40381,1,dribbling,드리블,3,드리블 +3
40381,1,marking,대인 수비,3,대인 수비 +3
40381,1,strength,몸싸움,2,몸싸움 +2
40382,1,aggression,적극성,2,적극성 +2
40382,1,dribbling,드리블,3,드리블 +3
40382,1,shortpassing,짧은 패스,2,짧은 패스 +2
40382,1,sprintspeed,속력,3,속력 +3
40383,1,balance,밸런스,2,밸런스 +2
40383,1,interceptions,가로채기,3,가로채기 +3
40383,1,positioning,위치 선정,2,위치 선정 +2
40383,1,standingtackle,태클,3,태클 +3
40384,1,acceleration,가속력,3,가속력 +3
40384,1,jumping,점프,2,점프 +2
40384,1,sprintspeed,속력,3,속력 +3
40384,1,strength,몸싸움,2,몸싸움 +2
40385,1,overall,전체 능력치,1,전체 능력치 +1
40385,2,overall,전체 능력치,2,전체 능력치 +2
40385,3,overall,전체 능력치,3,전체 능력치 +3
40386,1,overall,전체 능력치,1,전체 능력치 +1
40386,2,overall,전체 능력치,2,전체 능력치 +2
40386,3,overall,전체 능력치,3,전체 능력치 +3
40391,1,overall,전체 능력치,1,전체 능력치 +1
40391,2,overall,전체 능력치,2,전체 능력치 +2
40391,3,overall,전체 능력치,3,전체 능력치 +3
40394,1,overall,전체 능력치,1,전체 능력치 +1
40394,2,overall,전체 능력치,2,전체 능력치 +2
40394,3,overall,전체 능력치,3,전체 능력치 +3
40395,1,overall,전체 능력치,1,전체 능력치 +1
40395,2,overall,전체 능력치,2,전체 능력치 +2
40395,3,overall,전체 능력치,3,전체 능력치 +3
40396,1,headingaccuracy,헤더,1,헤더 +1
40396,1,longshots,중거리 슛,2,중거리 슛 +2
40396,1,stamina,스태미너,2,스태미너 +2
40397,1,ballcontrol,볼 컨트롤,1,볼 컨트롤 +1
40397,1,shortpassing,짧은 패스,2,짧은 패스 +2
40398,1,agility,민첩성,1,민첩성 +1
40398,1,dribbling,드리블,1,드리블 +1
40399,1,overall,전체 능력치,1,전체 능력치 +1
40399,2,overall,전체 능력치,2,전체 능력치 +2
40399,3,overall,전체 능력치,3,전체 능력치 +3
40443,1,shortpassing,짧은 패스,2,짧은 패스 +2
40443,1,shotpower,슛 파워,1,슛 파워 +1
40443,1,vision,시야,2,시야 +2
40444,1,marking,대인 수비,2,대인 수비 +2
40444,1,reactions,반응 속도,1,반응 속도 +1
40444,1,shortpassing,짧은 패스,2,짧은 패스 +2
40455,1,shotpower,슛 파워,1,슛 파워 +1
40455,1,vision,시야,1,시야 +1
40465,1,overall,전체 능력치,1,전체 능력치 +1
40465,2,overall,전체 능력치,2,전체 능력치 +2
40465,3,overall,전체 능력치,3,전체 능력치 +3
40466,1,overall,전체 능력치,1,전체 능력치 +1
40466,2,overall,전체 능력치,2,전체 능력치 +2
40466,3,overall,전체 능력치,3,전체 능력치 +3
40472,1,sprintspeed,속력,2,속력 +2
40472,1,vision,시야,1,시야 +1
40478,1,overall,전체 능력치,1,전체 능력치 +1
40478,2,overall,전체 능력치,2,전체 능력치 +2
40478,3,overall,전체 능력치,3,전체 능력치 +3
40480,1,overall,전체 능력치,1,전체 능력치 +1
40480,2,overall,전체 능력치,2,전체 능력치 +2
40480,3,overall,전체 능력치,3,전체 능력치 +3
40481,1,overall,전체 능력치,1,전체 능력치 +1
40481,2,overall,전체 능력치,2,전체 능력치 +2
40481,3,overall,전체 능력치,3,전체 능력치 +3
40482,1,overall,전체 능력치,1,전체 능력치 +1
40482,2,overall,전체 능력치,2,전체 능력치 +2
40482,3,overall,전체 능력치,3,전체 능력치 +3
40483,1,overall,전체 능력치,1,전체 능력치 +1
40483,2,overall,전체 능력치,2,전체 능력치 +2
40483,3,overall,전체 능력치,3,전체 능력치 +3
40486,1,overall,전체 능력치,1,전체 능력치 +1
40486,2,overall,전체 능력치,2,전체 능력치 +2
40486,3,overall,전체 능력치,3,전체 능력치 +3
40504,1,overall,전체 능력치,1,전체 능력치 +1
40504,2,overall,전체 능력치,2,전체 능력치 +2
40504,3,overall,전체 능력치,3,전체 능력치 +3
40505,1,overall,전체 능력치,1,전체 능력치 +1
40505,2,overall,전체 능력치,2,전체 능력치 +2
40505,3,overall,전체 능력치,3,전체 능력치 +3
40507,1,overall,전체 능력치,1,전체 능력치 +1
40507,2,overall,전체 능력치,2,전체 능력치 +2
40507,3,overall,전체 능력치,3,전체 능력치 +3
40508,1,agility,민첩성,3,민첩성 +3
40508,1,curve,커브,2,커브 +2
40508,1,longshots,중거리 슛,3,중거리 슛 +3
40508,1,shotpower,슛 파워,2,슛 파워 +2
40509,1,crossing,크로스,3,크로스 +3
40509,1,curve,커브,3,커브 +3
40509,1,longpassing,긴 패스,2,긴 패스 +2
40509,1,sprintspeed,속력,2,속력 +2
40510,1,acceleration,가속력,3,가속력 +3
40510,1,agility,민첩성,2,민첩성 +2
40510,1,dribbling,드리블,3,드리블 +3
40510,1,reactions,반응 속도,2,반응 속도 +2
40511,1,balance,밸런스,2,밸런스 +2
40511,1,composure,침착성,2,침착성 +2
40511,1,shortpassing,짧은 패스,3,짧은 패스 +3
40511,1,stamina,스태미너,3,스태미너 +3
40512,1,headingaccuracy,헤더,3,헤더 +3
40512,1,marking,대인 수비,2,대인 수비 +2
40512,1,stamina,스태미너,2,스태미너 +2
40512,1,standingtackle,태클,3,태클 +3
40513,1,crossing,크로스,3,크로스 +3
40513,1,positioning,위치 선정,2,위치 선정 +2
40513,1,shortpassing,짧은 패스,3,짧은 패스 +3
40513,1,stamina,스태미너,2,스태미너 +2
40514,1,balance,밸런스,2,밸런스 +2
40514,1,ballcontrol,볼 컨트롤,2,볼 컨트롤 +2
40514,1,longpassing,긴 패스,3,긴 패스 +3
40514,1,shortpassing,짧은 패스,3,짧은 패스 +3
40515,1,acceleration,가속력,2,가속력 +2
40515,1,finishing,골 결정력,3,골 결정력 +3
40515,1,positioning,위치 선정,3,위치 선정 +3
40515,1,sprintspeed,속력,2,속력 +2
40516,1,agility,민첩성,3,민첩성 +3
40516,1,balance,밸런스,2,밸런스 +2
40516,1,shortpassing,짧은 패스,3,짧은 패스 +3
40516,1,strength,몸싸움,2,몸싸움 +2
40517,1,marking,대인 수비,2,대인 수비 +2
40517,1,sprintspeed,속력,2,속력 +2
40517,1,standingtackle,태클,3,태클 +3
40517,1,vision,시야,3,시야 +3
40518,1,acceleration,가속력,3,가속력 +3
40518,1,agility,민첩성,2,민첩성 +2
40518,1,longpassing,긴 패스,3,긴 패스 +3
40518,1,reactions,반응 속도,2,반응 속도 +2
40519,1,agility,민첩성,2,민첩성 +2
40519,1,ballcontrol,볼 컨트롤,2,볼 컨트롤 +2
40519,1,standingtackle,태클,3,태클 +3
40519,1,strength,몸싸움,3,몸싸움 +3
40520,1,finishing,골 결정력,3,골 결정력 +3
40520,1,headingaccuracy,헤더,2,헤더 +2
40520,1,shortpassing,짧은 패스,2,짧은 패스 +2
40520,1,vision,시야,3,시야 +3
40521,1,balance,밸런스,2,밸런스 +2
40521,1,marking,대인 수비,3,대인 수비 +3
40521,1,slidingtackle,슬라이딩 태클,2,슬라이딩 태클 +2
40521,1,standingtackle,태클,3,태클 +3
40522,1,balance,밸런스,2,밸런스 +2
40522,1,positioning,위치 선정,2,위치 선정 +2
40522,1,standingtackle,태클,3,태클 +3
40522,1,strength,몸싸움,3,몸싸움 +3
40523,1,interceptions,가로채기,2,가로채기 +2
40523,1,marking,대인 수비,3,대인 수비 +3
40523,1,positioning,위치 선정,3,위치 선정 +3
40523,1,stamina,스태미너,2,스태미너 +2
40524,1,aggression,적극성,3,적극성 +3
40524,1,finishing,골 결정력,2,골 결정력 +2
40524,1,marking,대인 수비,3,대인 수비 +3
40524,1,shortpassing,짧은 패스,2,짧은 패스 +2
40525,1,agility,민첩성,2,민첩성 +2
40525,1,ballcontrol,볼 컨트롤,3,볼 컨트롤 +3
40525,1,reactions,반응 속도,2,반응 속도 +2
40525,1,shortpassing,짧은 패스,3,짧은 패스 +3
40526,1,crossing,크로스,2,크로스 +2
40526,1,longshots,중거리 슛,2,중거리 슛 +2
40526,1,shortpassing,짧은 패스,3,짧은 패스 +3
40526,1,vision,시야,3,시야 +3
40527,1,dribbling,드리블,2,드리블 +2
40527,1,longshots,중거리 슛,2,중거리 슛 +2
40527,1,marking,대인 수비,3,대인 수비 +3
40527,1,standingtackle,태클,3,태클 +3
40528,1,longpassing,긴 패스,3,긴 패스 +3
40528,1,positioning,위치 선정,2,위치 선정 +2
40528,1,shortpassing,짧은 패스,3,짧은 패스 +3
40528,1,vision,시야,2,시야 +2
40529,1,longpassing,긴 패스,2,긴 패스 +2
40529,1,positioning,위치 선정,1,위치 선정 +1
40530,1,ballcontrol,볼 컨트롤,1,볼 컨트롤 +1
40530,1,shortpassing,짧은 패스,2,짧은 패스 +2
40531,1,acceleration,가속력,2,가속력 +2
40531,1,sprintspeed,속력,1,속력 +1
40532,1,overall,전체 능력치,1,전체 능력치 +1
40532,2,overall,전체 능력치,2,전체 능력치 +2
40532,3,overall,전체 능력치,3,전체 능력치 +3
40533,1,positioning,위치 선정,2,위치 선정 +2
40533,1,shortpassing,짧은 패스,2,짧은 패스 +2
40533,1,vision,시야,1,시야 +1
40534,1,acceleration,가속력,2,가속력 +2
40534,1,agility,민첩성,2,민첩성 +2
40534,1,positioning,위치 선정,1,위치 선정 +1
40535,1,overall,전체 능력치,1,전체 능력치 +1
40535,2,overall,전체 능력치,2,전체 능력치 +2
40535,3,overall,전체 능력치,3,전체 능력치 +3
40574,1,overall,전체 능력치,1,전체 능력치 +1
40574,2,overall,전체 능력치,2,전체 능력치 +2
40574,3,overall,전체 능력치,3,전체 능력치 +3
40575,1,agility,민첩성,1,민첩성 +1
40575,1,finishing,골 결정력,2,골 결정력 +2
40575,1,vision,시야,2,시야 +2
40576,1,balance,밸런스,2,밸런스 +2
40576,1,reactions,반응 속도,2,반응 속도 +2
40576,1,stamina,스태미너,1,스태미너 +1
40577,1,acceleration,가속력,1,가속력 +1
40577,1,dribbling,드리블,1,드리블 +1
40578,1,reactions,반응 속도,2,반응 속도 +2
40578,1,shortpassing,짧은 패스,2,짧은 패스 +2
40578,1,vision,시야,1,시야 +1
40579,1,balance,밸런스,1,밸런스 +1
40579,1,reactions,반응 속도,1,반응 속도 +1
40580,1,finishing,골 결정력,1,골 결정력 +1
40580,1,positioning,위치 선정,1,위치 선정 +1
40581,1,finishing,골 결정력,2,골 결정력 +2
40581,1,positioning,위치 선정,2,위치 선정 +2
40582,1,marking,대인 수비,2,대인 수비 +2
40582,1,slidingtackle,슬라이딩 태클,1,슬라이딩 태클 +1
40583,1,finishing,골 결정력,1,골 결정력 +1
40583,1,positioning,위치 선정,2,위치 선정 +2
40584,1,overall,전체 능력치,1,전체 능력치 +1
40584,2,overall,전체 능력치,2,전체 능력치 +2
40584,3,overall,전체 능력치,3,전체 능력치 +3
40585,1,overall,전체 능력치,1,전체 능력치 +1
40585,2,overall,전체 능력치,2,전체 능력치 +2
40585,3,overall,전체 능력치,3,전체 능력치 +3
40587,1,overall,전체 능력치,1,전체 능력치 +1
40587,2,overall,전체 능력치,2,전체 능력치 +2
40587,3,overall,전체 능력치,3,전체 능력치 +3
40588,1,overall,전체 능력치,1,전체 능력치 +1
40588,2,overall,전체 능력치,2,전체 능력치 +2
40588,3,overall,전체 능력치,3,전체 능력치 +3
40590,1,overall,전체 능력치,1,전체 능력치 +1
40590,2,overall,전체 능력치,2,전체 능력치 +2
40590,3,overall,전체 능력치,3,전체 능력치 +3
40592,1,overall,전체 능력치,1,전체 능력치 +1
40592,2,overall,전체 능력치,2,전체 능력치 +2
40592,3,overall,전체 능력치,3,전체 능력치 +3
40593,1,overall,전체 능력치,1,전체 능력치 +1
40593,2,overall,전체 능력치,2,전체 능력치 +2
40593,3,overall,전체 능력치,3,전체 능력치 +3
40594,1,overall,전체 능력치,1,전체 능력치 +1
40594,2,overall,전체 능력치,2,전체 능력치 +2
40594,3,overall,전체 능력치,3,전체 능력치 +3
40595,1,overall,전체 능력치,1,전체 능력치 +1
40595,2,overall,전체 능력치,2,전체 능력치 +2
40595,3,overall,전체 능력치,3,전체 능력치 +3
40596,1,overall,전체 능력치,1,전체 능력치 +1
40596,2,overall,전체 능력치,2,전체 능력치 +2
40596,3,overall,전체 능력치,3,전체 능력치 +3
40604,1,overall,전체 능력치,1,전체 능력치 +1
40604,2,overall,전체 능력치,2,전체 능력치 +2
40604,3,overall,전체 능력치,3,전체 능력치 +3
40605,1,overall,전체 능력치,1,전체 능력치 +1
40605,2,overall,전체 능력치,2,전체 능력치 +2
40605,3,overall,전체 능력치,3,전체 능력치 +3
40617,1,overall,전체 능력치,1,전체 능력치 +1
40617,2,overall,전체 능력치,2,전체 능력치 +2
40617,3,overall,전체 능력치,3,전체 능력치 +3
40618,1,overall,전체 능력치,1,전체 능력치 +1
40618,2,overall,전체 능력치,2,전체 능력치 +2
40618,3,overall,전체 능력치,3,전체 능력치 +3
40619,1,finishing,골 결정력,3,골 결정력 +3
40619,1,positioning,위치 선정,2,위치 선정 +2
40619,1,shortpassing,짧은 패스,2,짧은 패스 +2
40619,1,sprintspeed,속력,3,속력 +3
40620,1,crossing,크로스,3,크로스 +3
40620,1,headingaccuracy,헤더,2,헤더 +2
40620,1,positioning,위치 선정,3,위치 선정 +3
40620,1,shortpassing,짧은 패스,2,짧은 패스 +2
40621,1,dribbling,드리블,2,드리블 +2
40621,1,positioning,위치 선정,3,위치 선정 +3
40621,1,shortpassing,짧은 패스,3,짧은 패스 +3
40621,1,vision,시야,2,시야 +2
40622,1,acceleration,가속력,3,가속력 +3
40622,1,positioning,위치 선정,3,위치 선정 +3
40622,1,shortpassing,짧은 패스,2,짧은 패스 +2
40622,1,vision,시야,2,시야 +2
40623,1,crossing,크로스,2,크로스 +2
40623,1,finishing,골 결정력,2,골 결정력 +2
40623,1,sprintspeed,속력,3,속력 +3
40623,1,stamina,스태미너,3,스태미너 +3
40624,1,acceleration,가속력,2,가속력 +2
40624,1,crossing,크로스,3,크로스 +3
40624,1,shortpassing,짧은 패스,2,짧은 패스 +2
40624,1,sprintspeed,속력,3,속력 +3
40625,1,balance,밸런스,2,밸런스 +2
40625,1,ballcontrol,볼 컨트롤,3,볼 컨트롤 +3
40625,1,shortpassing,짧은 패스,2,짧은 패스 +2
40625,1,vision,시야,3,시야 +3
40626,1,headingaccuracy,헤더,2,헤더 +2
40626,1,interceptions,가로채기,2,가로채기 +2
40626,1,longpassing,긴 패스,3,긴 패스 +3
40626,1,standingtackle,태클,3,태클 +3
40627,1,finishing,골 결정력,2,골 결정력 +2
40627,1,headingaccuracy,헤더,3,헤더 +3
40627,1,marking,대인 수비,3,대인 수비 +3
40627,1,sprintspeed,속력,2,속력 +2
40628,1,dribbling,드리블,2,드리블 +2
40628,1,finishing,골 결정력,3,골 결정력 +3
40628,1,positioning,위치 선정,2,위치 선정 +2
40628,1,shortpassing,짧은 패스,3,짧은 패스 +3
40629,1,acceleration,가속력,3,가속력 +3
40629,1,longshots,중거리 슛,2,중거리 슛 +2
40629,1,positioning,위치 선정,3,위치 선정 +3
40629,1,vision,시야,2,시야 +2
40630,1,finishing,골 결정력,3,골 결정력 +3
40630,1,positioning,위치 선정,2,위치 선정 +2
40630,1,shortpassing,짧은 패스,2,짧은 패스 +2
40630,1,sprintspeed,속력,3,속력 +3
40631,1,crossing,크로스,2,크로스 +2
40631,1,dribbling,드리블,3,드리블 +3
40631,1,interceptions,가로채기,2,가로채기 +2
40631,1,sprintspeed,속력,3,속력 +3
40632,1,crossing,크로스,3,크로스 +3
40632,1,longpassing,긴 패스,2,긴 패스 +2
40632,1,standingtackle,태클,2,태클 +2
40632,1,vision,시야,3,시야 +3
40633,1,ballcontrol,볼 컨트롤,2,볼 컨트롤 +2
40633,1,dribbling,드리블,3,드리블 +3
40633,1,interceptions,가로채기,3,가로채기 +3
40633,1,vision,시야,2,시야 +2
40634,1,finishing,골 결정력,2,골 결정력 +2
40634,1,positioning,위치 선정,2,위치 선정 +2
40634,1,shortpassing,짧은 패스,3,짧은 패스 +3
40634,1,vision,시야,3,시야 +3
40635,1,aggression,적극성,3,적극성 +3
40635,1,interceptions,가로채기,2,가로채기 +2
40635,1,marking,대인 수비,2,대인 수비 +2
40635,1,stamina,스태미너,3,스태미너 +3
40636,1,balance,밸런스,3,밸런스 +3
40636,1,marking,대인 수비,2,대인 수비 +2
40636,1,shortpassing,짧은 패스,2,짧은 패스 +2
40636,1,stamina,스태미너,3,스태미너 +3
40637,1,crossing,크로스,3,크로스 +3
40637,1,headingaccuracy,헤더,2,헤더 +2
40637,1,shortpassing,짧은 패스,2,짧은 패스 +2
40637,1,strength,몸싸움,3,몸싸움 +3
40638,1,composure,침착성,2,침착성 +2
40638,1,finishing,골 결정력,3,골 결정력 +3
40638,1,positioning,위치 선정,2,위치 선정 +2
40638,1,sprintspeed,속력,3,속력 +3
40639,1,dribbling,드리블,2,드리블 +2
40639,1,marking,대인 수비,3,대인 수비 +3
40639,1,sprintspeed,속력,2,속력 +2
40639,1,standingtackle,태클,3,태클 +3
40640,1,acceleration,가속력,3,가속력 +3
40640,1,positioning,위치 선정,3,위치 선정 +3
40640,1,shortpassing,짧은 패스,2,짧은 패스 +2
40640,1,vision,시야,2,시야 +2
40641,1,aggression,적극성,3,적극성 +3
40641,1,balance,밸런스,2,밸런스 +2
40641,1,marking,대인 수비,2,대인 수비 +2
40641,1,stamina,스태미너,3,스태미너 +3
40642,1,crossing,크로스,3,크로스 +3
40642,1,curve,커브,3,커브 +3
40642,1,headingaccuracy,헤더,2,헤더 +2
40642,1,positioning,위치 선정,2,위치 선정 +2
40643,1,agility,민첩성,2,민첩성 +2
40643,1,dribbling,드리블,2,드리블 +2
40643,1,finishing,골 결정력,3,골 결정력 +3
40643,1,positioning,위치 선정,3,위치 선정 +3
40644,1,ballcontrol,볼 컨트롤,2,볼 컨트롤 +2
40644,1,composure,침착성,2,침착성 +2
40644,1,positioning,위치 선정,3,위치 선정 +3
40644,1,vision,시야,3,시야 +3
40645,1,composure,침착성,2,침착성 +2
40645,1,finishing,골 결정력,3,골 결정력 +3
40645,1,positioning,위치 선정,3,위치 선정 +3
40645,1,shortpassing,짧은 패스,2,짧은 패스 +2
40646,1,aggression,적극성,3,적극성 +3
40646,1,balance,밸런스,2,밸런스 +2
40646,1,positioning,위치 선정,3,위치 선정 +3
40646,1,strength,몸싸움,2,몸싸움 +2
40647,1,aggression,적극성,3,적극성 +3
40647,1,headingaccuracy,헤더,2,헤더 +2
40647,1,reactions,반응 속도,2,반응 속도 +2
40647,1,stamina,스태미너,3,스태미너 +3
40648,1,composure,침착성,3,침착성 +3
40648,1,longshots,중거리 슛,2,중거리 슛 +2
40648,1,shortpassing,짧은 패스,3,짧은 패스 +3
40648,1,shotpower,슛 파워,2,슛 파워 +2
40649,1,aggression,적극성,3,적극성 +3
40649,1,crossing,크로스,2,크로스 +2
40649,1,interceptions,가로채기,3,가로채기 +3
40649,1,longpassing,긴 패스,2,긴 패스 +2
40650,1,acceleration,가속력,2,가속력 +2
40650,1,agility,민첩성,3,민첩성 +3
40650,1,dribbling,드리블,3,드리블 +3
40650,1,reactions,반응 속도,2,반응 속도 +2
40651,1,composure,침착성,2,침착성 +2
40651,1,finishing,골 결정력,3,골 결정력 +3
40651,1,longshots,중거리 슛,2,중거리 슛 +2
40651,1,shotpower,슛 파워,3,슛 파워 +3
40652,1,agility,민첩성,3,민첩성 +3
40652,1,reactions,반응 속도,3,반응 속도 +3
40652,1,shortpassing,짧은 패스,2,짧은 패스 +2
40652,1,vision,시야,2,시야 +2
40653,1,acceleration,가속력,3,가속력 +3
40653,1,positioning,위치 선정,3,위치 선정 +3
40653,1,shortpassing,짧은 패스,2,짧은 패스 +2
40653,1,vision,시야,2,시야 +2
40654,1,aggression,적극성,3,적극성 +3
40654,1,balance,밸런스,2,밸런스 +2
40654,1,marking,대인 수비,3,대인 수비 +3
40654,1,shortpassing,짧은 패스,2,짧은 패스 +2
40655,1,ballcontrol,볼 컨트롤,2,볼 컨트롤 +2
40655,1,composure,침착성,3,침착성 +3
40655,1,shortpassing,짧은 패스,3,짧은 패스 +3
40655,1,vision,시야,2,시야 +2
40656,1,marking,대인 수비,2,대인 수비 +2
40656,1,positioning,위치 선정,1,위치 선정 +1
40656,1,sprintspeed,속력,2,속력 +2
40657,1,aggression,적극성,2,적극성 +2
40657,1,headingaccuracy,헤더,2,헤더 +2
40657,1,stamina,스태미너,1,스태미너 +1
40658,1,headingaccuracy,헤더,2,헤더 +2
40658,1,interceptions,가로채기,1,가로채기 +1
40658,1,standingtackle,태클,2,태클 +2
40659,1,ballcontrol,볼 컨트롤,2,볼 컨트롤 +2
40659,1,positioning,위치 선정,2,위치 선정 +2
40659,1,shortpassing,짧은 패스,1,짧은 패스 +1
40660,1,overall,전체 능력치,1,전체 능력치 +1
40660,2,overall,전체 능력치,2,전체 능력치 +2
40660,3,longshots,중거리 슛,1,중거리 슛 +1
40660,3,overall,전체 능력치,3,전체 능력치 +3
40660,3,shortpassing,짧은 패스,2,짧은 패스 +2
40661,1,overall,전체 능력치,1,전체 능력치 +1
40661,2,overall,전체 능력치,2,전체 능력치 +2
40661,3,overall,전체 능력치,3,전체 능력치 +3
40662,1,overall,전체 능력치,1,전체 능력치 +1
40662,2,overall,전체 능력치,2,전체 능력치 +2
40662,3,overall,전체 능력치,3,전체 능력치 +3
40663,1,overall,전체 능력치,1,전체 능력치 +1
40663,2,overall,전체 능력치,2,전체 능력치 +2
40663,3,overall,전체 능력치,3,전체 능력치 +3
40664,1,overall,전체 능력치,1,전체 능력치 +1
40664,2,overall,전체 능력치,2,전체 능력치 +2
40664,3,overall,전체 능력치,3,전체 능력치 +3
40665,1,overall,전체 능력치,1,전체 능력치 +1
40665,2,overall,전체 능력치,2,전체 능력치 +2
40665,3,overall,전체 능력치,3,전체 능력치 +3
40666,1,overall,전체 능력치,1,전체 능력치 +1
40666,2,overall,전체 능력치,2,전체 능력치 +2
40666,3,overall,전체 능력치,3,전체 능력치 +3
40667,1,overall,전체 능력치,1,전체 능력치 +1
40667,2,overall,전체 능력치,2,전체 능력치 +2
40667,3,overall,전체 능력치,3,전체 능력치 +3
40668,1,overall,전체 능력치,1,전체 능력치 +1
40668,2,overall,전체 능력치,2,전체 능력치 +2
40668,3,overall,전체 능력치,3,전체 능력치 +3
40670,1,overall,전체 능력치,1,전체 능력치 +1
40670,2,overall,전체 능력치,2,전체 능력치 +2
40670,3,overall,전체 능력치,3,전체 능력치 +3
40671,1,longpassing,긴 패스,1,긴 패스 +1
40671,1,shortpassing,짧은 패스,1,짧은 패스 +1
40672,1,overall,전체 능력치,1,전체 능력치 +1
40672,2,overall,전체 능력치,2,전체 능력치 +2
40672,3,overall,전체 능력치,3,전체 능력치 +3
40674,1,overall,전체 능력치,1,전체 능력치 +1
40674,2,overall,전체 능력치,2,전체 능력치 +2
40674,3,overall,전체 능력치,3,전체 능력치 +3
40676,1,overall,전체 능력치,1,전체 능력치 +1
40676,2,overall,전체 능력치,2,전체 능력치 +2
40676,3,overall,전체 능력치,3,전체 능력치 +3
40677,1,overall,전체 능력치,1,전체 능력치 +1
40677,2,overall,전체 능력치,2,전체 능력치 +2
40677,3,overall,전체 능력치,3,전체 능력치 +3
40678,1,overall,전체 능력치,1,전체 능력치 +1
40678,2,overall,전체 능력치,2,전체 능력치 +2
40678,3,overall,전체 능력치,3,전체 능력치 +3
40679,1,overall,전체 능력치,1,전체 능력치 +1
40679,2,overall,전체 능력치,2,전체 능력치 +2
40679,3,overall,전체 능력치,3,전체 능력치 +3
40680,1,aggression,적극성,3,적극성 +3
40680,1,slidingtackle,슬라이딩 태클,3,슬라이딩 태클 +3
40680,1,standingtackle,태클,2,태클 +2
40680,1,volleys,발리 슛,2,발리 슛 +2
40681,1,dribbling,드리블,3,드리블 +3
40681,1,finishing,골 결정력,3,골 결정력 +3
40681,1,longpassing,긴 패스,2,긴 패스 +2
40681,1,positioning,위치 선정,2,위치 선정 +2
40682,1,aggression,적극성,3,적극성 +3
40682,1,ballcontrol,볼 컨트롤,2,볼 컨트롤 +2
40682,1,longpassing,긴 패스,3,긴 패스 +3
40682,1,positioning,위치 선정,2,위치 선정 +2
40683,1,crossing,크로스,2,크로스 +2
40683,1,headingaccuracy,헤더,3,헤더 +3
40683,1,jumping,점프,3,점프 +3
40683,1,longpassing,긴 패스,2,긴 패스 +2
40684,1,balance,밸런스,2,밸런스 +2
40684,1,crossing,크로스,3,크로스 +3
40684,1,headingaccuracy,헤더,2,헤더 +2
40684,1,jumping,점프,3,점프 +3
40685,1,finishing,골 결정력,2,골 결정력 +2
40685,1,reactions,반응 속도,3,반응 속도 +3
40685,1,shortpassing,짧은 패스,3,짧은 패스 +3
40685,1,stamina,스태미너,2,스태미너 +2
40686,1,dribbling,드리블,2,드리블 +2
40686,1,longshots,중거리 슛,2,중거리 슛 +2
40686,1,positioning,위치 선정,3,위치 선정 +3
40686,1,vision,시야,3,시야 +3
40687,1,composure,침착성,2,침착성 +2
40687,1,positioning,위치 선정,2,위치 선정 +2
40687,1,shortpassing,짧은 패스,3,짧은 패스 +3
40687,1,vision,시야,3,시야 +3
40688,1,balance,밸런스,2,밸런스 +2
40688,1,ballcontrol,볼 컨트롤,3,볼 컨트롤 +3
40688,1,crossing,크로스,2,크로스 +2
40688,1,finishing,골 결정력,3,골 결정력 +3
40689,1,dribbling,드리블,2,드리블 +2
40689,1,finishing,골 결정력,3,골 결정력 +3
40689,1,positioning,위치 선정,3,위치 선정 +3
40689,1,sprintspeed,속력,2,속력 +2
40690,1,crossing,크로스,2,크로스 +2
40690,1,longshots,중거리 슛,3,중거리 슛 +3
40690,1,positioning,위치 선정,2,위치 선정 +2
40690,1,shotpower,슛 파워,3,슛 파워 +3
40691,1,dribbling,드리블,2,드리블 +2
40691,1,interceptions,가로채기,2,가로채기 +2
40691,1,jumping,점프,3,점프 +3
40691,1,stamina,스태미너,3,스태미너 +3
40692,1,ballcontrol,볼 컨트롤,3,볼 컨트롤 +3
40692,1,composure,침착성,2,침착성 +2
40692,1,finishing,골 결정력,2,골 결정력 +2
40692,1,shortpassing,짧은 패스,3,짧은 패스 +3
40693,1,composure,침착성,2,침착성 +2
40693,1,interceptions,가로채기,3,가로채기 +3
40693,1,stamina,스태미너,3,스태미너 +3
40693,1,strength,몸싸움,2,몸싸움 +2
40694,1,agility,민첩성,3,민첩성 +3
40694,1,composure,침착성,2,침착성 +2
40694,1,stamina,스태미너,3,스태미너 +3
40694,1,standingtackle,태클,2,태클 +2
40695,1,finishing,골 결정력,2,골 결정력 +2
40695,1,interceptions,가로채기,3,가로채기 +3
40695,1,standingtackle,태클,3,태클 +3
40695,1,vision,시야,2,시야 +2
40696,1,composure,침착성,2,침착성 +2
40696,1,longpassing,긴 패스,3,긴 패스 +3
40696,1,positioning,위치 선정,3,위치 선정 +3
40696,1,shortpassing,짧은 패스,2,짧은 패스 +2
40697,1,ballcontrol,볼 컨트롤,2,볼 컨트롤 +2
40697,1,composure,침착성,2,침착성 +2
40697,1,dribbling,드리블,3,드리블 +3
40697,1,positioning,위치 선정,3,위치 선정 +3
40698,1,acceleration,가속력,3,가속력 +3
40698,1,crossing,크로스,2,크로스 +2
40698,1,dribbling,드리블,3,드리블 +3
40698,1,finishing,골 결정력,2,골 결정력 +2
40699,1,longpassing,긴 패스,2,긴 패스 +2
40699,1,marking,대인 수비,3,대인 수비 +3
40699,1,stamina,스태미너,2,스태미너 +2
40699,1,standingtackle,태클,3,태클 +3
40700,1,acceleration,가속력,3,가속력 +3
40700,1,aggression,적극성,2,적극성 +2
40700,1,agility,민첩성,3,민첩성 +3
40700,1,stamina,스태미너,2,스태미너 +2
40701,1,interceptions,가로채기,3,가로채기 +3
40701,1,longpassing,긴 패스,2,긴 패스 +2
40701,1,positioning,위치 선정,2,위치 선정 +2
40701,1,standingtackle,태클,3,태클 +3
40702,1,acceleration,가속력,3,가속력 +3
40702,1,agility,민첩성,2,민첩성 +2
40702,1,positioning,위치 선정,2,위치 선정 +2
40702,1,sprintspeed,속력,3,속력 +3
40703,1,aggression,적극성,2,적극성 +2
40703,1,agility,민첩성,2,민첩성 +2
40703,1,interceptions,가로채기,3,가로채기 +3
40703,1,strength,몸싸움,3,몸싸움 +3
40704,1,aggression,적극성,2,적극성 +2
40704,1,headingaccuracy,헤더,3,헤더 +3
40704,1,standingtackle,태클,3,태클 +3
40704,1,strength,몸싸움,2,몸싸움 +2
40705,1,balance,밸런스,2,밸런스 +2
40705,1,curve,커브,2,커브 +2
40705,1,finishing,골 결정력,3,골 결정력 +3
40705,1,vision,시야,3,시야 +3
40706,1,balance,밸런스,2,밸런스 +2
40706,1,finishing,골 결정력,2,골 결정력 +2
40706,1,positioning,위치 선정,3,위치 선정 +3
40706,1,sprintspeed,속력,3,속력 +3
40707,1,dribbling,드리블,3,드리블 +3
40707,1,longshots,중거리 슛,3,중거리 슛 +3
40707,1,marking,대인 수비,2,대인 수비 +2
40707,1,slidingtackle,슬라이딩 태클,2,슬라이딩 태클 +2
40708,1,marking,대인 수비,2,대인 수비 +2
40708,1,reactions,반응 속도,3,반응 속도 +3
40708,1,standingtackle,태클,3,태클 +3
40708,1,strength,몸싸움,2,몸싸움 +2
40709,1,agility,민첩성,3,민첩성 +3
40709,1,dribbling,드리블,3,드리블 +3
40709,1,headingaccuracy,헤더,2,헤더 +2
40709,1,jumping,점프,2,점프 +2
40710,1,aggression,적극성,2,적극성 +2
40710,1,interceptions,가로채기,2,가로채기 +2
40710,1,longpassing,긴 패스,3,긴 패스 +3
40710,1,shortpassing,짧은 패스,3,짧은 패스 +3
40711,1,agility,민첩성,3,민첩성 +3
40711,1,dribbling,드리블,2,드리블 +2
40711,1,finishing,골 결정력,2,골 결정력 +2
40711,1,reactions,반응 속도,3,반응 속도 +3
40712,1,aggression,적극성,3,적극성 +3
40712,1,slidingtackle,슬라이딩 태클,2,슬라이딩 태클 +2
40712,1,stamina,스태미너,3,스태미너 +3
40712,1,standingtackle,태클,2,태클 +2
40713,1,ballcontrol,볼 컨트롤,2,볼 컨트롤 +2
40713,1,crossing,크로스,3,크로스 +3
40713,1,positioning,위치 선정,2,위치 선정 +2
40713,1,shortpassing,짧은 패스,3,짧은 패스 +3
40714,1,aggression,적극성,2,적극성 +2
40714,1,positioning,위치 선정,2,위치 선정 +2
40714,1,reactions,반응 속도,3,반응 속도 +3
40714,1,shortpassing,짧은 패스,3,짧은 패스 +3
40715,1,balance,밸런스,2,밸런스 +2
40715,1,dribbling,드리블,3,드리블 +3
40715,1,longpassing,긴 패스,3,긴 패스 +3
40715,1,positioning,위치 선정,2,위치 선정 +2
40716,1,agility,민첩성,3,민첩성 +3
40716,1,dribbling,드리블,3,드리블 +3
40716,1,headingaccuracy,헤더,2,헤더 +2
40716,1,shotpower,슛 파워,2,슛 파워 +2
40717,1,interceptions,가로채기,2,가로채기 +2
40717,1,jumping,점프,3,점프 +3
40717,1,longpassing,긴 패스,3,긴 패스 +3
40717,1,strength,몸싸움,2,몸싸움 +2
40718,1,aggression,적극성,2,적극성 +2
40718,1,balance,밸런스,2,밸런스 +2
40718,1,crossing,크로스,3,크로스 +3
40718,1,headingaccuracy,헤더,3,헤더 +3
40719,1,longshots,중거리 슛,2,중거리 슛 +2
40719,1,shotpower,슛 파워,1,슛 파워 +1
40720,1,positioning,위치 선정,2,위치 선정 +2
40720,1,shortpassing,짧은 패스,1,짧은 패스 +1
40721,1,aggression,적극성,1,적극성 +1
40721,1,slidingtackle,슬라이딩 태클,2,슬라이딩 태클 +2
40722,1,finishing,골 결정력,1,골 결정력 +1
40722,1,sprintspeed,속력,2,속력 +2
40723,1,agility,민첩성,1,민첩성 +1
40723,1,dribbling,드리블,2,드리블 +2
40724,1,positioning,위치 선정,2,위치 선정 +2
40724,1,volleys,발리 슛,1,발리 슛 +1
40725,1,marking,대인 수비,2,대인 수비 +2
40725,1,reactions,반응 속도,1,반응 속도 +1
40726,1,crossing,크로스,1,크로스 +1
40726,1,longpassing,긴 패스,2,긴 패스 +2
40727,1,ballcontrol,볼 컨트롤,1,볼 컨트롤 +1
40727,1,dribbling,드리블,1,드리블 +1
40728,1,overall,전체 능력치,1,전체 능력치 +1
40728,2,overall,전체 능력치,2,전체 능력치 +2
40728,3,overall,전체 능력치,3,전체 능력치 +3
40729,1,overall,전체 능력치,1,전체 능력치 +1
40729,2,overall,전체 능력치,2,전체 능력치 +2
40729,3,overall,전체 능력치,3,전체 능력치 +3
40730,1,finishing,골 결정력,2,골 결정력 +2
40730,1,shortpassing,짧은 패스,2,짧은 패스 +2
40730,1,sprintspeed,속력,1,속력 +1
40731,1,composure,침착성,1,침착성 +1
40731,1,finishing,골 결정력,2,골 결정력 +2
40732,1,finishing,골 결정력,2,골 결정력 +2
40732,1,shortpassing,짧은 패스,2,짧은 패스 +2
40733,1,crossing,크로스,2,크로스 +2
40733,1,headingaccuracy,헤더,2,헤더 +2
40733,1,longpassing,긴 패스,1,긴 패스 +1
40735,1,crossing,크로스,2,크로스 +2
40735,1,headingaccuracy,헤더,3,헤더 +3
40735,1,jumping,점프,2,점프 +2
40735,1,strength,몸싸움,3,몸싸움 +3
40736,1,agility,민첩성,2,민첩성 +2
40736,1,ballcontrol,볼 컨트롤,3,볼 컨트롤 +3
40736,1,shortpassing,짧은 패스,3,짧은 패스 +3
40736,1,vision,시야,2,시야 +2
40737,1,longpassing,긴 패스,2,긴 패스 +2
40737,1,shortpassing,짧은 패스,3,짧은 패스 +3
40737,1,sprintspeed,속력,3,속력 +3
40737,1,vision,시야,2,시야 +2
40738,1,composure,침착성,3,침착성 +3
40738,1,longshots,중거리 슛,2,중거리 슛 +2
40738,1,positioning,위치 선정,2,위치 선정 +2
40738,1,shortpassing,짧은 패스,3,짧은 패스 +3
40739,1,positioning,위치 선정,2,위치 선정 +2
40739,1,shortpassing,짧은 패스,3,짧은 패스 +3
40739,1,shotpower,슛 파워,2,슛 파워 +2
40739,1,vision,시야,3,시야 +3
40740,1,aggression,적극성,3,적극성 +3
40740,1,interceptions,가로채기,2,가로채기 +2
40740,1,longshots,중거리 슛,2,중거리 슛 +2
40740,1,stamina,스태미너,3,스태미너 +3
40741,1,aggression,적극성,3,적극성 +3
40741,1,freekickaccuracy,프리킥,2,프리킥 +2
40741,1,headingaccuracy,헤더,2,헤더 +2
40741,1,stamina,스태미너,3,스태미너 +3
40742,1,crossing,크로스,2,크로스 +2
40742,1,sprintspeed,속력,2,속력 +2
40742,1,stamina,스태미너,3,스태미너 +3
40742,1,standingtackle,태클,3,태클 +3
40743,1,aggression,적극성,2,적극성 +2
40743,1,composure,침착성,3,침착성 +3
40743,1,crossing,크로스,2,크로스 +2
40743,1,shortpassing,짧은 패스,3,짧은 패스 +3
40744,1,ballcontrol,볼 컨트롤,3,볼 컨트롤 +3
40744,1,dribbling,드리블,2,드리블 +2
40744,1,finishing,골 결정력,2,골 결정력 +2
40744,1,shortpassing,짧은 패스,3,짧은 패스 +3
40745,1,dribbling,드리블,3,드리블 +3
40745,1,finishing,골 결정력,2,골 결정력 +2
40745,1,positioning,위치 선정,2,위치 선정 +2
40745,1,sprintspeed,속력,3,속력 +3
40746,1,interceptions,가로채기,2,가로채기 +2
40746,1,marking,대인 수비,3,대인 수비 +3
40746,1,shortpassing,짧은 패스,2,짧은 패스 +2
40746,1,standingtackle,태클,3,태클 +3
40747,1,crossing,크로스,3,크로스 +3
40747,1,finishing,골 결정력,2,골 결정력 +2
40747,1,positioning,위치 선정,2,위치 선정 +2
40747,1,stamina,스태미너,3,스태미너 +3
40748,1,composure,침착성,3,침착성 +3
40748,1,longshots,중거리 슛,2,중거리 슛 +2
40748,1,shortpassing,짧은 패스,3,짧은 패스 +3
40748,1,vision,시야,2,시야 +2
40749,1,ballcontrol,볼 컨트롤,2,볼 컨트롤 +2
40749,1,positioning,위치 선정,3,위치 선정 +3
40749,1,shortpassing,짧은 패스,3,짧은 패스 +3
40749,1,vision,시야,2,시야 +2
40750,1,aggression,적극성,3,적극성 +3
40750,1,interceptions,가로채기,2,가로채기 +2
40750,1,sprintspeed,속력,2,속력 +2
40750,1,stamina,스태미너,3,스태미너 +3
40751,1,aggression,적극성,2,적극성 +2
40751,1,headingaccuracy,헤더,3,헤더 +3
40751,1,longpassing,긴 패스,2,긴 패스 +2
40751,1,strength,몸싸움,3,몸싸움 +3
40752,1,dribbling,드리블,3,드리블 +3
40752,1,finishing,골 결정력,3,골 결정력 +3
40752,1,positioning,위치 선정,2,위치 선정 +2
40752,1,shortpassing,짧은 패스,2,짧은 패스 +2
40753,1,crossing,크로스,2,크로스 +2
40753,1,headingaccuracy,헤더,2,헤더 +2
40753,1,marking,대인 수비,3,대인 수비 +3
40753,1,strength,몸싸움,3,몸싸움 +3
40754,1,acceleration,가속력,2,가속력 +2
40754,1,aggression,적극성,3,적극성 +3
40754,1,sprintspeed,속력,2,속력 +2
40754,1,stamina,스태미너,3,스태미너 +3
40755,1,ballcontrol,볼 컨트롤,3,볼 컨트롤 +3
40755,1,positioning,위치 선정,2,위치 선정 +2
40755,1,shortpassing,짧은 패스,3,짧은 패스 +3
40755,1,stamina,스태미너,2,스태미너 +2
40756,1,aggression,적극성,3,적극성 +3
40756,1,crossing,크로스,2,크로스 +2
40756,1,headingaccuracy,헤더,2,헤더 +2
40756,1,stamina,스태미너,3,스태미너 +3
40757,1,crossing,크로스,2,크로스 +2
40757,1,positioning,위치 선정,2,위치 선정 +2
40757,1,shortpassing,짧은 패스,3,짧은 패스 +3
40757,1,vision,시야,3,시야 +3
40758,1,crossing,크로스,3,크로스 +3
40758,1,marking,대인 수비,2,대인 수비 +2
40758,1,stamina,스태미너,3,스태미너 +3
40758,1,standingtackle,태클,2,태클 +2
40759,1,crossing,크로스,3,크로스 +3
40759,1,finishing,골 결정력,2,골 결정력 +2
40759,1,headingaccuracy,헤더,3,헤더 +3
40759,1,positioning,위치 선정,2,위치 선정 +2
40760,1,aggression,적극성,3,적극성 +3
40760,1,ballcontrol,볼 컨트롤,2,볼 컨트롤 +2
40760,1,shortpassing,짧은 패스,2,짧은 패스 +2
40760,1,stamina,스태미너,3,스태미너 +3
40761,1,aggression,적극성,3,적극성 +3
40761,1,interceptions,가로채기,2,가로채기 +2
40761,1,marking,대인 수비,2,대인 수비 +2
40761,1,stamina,스태미너,3,스태미너 +3
40762,1,ballcontrol,볼 컨트롤,3,볼 컨트롤 +3
40762,1,composure,침착성,2,침착성 +2
40762,1,shortpassing,짧은 패스,3,짧은 패스 +3
40762,1,vision,시야,2,시야 +2
40763,1,ballcontrol,볼 컨트롤,2,볼 컨트롤 +2
40763,1,dribbling,드리블,3,드리블 +3
40763,1,positioning,위치 선정,2,위치 선정 +2
40763,1,sprintspeed,속력,3,속력 +3
40764,1,dribbling,드리블,2,드리블 +2
40764,1,positioning,위치 선정,3,위치 선정 +3
40764,1,shortpassing,짧은 패스,3,짧은 패스 +3
40764,1,vision,시야,2,시야 +2
40765,1,aggression,적극성,3,적극성 +3
40765,1,crossing,크로스,2,크로스 +2
40765,1,longpassing,긴 패스,2,긴 패스 +2
40765,1,stamina,스태미너,3,스태미너 +3
40766,1,agility,민첩성,3,민첩성 +3
40766,1,ballcontrol,볼 컨트롤,2,볼 컨트롤 +2
40766,1,dribbling,드리블,3,드리블 +3
40766,1,shortpassing,짧은 패스,2,짧은 패스 +2
40767,1,interceptions,가로채기,3,가로채기 +3
40767,1,marking,대인 수비,3,대인 수비 +3
40767,1,positioning,위치 선정,2,위치 선정 +2
40767,1,sprintspeed,속력,2,속력 +2
40768,1,ballcontrol,볼 컨트롤,3,볼 컨트롤 +3
40768,1,positioning,위치 선정,2,위치 선정 +2
40768,1,shortpassing,짧은 패스,3,짧은 패스 +3
40768,1,stamina,스태미너,2,스태미너 +2
40769,1,interceptions,가로채기,2,가로채기 +2
40769,1,shortpassing,짧은 패스,3,짧은 패스 +3
40769,1,stamina,스태미너,2,스태미너 +2
40769,1,vision,시야,3,시야 +3
40770,1,ballcontrol,볼 컨트롤,3,볼 컨트롤 +3
40770,1,composure,침착성,2,침착성 +2
40770,1,shortpassing,짧은 패스,3,짧은 패스 +3
40770,1,vision,시야,2,시야 +2
40771,1,crossing,크로스,2,크로스 +2
40771,1,finishing,골 결정력,2,골 결정력 +2
40771,1,sprintspeed,속력,3,속력 +3
40771,1,stamina,스태미너,3,스태미너 +3
40772,1,acceleration,가속력,2,가속력 +2
40772,1,aggression,적극성,3,적극성 +3
40772,1,positioning,위치 선정,2,위치 선정 +2
40772,1,stamina,스태미너,3,스태미너 +3
