teamcolor_id,name,description,category,type,max_stage,max_required_players,max_effect_summary,icon_url,source_url,collected_at,schema_version
1000,맨체스터 시티,맨체스터 시티 선수들로 구성된 팀컬러입니다.,소속 팀컬러,클럽,4,11,전체 능력치 +4 | 시야 +3 | 짧은 패스 +3,https://fco.dn.nexoncdn.co.kr/live/externalAssets/common/crests/light/medium/l10.png,https://fconline.nexon.com/datacenter/teamcolor#teamcolorid=1000,2026-07-31T18:15:14+09:00,1.0.0
1001,리버풀,리버풀 선수들로 구성된 팀컬러입니다.,소속 팀컬러,클럽,4,11,전체 능력치 +4 | 속력 +3 | 반응 속도 +3,https://fco.dn.nexoncdn.co.kr/live/externalAssets/common/crests/light/medium/l9.png,https://fconline.nexon.com/datacenter/teamcolor#teamcolorid=1001,2026-07-31T18:15:14+09:00,1.0.0
1002,토트넘 홋스퍼,토트넘 홋스퍼 선수들로 구성된 팀컬러입니다.,소속 팀컬러,클럽,4,11,전체 능력치 +4 | 반응 속도 +3 | 위치 선정 +3,https://fco.dn.nexoncdn.co.kr/live/externalAssets/common/crests/light/medium/l18.png,https://fconline.nexon.com/datacenter/teamcolor#teamcolorid=1002,2026-07-31T18:15:14+09:00,1.0.0
1003,첼시,첼시 선수들로 구성된 팀컬러입니다.,소속 팀컬러,클럽,4,11,전체 능력치 +4 | 볼 컨트롤 +3 | 크로스 +3,https://fco.dn.nexoncdn.co.kr/live/externalAssets/common/crests/light/medium/l5.png,https://fconline.nexon.com/datacenter/teamcolor#teamcolorid=1003,2026-07-31T18:15:14+09:00,1.0.0
1004,아스널,아스널 선수들로 구성된 팀컬러입니다.,소속 팀컬러,클럽,4,11,전체 능력치 +4 | 짧은 패스 +3 | 민첩성 +3,https://fco.dn.nexoncdn.co.kr/live/externalAssets/common/crests/light/medium/l1.png,https://fconline.nexon.com/datacenter/teamcolor#teamcolorid=1004,2026-07-31T18:15:14+09:00,1.0.0
1005,맨체스터 유나이티드,맨체스터 유나이티드 선수들로 구성된 팀컬러입니다.,소속 팀컬러,클럽,4,11,전체 능력치 +4 | 가속력 +3 | 중거리 슛 +3,https://fco.dn.nexoncdn.co.kr/live/externalAssets/common/crests/light/medium/l11.png,https://fconline.nexon.com/datacenter/teamcolor#teamcolorid=1005,2026-07-31T18:15:14+09:00,1.0.0
1006,울버햄프턴 원더러스,울버햄프턴 원더러스 선수들로 구성된 팀컬러입니다.,소속 팀컬러,클럽,4,11,전체 능력치 +4 | 가속력 +3 | 가로채기 +3,https://fco.dn.nexoncdn.co.kr/live/externalAssets/common/crests/light/medium/l110.png,https://fconline.nexon.com/datacenter/teamcolor#teamcolorid=1006,2026-07-31T18:15:14+09:00,1.0.0
1007,레스터 시티,레스터 시티 선수들로 구성된 팀컬러입니다.,소속 팀컬러,클럽,4,11,전체 능력치 +4 | 짧은 패스 +3 | 가로채기 +3,https://fco.dn.nexoncdn.co.kr/live/externalAssets/common/crests/light/medium/l95.png,https://fconline.nexon.com/datacenter/teamcolor#teamcolorid=1007,2026-07-31T18:15:14+09:00,1.0.0
1008,에버턴,에버턴 선수들로 구성된 팀컬러입니다.,소속 팀컬러,클럽,4,11,전체 능력치 +4 | 크로스 +3 | 밸런스 +3,https://fco.dn.nexoncdn.co.kr/live/externalAssets/common/crests/light/medium/l7.png,https://fconline.nexon.com/datacenter/teamcolor#teamcolorid=1008,2026-07-31T18:15:14+09:00,1.0.0
1009,왓퍼드,왓퍼드 선수들로 구성된 팀컬러입니다.,소속 팀컬러,클럽,4,11,전체 능력치 +4 | 반응 속도 +3 | 속력 +3,https://fco.dn.nexoncdn.co.kr/live/externalAssets/common/crests/light/medium/l1795.png,https://fconline.nexon.com/datacenter/teamcolor#teamcolorid=1009,2026-07-31T18:15:14+09:00,1.0.0
1010,바이에른 뮌헨,바이에른 뮌헨 선수들로 구성된 팀컬러입니다.,소속 팀컬러,클럽,4,11,전체 능력치 +4 | 짧은 패스 +3 | 슛 파워 +3,https://fco.dn.nexoncdn.co.kr/live/externalAssets/common/crests/light/medium/l21.png,https://fconline.nexon.com/datacenter/teamcolor#teamcolorid=1010,2026-07-31T18:15:14+09:00,1.0.0
1011,보루시아 도르트문트,보루시아 도르트문트 선수들로 구성된 팀컬러입니다.,소속 팀컬러,클럽,4,11,전체 능력치 +4 | 드리블 +3 | 볼 컨트롤 +3,https://fco.dn.nexoncdn.co.kr/live/externalAssets/common/crests/light/medium/l22.png,https://fconline.nexon.com/datacenter/teamcolor#teamcolorid=1011,2026-07-31T18:15:14+09:00,1.0.0
1012,RB 라이프치히,RB 라이프치히 선수들로 구성된 팀컬러입니다.,소속 팀컬러,클럽,4,11,전체 능력치 +4 | 민첩성 +3 | 시야 +3,https://fco.dn.nexoncdn.co.kr/live/externalAssets/common/crests/light/medium/l112172.png,https://fconline.nexon.com/datacenter/teamcolor#teamcolorid=1012,2026-07-31T18:15:14+09:00,1.0.0
1013,아인트라흐트 프랑크푸르트,아인트라흐트 프랑크푸르트 선수들로 구성된 팀컬러입니다.,소속 팀컬러,클럽,4,11,전체 능력치 +4 | 드리블 +3 | 시야 +3,https://fco.dn.nexoncdn.co.kr/live/externalAssets/common/crests/light/medium/l1824.png,https://fconline.nexon.com/datacenter/teamcolor#teamcolorid=1013,2026-07-31T18:15:14+09:00,1.0.0
1014,바이엘 04 레버쿠젠,바이엘 04 레버쿠젠 선수들로 구성된 팀컬러입니다.,소속 팀컬러,클럽,4,11,전체 능력치 +4 | 속력 +3 | 가속력 +3,https://fco.dn.nexoncdn.co.kr/live/externalAssets/common/crests/light/medium/l32.png,https://fconline.nexon.com/datacenter/teamcolor#teamcolorid=1014,2026-07-31T18:15:14+09:00,1.0.0
1015,VfL 볼프스부르크,VfL 볼프스부르크 선수들로 구성된 팀컬러입니다.,소속 팀컬러,클럽,4,11,전체 능력치 +4 | 태클 +3 | 가로채기 +3,https://fco.dn.nexoncdn.co.kr/live/externalAssets/common/crests/light/medium/l175.png,https://fconline.nexon.com/datacenter/teamcolor#teamcolorid=1015,2026-07-31T18:15:14+09:00,1.0.0
1016,FC 바르셀로나,FC 바르셀로나 선수들로 구성된 팀컬러입니다.,소속 팀컬러,클럽,4,11,전체 능력치 +4 | 짧은 패스 +3 | 볼 컨트롤 +3,https://fco.dn.nexoncdn.co.kr/live/externalAssets/common/crests/light/medium/l241.png,https://fconline.nexon.com/datacenter/teamcolor#teamcolorid=1016,2026-07-31T18:15:14+09:00,1.0.0
1017,아틀레티코 마드리드,아틀레티코 마드리드 선수들로 구성된 팀컬러입니다.,소속 팀컬러,클럽,4,11,전체 능력치 +4 | 태클 +3 | 반응 속도 +3,https://fco.dn.nexoncdn.co.kr/live/externalAssets/common/crests/light/medium/l240.png,https://fconline.nexon.com/datacenter/teamcolor#teamcolorid=1017,2026-07-31T18:15:14+09:00,1.0.0
1018,레알 마드리드,레알 마드리드 선수들로 구성된 팀컬러입니다.,소속 팀컬러,클럽,4,11,전체 능력치 +4 | 시야 +3 | 드리블 +3,https://fco.dn.nexoncdn.co.kr/live/externalAssets/common/crests/light/medium/l243.png,https://fconline.nexon.com/datacenter/teamcolor#teamcolorid=1018,2026-07-31T18:15:14+09:00,1.0.0
1019,발렌시아 CF,발렌시아 CF 선수들로 구성된 팀컬러입니다.,소속 팀컬러,클럽,4,11,전체 능력치 +4 | 반응 속도 +3 | 중거리 슛 +3,https://fco.dn.nexoncdn.co.kr/live/externalAssets/common/crests/light/medium/l461.png,https://fconline.nexon.com/datacenter/teamcolor#teamcolorid=1019,2026-07-31T18:15:14+09:00,1.0.0
1020,RCD 에스파뇰,RCD 에스파뇰 선수들로 구성된 팀컬러입니다.,소속 팀컬러,클럽,4,11,전체 능력치 +4 | 중거리 슛 +3 | 짧은 패스 +3,https://fco.dn.nexoncdn.co.kr/live/externalAssets/common/crests/light/medium/l452.png,https://fconline.nexon.com/datacenter/teamcolor#teamcolorid=1020,2026-07-31T18:15:14+09:00,1.0.0
1021,유벤투스,유벤투스 선수들로 구성된 팀컬러입니다.,소속 팀컬러,클럽,4,11,전체 능력치 +4 | 민첩성 +3 | 짧은 패스 +3,https://fco.dn.nexoncdn.co.kr/live/externalAssets/common/crests/light/medium/l45.png,https://fconline.nexon.com/datacenter/teamcolor#teamcolorid=1021,2026-07-31T18:15:14+09:00,1.0.0
1022,SSC 나폴리,SSC 나폴리 선수들로 구성된 팀컬러입니다.,소속 팀컬러,클럽,4,11,전체 능력치 +4 | 시야 +3 | 커브 +3,https://fco.dn.nexoncdn.co.kr/live/externalAssets/common/crests/light/medium/l48.png,https://fconline.nexon.com/datacenter/teamcolor#teamcolorid=1022,2026-07-31T18:15:14+09:00,1.0.0
1023,롬바르디아 FC,롬바르디아 FC 선수들로 구성된 팀컬러입니다.,소속 팀컬러,클럽,4,11,전체 능력치 +4 | 골 결정력 +3 | 중거리 슛 +3,https://fco.dn.nexoncdn.co.kr/live/externalAssets/common/crests/light/medium/l131682.png,https://fconline.nexon.com/datacenter/teamcolor#teamcolorid=1023,2026-07-31T18:15:14+09:00,1.0.0
1024,AS 로마,AS 로마 선수들로 구성된 팀컬러입니다.,소속 팀컬러,클럽,4,11,전체 능력치 +4 | 가로채기 +3 | 시야 +3,https://fco.dn.nexoncdn.co.kr/live/externalAssets/common/crests/light/medium/l52.png,https://fconline.nexon.com/datacenter/teamcolor#teamcolorid=1024,2026-07-31T18:15:14+09:00,1.0.0
1025,밀라노 FC,밀라노 FC 선수들로 구성된 팀컬러입니다.,소속 팀컬러,클럽,4,11,전체 능력치 +4 | 대인 수비 +3 | 태클 +3,https://fco.dn.nexoncdn.co.kr/live/externalAssets/common/crests/light/medium/l131681.png,https://fconline.nexon.com/datacenter/teamcolor#teamcolorid=1025,2026-07-31T18:15:14+09:00,1.0.0
1026,라티움,라티움 선수들로 구성된 팀컬러입니다.,소속 팀컬러,클럽,4,11,전체 능력치 +4 | 태클 +3 | 긴 패스 +3,https://fco.dn.nexoncdn.co.kr/live/externalAssets/common/crests/light/medium/l115841.png,https://fconline.nexon.com/datacenter/teamcolor#teamcolorid=1026,2026-07-31T18:15:14+09:00,1.0.0
1027,파리 생제르맹,파리 생제르맹 선수들로 구성된 팀컬러입니다.,소속 팀컬러,클럽,4,11,전체 능력치 +4 | 드리블 +3 | 볼 컨트롤 +3,https://fco.dn.nexoncdn.co.kr/live/externalAssets/common/crests/light/medium/l73.png,https://fconline.nexon.com/datacenter/teamcolor#teamcolorid=1027,2026-07-31T18:15:14+09:00,1.0.0
1028,LOSC 릴,LOSC 릴 선수들로 구성된 팀컬러입니다.,소속 팀컬러,클럽,4,11,전체 능력치 +4 | 위치 선정 +3 | 골 결정력 +3,https://fco.dn.nexoncdn.co.kr/live/externalAssets/common/crests/light/medium/l65.png,https://fconline.nexon.com/datacenter/teamcolor#teamcolorid=1028,2026-07-31T18:15:14+09:00,1.0.0
1029,올랭피크 리옹,올랭피크 리옹 선수들로 구성된 팀컬러입니다.,소속 팀컬러,클럽,4,11,전체 능력치 +4 | 시야 +3 | 민첩성 +3,https://fco.dn.nexoncdn.co.kr/live/externalAssets/common/crests/light/medium/l66.png,https://fconline.nexon.com/datacenter/teamcolor#teamcolorid=1029,2026-07-31T18:15:14+09:00,1.0.0
1030,올랭피크 마르세유,올랭피크 마르세유 선수들로 구성된 팀컬러입니다.,소속 팀컬러,클럽,4,11,전체 능력치 +4 | 적극성 +3 | 몸싸움 +3,https://fco.dn.nexoncdn.co.kr/live/externalAssets/common/crests/light/medium/l219.png,https://fconline.nexon.com/datacenter/teamcolor#teamcolorid=1030,2026-07-31T18:15:14+09:00,1.0.0
1031,아약스,아약스 선수들로 구성된 팀컬러입니다.,소속 팀컬러,클럽,4,11,전체 능력치 +4 | 드리블 +3 | 짧은 패스 +3,https://fco.dn.nexoncdn.co.kr/live/externalAssets/common/crests/light/medium/l245.png,https://fconline.nexon.com/datacenter/teamcolor#teamcolorid=1031,2026-07-31T18:15:14+09:00,1.0.0
1032,PSV,PSV 선수들로 구성된 팀컬러입니다.,소속 팀컬러,클럽,4,11,전체 능력치 +4 | 골 결정력 +3 | 가로채기 +3,https://fco.dn.nexoncdn.co.kr/live/externalAssets/common/crests/light/medium/l247.png,https://fconline.nexon.com/datacenter/teamcolor#teamcolorid=1032,2026-07-31T18:15:14+09:00,1.0.0
1033,전북 현대 모터스,전북 현대 모터스 선수들로 구성된 팀컬러입니다.,소속 팀컬러,클럽,4,11,전체 능력치 +4 | 골 결정력 +3 | 위치 선정 +3,https://fco.dn.nexoncdn.co.kr/live/externalAssets/common/crests/light/medium/l1477.png,https://fconline.nexon.com/datacenter/teamcolor#teamcolorid=1033,2026-07-31T18:15:14+09:00,1.0.0
1034,울산 현대,울산 현대 선수들로 구성된 팀컬러입니다.,소속 팀컬러,클럽,4,11,전체 능력치 +4 | 가속력 +3 | 골 결정력 +3,https://fco.dn.nexoncdn.co.kr/live/externalAssets/common/crests/light/medium/l1473.png,https://fconline.nexon.com/datacenter/teamcolor#teamcolorid=1034,2026-07-31T18:15:14+09:00,1.0.0
1035,FC 서울,FC 서울 선수들로 구성된 팀컬러입니다.,소속 팀컬러,클럽,4,11,전체 능력치 +4 | 가로채기 +3 | 대인 수비 +3,https://fco.dn.nexoncdn.co.kr/live/externalAssets/common/crests/light/medium/l982.png,https://fconline.nexon.com/datacenter/teamcolor#teamcolorid=1035,2026-07-31T18:15:14+09:00,1.0.0
1036,대구 FC,대구 FC 선수들로 구성된 팀컬러입니다.,소속 팀컬러,클럽,4,11,전체 능력치 +4 | 시야 +3 | 가속력 +3,https://fco.dn.nexoncdn.co.kr/live/externalAssets/common/crests/light/medium/l2056.png,https://fconline.nexon.com/datacenter/teamcolor#teamcolorid=1036,2026-07-31T18:15:14+09:00,1.0.0
1037,김천 상무,김천 상무 선수들로 구성된 팀컬러입니다.,소속 팀컬러,클럽,4,11,전체 능력치 +4 | 반응 속도 +3 | 민첩성 +3,https://fco.dn.nexoncdn.co.kr/live/externalAssets/common/crests/light/medium/l2055.png,https://fconline.nexon.com/datacenter/teamcolor#teamcolorid=1037,2026-07-31T18:15:14+09:00,1.0.0
1038,성남 FC,성남 FC 선수들로 구성된 팀컬러입니다.,소속 팀컬러,클럽,4,11,전체 능력치 +4 | 중거리 슛 +3 | 태클 +3,https://fco.dn.nexoncdn.co.kr/live/externalAssets/common/crests/light/medium/l981.png,https://fconline.nexon.com/datacenter/teamcolor#teamcolorid=1038,2026-07-31T18:15:14+09:00,1.0.0
1039,강원 FC,강원 FC 선수들로 구성된 팀컬러입니다.,소속 팀컬러,클럽,4,11,전체 능력치 +4 | 짧은 패스 +3 | 드리블 +3,https://fco.dn.nexoncdn.co.kr/live/externalAssets/common/crests/light/medium/l112115.png,https://fconline.nexon.com/datacenter/teamcolor#teamcolorid=1039,2026-07-31T18:15:14+09:00,1.0.0
1040,포항 스틸러스,포항 스틸러스 선수들로 구성된 팀컬러입니다.,소속 팀컬러,클럽,4,11,전체 능력치 +4 | 가로채기 +3 | 짧은 패스 +3,https://fco.dn.nexoncdn.co.kr/live/externalAssets/common/crests/light/medium/l1474.png,https://fconline.nexon.com/datacenter/teamcolor#teamcolorid=1040,2026-07-31T18:15:14+09:00,1.0.0
1041,경남 FC,경남 FC 선수들로 구성된 팀컬러입니다.,소속 팀컬러,클럽,4,11,전체 능력치 +4 | 긴 패스 +3 | 크로스 +3,https://fco.dn.nexoncdn.co.kr/live/externalAssets/common/crests/light/medium/l111588.png,https://fconline.nexon.com/datacenter/teamcolor#teamcolorid=1041,2026-07-31T18:15:14+09:00,1.0.0
1042,수원 삼성 블루윙즈,수원 삼성 블루윙즈 선수들로 구성된 팀컬러입니다.,소속 팀컬러,클럽,4,11,전체 능력치 +4 | 태클 +3 | 몸싸움 +3,https://fco.dn.nexoncdn.co.kr/live/externalAssets/common/crests/light/medium/l983.png,https://fconline.nexon.com/datacenter/teamcolor#teamcolorid=1042,2026-07-31T18:15:14+09:00,1.0.0
1043,인천 유나이티드,인천 유나이티드 선수들로 구성된 팀컬러입니다.,소속 팀컬러,클럽,4,11,전체 능력치 +4 | 몸싸움 +3 | 헤더 +3,https://fco.dn.nexoncdn.co.kr/live/externalAssets/common/crests/light/medium/l110765.png,https://fconline.nexon.com/datacenter/teamcolor#teamcolorid=1043,2026-07-31T18:15:14+09:00,1.0.0
1044,제주 SK FC,제주 SK FC 선수들로 구성된 팀컬러입니다.,소속 팀컬러,클럽,4,11,전체 능력치 +4 | 볼 컨트롤 +3 | 드리블 +3,https://fco.dn.nexoncdn.co.kr/live/externalAssets/common/crests/light/medium/l1478.png,https://fconline.nexon.com/datacenter/teamcolor#teamcolorid=1044,2026-07-31T18:15:14+09:00,1.0.0
1047,상하이 하이강,상하이 하이강 선수들로 구성된 팀컬러입니다.,소속 팀컬러,클럽,4,11,전체 능력치 +4 | 가속력 +3 | 드리블 +3,https://fco.dn.nexoncdn.co.kr/live/externalAssets/common/crests/light/medium/l112540.png,https://fconline.nexon.com/datacenter/teamcolor#teamcolorid=1047,2026-07-31T18:15:14+09:00,1.0.0
1049,산둥 타이산,산둥 타이산 선수들로 구성된 팀컬러입니다.,소속 팀컬러,클럽,4,11,전체 능력치 +4 | 태클 +3 | 가로채기 +3,https://fco.dn.nexoncdn.co.kr/live/externalAssets/common/crests/light/medium/l111724.png,https://fconline.nexon.com/datacenter/teamcolor#teamcolorid=1049,2026-07-31T18:15:14+09:00,1.0.0
1051,톈진 진먼후,톈진 진먼후 선수들로 구성된 팀컬러입니다.,소속 팀컬러,클럽,4,11,전체 능력치 +4 | 대인 수비 +3 | 밸런스 +3,https://fco.dn.nexoncdn.co.kr/live/externalAssets/common/crests/light/medium/l111774.png,https://fconline.nexon.com/datacenter/teamcolor#teamcolorid=1051,2026-07-31T18:15:14+09:00,1.0.0
1053,상하이 선화,상하이 선화 선수들로 구성된 팀컬러입니다.,소속 팀컬러,클럽,4,11,전체 능력치 +4 | 크로스 +3 | 긴 패스 +3,https://fco.dn.nexoncdn.co.kr/live/externalAssets/common/crests/light/medium/l110955.png,https://fconline.nexon.com/datacenter/teamcolor#teamcolorid=1053,2026-07-31T18:15:14+09:00,1.0.0
1062,광주 FC,광주 FC 선수들로 구성된 팀컬러입니다.,소속 팀컬러,클럽,4,11,전체 능력치 +4 | 크로스 +3 | 헤더 +3,https://fco.dn.nexoncdn.co.kr/live/externalAssets/common/crests/light/medium/l112258.png,https://fconline.nexon.com/datacenter/teamcolor#teamcolorid=1062,2026-07-31T18:15:14+09:00,1.0.0
1063,부산 아이파크,부산 아이파크 선수들로 구성된 팀컬러입니다.,소속 팀컬러,클럽,4,11,전체 능력치 +4 | 골 결정력 +3 | 슛 파워 +3,https://fco.dn.nexoncdn.co.kr/live/externalAssets/common/crests/light/medium/l1476.png,https://fconline.nexon.com/datacenter/teamcolor#teamcolorid=1063,2026-07-31T18:15:14+09:00,1.0.0
1064,FC 안양,FC 안양 선수들로 구성된 팀컬러입니다.,소속 팀컬러,클럽,4,11,전체 능력치 +4 | 드리블 +3 | 속력 +3,https://fco.dn.nexoncdn.co.kr/live/externalAssets/common/crests/light/medium/l112555.png,https://fconline.nexon.com/datacenter/teamcolor#teamcolorid=1064,2026-07-31T18:15:14+09:00,1.0.0
1065,부천 FC 1995,부천 FC 1995 선수들로 구성된 팀컬러입니다.,소속 팀컬러,클럽,4,11,전체 능력치 +4 | 가로채기 +3 | 태클 +3,https://fco.dn.nexoncdn.co.kr/live/externalAssets/common/crests/light/medium/l112554.png,https://fconline.nexon.com/datacenter/teamcolor#teamcolorid=1065,2026-07-31T18:15:14+09:00,1.0.0
1066,안산 그리너스 FC,안산 그리너스 FC 선수들로 구성된 팀컬러입니다.,소속 팀컬러,클럽,4,11,전체 능력치 +4 | 슬라이딩 태클 +3 | 대인 수비 +3,https://fco.dn.nexoncdn.co.kr/live/externalAssets/common/crests/light/medium/l113595.png,https://fconline.nexon.com/datacenter/teamcolor#teamcolorid=1066,2026-07-31T18:15:14+09:00,1.0.0
1067,전남 드래곤즈,전남 드래곤즈 선수들로 구성된 팀컬러입니다.,소속 팀컬러,클럽,4,11,전체 능력치 +4 | 속력 +3 | 반응 속도 +3,https://fco.dn.nexoncdn.co.kr/live/externalAssets/common/crests/light/medium/l1475.png,https://fconline.nexon.com/datacenter/teamcolor#teamcolorid=1067,2026-07-31T18:15:14+09:00,1.0.0
1068,충남 아산 축구단,충남 아산 축구단 선수들로 구성된 팀컬러입니다.,소속 팀컬러,클럽,4,11,전체 능력치 +4 | 긴 패스 +3 | 짧은 패스 +3,https://fco.dn.nexoncdn.co.kr/live/externalAssets/common/crests/light/medium/l112559.png,https://fconline.nexon.com/datacenter/teamcolor#teamcolorid=1068,2026-07-31T18:15:14+09:00,1.0.0
1069,수원 FC,수원 FC 선수들로 구성된 팀컬러입니다.,소속 팀컬러,클럽,4,11,전체 능력치 +4 | 프리킥 +3 | 헤더 +3,https://fco.dn.nexoncdn.co.kr/live/externalAssets/common/crests/light/medium/l112558.png,https://fconline.nexon.com/datacenter/teamcolor#teamcolorid=1069,2026-07-31T18:15:14+09:00,1.0.0
1070,대전 하나 시티즌,대전 하나 시티즌 선수들로 구성된 팀컬러입니다.,소속 팀컬러,클럽,4,11,전체 능력치 +4 | 대인 수비 +3 | 적극성 +3,https://fco.dn.nexoncdn.co.kr/live/externalAssets/common/crests/light/medium/l980.png,https://fconline.nexon.com/datacenter/teamcolor#teamcolorid=1070,2026-07-31T18:15:14+09:00,1.0.0
1071,서울 이랜드,서울 이랜드 선수들로 구성된 팀컬러입니다.,소속 팀컬러,클럽,4,11,전체 능력치 +4 | 몸싸움 +3 | 태클 +3,https://fco.dn.nexoncdn.co.kr/live/externalAssets/common/crests/light/medium/l113031.png,https://fconline.nexon.com/datacenter/teamcolor#teamcolorid=1071,2026-07-31T18:15:14+09:00,1.0.0
2001,대한민국,대한민국 선수들로 구성된 팀컬러입니다.,소속 팀컬러,국가,4,11,전체 능력치 +4 | 크로스 +3 | 긴 패스 +3,https://fco.dn.nexoncdn.co.kr/live/externalAssets/common/countries/largeflags/f_167.png,https://fconline.nexon.com/datacenter/teamcolor#teamcolorid=2001,2026-07-31T18:15:14+09:00,1.0.0
2002,프랑스,프랑스 선수들로 구성된 팀컬러입니다.,소속 팀컬러,국가,4,11,전체 능력치 +4 | 드리블 +3 | 짧은 패스 +3,https://fco.dn.nexoncdn.co.kr/live/externalAssets/common/countries/largeflags/f_18.png,https://fconline.nexon.com/datacenter/teamcolor#teamcolorid=2002,2026-07-31T18:15:14+09:00,1.0.0
2003,브라질,브라질 선수들로 구성된 팀컬러입니다.,소속 팀컬러,국가,4,11,전체 능력치 +4 | 볼 컨트롤 +3 | 스태미너 +3,https://fco.dn.nexoncdn.co.kr/live/externalAssets/common/countries/largeflags/f_54.png,https://fconline.nexon.com/datacenter/teamcolor#teamcolorid=2003,2026-07-31T18:15:14+09:00,1.0.0
2004,독일,독일 선수들로 구성된 팀컬러입니다.,소속 팀컬러,국가,4,11,전체 능력치 +4 | 짧은 패스 +3 | 크로스 +3,https://fco.dn.nexoncdn.co.kr/live/externalAssets/common/countries/largeflags/f_21.png,https://fconline.nexon.com/datacenter/teamcolor#teamcolorid=2004,2026-07-31T18:15:14+09:00,1.0.0
2005,네덜란드,네덜란드 선수들로 구성된 팀컬러입니다.,소속 팀컬러,국가,4,11,전체 능력치 +4 | 태클 +3 | 중거리 슛 +3,https://fco.dn.nexoncdn.co.kr/live/externalAssets/common/countries/largeflags/f_34.png,https://fconline.nexon.com/datacenter/teamcolor#teamcolorid=2005,2026-07-31T18:15:14+09:00,1.0.0
2006,잉글랜드,잉글랜드 선수들로 구성된 팀컬러입니다.,소속 팀컬러,국가,4,11,전체 능력치 +4 | 긴 패스 +3 | 골 결정력 +3,https://fco.dn.nexoncdn.co.kr/live/externalAssets/common/countries/largeflags/f_14.png,https://fconline.nexon.com/datacenter/teamcolor#teamcolorid=2006,2026-07-31T18:15:14+09:00,1.0.0
2007,포르투갈,포르투갈 선수들로 구성된 팀컬러입니다.,소속 팀컬러,국가,4,11,전체 능력치 +4 | 위치 선정 +3 | 드리블 +3,https://fco.dn.nexoncdn.co.kr/live/externalAssets/common/countries/largeflags/f_38.png,https://fconline.nexon.com/datacenter/teamcolor#teamcolorid=2007,2026-07-31T18:15:14+09:00,1.0.0
2008,벨기에,벨기에 선수들로 구성된 팀컬러입니다.,소속 팀컬러,국가,4,11,전체 능력치 +4 | 드리블 +3 | 몸싸움 +3,https://fco.dn.nexoncdn.co.kr/live/externalAssets/common/countries/largeflags/f_7.png,https://fconline.nexon.com/datacenter/teamcolor#teamcolorid=2008,2026-07-31T18:15:14+09:00,1.0.0
2009,이탈리아,이탈리아 선수들로 구성된 팀컬러입니다.,소속 팀컬러,국가,4,11,전체 능력치 +4 | 긴 패스 +3 | 슬라이딩 태클 +3,https://fco.dn.nexoncdn.co.kr/live/externalAssets/common/countries/largeflags/f_27.png,https://fconline.nexon.com/datacenter/teamcolor#teamcolorid=2009,2026-07-31T18:15:14+09:00,1.0.0
2010,스페인,스페인 선수들로 구성된 팀컬러입니다.,소속 팀컬러,국가,4,11,전체 능력치 +4 | 짧은 패스 +3 | 가로채기 +3,https://fco.dn.nexoncdn.co.kr/live/externalAssets/common/countries/largeflags/f_45.png,https://fconline.nexon.com/datacenter/teamcolor#teamcolorid=2010,2026-07-31T18:15:14+09:00,1.0.0
2011,아르헨티나,아르헨티나 선수들로 구성된 팀컬러입니다.,소속 팀컬러,국가,4,11,전체 능력치 +4 | 드리블 +3 | 골 결정력 +3,https://fco.dn.nexoncdn.co.kr/live/externalAssets/common/countries/largeflags/f_52.png,https://fconline.nexon.com/datacenter/teamcolor#teamcolorid=2011,2026-07-31T18:15:14+09:00,1.0.0
2012,미국,미국 선수들로 구성된 팀컬러입니다.,소속 팀컬러,국가,4,11,전체 능력치 +4 | 가속력 +3 | 밸런스 +3,https://fco.dn.nexoncdn.co.kr/live/externalAssets/common/countries/largeflags/f_95.png,https://fconline.nexon.com/datacenter/teamcolor#teamcolorid=2012,2026-07-31T18:15:14+09:00,1.0.0
2014,폴란드,폴란드 선수들로 구성된 팀컬러입니다.,소속 팀컬러,국가,4,11,전체 능력치 +4 | 헤더 +3 | 위치 선정 +3,https://fco.dn.nexoncdn.co.kr/live/externalAssets/common/countries/largeflags/f_37.png,https://fconline.nexon.com/datacenter/teamcolor#teamcolorid=2014,2026-07-31T18:15:14+09:00,1.0.0
2015,스위스,스위스 선수들로 구성된 팀컬러입니다.,소속 팀컬러,국가,4,11,전체 능력치 +4 | 스태미너 +3 | 크로스 +3,https://fco.dn.nexoncdn.co.kr/live/externalAssets/common/countries/largeflags/f_47.png,https://fconline.nexon.com/datacenter/teamcolor#teamcolorid=2015,2026-07-31T18:15:14+09:00,1.0.0
2016,아이슬란드,아이슬란드 선수들로 구성된 팀컬러입니다.,소속 팀컬러,국가,4,11,전체 능력치 +4 | 프리킥 +3 | 헤더 +3,https://fco.dn.nexoncdn.co.kr/live/externalAssets/common/countries/largeflags/f_24.png,https://fconline.nexon.com/datacenter/teamcolor#teamcolorid=2016,2026-07-31T18:15:14+09:00,1.0.0
2017,웨일스,웨일스 선수들로 구성된 팀컬러입니다.,소속 팀컬러,국가,4,11,전체 능력치 +4 | 가속력 +3 | 속력 +3,https://fco.dn.nexoncdn.co.kr/live/externalAssets/common/countries/largeflags/f_50.png,https://fconline.nexon.com/datacenter/teamcolor#teamcolorid=2017,2026-07-31T18:15:14+09:00,1.0.0
2018,우루과이,우루과이 선수들로 구성된 팀컬러입니다.,소속 팀컬러,국가,4,11,전체 능력치 +4 | 골 결정력 +3 | 위치 선정 +3,https://fco.dn.nexoncdn.co.kr/live/externalAssets/common/countries/largeflags/f_60.png,https://fconline.nexon.com/datacenter/teamcolor#teamcolorid=2018,2026-07-31T18:15:14+09:00,1.0.0
2019,콜롬비아,콜롬비아 선수들로 구성된 팀컬러입니다.,소속 팀컬러,국가,4,11,전체 능력치 +4 | 볼 컨트롤 +3 | 중거리 슛 +3,https://fco.dn.nexoncdn.co.kr/live/externalAssets/common/countries/largeflags/f_56.png,https://fconline.nexon.com/datacenter/teamcolor#teamcolorid=2019,2026-07-31T18:15:14+09:00,1.0.0
2020,호주,호주 선수들로 구성된 팀컬러입니다.,소속 팀컬러,국가,4,11,전체 능력치 +4 | 슛 파워 +3 | 몸싸움 +3,https://fco.dn.nexoncdn.co.kr/live/externalAssets/common/countries/largeflags/f_195.png,https://fconline.nexon.com/datacenter/teamcolor#teamcolorid=2020,2026-07-31T18:15:14+09:00,1.0.0
2021,멕시코,멕시코 선수들로 구성된 팀컬러입니다.,소속 팀컬러,국가,4,11,전체 능력치 +4 | 반응 속도 +3 | 드리블 +3,https://fco.dn.nexoncdn.co.kr/live/externalAssets/common/countries/largeflags/f_83.png,https://fconline.nexon.com/datacenter/teamcolor#teamcolorid=2021,2026-07-31T18:15:14+09:00,1.0.0
2022,스웨덴,스웨덴 선수들로 구성된 팀컬러입니다.,소속 팀컬러,국가,4,11,전체 능력치 +4 | 헤더 +3 | 밸런스 +3,https://fco.dn.nexoncdn.co.kr/live/externalAssets/common/countries/largeflags/f_46.png,https://fconline.nexon.com/datacenter/teamcolor#teamcolorid=2022,2026-07-31T18:15:14+09:00,1.0.0
2023,북아일랜드,북아일랜드 선수들로 구성된 팀컬러입니다.,소속 팀컬러,국가,4,11,전체 능력치 +4 | 대인 수비 +3 | 스태미너 +3,https://fco.dn.nexoncdn.co.kr/live/externalAssets/common/countries/largeflags/f_35.png,https://fconline.nexon.com/datacenter/teamcolor#teamcolorid=2023,2026-07-31T18:15:14+09:00,1.0.0
2024,일본,일본 선수들로 구성된 팀컬러입니다.,소속 팀컬러,국가,4,11,전체 능력치 +4 | 스태미너 +3 | 적극성 +3,https://fco.dn.nexoncdn.co.kr/live/externalAssets/common/countries/largeflags/f_163.png,https://fconline.nexon.com/datacenter/teamcolor#teamcolorid=2024,2026-07-31T18:15:14+09:00,1.0.0
2025,중국,중국 선수들로 구성된 팀컬러입니다.,소속 팀컬러,국가,4,11,전체 능력치 +4 | 민첩성 +3 | 스태미너 +3,https://fco.dn.nexoncdn.co.kr/live/externalAssets/common/countries/largeflags/f_155.png,https://fconline.nexon.com/datacenter/teamcolor#teamcolorid=2025,2026-07-31T18:15:14+09:00,1.0.0
2028,코트디부아르,코트디부아르 선수들로 구성된 팀컬러입니다.,소속 팀컬러,국가,4,11,전체 능력치 +4 | 몸싸움 +3 | 점프 +3,https://fco.dn.nexoncdn.co.kr/live/externalAssets/common/countries/largeflags/f_108.png,https://fconline.nexon.com/datacenter/teamcolor#teamcolorid=2028,2026-07-31T18:15:14+09:00,1.0.0
2029,가나,가나 선수들로 구성된 팀컬러입니다.,소속 팀컬러,국가,4,11,전체 능력치 +4 | 볼 컨트롤 +3 | 속력 +3,https://fco.dn.nexoncdn.co.kr/live/externalAssets/common/countries/largeflags/f_117.png,https://fconline.nexon.com/datacenter/teamcolor#teamcolorid=2029,2026-07-31T18:15:14+09:00,1.0.0
2030,세르비아,세르비아 선수들로 구성된 팀컬러입니다.,소속 팀컬러,국가,4,11,전체 능력치 +4 | 볼 컨트롤 +3 | 긴 패스 +3,https://fco.dn.nexoncdn.co.kr/live/externalAssets/common/countries/largeflags/f_51.png,https://fconline.nexon.com/datacenter/teamcolor#teamcolorid=2030,2026-07-31T18:15:14+09:00,1.0.0
2031,카메룬,카메룬 선수들로 구성된 팀컬러입니다.,소속 팀컬러,국가,4,11,전체 능력치 +4 | 속력 +3 | 밸런스 +3,https://fco.dn.nexoncdn.co.kr/live/externalAssets/common/countries/largeflags/f_103.png,https://fconline.nexon.com/datacenter/teamcolor#teamcolorid=2031,2026-07-31T18:15:14+09:00,1.0.0
2032,나이지리아,나이지리아 선수들로 구성된 팀컬러입니다.,소속 팀컬러,국가,4,11,전체 능력치 +4 | 가속력 +3 | 가로채기 +3,https://fco.dn.nexoncdn.co.kr/live/externalAssets/common/countries/largeflags/f_133.png,https://fconline.nexon.com/datacenter/teamcolor#teamcolorid=2032,2026-07-31T18:15:14+09:00,1.0.0
2033,체코,체코 선수들로 구성된 팀컬러입니다.,소속 팀컬러,국가,4,11,전체 능력치 +4 | 커브 +3 | 적극성 +3,https://fco.dn.nexoncdn.co.kr/live/externalAssets/common/countries/largeflags/f_12.png,https://fconline.nexon.com/datacenter/teamcolor#teamcolorid=2033,2026-07-31T18:15:14+09:00,1.0.0
2034,그리스,그리스 선수들로 구성된 팀컬러입니다.,소속 팀컬러,국가,4,11,전체 능력치 +4 | 반응 속도 +3 | 위치 선정 +3,https://fco.dn.nexoncdn.co.kr/live/externalAssets/common/countries/largeflags/f_22.png,https://fconline.nexon.com/datacenter/teamcolor#teamcolorid=2034,2026-07-31T18:15:14+09:00,1.0.0
2035,남아프리카공화국,남아프리카공화국 선수들로 구성된 팀컬러입니다.,소속 팀컬러,국가,4,11,전체 능력치 +4 | 헤더 +3 | 적극성 +3,https://fco.dn.nexoncdn.co.kr/live/externalAssets/common/countries/largeflags/f_140.png,https://fconline.nexon.com/datacenter/teamcolor#teamcolorid=2035,2026-07-31T18:15:14+09:00,1.0.0
2036,덴마크,덴마크 선수들로 구성된 팀컬러입니다.,소속 팀컬러,국가,4,11,전체 능력치 +4 | 시야 +3 | 중거리 슛 +3,https://fco.dn.nexoncdn.co.kr/live/externalAssets/common/countries/largeflags/f_13.png,https://fconline.nexon.com/datacenter/teamcolor#teamcolorid=2036,2026-07-31T18:15:14+09:00,1.0.0
2037,모로코,모로코 선수들로 구성된 팀컬러입니다.,소속 팀컬러,국가,4,11,전체 능력치 +4 | 스태미너 +3 | 반응 속도 +3,https://fco.dn.nexoncdn.co.kr/live/externalAssets/common/countries/largeflags/f_129.png,https://fconline.nexon.com/datacenter/teamcolor#teamcolorid=2037,2026-07-31T18:15:14+09:00,1.0.0
2038,사우디아라비아,사우디아라비아 선수들로 구성된 팀컬러입니다.,소속 팀컬러,국가,4,11,전체 능력치 +4 | 반응 속도 +3 | 대인 수비 +3,https://fco.dn.nexoncdn.co.kr/live/externalAssets/common/countries/largeflags/f_183.png,https://fconline.nexon.com/datacenter/teamcolor#teamcolorid=2038,2026-07-31T18:15:14+09:00,1.0.0
2039,세네갈,세네갈 선수들로 구성된 팀컬러입니다.,소속 팀컬러,국가,4,11,전체 능력치 +4 | 가로채기 +3 | 스태미너 +3,https://fco.dn.nexoncdn.co.kr/live/externalAssets/common/countries/largeflags/f_136.png,https://fconline.nexon.com/datacenter/teamcolor#teamcolorid=2039,2026-07-31T18:15:14+09:00,1.0.0
2040,슬로바키아,슬로바키아 선수들로 구성된 팀컬러입니다.,소속 팀컬러,국가,4,11,전체 능력치 +4 | 위치 선정 +3 | 긴 패스 +3,https://fco.dn.nexoncdn.co.kr/live/externalAssets/common/countries/largeflags/f_43.png,https://fconline.nexon.com/datacenter/teamcolor#teamcolorid=2040,2026-07-31T18:15:14+09:00,1.0.0
2041,슬로베니아,슬로베니아 선수들로 구성된 팀컬러입니다.,소속 팀컬러,국가,4,11,전체 능력치 +4 | 위치 선정 +3 | 헤더 +3,https://fco.dn.nexoncdn.co.kr/live/externalAssets/common/countries/largeflags/f_44.png,https://fconline.nexon.com/datacenter/teamcolor#teamcolorid=2041,2026-07-31T18:15:14+09:00,1.0.0
2042,알제리,알제리 선수들로 구성된 팀컬러입니다.,소속 팀컬러,국가,4,11,전체 능력치 +4 | 스태미너 +3 | 크로스 +3,https://fco.dn.nexoncdn.co.kr/live/externalAssets/common/countries/largeflags/f_97.png,https://fconline.nexon.com/datacenter/teamcolor#teamcolorid=2042,2026-07-31T18:15:14+09:00,1.0.0
2043,에콰도르,에콰도르 선수들로 구성된 팀컬러입니다.,소속 팀컬러,국가,4,11,전체 능력치 +4 | 민첩성 +3 | 반응 속도 +3,https://fco.dn.nexoncdn.co.kr/live/externalAssets/common/countries/largeflags/f_57.png,https://fconline.nexon.com/datacenter/teamcolor#teamcolorid=2043,2026-07-31T18:15:14+09:00,1.0.0
2044,이란,이란 선수들로 구성된 팀컬러입니다.,소속 팀컬러,국가,4,11,전체 능력치 +4 | 긴 패스 +3 | 몸싸움 +3,https://fco.dn.nexoncdn.co.kr/live/externalAssets/common/countries/largeflags/f_161.png,https://fconline.nexon.com/datacenter/teamcolor#teamcolorid=2044,2026-07-31T18:15:14+09:00,1.0.0
2045,이집트,이집트 선수들로 구성된 팀컬러입니다.,소속 팀컬러,국가,4,11,전체 능력치 +4 | 골 결정력 +3 | 가속력 +3,https://fco.dn.nexoncdn.co.kr/live/externalAssets/common/countries/largeflags/f_111.png,https://fconline.nexon.com/datacenter/teamcolor#teamcolorid=2045,2026-07-31T18:15:14+09:00,1.0.0
2046,칠레,칠레 선수들로 구성된 팀컬러입니다.,소속 팀컬러,국가,4,11,전체 능력치 +4 | 드리블 +3 | 짧은 패스 +3,https://fco.dn.nexoncdn.co.kr/live/externalAssets/common/countries/largeflags/f_55.png,https://fconline.nexon.com/datacenter/teamcolor#teamcolorid=2046,2026-07-31T18:15:14+09:00,1.0.0
2047,코스타리카,코스타리카 선수들로 구성된 팀컬러입니다.,소속 팀컬러,국가,4,11,전체 능력치 +4 | 짧은 패스 +3 | 적극성 +3,https://fco.dn.nexoncdn.co.kr/live/externalAssets/common/countries/largeflags/f_72.png,https://fconline.nexon.com/datacenter/teamcolor#teamcolorid=2047,2026-07-31T18:15:14+09:00,1.0.0
2048,크로아티아,크로아티아 선수들로 구성된 팀컬러입니다.,소속 팀컬러,국가,4,11,전체 능력치 +4 | 볼 컨트롤 +3 | 짧은 패스 +3,https://fco.dn.nexoncdn.co.kr/live/externalAssets/common/countries/largeflags/f_10.png,https://fconline.nexon.com/datacenter/teamcolor#teamcolorid=2048,2026-07-31T18:15:14+09:00,1.0.0
2049,튀니지,튀니지 선수들로 구성된 팀컬러입니다.,소속 팀컬러,국가,4,11,전체 능력치 +4 | 슛 파워 +3 | 태클 +3,https://fco.dn.nexoncdn.co.kr/live/externalAssets/common/countries/largeflags/f_145.png,https://fconline.nexon.com/datacenter/teamcolor#teamcolorid=2049,2026-07-31T18:15:14+09:00,1.0.0
2050,파라과이,파라과이 선수들로 구성된 팀컬러입니다.,소속 팀컬러,국가,4,11,전체 능력치 +4 | 시야 +3 | 드리블 +3,https://fco.dn.nexoncdn.co.kr/live/externalAssets/common/countries/largeflags/f_58.png,https://fconline.nexon.com/datacenter/teamcolor#teamcolorid=2050,2026-07-31T18:15:14+09:00,1.0.0
2051,페루,페루 선수들로 구성된 팀컬러입니다.,소속 팀컬러,국가,4,11,전체 능력치 +4 | 대인 수비 +3 | 골 결정력 +3,https://fco.dn.nexoncdn.co.kr/live/externalAssets/common/countries/largeflags/f_59.png,https://fconline.nexon.com/datacenter/teamcolor#teamcolorid=2051,2026-07-31T18:15:14+09:00,1.0.0
2052,스코틀랜드,스코틀랜드 선수들로 구성된 팀컬러입니다.,소속 팀컬러,국가,4,11,전체 능력치 +4 | 슬라이딩 태클 +3 | 태클 +3,https://fco.dn.nexoncdn.co.kr/live/externalAssets/common/countries/largeflags/f_42.png,https://fconline.nexon.com/datacenter/teamcolor#teamcolorid=2052,2026-07-31T18:15:14+09:00,1.0.0
2053,헝가리,헝가리 선수들로 구성된 팀컬러입니다.,소속 팀컬러,국가,4,11,전체 능력치 +4 | 침착성 +3 | 커브 +3,https://fco.dn.nexoncdn.co.kr/live/externalAssets/common/countries/largeflags/f_23.png,https://fconline.nexon.com/datacenter/teamcolor#teamcolorid=2053,2026-07-31T18:15:14+09:00,1.0.0
2054,북마케도니아,북마케도니아 선수들로 구성된 팀컬러입니다.,소속 팀컬러,국가,4,11,전체 능력치 +4 | 침착성 +3 | 스태미너 +3,https://fco.dn.nexoncdn.co.kr/live/externalAssets/common/countries/largeflags/f_19.png,https://fconline.nexon.com/datacenter/teamcolor#teamcolorid=2054,2026-07-31T18:15:14+09:00,1.0.0
2055,오스트리아,오스트리아 선수들로 구성된 팀컬러입니다.,소속 팀컬러,국가,4,11,전체 능력치 +4 | 슬라이딩 태클 +3 | 크로스 +3,https://fco.dn.nexoncdn.co.kr/live/externalAssets/common/countries/largeflags/f_4.png,https://fconline.nexon.com/datacenter/teamcolor#teamcolorid=2055,2026-07-31T18:15:14+09:00,1.0.0
2056,핀란드,핀란드 선수들로 구성된 팀컬러입니다.,소속 팀컬러,국가,4,11,전체 능력치 +4 | 골 결정력 +3 | 침착성 +3,https://fco.dn.nexoncdn.co.kr/live/externalAssets/common/countries/largeflags/f_17.png,https://fconline.nexon.com/datacenter/teamcolor#teamcolorid=2056,2026-07-31T18:15:14+09:00,1.0.0
2057,튀르키예,튀르키예 선수들로 구성된 팀컬러입니다.,소속 팀컬러,국가,4,11,전체 능력치 +4 | 적극성 +3 | 긴 패스 +3,https://fco.dn.nexoncdn.co.kr/live/externalAssets/common/countries/largeflags/f_48.png,https://fconline.nexon.com/datacenter/teamcolor#teamcolorid=2057,2026-07-31T18:15:14+09:00,1.0.0
2058,노르웨이,노르웨이 선수들로 구성된 팀컬러입니다.,소속 팀컬러,국가,4,11,전체 능력치 +4 | 골 결정력 +3 | 시야 +3,https://fco.dn.nexoncdn.co.kr/live/externalAssets/common/countries/largeflags/f_36.png,https://fconline.nexon.com/datacenter/teamcolor#teamcolorid=2058,2026-07-31T18:15:14+09:00,1.0.0
2059,우크라이나,우크라이나 선수들로 구성된 팀컬러입니다.,소속 팀컬러,국가,4,11,전체 능력치 +4 | 중거리 슛 +3 | 스태미너 +3,https://fco.dn.nexoncdn.co.kr/live/externalAssets/common/countries/largeflags/f_49.png,https://fconline.nexon.com/datacenter/teamcolor#teamcolorid=2059,2026-07-31T18:15:14+09:00,1.0.0
10001,금빛 물결,8강 이상의 선수들로 구성된 팀컬러입니다.,강화 팀컬러,강화,2,8,전체 능력치 +4,https://ssl.nexon.com/s2/game/fc/online/obt/datacenter/teamcolor/tc_u_g.png,https://fconline.nexon.com/datacenter/teamcolor#teamcolorid=10001,2026-07-31T18:15:14+09:00,1.0.0
10002,은빛 물결,5강 이상의 선수들로 구성된 팀컬러입니다.,강화 팀컬러,강화,2,8,전체 능력치 +3,https://ssl.nexon.com/s2/game/fc/online/obt/datacenter/teamcolor/tc_u_s.png,https://fconline.nexon.com/datacenter/teamcolor#teamcolorid=10002,2026-07-31T18:15:14+09:00,1.0.0
10003,동빛 물결,3강 이상의 선수들로 구성된 팀컬러입니다.,강화 팀컬러,강화,1,5,전체 능력치 +1,https://ssl.nexon.com/s2/game/fc/online/obt/datacenter/teamcolor/tc_u_b.png,https://fconline.nexon.com/datacenter/teamcolor#teamcolorid=10003,2026-07-31T18:15:14+09:00,1.0.0
10004,백금빛 물결,11강 이상의 선수들로 구성된 팀컬러입니다.,강화 팀컬러,강화,2,8,전체 능력치 +5,https://ssl.nexon.com/s2/game/fc/online/obt/datacenter/teamcolor/tc_u_p.png,https://fconline.nexon.com/datacenter/teamcolor#teamcolorid=10004,2026-07-31T18:15:14+09:00,1.0.0
10005,초심자 가호,초심자를 위해 Live 클래스 0강 선수들로 구성된 팀컬러입니다.,강화 팀컬러,강화,1,5,전체 능력치 +50,https://ssl.nexon.com/s2/game/fc/online/obt/datacenter/teamcolor/tc_u_c.png,https://fconline.nexon.com/datacenter/teamcolor#teamcolorid=10005,2026-07-31T18:15:14+09:00,1.0.0
20001,브라질 황금세대,브라질 황금세대 선수들로 구성된 팀컬러입니다.,특성 팀컬러,관계,1,5,드리블 +2 | 커브 +2 | 가속력 +1,https://fco.dn.nexoncdn.co.kr/live/externalAssets/common/teamcolorboost/icon/medium/4_l1370.png,https://fconline.nexon.com/datacenter/teamcolor#teamcolorid=20001,2026-07-31T18:15:14+09:00,1.0.0
20002,프랑스 1기 황금세대,프랑스 1기 황금세대 선수들로 구성된 팀컬러입니다.,특성 팀컬러,관계,1,5,볼 컨트롤 +3 | 밸런스 +2,https://fco.dn.nexoncdn.co.kr/live/externalAssets/common/teamcolorboost/icon/medium/4_l1335.png,https://fconline.nexon.com/datacenter/teamcolor#teamcolorid=20002,2026-07-31T18:15:14+09:00,1.0.0
20003,프랑스 2기 황금세대,프랑스 2기 황금세대 선수들로 구성된 팀컬러입니다.,특성 팀컬러,관계,1,5,짧은 패스 +3 | 밸런스 +2,https://fco.dn.nexoncdn.co.kr/live/externalAssets/common/teamcolorboost/icon/medium/4_l1335.png,https://fconline.nexon.com/datacenter/teamcolor#teamcolorid=20003,2026-07-31T18:15:14+09:00,1.0.0
20004,벨기에 황금세대,벨기에 황금세대 선수들로 구성된 팀컬러입니다.,특성 팀컬러,관계,1,5,중거리 슛 +3 | 골 결정력 +2,https://fco.dn.nexoncdn.co.kr/live/externalAssets/common/teamcolorboost/icon/medium/4_l1325.png,https://fconline.nexon.com/datacenter/teamcolor#teamcolorid=20004,2026-07-31T18:15:14+09:00,1.0.0
20005,스페인 황금세대,스페인 황금세대 선수들로 구성된 팀컬러입니다.,특성 팀컬러,관계,1,5,짧은 패스 +2 | 골 결정력 +2 | 볼 컨트롤 +1,https://fco.dn.nexoncdn.co.kr/live/externalAssets/common/teamcolorboost/icon/medium/4_l1362.png,https://fconline.nexon.com/datacenter/teamcolor#teamcolorid=20005,2026-07-31T18:15:14+09:00,1.0.0
20006,네덜란드 황금세대,네덜란드 황금세대 선수들로 구성된 팀컬러입니다.,특성 팀컬러,관계,1,5,볼 컨트롤 +2 | 헤더 +2 | 짧은 패스 +1,https://fco.dn.nexoncdn.co.kr/live/externalAssets/common/teamcolorboost/icon/medium/4_l105035.png,https://fconline.nexon.com/datacenter/teamcolor#teamcolorid=20006,2026-07-31T18:15:14+09:00,1.0.0
20007,아르헨티나 황금세대,아르헨티나 황금세대 선수들로 구성된 팀컬러입니다.,특성 팀컬러,관계,1,5,드리블 +2 | 골 결정력 +2 | 속력 +1,https://fco.dn.nexoncdn.co.kr/live/externalAssets/common/teamcolorboost/icon/medium/4_l1369.png,https://fconline.nexon.com/datacenter/teamcolor#teamcolorid=20007,2026-07-31T18:15:14+09:00,1.0.0
20008,칠레 황금세대,칠레 황금세대 선수들로 구성된 팀컬러입니다.,특성 팀컬러,관계,1,5,슛 파워 +2 | 스태미너 +2 | 드리블 +1,https://fco.dn.nexoncdn.co.kr/live/externalAssets/common/teamcolorboost/icon/medium/4_l111459.png,https://fconline.nexon.com/datacenter/teamcolor#teamcolorid=20008,2026-07-31T18:15:14+09:00,1.0.0
20009,2002 대한민국,2002 대한민국 선수들로 구성된 팀컬러입니다.,특성 팀컬러,관계,1,5,스태미너 +2 | 몸싸움 +2 | 적극성 +1,https://fco.dn.nexoncdn.co.kr/live/externalAssets/common/teamcolorboost/icon/medium/4_l974.png,https://fconline.nexon.com/datacenter/teamcolor#teamcolorid=20009,2026-07-31T18:15:14+09:00,1.0.0
20010,2006 잉글랜드,2006 잉글랜드 선수들로 구성된 팀컬러입니다.,특성 팀컬러,관계,1,5,긴 패스 +2 | 중거리 슛 +2 | 속력 +1,https://fco.dn.nexoncdn.co.kr/live/externalAssets/common/teamcolorboost/icon/medium/4_l1318.png,https://fconline.nexon.com/datacenter/teamcolor#teamcolorid=20010,2026-07-31T18:15:14+09:00,1.0.0
20011,독일 황금세대,독일 황금세대 선수들로 구성된 팀컬러입니다.,특성 팀컬러,관계,1,5,짧은 패스 +2 | 골 결정력 +2 | 몸싸움 +1,https://fco.dn.nexoncdn.co.kr/live/externalAssets/common/teamcolorboost/icon/medium/4_l1337.png,https://fconline.nexon.com/datacenter/teamcolor#teamcolorid=20011,2026-07-31T18:15:14+09:00,1.0.0
20012,이탈리아 황금세대,이탈리아 황금세대 선수들로 구성된 팀컬러입니다.,특성 팀컬러,관계,1,5,대인 수비 +2 | 가속력 +2 | 가로채기 +1,https://fco.dn.nexoncdn.co.kr/live/externalAssets/common/teamcolorboost/icon/medium/4_l1343.png,https://fconline.nexon.com/datacenter/teamcolor#teamcolorid=20012,2026-07-31T18:15:14+09:00,1.0.0
20013,2019 U-20 대한민국,2019 U-20 대한민국 선수들로 구성된 팀컬러입니다.,특성 팀컬러,관계,1,5,볼 컨트롤 +2 | 긴 패스 +2 | 짧은 패스 +1,https://fco.dn.nexoncdn.co.kr/live/externalAssets/common/teamcolorboost/icon/medium/4_l974.png,https://fconline.nexon.com/datacenter/teamcolor#teamcolorid=20013,2026-07-31T18:15:14+09:00,1.0.0
30002,13 포항 스틸러스 더블,2013년 K리그와 FA컵을 우승한 포항 스틸러스 선수들로 구성된 팀컬러입니다.,특성 팀컬러,관계,1,5,스태미너 +2 | 짧은 패스 +2 | 시야 +1,https://fco.dn.nexoncdn.co.kr/live/externalAssets/common/teamcolorboost/icon/medium/4_l1474.png,https://fconline.nexon.com/datacenter/teamcolor#teamcolorid=30002,2026-07-31T18:15:14+09:00,1.0.0
30003,02 수원삼성 더블,2002년 FA컵과 아시아 챔피언스 리그를 우승한 수원삼성 블루윙즈 선수들로 구성된 팀컬러입니다.,특성 팀컬러,관계,1,5,크로스 +2 | 반응 속도 +2 | 커브 +1,https://fco.dn.nexoncdn.co.kr/live/externalAssets/common/teamcolorboost/icon/medium/4_l983.png,https://fconline.nexon.com/datacenter/teamcolor#teamcolorid=30003,2026-07-31T18:15:14+09:00,1.0.0
30004,09 포항 스틸러스 더블,2009년 리그컵과 아시아 챔피언스 리그를 우승한 포항 스틸러스 선수들로 구성된 팀컬러입니다.,특성 팀컬러,관계,1,5,볼 컨트롤 +2 | 밸런스 +2 | 대인 수비 +1,https://fco.dn.nexoncdn.co.kr/live/externalAssets/common/teamcolorboost/icon/medium/4_l1474.png,https://fconline.nexon.com/datacenter/teamcolor#teamcolorid=30004,2026-07-31T18:15:14+09:00,1.0.0
30005,10 FC서울 더블,2010년 K리그와 리그컵을 우승한 FC서울 선수들로 구성된 팀컬러입니다.,특성 팀컬러,관계,1,5,골 결정력 +2 | 대인 수비 +2 | 헤더 +1,https://fco.dn.nexoncdn.co.kr/live/externalAssets/common/teamcolorboost/icon/medium/4_l982.png,https://fconline.nexon.com/datacenter/teamcolor#teamcolorid=30005,2026-07-31T18:15:14+09:00,1.0.0
30007,01-03 성남FC 리그3연패 베스트,"2001년, 2002년, 2003년 K리그 3연패를 달성한 성남FC 선수들로 구성된 팀컬러입니다.",특성 팀컬러,관계,1,5,골 결정력 +3 | 슛 파워 +2,https://fco.dn.nexoncdn.co.kr/live/externalAssets/common/teamcolorboost/icon/medium/4_l981.png,https://fconline.nexon.com/datacenter/teamcolor#teamcolorid=30007,2026-07-31T18:15:14+09:00,1.0.0
30008,17-19 전북현대 리그3연패 베스트,"2017년, 2018년, 2019년 K리그 3연패를 달성한 전북현대 선수들로 구성된 팀컬러입니다.",특성 팀컬러,관계,1,5,밸런스 +2 | 짧은 패스 +2 | 크로스 +1,https://fco.dn.nexoncdn.co.kr/live/externalAssets/common/teamcolorboost/icon/medium/4_l1477.png,https://fconline.nexon.com/datacenter/teamcolor#teamcolorid=30008,2026-07-31T18:15:14+09:00,1.0.0
30009,98-99 수원삼성 리그연패 베스트,"1998년, 1999년 K리그 2연패를 달성한 수원삼성 블루윙즈 선수들로 구성된 팀컬러입니다.",특성 팀컬러,관계,1,5,드리블 +2 | 반응 속도 +2 | 중거리 슛 +1,https://fco.dn.nexoncdn.co.kr/live/externalAssets/common/teamcolorboost/icon/medium/4_l983.png,https://fconline.nexon.com/datacenter/teamcolor#teamcolorid=30009,2026-07-31T18:15:14+09:00,1.0.0
30010,14-15 전북현대 리그연패 베스트,"2014년, 2015년 K리그 2연패를 달성한 전북현대 선수들로 구성된 팀컬러입니다.",특성 팀컬러,관계,1,5,골 결정력 +2 | 가속력 +2 | 크로스 +1,https://fco.dn.nexoncdn.co.kr/live/externalAssets/common/teamcolorboost/icon/medium/4_l1477.png,https://fconline.nexon.com/datacenter/teamcolor#teamcolorid=30010,2026-07-31T18:15:14+09:00,1.0.0
30011,K리그 30주년 레전드,K리그 30주년 레전드에 선정된 선수들로 구성된 팀컬러입니다.,특성 팀컬러,관계,1,5,침착성 +3 | 중거리 슛 +2,https://fco.dn.nexoncdn.co.kr/live/externalAssets/common/teamcolorboost/icon/medium/4_l83.png,https://fconline.nexon.com/datacenter/teamcolor#teamcolorid=30011,2026-07-31T18:15:14+09:00,1.0.0
30012,K리그 트로이카,K리그 부흥기를 이끌었던 세명의 선수로 구성된 팀컬러입니다.,특성 팀컬러,관계,1,3,슛 파워 +3 | 드리블 +3 | 프리킥 +3,https://fco.dn.nexoncdn.co.kr/live/externalAssets/common/teamcolorboost/icon/medium/4_l83.png,https://fconline.nexon.com/datacenter/teamcolor#teamcolorid=30012,2026-07-31T18:15:14+09:00,1.0.0
30013,K리그 특별상,K리그 전경기 풀타임 출장 특별상을 받았던 선수로 구성된 팀컬러입니다.,특성 팀컬러,관계,1,3,스태미너 +2 | GK 반응속도 +2 | GK 위치 선정 +1,https://fco.dn.nexoncdn.co.kr/live/externalAssets/common/teamcolorboost/icon/medium/4_l83.png,https://fconline.nexon.com/datacenter/teamcolor#teamcolorid=30013,2026-07-31T18:15:14+09:00,1.0.0
30014,K리그 EA 스포츠 POTM,EA스포츠에서 주관하는 K리그 이달의 선수 상을 받았던 선수로 구성된 팀컬러입니다.,특성 팀컬러,관계,1,3,속력 +2 | 밸런스 +2 | 민첩성 +1,https://fco.dn.nexoncdn.co.kr/live/externalAssets/common/teamcolorboost/icon/medium/4_l83.png,https://fconline.nexon.com/datacenter/teamcolor#teamcolorid=30014,2026-07-31T18:15:14+09:00,1.0.0
30017,TOTY,역대 TOTY에 선정된 선수들로 구성된 팀컬러입니다,소속 팀컬러,스페셜,3,8,전체 능력치 +3 | 스태미너 +2 | 적극성 +1,https://fco.dn.nexoncdn.co.kr/live/externalAssets/common/teamcolorboost/icon/medium/4_l999001.png,https://fconline.nexon.com/datacenter/teamcolor#teamcolorid=30017,2026-07-31T18:15:14+09:00,1.0.0
30018,TOTS,역대 TOTS에 선정된 선수들로 구성된 팀컬러입니다,소속 팀컬러,스페셜,3,8,전체 능력치 +3 | 민첩성 +2 | 스태미너 +1,https://fco.dn.nexoncdn.co.kr/live/externalAssets/common/teamcolorboost/icon/medium/4_l999002.png,https://fconline.nexon.com/datacenter/teamcolor#teamcolorid=30018,2026-07-31T18:15:14+09:00,1.0.0
40000,The Red's 영혼의 콤비,리버풀의 전설적인 콤비로 구성된 팀컬러입니다.,특성 팀컬러,관계,1,2,위치 선정 +1 | 긴 패스 +1,https://fco.dn.nexoncdn.co.kr/live/externalAssets/common/teamcolorboost/icon/medium/4_l9.png,https://fconline.nexon.com/datacenter/teamcolor#teamcolorid=40000,2026-07-31T18:15:14+09:00,1.0.0
40001,바이언의 양날개,바이에른 뮌헨의 전설적인 윙어로 구성된 팀컬러입니다.,특성 팀컬러,관계,1,2,민첩성 +1 | 드리블 +1,https://fco.dn.nexoncdn.co.kr/live/externalAssets/common/teamcolorboost/icon/medium/4_l21.png,https://fconline.nexon.com/datacenter/teamcolor#teamcolorid=40001,2026-07-31T18:15:14+09:00,1.0.0
40002,로쏘네리 듀오,밀라노 FC의 전설적인 듀오로 구성된 팀컬러입니다.,특성 팀컬러,관계,1,2,가속력 +1 | 반응 속도 +1,https://fco.dn.nexoncdn.co.kr/live/externalAssets/common/teamcolorboost/icon/medium/4_l131681.png,https://fconline.nexon.com/datacenter/teamcolor#teamcolorid=40002,2026-07-31T18:15:14+09:00,1.0.0
40003,거너스 영혼의 콤비,아스날의 전설적인 콤비로 구성된 팀컬러입니다.,특성 팀컬러,관계,1,2,골 결정력 +1 | 볼 컨트롤 +1,https://fco.dn.nexoncdn.co.kr/live/externalAssets/common/teamcolorboost/icon/medium/4_l1.png,https://fconline.nexon.com/datacenter/teamcolor#teamcolorid=40003,2026-07-31T18:15:14+09:00,1.0.0
40004,로쏘네리 철벽수비 듀오,밀라노 FC의 전설적인 수비 듀오로 구성된 팀컬러입니다.,특성 팀컬러,관계,1,2,대인 수비 +1 | 태클 +1,https://fco.dn.nexoncdn.co.kr/live/externalAssets/common/teamcolorboost/icon/medium/4_l131681.png,https://fconline.nexon.com/datacenter/teamcolor#teamcolorid=40004,2026-07-31T18:15:14+09:00,1.0.0
40005,네덜란드 듀오,네덜란드의 전설적인 듀오로 구성된 팀컬러입니다.,특성 팀컬러,관계,1,2,몸싸움 +1 | 헤더 +1,https://fco.dn.nexoncdn.co.kr/live/externalAssets/common/teamcolorboost/icon/medium/4_l105035.png,https://fconline.nexon.com/datacenter/teamcolor#teamcolorid=40005,2026-07-31T18:15:14+09:00,1.0.0
40006,프랑스 듀오,프랑스의 전설적인 듀오로 구성된 팀컬러입니다.,특성 팀컬러,관계,1,2,태클 +1 | 밸런스 +1,https://fco.dn.nexoncdn.co.kr/live/externalAssets/common/teamcolorboost/icon/medium/4_l1335.png,https://fconline.nexon.com/datacenter/teamcolor#teamcolorid=40006,2026-07-31T18:15:14+09:00,1.0.0
40007,바르샤 철벽수비 듀오,바르셀로나의 전설적인 듀오로 구성된 팀컬러입니다.,특성 팀컬러,관계,1,2,적극성 +1 | 슬라이딩 태클 +1,https://fco.dn.nexoncdn.co.kr/live/externalAssets/common/teamcolorboost/icon/medium/4_l241.png,https://fconline.nexon.com/datacenter/teamcolor#teamcolorid=40007,2026-07-31T18:15:14+09:00,1.0.0
40008,스페인 듀오,스페인의 전설적인 듀오로 구성된 팀컬러입니다.,특성 팀컬러,관계,1,2,가속력 +1 | 골 결정력 +1,https://fco.dn.nexoncdn.co.kr/live/externalAssets/common/teamcolorboost/icon/medium/4_l1362.png,https://fconline.nexon.com/datacenter/teamcolor#teamcolorid=40008,2026-07-31T18:15:14+09:00,1.0.0
40009,로스 블랑코스 듀오,레알 마드리드의 전설적인 콤비로 구성된 팀컬러입니다.,특성 팀컬러,관계,1,2,적극성 +1 | 몸싸움 +1,https://fco.dn.nexoncdn.co.kr/live/externalAssets/common/teamcolorboost/icon/medium/4_l243.png,https://fconline.nexon.com/datacenter/teamcolor#teamcolorid=40009,2026-07-31T18:15:14+09:00,1.0.0
40010,우루과이 듀오,우루과이의 유명한 듀오로 구성된 팀컬러입니다.,특성 팀컬러,관계,1,2,위치 선정 +1 | 골 결정력 +1,https://fco.dn.nexoncdn.co.kr/live/externalAssets/common/teamcolorboost/icon/medium/4_l1377.png,https://fconline.nexon.com/datacenter/teamcolor#teamcolorid=40010,2026-07-31T18:15:14+09:00,1.0.0
40011,The Red's 듀오,리버풀의 유명한 듀오로 구성된 팀컬러입니다.,특성 팀컬러,관계,1,2,속력 +1 | 골 결정력 +1,https://fco.dn.nexoncdn.co.kr/live/externalAssets/common/teamcolorboost/icon/medium/4_l9.png,https://fconline.nexon.com/datacenter/teamcolor#teamcolorid=40011,2026-07-31T18:15:14+09:00,1.0.0
40012,블루문 듀오,맨체스터 시티의 유명한 듀오로 구성된 팀컬러입니다.,특성 팀컬러,관계,1,2,반응 속도 +1 | 짧은 패스 +1,https://fco.dn.nexoncdn.co.kr/live/externalAssets/common/teamcolorboost/icon/medium/4_l10.png,https://fconline.nexon.com/datacenter/teamcolor#teamcolorid=40012,2026-07-31T18:15:14+09:00,1.0.0
40013,꿀벌군단 듀오,도르트문트의 유명한 듀오로 구성된 팀컬러입니다.,특성 팀컬러,관계,1,2,반응 속도 +1 | 드리블 +1,https://fco.dn.nexoncdn.co.kr/live/externalAssets/common/teamcolorboost/icon/medium/4_l22.png,https://fconline.nexon.com/datacenter/teamcolor#teamcolorid=40013,2026-07-31T18:15:14+09:00,1.0.0
40014,푸거 코리안 듀오,아우크스부르크의 코리안 듀오로 구성된 팀컬러입니다.,특성 팀컬러,관계,1,2,중거리 슛 +1 | 발리 슛 +1,https://fco.dn.nexoncdn.co.kr/live/externalAssets/common/teamcolorboost/icon/medium/4_l100409.png,https://fconline.nexon.com/datacenter/teamcolor#teamcolorid=40014,2026-07-31T18:15:14+09:00,1.0.0
40015,전북 트리오,전북현대 트리오로 구성된 팀컬러입니다.,특성 팀컬러,관계,1,3,발리 슛 +1 | 헤더 +2,https://fco.dn.nexoncdn.co.kr/live/externalAssets/common/teamcolorboost/icon/medium/4_l1477.png,https://fconline.nexon.com/datacenter/teamcolor#teamcolorid=40015,2026-07-31T18:15:14+09:00,1.0.0
40016,바르샤 트리오,바르셀로나 트리오로 구성된 팀컬러입니다.,특성 팀컬러,관계,1,3,골 결정력 +2 | 드리블 +1,https://fco.dn.nexoncdn.co.kr/live/externalAssets/common/teamcolorboost/icon/medium/4_l241.png,https://fconline.nexon.com/datacenter/teamcolor#teamcolorid=40016,2026-07-31T18:15:14+09:00,1.0.0
40017,로스 블랑코스 트리오,레알 마드리드 트리오로 구성된 팀컬러입니다.,특성 팀컬러,관계,1,3,골 결정력 +1 | 속력 +2,https://fco.dn.nexoncdn.co.kr/live/externalAssets/common/teamcolorboost/icon/medium/4_l243.png,https://fconline.nexon.com/datacenter/teamcolor#teamcolorid=40017,2026-07-31T18:15:14+09:00,1.0.0
40018,파리 황금 공격라인,파리 생제르맹의 황금 공격라인으로 구성된 팀컬러입니다.,특성 팀컬러,관계,1,3,드리블 +2 | 슛 파워 +1,https://fco.dn.nexoncdn.co.kr/live/externalAssets/common/teamcolorboost/icon/medium/4_l73.png,https://fconline.nexon.com/datacenter/teamcolor#teamcolorid=40018,2026-07-31T18:15:14+09:00,1.0.0
40019,레드데블스 철벽라인,맨체스터 유나이티드의 철벽수비라인으로 구성된 팀컬러입니다.,특성 팀컬러,관계,1,3,적극성 +2 | 대인 수비 +1,https://fco.dn.nexoncdn.co.kr/live/externalAssets/common/teamcolorboost/icon/medium/4_l11.png,https://fconline.nexon.com/datacenter/teamcolor#teamcolorid=40019,2026-07-31T18:15:14+09:00,1.0.0
40020,무적 거너스,아스날의 황금세대 멤버로 구성된 팀컬러입니다.,특성 팀컬러,관계,1,5,속력 +3 | 밸런스 +2,https://fco.dn.nexoncdn.co.kr/live/externalAssets/common/teamcolorboost/icon/medium/4_l1.png,https://fconline.nexon.com/datacenter/teamcolor#teamcolorid=40020,2026-07-31T18:15:14+09:00,1.0.0
40021,블루스의 심장,첼시의 황금세대 멤버로 구성된 팀컬러입니다.,특성 팀컬러,관계,1,3,밸런스 +1 | 긴 패스 +2,https://fco.dn.nexoncdn.co.kr/live/externalAssets/common/teamcolorboost/icon/medium/4_l5.png,https://fconline.nexon.com/datacenter/teamcolor#teamcolorid=40021,2026-07-31T18:15:14+09:00,1.0.0
40022,갈락티코 1기,레알 마드리드 황금세대 1기 멤버로 구성된 팀컬러입니다.,특성 팀컬러,관계,1,5,가속력 +2 | 반응 속도 +3,https://fco.dn.nexoncdn.co.kr/live/externalAssets/common/teamcolorboost/icon/medium/4_l243.png,https://fconline.nexon.com/datacenter/teamcolor#teamcolorid=40022,2026-07-31T18:15:14+09:00,1.0.0
40023,브라질 트리오,브라질 트리오로 구성된 팀컬러입니다.,특성 팀컬러,관계,1,3,골 결정력 +1 | 드리블 +2,https://fco.dn.nexoncdn.co.kr/live/externalAssets/common/teamcolorboost/icon/medium/4_l1370.png,https://fconline.nexon.com/datacenter/teamcolor#teamcolorid=40023,2026-07-31T18:15:14+09:00,1.0.0
40024,스퍼스 황금라인,토트넘의 유명한 4인조로 구성된 팀컬러입니다.,특성 팀컬러,관계,1,3,중거리 슛 +2 | 밸런스 +1,https://fco.dn.nexoncdn.co.kr/live/externalAssets/common/teamcolorboost/icon/medium/4_l18.png,https://fconline.nexon.com/datacenter/teamcolor#teamcolorid=40024,2026-07-31T18:15:14+09:00,1.0.0
40025,The Red's 트리오,리버풀 트리오로 구성된 팀컬러입니다.,특성 팀컬러,관계,1,3,민첩성 +1 | 가속력 +1 | 골 결정력 +1,https://fco.dn.nexoncdn.co.kr/live/externalAssets/common/teamcolorboost/icon/medium/4_l9.png,https://fconline.nexon.com/datacenter/teamcolor#teamcolorid=40025,2026-07-31T18:15:14+09:00,1.0.0
40026,레드데블스 트리오,맨체스터 유나이티드 트리오로 구성된 팀컬러입니다.,특성 팀컬러,관계,1,3,속력 +2 | 골 결정력 +1,https://fco.dn.nexoncdn.co.kr/live/externalAssets/common/teamcolorboost/icon/medium/4_l11.png,https://fconline.nexon.com/datacenter/teamcolor#teamcolorid=40026,2026-07-31T18:15:14+09:00,1.0.0
40027,비안코네리 밸런스,유벤투스의 황금라인으로 구성된 팀컬러입니다.,특성 팀컬러,관계,1,3,밸런스 +1 | 중거리 슛 +1 | 긴 패스 +1,https://fco.dn.nexoncdn.co.kr/live/externalAssets/common/teamcolorboost/icon/medium/4_l45.png,https://fconline.nexon.com/datacenter/teamcolor#teamcolorid=40027,2026-07-31T18:15:14+09:00,1.0.0
40028,바르샤 듀오,바르셀로나 듀오로 구성된 팀컬러입니다.,특성 팀컬러,관계,1,2,볼 컨트롤 +1 | 짧은 패스 +1,https://fco.dn.nexoncdn.co.kr/live/externalAssets/common/teamcolorboost/icon/medium/4_l241.png,https://fconline.nexon.com/datacenter/teamcolor#teamcolorid=40028,2026-07-31T18:15:14+09:00,1.0.0
40029,비안코네리 빗장수비진,유벤투스의 빗장수비진으로 구성된 팀컬러입니다.,특성 팀컬러,관계,1,3,몸싸움 +1 | 헤더 +2,https://fco.dn.nexoncdn.co.kr/live/externalAssets/common/teamcolorboost/icon/medium/4_l45.png,https://fconline.nexon.com/datacenter/teamcolor#teamcolorid=40029,2026-07-31T18:15:14+09:00,1.0.0
40030,파르테노페이 트리오,SSC 나폴리 트리오로 구성된 팀컬러입니다.,특성 팀컬러,관계,1,3,스태미너 +2 | 위치 선정 +1,https://fco.dn.nexoncdn.co.kr/live/externalAssets/common/teamcolorboost/icon/medium/4_l48.png,https://fconline.nexon.com/datacenter/teamcolor#teamcolorid=40030,2026-07-31T18:15:14+09:00,1.0.0
40031,레드데블스 절친 트리오,맨체스터 유나이티드의 절친 트리오로 구성된 팀컬러입니다.,특성 팀컬러,관계,1,3,가로채기 +2 | 속력 +1,https://fco.dn.nexoncdn.co.kr/live/externalAssets/common/teamcolorboost/icon/medium/4_l11.png,https://fconline.nexon.com/datacenter/teamcolor#teamcolorid=40031,2026-07-31T18:15:14+09:00,1.0.0
40032,마법같은 우승,레스터 황금세대로 구성된 팀컬러입니다.,특성 팀컬러,관계,1,5,속력 +1 | 긴 패스 +2 | 태클 +2,https://fco.dn.nexoncdn.co.kr/live/externalAssets/common/teamcolorboost/icon/medium/4_l95.png,https://fconline.nexon.com/datacenter/teamcolor#teamcolorid=40032,2026-07-31T18:15:14+09:00,1.0.0
40033,스퍼스 영혼의 콤비,토트넘의 영혼의 콤비로 구성된 팀컬러입니다.,특성 팀컬러,관계,1,2,가속력 +2 | 시야 +1,https://fco.dn.nexoncdn.co.kr/live/externalAssets/common/teamcolorboost/icon/medium/4_l18.png,https://fconline.nexon.com/datacenter/teamcolor#teamcolorid=40033,2026-07-31T18:15:14+09:00,1.0.0
40034,오렌지 삼총사,네덜란드의 전설적인 트리오로 구성된 팀컬러입니다.,특성 팀컬러,관계,1,3,민첩성 +2 | 밸런스 +1,https://fco.dn.nexoncdn.co.kr/live/externalAssets/common/teamcolorboost/icon/medium/4_l105035.png,https://fconline.nexon.com/datacenter/teamcolor#teamcolorid=40034,2026-07-31T18:15:14+09:00,1.0.0
40054,웨스트 햄 유나이티드,웨스트 햄 유나이티드 선수들로 구성된 팀컬러입니다.,소속 팀컬러,클럽,4,11,전체 능력치 +4 | 크로스 +3 | 드리블 +3,https://fco.dn.nexoncdn.co.kr/live/externalAssets/common/crests/light/medium/l19.png,https://fconline.nexon.com/datacenter/teamcolor#teamcolorid=40054,2026-07-31T18:15:14+09:00,1.0.0
40055,애스턴 빌라,애스턴 빌라 선수들로 구성된 팀컬러입니다.,소속 팀컬러,클럽,4,11,전체 능력치 +4 | 볼 컨트롤 +3 | 속력 +3,https://fco.dn.nexoncdn.co.kr/live/externalAssets/common/crests/light/medium/l2.png,https://fconline.nexon.com/datacenter/teamcolor#teamcolorid=40055,2026-07-31T18:15:14+09:00,1.0.0
40056,리즈 유나이티드,리즈 유나이티드 선수들로 구성된 팀컬러입니다.,소속 팀컬러,클럽,4,11,전체 능력치 +4 | 스태미너 +3 | 위치 선정 +3,https://fco.dn.nexoncdn.co.kr/live/externalAssets/common/crests/light/medium/l8.png,https://fconline.nexon.com/datacenter/teamcolor#teamcolorid=40056,2026-07-31T18:15:14+09:00,1.0.0
40057,사우샘프턴,사우샘프턴 선수들로 구성된 팀컬러입니다.,소속 팀컬러,클럽,4,11,전체 능력치 +4 | 스태미너 +3 | 헤더 +3,https://fco.dn.nexoncdn.co.kr/live/externalAssets/common/crests/light/medium/l17.png,https://fconline.nexon.com/datacenter/teamcolor#teamcolorid=40057,2026-07-31T18:15:14+09:00,1.0.0
40058,크리스털 팰리스,크리스털 팰리스 선수들로 구성된 팀컬러입니다.,소속 팀컬러,클럽,4,11,전체 능력치 +4 | 대인 수비 +3 | 민첩성 +3,https://fco.dn.nexoncdn.co.kr/live/externalAssets/common/crests/light/medium/l1799.png,https://fconline.nexon.com/datacenter/teamcolor#teamcolorid=40058,2026-07-31T18:15:14+09:00,1.0.0
40059,뉴캐슬 유나이티드,뉴캐슬 유나이티드 선수들로 구성된 팀컬러입니다.,소속 팀컬러,클럽,4,11,전체 능력치 +4 | 가속력 +3 | 긴 패스 +3,https://fco.dn.nexoncdn.co.kr/live/externalAssets/common/crests/light/medium/l13.png,https://fconline.nexon.com/datacenter/teamcolor#teamcolorid=40059,2026-07-31T18:15:14+09:00,1.0.0
40060,브라이턴 호브 앨비언,브라이턴 호브 앨비언 선수들로 구성된 팀컬러입니다.,소속 팀컬러,클럽,4,11,전체 능력치 +4 | 짧은 패스 +3 | 골 결정력 +3,https://fco.dn.nexoncdn.co.kr/live/externalAssets/common/crests/light/medium/l1808.png,https://fconline.nexon.com/datacenter/teamcolor#teamcolorid=40060,2026-07-31T18:15:14+09:00,1.0.0
40061,번리,번리 선수들로 구성된 팀컬러입니다.,소속 팀컬러,클럽,4,11,전체 능력치 +4 | 긴 패스 +3 | 적극성 +3,https://fco.dn.nexoncdn.co.kr/live/externalAssets/common/crests/light/medium/l1796.png,https://fconline.nexon.com/datacenter/teamcolor#teamcolorid=40061,2026-07-31T18:15:14+09:00,1.0.0
40062,풀럼,풀럼 선수들로 구성된 팀컬러입니다.,소속 팀컬러,클럽,4,11,전체 능력치 +4 | 드리블 +3 | 짧은 패스 +3,https://fco.dn.nexoncdn.co.kr/live/externalAssets/common/crests/light/medium/l144.png,https://fconline.nexon.com/datacenter/teamcolor#teamcolorid=40062,2026-07-31T18:15:14+09:00,1.0.0
40063,웨스트 브로미치 앨비언,웨스트 브로미치 앨비언 선수들로 구성된 팀컬러입니다.,소속 팀컬러,클럽,4,11,전체 능력치 +4 | 크로스 +3 | 대인 수비 +3,https://fco.dn.nexoncdn.co.kr/live/externalAssets/common/crests/light/medium/l109.png,https://fconline.nexon.com/datacenter/teamcolor#teamcolorid=40063,2026-07-31T18:15:14+09:00,1.0.0
40064,셰필드 유나이티드,셰필드 유나이티드 선수들로 구성된 팀컬러입니다.,소속 팀컬러,클럽,4,11,전체 능력치 +4 | 가로채기 +3 | 스태미너 +3,https://fco.dn.nexoncdn.co.kr/live/externalAssets/common/crests/light/medium/l1794.png,https://fconline.nexon.com/datacenter/teamcolor#teamcolorid=40064,2026-07-31T18:15:14+09:00,1.0.0
40065,세비야 FC,세비야 FC 선수들로 구성된 팀컬러입니다.,소속 팀컬러,클럽,4,11,전체 능력치 +4 | 크로스 +3 | 가속력 +3,https://fco.dn.nexoncdn.co.kr/live/externalAssets/common/crests/light/medium/l481.png,https://fconline.nexon.com/datacenter/teamcolor#teamcolorid=40065,2026-07-31T18:15:14+09:00,1.0.0
40066,비야레알 CF,비야레알 CF 선수들로 구성된 팀컬러입니다.,소속 팀컬러,클럽,4,11,전체 능력치 +4 | 짧은 패스 +3 | 시야 +3,https://fco.dn.nexoncdn.co.kr/live/externalAssets/common/crests/light/medium/l483.png,https://fconline.nexon.com/datacenter/teamcolor#teamcolorid=40066,2026-07-31T18:15:14+09:00,1.0.0
40067,레알 소시에다드,레알 소시에다드 선수들로 구성된 팀컬러입니다.,소속 팀컬러,클럽,4,11,전체 능력치 +4 | 긴 패스 +3 | 골 결정력 +3,https://fco.dn.nexoncdn.co.kr/live/externalAssets/common/crests/light/medium/l457.png,https://fconline.nexon.com/datacenter/teamcolor#teamcolorid=40067,2026-07-31T18:15:14+09:00,1.0.0
40068,레알 베티스,레알 베티스 선수들로 구성된 팀컬러입니다.,소속 팀컬러,클럽,4,11,전체 능력치 +4 | 드리블 +3 | 침착성 +3,https://fco.dn.nexoncdn.co.kr/live/externalAssets/common/crests/light/medium/l449.png,https://fconline.nexon.com/datacenter/teamcolor#teamcolorid=40068,2026-07-31T18:15:14+09:00,1.0.0
40069,그라나다 CF,그라나다 CF 선수들로 구성된 팀컬러입니다.,소속 팀컬러,클럽,4,11,전체 능력치 +4 | 반응 속도 +3 | 대인 수비 +3,https://fco.dn.nexoncdn.co.kr/live/externalAssets/common/crests/light/medium/l110832.png,https://fconline.nexon.com/datacenter/teamcolor#teamcolorid=40069,2026-07-31T18:15:14+09:00,1.0.0
40070,레반테 UD,레반테 UD 선수들로 구성된 팀컬러입니다.,소속 팀컬러,클럽,4,11,전체 능력치 +4 | 속력 +3 | 골 결정력 +3,https://fco.dn.nexoncdn.co.kr/live/externalAssets/common/crests/light/medium/l1853.png,https://fconline.nexon.com/datacenter/teamcolor#teamcolorid=40070,2026-07-31T18:15:14+09:00,1.0.0
40071,셀타 비고,셀타 비고 선수들로 구성된 팀컬러입니다.,소속 팀컬러,클럽,4,11,전체 능력치 +4 | 적극성 +3 | 대인 수비 +3,https://fco.dn.nexoncdn.co.kr/live/externalAssets/common/crests/light/medium/l450.png,https://fconline.nexon.com/datacenter/teamcolor#teamcolorid=40071,2026-07-31T18:15:14+09:00,1.0.0
40072,아틀레틱 빌바오,아틀레틱 빌바오 선수들로 구성된 팀컬러입니다.,소속 팀컬러,클럽,4,11,전체 능력치 +4 | 위치 선정 +3 | 헤더 +3,https://fco.dn.nexoncdn.co.kr/live/externalAssets/common/crests/light/medium/l448.png,https://fconline.nexon.com/datacenter/teamcolor#teamcolorid=40072,2026-07-31T18:15:14+09:00,1.0.0
40073,헤타페 CF,헤타페 CF 선수들로 구성된 팀컬러입니다.,소속 팀컬러,클럽,4,11,전체 능력치 +4 | 적극성 +3 | 스태미너 +3,https://fco.dn.nexoncdn.co.kr/live/externalAssets/common/crests/light/medium/l1860.png,https://fconline.nexon.com/datacenter/teamcolor#teamcolorid=40073,2026-07-31T18:15:14+09:00,1.0.0
40074,카디스 CF,카디스 CF 선수들로 구성된 팀컬러입니다.,소속 팀컬러,클럽,4,11,전체 능력치 +4 | 가로채기 +3 | 대인 수비 +3,https://fco.dn.nexoncdn.co.kr/live/externalAssets/common/crests/light/medium/l1968.png,https://fconline.nexon.com/datacenter/teamcolor#teamcolorid=40074,2026-07-31T18:15:14+09:00,1.0.0
40075,SD 에이바르,SD 에이바르 선수들로 구성된 팀컬러입니다.,소속 팀컬러,클럽,4,11,전체 능력치 +4 | 중거리 슛 +3 | 점프 +3,https://fco.dn.nexoncdn.co.kr/live/externalAssets/common/crests/light/medium/l467.png,https://fconline.nexon.com/datacenter/teamcolor#teamcolorid=40075,2026-07-31T18:15:14+09:00,1.0.0
40076,레알 바야돌리드,레알 바야돌리드 선수들로 구성된 팀컬러입니다.,소속 팀컬러,클럽,4,11,전체 능력치 +4 | 반응 속도 +3 | 몸싸움 +3,https://fco.dn.nexoncdn.co.kr/live/externalAssets/common/crests/light/medium/l462.png,https://fconline.nexon.com/datacenter/teamcolor#teamcolorid=40076,2026-07-31T18:15:14+09:00,1.0.0
40077,오사수나,오사수나 선수들로 구성된 팀컬러입니다.,소속 팀컬러,클럽,4,11,전체 능력치 +4 | 점프 +3 | 긴 패스 +3,https://fco.dn.nexoncdn.co.kr/live/externalAssets/common/crests/light/medium/l479.png,https://fconline.nexon.com/datacenter/teamcolor#teamcolorid=40077,2026-07-31T18:15:14+09:00,1.0.0
40078,데포르티보 알라베스,데포르티보 알라베스 선수들로 구성된 팀컬러입니다.,소속 팀컬러,클럽,4,11,전체 능력치 +4 | 긴 패스 +3 | 속력 +3,https://fco.dn.nexoncdn.co.kr/live/externalAssets/common/crests/light/medium/l463.png,https://fconline.nexon.com/datacenter/teamcolor#teamcolorid=40078,2026-07-31T18:15:14+09:00,1.0.0
40079,엘체 CF,엘체 CF 선수들로 구성된 팀컬러입니다.,소속 팀컬러,클럽,4,11,전체 능력치 +4 | 대인 수비 +3 | 스태미너 +3,https://fco.dn.nexoncdn.co.kr/live/externalAssets/common/crests/light/medium/l468.png,https://fconline.nexon.com/datacenter/teamcolor#teamcolorid=40079,2026-07-31T18:15:14+09:00,1.0.0
40080,SD 우에스카,SD 우에스카 선수들로 구성된 팀컬러입니다.,소속 팀컬러,클럽,4,11,전체 능력치 +4 | 긴 패스 +3 | 슬라이딩 태클 +3,https://fco.dn.nexoncdn.co.kr/live/externalAssets/common/crests/light/medium/l110839.png,https://fconline.nexon.com/datacenter/teamcolor#teamcolorid=40080,2026-07-31T18:15:14+09:00,1.0.0
40081,보루시아 묀헨글라트바흐,보루시아 묀헨글라트바흐 선수들로 구성된 팀컬러입니다.,소속 팀컬러,클럽,4,11,전체 능력치 +4 | 가로채기 +3 | 골 결정력 +3,https://fco.dn.nexoncdn.co.kr/live/externalAssets/common/crests/light/medium/l23.png,https://fconline.nexon.com/datacenter/teamcolor#teamcolorid=40081,2026-07-31T18:15:14+09:00,1.0.0
40082,1. FC 우니온 베를린,1. FC 우니온 베를린 선수들로 구성된 팀컬러입니다.,소속 팀컬러,클럽,4,11,전체 능력치 +4 | 크로스 +3 | 점프 +3,https://fco.dn.nexoncdn.co.kr/live/externalAssets/common/crests/light/medium/l1831.png,https://fconline.nexon.com/datacenter/teamcolor#teamcolorid=40082,2026-07-31T18:15:14+09:00,1.0.0
40083,VfB 슈투트가르트,VfB 슈투트가르트 선수들로 구성된 팀컬러입니다.,소속 팀컬러,클럽,4,11,전체 능력치 +4 | 속력 +3 | 드리블 +3,https://fco.dn.nexoncdn.co.kr/live/externalAssets/common/crests/light/medium/l36.png,https://fconline.nexon.com/datacenter/teamcolor#teamcolorid=40083,2026-07-31T18:15:14+09:00,1.0.0
40084,베르더 브레멘,베르더 브레멘 선수들로 구성된 팀컬러입니다.,소속 팀컬러,클럽,4,11,전체 능력치 +4 | 점프 +3 | 시야 +3,https://fco.dn.nexoncdn.co.kr/live/externalAssets/common/crests/light/medium/l38.png,https://fconline.nexon.com/datacenter/teamcolor#teamcolorid=40084,2026-07-31T18:15:14+09:00,1.0.0
40085,TSG 호펜하임,TSG 호펜하임 선수들로 구성된 팀컬러입니다.,소속 팀컬러,클럽,4,11,전체 능력치 +4 | 대인 수비 +3 | 가속력 +3,https://fco.dn.nexoncdn.co.kr/live/externalAssets/common/crests/light/medium/l10029.png,https://fconline.nexon.com/datacenter/teamcolor#teamcolorid=40085,2026-07-31T18:15:14+09:00,1.0.0
40086,FC 아우크스부르크,FC 아우크스부르크 선수들로 구성된 팀컬러입니다.,소속 팀컬러,클럽,4,11,전체 능력치 +4 | 긴 패스 +3 | 가로채기 +3,https://fco.dn.nexoncdn.co.kr/live/externalAssets/common/crests/light/medium/l100409.png,https://fconline.nexon.com/datacenter/teamcolor#teamcolorid=40086,2026-07-31T18:15:14+09:00,1.0.0
40087,1. FC 쾰른,1. FC 쾰른 선수들로 구성된 팀컬러입니다.,소속 팀컬러,클럽,4,11,전체 능력치 +4 | 가속력 +3 | 스태미너 +3,https://fco.dn.nexoncdn.co.kr/live/externalAssets/common/crests/light/medium/l31.png,https://fconline.nexon.com/datacenter/teamcolor#teamcolorid=40087,2026-07-31T18:15:14+09:00,1.0.0
40088,헤르타 BSC,헤르타 BSC 선수들로 구성된 팀컬러입니다.,소속 팀컬러,클럽,4,11,전체 능력치 +4 | 중거리 슛 +3 | 위치 선정 +3,https://fco.dn.nexoncdn.co.kr/live/externalAssets/common/crests/light/medium/l166.png,https://fconline.nexon.com/datacenter/teamcolor#teamcolorid=40088,2026-07-31T18:15:14+09:00,1.0.0
40089,아르미니아 빌레펠트,아르미니아 빌레펠트 선수들로 구성된 팀컬러입니다.,소속 팀컬러,클럽,4,11,전체 능력치 +4 | 스태미너 +3 | 긴 패스 +3,https://fco.dn.nexoncdn.co.kr/live/externalAssets/common/crests/light/medium/l159.png,https://fconline.nexon.com/datacenter/teamcolor#teamcolorid=40089,2026-07-31T18:15:14+09:00,1.0.0
40090,1. FSV 마인츠 05,1. FSV 마인츠 05 선수들로 구성된 팀컬러입니다.,소속 팀컬러,클럽,4,11,전체 능력치 +4 | 가로채기 +3 | 위치 선정 +3,https://fco.dn.nexoncdn.co.kr/live/externalAssets/common/crests/light/medium/l169.png,https://fconline.nexon.com/datacenter/teamcolor#teamcolorid=40090,2026-07-31T18:15:14+09:00,1.0.0
40091,FC 샬케 04,FC 샬케 04 선수들로 구성된 팀컬러입니다.,소속 팀컬러,클럽,4,11,전체 능력치 +4 | 적극성 +3 | 반응 속도 +3,https://fco.dn.nexoncdn.co.kr/live/externalAssets/common/crests/light/medium/l34.png,https://fconline.nexon.com/datacenter/teamcolor#teamcolorid=40091,2026-07-31T18:15:14+09:00,1.0.0
40092,SC 프라이부르크,SC 프라이부르크 선수들로 구성된 팀컬러입니다.,소속 팀컬러,클럽,4,11,전체 능력치 +4 | 스태미너 +3 | 슬라이딩 태클 +3,https://fco.dn.nexoncdn.co.kr/live/externalAssets/common/crests/light/medium/l25.png,https://fconline.nexon.com/datacenter/teamcolor#teamcolorid=40092,2026-07-31T18:15:14+09:00,1.0.0
40093,베르가모 칼초,베르가모 칼초 선수들로 구성된 팀컬러입니다.,소속 팀컬러,클럽,4,11,전체 능력치 +4 | 시야 +3 | 밸런스 +3,https://fco.dn.nexoncdn.co.kr/live/externalAssets/common/crests/light/medium/l115845.png,https://fconline.nexon.com/datacenter/teamcolor#teamcolorid=40093,2026-07-31T18:15:14+09:00,1.0.0
40094,사수올로,사수올로 선수들로 구성된 팀컬러입니다.,소속 팀컬러,클럽,4,11,전체 능력치 +4 | 짧은 패스 +3 | 드리블 +3,https://fco.dn.nexoncdn.co.kr/live/externalAssets/common/crests/light/medium/l111974.png,https://fconline.nexon.com/datacenter/teamcolor#teamcolorid=40094,2026-07-31T18:15:14+09:00,1.0.0
40095,엘라스 베로나,엘라스 베로나 선수들로 구성된 팀컬러입니다.,소속 팀컬러,클럽,4,11,전체 능력치 +4 | 몸싸움 +3 | 침착성 +3,https://fco.dn.nexoncdn.co.kr/live/externalAssets/common/crests/light/medium/l206.png,https://fconline.nexon.com/datacenter/teamcolor#teamcolorid=40095,2026-07-31T18:15:14+09:00,1.0.0
40096,삼프도리아,삼프도리아 선수들로 구성된 팀컬러입니다.,소속 팀컬러,클럽,4,11,전체 능력치 +4 | 크로스 +3 | 헤더 +3,https://fco.dn.nexoncdn.co.kr/live/externalAssets/common/crests/light/medium/l1837.png,https://fconline.nexon.com/datacenter/teamcolor#teamcolorid=40096,2026-07-31T18:15:14+09:00,1.0.0
40097,피오렌티나,피오렌티나 선수들로 구성된 팀컬러입니다.,소속 팀컬러,클럽,4,11,전체 능력치 +4 | 가속력 +3 | 반응 속도 +3,https://fco.dn.nexoncdn.co.kr/live/externalAssets/common/crests/light/medium/l110374.png,https://fconline.nexon.com/datacenter/teamcolor#teamcolorid=40097,2026-07-31T18:15:14+09:00,1.0.0
40099,우디네세,우디네세 선수들로 구성된 팀컬러입니다.,소속 팀컬러,클럽,4,11,전체 능력치 +4 | 위치 선정 +3 | 볼 컨트롤 +3,https://fco.dn.nexoncdn.co.kr/live/externalAssets/common/crests/light/medium/l55.png,https://fconline.nexon.com/datacenter/teamcolor#teamcolorid=40099,2026-07-31T18:15:14+09:00,1.0.0
40100,제노아,제노아 선수들로 구성된 팀컬러입니다.,소속 팀컬러,클럽,4,11,전체 능력치 +4 | 대인 수비 +3 | 적극성 +3,https://fco.dn.nexoncdn.co.kr/live/externalAssets/common/crests/light/medium/l110556.png,https://fconline.nexon.com/datacenter/teamcolor#teamcolorid=40100,2026-07-31T18:15:14+09:00,1.0.0
40101,볼로냐,볼로냐 선수들로 구성된 팀컬러입니다.,소속 팀컬러,클럽,4,11,전체 능력치 +4 | 크로스 +3 | 긴 패스 +3,https://fco.dn.nexoncdn.co.kr/live/externalAssets/common/crests/light/medium/l189.png,https://fconline.nexon.com/datacenter/teamcolor#teamcolorid=40101,2026-07-31T18:15:14+09:00,1.0.0
40102,스페치아,스페치아 선수들로 구성된 팀컬러입니다.,소속 팀컬러,클럽,4,11,전체 능력치 +4 | 긴 패스 +3 | 태클 +3,https://fco.dn.nexoncdn.co.kr/live/externalAssets/common/crests/light/medium/l113974.png,https://fconline.nexon.com/datacenter/teamcolor#teamcolorid=40102,2026-07-31T18:15:14+09:00,1.0.0
40103,토리노,토리노 선수들로 구성된 팀컬러입니다.,소속 팀컬러,클럽,4,11,전체 능력치 +4 | 드리블 +3 | 민첩성 +3,https://fco.dn.nexoncdn.co.kr/live/externalAssets/common/crests/light/medium/l54.png,https://fconline.nexon.com/datacenter/teamcolor#teamcolorid=40103,2026-07-31T18:15:14+09:00,1.0.0
40104,칼리아리,칼리아리 선수들로 구성된 팀컬러입니다.,소속 팀컬러,클럽,4,11,전체 능력치 +4 | 반응 속도 +3 | 민첩성 +3,https://fco.dn.nexoncdn.co.kr/live/externalAssets/common/crests/light/medium/l1842.png,https://fconline.nexon.com/datacenter/teamcolor#teamcolorid=40104,2026-07-31T18:15:14+09:00,1.0.0
40105,파르마,파르마 선수들로 구성된 팀컬러입니다.,소속 팀컬러,클럽,4,11,전체 능력치 +4 | 짧은 패스 +3 | 긴 패스 +3,https://fco.dn.nexoncdn.co.kr/live/externalAssets/common/crests/light/medium/l50.png,https://fconline.nexon.com/datacenter/teamcolor#teamcolorid=40105,2026-07-31T18:15:14+09:00,1.0.0
40107,AS 모나코,AS 모나코 선수들로 구성된 팀컬러입니다.,소속 팀컬러,클럽,4,11,전체 능력치 +4 | 위치 선정 +3 | 헤더 +3,https://fco.dn.nexoncdn.co.kr/live/externalAssets/common/crests/light/medium/l69.png,https://fconline.nexon.com/datacenter/teamcolor#teamcolorid=40107,2026-07-31T18:15:14+09:00,1.0.0
40108,스타드 렌,스타드 렌 선수들로 구성된 팀컬러입니다.,소속 팀컬러,클럽,4,11,전체 능력치 +4 | 짧은 패스 +3 | 반응 속도 +3,https://fco.dn.nexoncdn.co.kr/live/externalAssets/common/crests/light/medium/l74.png,https://fconline.nexon.com/datacenter/teamcolor#teamcolorid=40108,2026-07-31T18:15:14+09:00,1.0.0
40110,AS 생테티엔,AS 생테티엔 선수들로 구성된 팀컬러입니다.,소속 팀컬러,클럽,4,11,전체 능력치 +4 | 태클 +3 | 슬라이딩 태클 +3,https://fco.dn.nexoncdn.co.kr/live/externalAssets/common/crests/light/medium/l1819.png,https://fconline.nexon.com/datacenter/teamcolor#teamcolorid=40110,2026-07-31T18:15:14+09:00,1.0.0
40111,FC 메스,FC 메스 선수들로 구성된 팀컬러입니다.,소속 팀컬러,클럽,4,11,전체 능력치 +4 | 중거리 슛 +3 | 가속력 +3,https://fco.dn.nexoncdn.co.kr/live/externalAssets/common/crests/light/medium/l68.png,https://fconline.nexon.com/datacenter/teamcolor#teamcolorid=40111,2026-07-31T18:15:14+09:00,1.0.0
40112,RC 랑스,RC 랑스 선수들로 구성된 팀컬러입니다.,소속 팀컬러,클럽,4,11,전체 능력치 +4 | 스태미너 +3 | 대인 수비 +3,https://fco.dn.nexoncdn.co.kr/live/externalAssets/common/crests/light/medium/l64.png,https://fconline.nexon.com/datacenter/teamcolor#teamcolorid=40112,2026-07-31T18:15:14+09:00,1.0.0
40113,앙제 SCO,앙제 SCO 선수들로 구성된 팀컬러입니다.,소속 팀컬러,클럽,4,11,전체 능력치 +4 | 적극성 +3 | 몸싸움 +3,https://fco.dn.nexoncdn.co.kr/live/externalAssets/common/crests/light/medium/l1530.png,https://fconline.nexon.com/datacenter/teamcolor#teamcolorid=40113,2026-07-31T18:15:14+09:00,1.0.0
40114,몽펠리에 HSC,몽펠리에 HSC 선수들로 구성된 팀컬러입니다.,소속 팀컬러,클럽,4,11,전체 능력치 +4 | 크로스 +3 | 긴 패스 +3,https://fco.dn.nexoncdn.co.kr/live/externalAssets/common/crests/light/medium/l70.png,https://fconline.nexon.com/datacenter/teamcolor#teamcolorid=40114,2026-07-31T18:15:14+09:00,1.0.0
40115,스타드 랭스,스타드 랭스 선수들로 구성된 팀컬러입니다.,소속 팀컬러,클럽,4,11,전체 능력치 +4 | 대인 수비 +3 | 위치 선정 +3,https://fco.dn.nexoncdn.co.kr/live/externalAssets/common/crests/light/medium/l379.png,https://fconline.nexon.com/datacenter/teamcolor#teamcolorid=40115,2026-07-31T18:15:14+09:00,1.0.0
40116,스타드 브레스트 29,스타드 브레스트 29 선수들로 구성된 팀컬러입니다.,소속 팀컬러,클럽,4,11,전체 능력치 +4 | 긴 패스 +3 | 헤더 +3,https://fco.dn.nexoncdn.co.kr/live/externalAssets/common/crests/light/medium/l378.png,https://fconline.nexon.com/datacenter/teamcolor#teamcolorid=40116,2026-07-31T18:15:14+09:00,1.0.0
40117,OGC 니스,OGC 니스 선수들로 구성된 팀컬러입니다.,소속 팀컬러,클럽,4,11,전체 능력치 +4 | 짧은 패스 +3 | 적극성 +3,https://fco.dn.nexoncdn.co.kr/live/externalAssets/common/crests/light/medium/l72.png,https://fconline.nexon.com/datacenter/teamcolor#teamcolorid=40117,2026-07-31T18:15:14+09:00,1.0.0
40118,스트라스부르 알자스,스트라스부르 알자스 선수들로 구성된 팀컬러입니다.,소속 팀컬러,클럽,4,11,전체 능력치 +4 | 크로스 +3 | 속력 +3,https://fco.dn.nexoncdn.co.kr/live/externalAssets/common/crests/light/medium/l76.png,https://fconline.nexon.com/datacenter/teamcolor#teamcolorid=40118,2026-07-31T18:15:14+09:00,1.0.0
40119,FC 낭트,FC 낭트 선수들로 구성된 팀컬러입니다.,소속 팀컬러,클럽,4,11,전체 능력치 +4 | 태클 +3 | 몸싸움 +3,https://fco.dn.nexoncdn.co.kr/live/externalAssets/common/crests/light/medium/l71.png,https://fconline.nexon.com/datacenter/teamcolor#teamcolorid=40119,2026-07-31T18:15:14+09:00,1.0.0
40120,FC 로리앙,FC 로리앙 선수들로 구성된 팀컬러입니다.,소속 팀컬러,클럽,4,11,전체 능력치 +4 | 중거리 슛 +3 | 가로채기 +3,https://fco.dn.nexoncdn.co.kr/live/externalAssets/common/crests/light/medium/l217.png,https://fconline.nexon.com/datacenter/teamcolor#teamcolorid=40120,2026-07-31T18:15:14+09:00,1.0.0
40123,함부르크 SV,함부르크 SV 선수들로 구성된 팀컬러입니다.,소속 팀컬러,클럽,4,11,전체 능력치 +4 | 속력 +3 | 골 결정력 +3,https://fco.dn.nexoncdn.co.kr/live/externalAssets/common/crests/light/medium/l28.png,https://fconline.nexon.com/datacenter/teamcolor#teamcolorid=40123,2026-07-31T18:15:14+09:00,1.0.0
40124,블랙번 로버스,블랙번 로버스 선수들로 구성된 팀컬러입니다.,소속 팀컬러,클럽,4,11,전체 능력치 +4 | 가속력 +3 | 드리블 +3,https://fco.dn.nexoncdn.co.kr/live/externalAssets/common/crests/light/medium/l3.png,https://fconline.nexon.com/datacenter/teamcolor#teamcolorid=40124,2026-07-31T18:15:14+09:00,1.0.0
40125,미들즈브러,미들즈브러 선수들로 구성된 팀컬러입니다.,소속 팀컬러,클럽,4,11,전체 능력치 +4 | 대인 수비 +3 | 스태미너 +3,https://fco.dn.nexoncdn.co.kr/live/externalAssets/common/crests/light/medium/l12.png,https://fconline.nexon.com/datacenter/teamcolor#teamcolorid=40125,2026-07-31T18:15:14+09:00,1.0.0
40126,스토크 시티,스토크 시티 선수들로 구성된 팀컬러입니다.,소속 팀컬러,클럽,4,11,전체 능력치 +4 | 적극성 +3 | 헤더 +3,https://fco.dn.nexoncdn.co.kr/live/externalAssets/common/crests/light/medium/l1806.png,https://fconline.nexon.com/datacenter/teamcolor#teamcolorid=40126,2026-07-31T18:15:14+09:00,1.0.0
40127,RCD 마요르카,RCD 마요르카 선수들로 구성된 팀컬러입니다.,소속 팀컬러,클럽,4,11,전체 능력치 +4 | 골 결정력 +3 | 대인 수비 +3,https://fco.dn.nexoncdn.co.kr/live/externalAssets/common/crests/light/medium/l453.png,https://fconline.nexon.com/datacenter/teamcolor#teamcolorid=40127,2026-07-31T18:15:14+09:00,1.0.0
40128,LA 갤럭시,LA 갤럭시 선수들로 구성된 팀컬러입니다.,소속 팀컬러,클럽,4,11,전체 능력치 +4 | 슛 파워 +3 | 중거리 슛 +3,https://fco.dn.nexoncdn.co.kr/live/externalAssets/common/crests/light/medium/l697.png,https://fconline.nexon.com/datacenter/teamcolor#teamcolorid=40128,2026-07-31T18:15:14+09:00,1.0.0
40129,SL 벤피카,SL 벤피카 선수들로 구성된 팀컬러입니다.,소속 팀컬러,클럽,4,11,전체 능력치 +4 | 짧은 패스 +3 | 드리블 +3,https://fco.dn.nexoncdn.co.kr/live/externalAssets/common/crests/light/medium/l234.png,https://fconline.nexon.com/datacenter/teamcolor#teamcolorid=40129,2026-07-31T18:15:14+09:00,1.0.0
40130,갈라타사라이,갈라타사라이 선수들로 구성된 팀컬러입니다.,소속 팀컬러,클럽,4,11,전체 능력치 +4 | 몸싸움 +3 | 골 결정력 +3,https://fco.dn.nexoncdn.co.kr/live/externalAssets/common/crests/light/medium/l325.png,https://fconline.nexon.com/datacenter/teamcolor#teamcolorid=40130,2026-07-31T18:15:14+09:00,1.0.0
40131,레드불 잘츠부르크,레드불 잘츠부르크 선수들로 구성된 팀컬러입니다.,소속 팀컬러,클럽,4,11,전체 능력치 +4 | 골 결정력 +3 | 스태미너 +3,https://fco.dn.nexoncdn.co.kr/live/externalAssets/common/crests/light/medium/l191.png,https://fconline.nexon.com/datacenter/teamcolor#teamcolorid=40131,2026-07-31T18:15:14+09:00,1.0.0
40132,페예노르트,페예노르트 선수들로 구성된 팀컬러입니다.,소속 팀컬러,클럽,4,11,전체 능력치 +4 | 대인 수비 +3 | 중거리 슛 +3,https://fco.dn.nexoncdn.co.kr/live/externalAssets/common/crests/light/medium/l246.png,https://fconline.nexon.com/datacenter/teamcolor#teamcolorid=40132,2026-07-31T18:15:14+09:00,1.0.0
40133,샤흐타르 도네츠크,샤흐타르 도네츠크 선수들로 구성된 팀컬러입니다.,소속 팀컬러,클럽,4,11,전체 능력치 +4 | 가속력 +3 | 드리블 +3,https://fco.dn.nexoncdn.co.kr/live/externalAssets/common/crests/light/medium/l101059.png,https://fconline.nexon.com/datacenter/teamcolor#teamcolorid=40133,2026-07-31T18:15:14+09:00,1.0.0
40134,KRC 겡크,KRC 겡크 선수들로 구성된 팀컬러입니다.,소속 팀컬러,클럽,4,11,전체 능력치 +4 | 짧은 패스 +3 | 시야 +3,https://fco.dn.nexoncdn.co.kr/live/externalAssets/common/crests/light/medium/l673.png,https://fconline.nexon.com/datacenter/teamcolor#teamcolorid=40134,2026-07-31T18:15:14+09:00,1.0.0
40136,스파르타 프라하,스파르타 프라하 선수들로 구성된 팀컬러입니다.,소속 팀컬러,클럽,4,11,전체 능력치 +4 | 골 결정력 +3 | 민첩성 +3,https://fco.dn.nexoncdn.co.kr/live/externalAssets/common/crests/light/medium/l267.png,https://fconline.nexon.com/datacenter/teamcolor#teamcolorid=40136,2026-07-31T18:15:14+09:00,1.0.0
40137,디나모 키이우,디나모 키예프 선수들로 구성된 팀컬러입니다.,소속 팀컬러,클럽,4,11,전체 능력치 +4 | 가속력 +3 | 중거리 슛 +3,https://fco.dn.nexoncdn.co.kr/live/externalAssets/common/crests/light/medium/l101047.png,https://fconline.nexon.com/datacenter/teamcolor#teamcolorid=40137,2026-07-31T18:15:14+09:00,1.0.0
40138,FC 포르투,FC 포르투 선수들로 구성된 팀컬러입니다.,소속 팀컬러,클럽,4,11,전체 능력치 +4 | 대인 수비 +3 | 반응 속도 +3,https://fco.dn.nexoncdn.co.kr/live/externalAssets/common/crests/light/medium/l236.png,https://fconline.nexon.com/datacenter/teamcolor#teamcolorid=40138,2026-07-31T18:15:14+09:00,1.0.0
40139,디나모 자그레브,디나모 자그레브 선수들로 구성된 팀컬러입니다.,소속 팀컬러,클럽,4,11,전체 능력치 +4 | 반응 속도 +3 | 스태미너 +3,https://fco.dn.nexoncdn.co.kr/live/externalAssets/common/crests/light/medium/l211.png,https://fconline.nexon.com/datacenter/teamcolor#teamcolorid=40139,2026-07-31T18:15:14+09:00,1.0.0
40140,FC 코펜하겐,FC 코펜하겐 선수들로 구성된 팀컬러입니다.,소속 팀컬러,클럽,4,11,전체 능력치 +4 | 적극성 +3 | 위치 선정 +3,https://fco.dn.nexoncdn.co.kr/live/externalAssets/common/crests/light/medium/l819.png,https://fconline.nexon.com/datacenter/teamcolor#teamcolorid=40140,2026-07-31T18:15:14+09:00,1.0.0
40141,FC 바젤 1893,FC 바젤 1893 선수들로 구성된 팀컬러입니다.,소속 팀컬러,클럽,4,11,전체 능력치 +4 | 골 결정력 +3 | 헤더 +3,https://fco.dn.nexoncdn.co.kr/live/externalAssets/common/crests/light/medium/l896.png,https://fconline.nexon.com/datacenter/teamcolor#teamcolorid=40141,2026-07-31T18:15:14+09:00,1.0.0
40143,셀틱,셀틱 선수들로 구성된 팀컬러입니다.,소속 팀컬러,클럽,4,11,전체 능력치 +4 | 짧은 패스 +3 | 중거리 슛 +3,https://fco.dn.nexoncdn.co.kr/live/externalAssets/common/crests/light/medium/l78.png,https://fconline.nexon.com/datacenter/teamcolor#teamcolorid=40143,2026-07-31T18:15:14+09:00,1.0.0
40144,레인저스,레인저스 선수들로 구성된 팀컬러입니다.,소속 팀컬러,클럽,4,11,전체 능력치 +4 | 짧은 패스 +3 | 대인 수비 +3,https://fco.dn.nexoncdn.co.kr/live/externalAssets/common/crests/light/medium/l86.png,https://fconline.nexon.com/datacenter/teamcolor#teamcolorid=40144,2026-07-31T18:15:14+09:00,1.0.0
40145,바샥셰히르,바샥셰히르 선수들로 구성된 팀컬러입니다.,소속 팀컬러,클럽,4,11,전체 능력치 +4 | 태클 +3 | 몸싸움 +3,https://fco.dn.nexoncdn.co.kr/live/externalAssets/common/crests/light/medium/l101014.png,https://fconline.nexon.com/datacenter/teamcolor#teamcolorid=40145,2026-07-31T18:15:14+09:00,1.0.0
40146,스포르팅 CP,스포르팅 CP 선수들로 구성된 팀컬러입니다.,소속 팀컬러,클럽,4,11,전체 능력치 +4 | 속력 +3 | 드리블 +3,https://fco.dn.nexoncdn.co.kr/live/externalAssets/common/crests/light/medium/l237.png,https://fconline.nexon.com/datacenter/teamcolor#teamcolorid=40146,2026-07-31T18:15:14+09:00,1.0.0
40147,19 New Generation,19 New Generation 클래스 선수들로 구성된 팀컬러입니다.,소속 팀컬러,클럽,3,8,전체 능력치 +3,https://fco.dn.nexoncdn.co.kr/live/externalAssets/common/crests/light/medium/l114601.png,https://fconline.nexon.com/datacenter/teamcolor#teamcolorid=40147,2026-07-31T18:15:14+09:00,1.0.0
40148,20 New Generation,20 New Generation 클래스 선수들로 구성된 팀컬러입니다.,소속 팀컬러,클럽,3,8,전체 능력치 +3,https://fco.dn.nexoncdn.co.kr/live/externalAssets/common/crests/light/medium/l114890.png,https://fconline.nexon.com/datacenter/teamcolor#teamcolorid=40148,2026-07-31T18:15:14+09:00,1.0.0
40149,19 UEFA Champions League,19 UEFA Champions League 클래스 선수들로 구성된 팀컬러입니다.,소속 팀컬러,스페셜,3,8,전체 능력치 +3,https://fco.dn.nexoncdn.co.kr/live/externalAssets/common/teamcolorboost/icon/medium/4_l999221.png,https://fconline.nexon.com/datacenter/teamcolor#teamcolorid=40149,2026-07-31T18:15:14+09:00,1.0.0
40150,20 K LEAGUE BEST,20 K LEAGUE BEST 클래스 선수들로 구성된 팀컬러입니다.,소속 팀컬러,스페셜,3,8,전체 능력치 +3,https://fco.dn.nexoncdn.co.kr/live/externalAssets/common/teamcolorboost/icon/medium/4_l999239.png,https://fconline.nexon.com/datacenter/teamcolor#teamcolorid=40150,2026-07-31T18:15:14+09:00,1.0.0
40151,Competitors Of Continents,Competitors Of Continents 클래스 선수들로 구성된 팀컬러입니다.,소속 팀컬러,클럽,3,8,전체 능력치 +3,https://fco.dn.nexoncdn.co.kr/live/externalAssets/common/crests/light/medium/l114379.png,https://fconline.nexon.com/datacenter/teamcolor#teamcolorid=40151,2026-07-31T18:15:14+09:00,1.0.0
40152,Golden Rookies,Golden Rookies 클래스 선수들로 구성된 팀컬러입니다.,소속 팀컬러,클럽,3,8,전체 능력치 +3,https://fco.dn.nexoncdn.co.kr/live/externalAssets/common/crests/light/medium/l113999.png,https://fconline.nexon.com/datacenter/teamcolor#teamcolorid=40152,2026-07-31T18:15:14+09:00,1.0.0
40153,Heroes Of the Team,Heroes Of the Team 클래스 선수들로 구성된 팀컬러입니다.,소속 팀컬러,클럽,3,8,전체 능력치 +3,https://fco.dn.nexoncdn.co.kr/live/externalAssets/common/crests/light/medium/l114378.png,https://fconline.nexon.com/datacenter/teamcolor#teamcolorid=40153,2026-07-31T18:15:14+09:00,1.0.0
40154,ICON,ICON 클래스 선수들로 구성된 팀컬러입니다.,소속 팀컬러,클럽,3,8,전체 능력치 +3,https://fco.dn.nexoncdn.co.kr/live/externalAssets/common/crests/light/medium/l112658.png,https://fconline.nexon.com/datacenter/teamcolor#teamcolorid=40154,2026-07-31T18:15:14+09:00,1.0.0
40156,Loyal Heroes,Loyal Heroes 클래스 선수들로 구성된 팀컬러입니다.,소속 팀컬러,클럽,3,8,전체 능력치 +3,https://fco.dn.nexoncdn.co.kr/live/externalAssets/common/crests/light/medium/l114744.png,https://fconline.nexon.com/datacenter/teamcolor#teamcolorid=40156,2026-07-31T18:15:14+09:00,1.0.0
40157,Man City Icon,Man City Icon 클래스 선수들로 구성된 팀컬러입니다.,소속 팀컬러,클럽,2,6,전체 능력치 +2,https://fco.dn.nexoncdn.co.kr/live/externalAssets/common/crests/light/medium/l114148.png,https://fconline.nexon.com/datacenter/teamcolor#teamcolorid=40157,2026-07-31T18:15:14+09:00,1.0.0
40158,Moments of Glory,Moments of Glory 클래스 선수들로 구성된 팀컬러입니다.,소속 팀컬러,클럽,3,8,전체 능력치 +3,https://fco.dn.nexoncdn.co.kr/live/externalAssets/common/crests/light/medium/l114866.png,https://fconline.nexon.com/datacenter/teamcolor#teamcolorid=40158,2026-07-31T18:15:14+09:00,1.0.0
40159,Multi-League Champions,Multi-League Champions 클래스 선수들로 구성된 팀컬러입니다.,소속 팀컬러,클럽,3,8,전체 능력치 +3,https://fco.dn.nexoncdn.co.kr/live/externalAssets/common/crests/light/medium/l114889.png,https://fconline.nexon.com/datacenter/teamcolor#teamcolorid=40159,2026-07-31T18:15:14+09:00,1.0.0
40160,National Hero Debut,National Hero Debut 클래스 선수들로 구성된 팀컬러입니다.,소속 팀컬러,클럽,3,8,전체 능력치 +3,https://fco.dn.nexoncdn.co.kr/live/externalAssets/common/crests/light/medium/l113885.png,https://fconline.nexon.com/datacenter/teamcolor#teamcolorid=40160,2026-07-31T18:15:14+09:00,1.0.0
40161,Ones To Watch,Ones To Watch 클래스 선수들로 구성된 팀컬러입니다.,소속 팀컬러,스페셜,3,8,전체 능력치 +3,https://fco.dn.nexoncdn.co.kr/live/externalAssets/common/teamcolorboost/icon/medium/4_l999218.png,https://fconline.nexon.com/datacenter/teamcolor#teamcolorid=40161,2026-07-31T18:15:14+09:00,1.0.0
40162,Team K League,Team K League 클래스 선수들로 구성된 팀컬러입니다.,소속 팀컬러,클럽,3,8,전체 능력치 +3,https://fco.dn.nexoncdn.co.kr/live/externalAssets/common/crests/light/medium/l114683.png,https://fconline.nexon.com/datacenter/teamcolor#teamcolorid=40162,2026-07-31T18:15:14+09:00,1.0.0
40163,Team Korea Icon,Team Korea Icon 클래스 선수들로 구성된 팀컬러입니다.,소속 팀컬러,클럽,3,8,전체 능력치 +3,https://fco.dn.nexoncdn.co.kr/live/externalAssets/common/crests/light/medium/l113895.png,https://fconline.nexon.com/datacenter/teamcolor#teamcolorid=40163,2026-07-31T18:15:14+09:00,1.0.0
40164,Top Transfer,Top Transfer 클래스 선수들로 구성된 팀컬러입니다.,소속 팀컬러,클럽,3,8,전체 능력치 +3,https://fco.dn.nexoncdn.co.kr/live/externalAssets/common/crests/light/medium/l113979.png,https://fconline.nexon.com/datacenter/teamcolor#teamcolorid=40164,2026-07-31T18:15:14+09:00,1.0.0
40165,Tournament Best,Tournament Best 클래스 선수들로 구성된 팀컬러입니다.,소속 팀컬러,클럽,3,8,전체 능력치 +3,https://fco.dn.nexoncdn.co.kr/live/externalAssets/common/crests/light/medium/l113956.png,https://fconline.nexon.com/datacenter/teamcolor#teamcolorid=40165,2026-07-31T18:15:14+09:00,1.0.0
40166,Tournament Champions,Tournament Champions 클래스 선수들로 구성된 팀컬러입니다.,소속 팀컬러,클럽,3,8,전체 능력치 +3,https://fco.dn.nexoncdn.co.kr/live/externalAssets/common/crests/light/medium/l114155.png,https://fconline.nexon.com/datacenter/teamcolor#teamcolorid=40166,2026-07-31T18:15:14+09:00,1.0.0
40167,Veteran,Veteran 클래스 선수들로 구성된 팀컬러입니다.,소속 팀컬러,클럽,3,8,전체 능력치 +3,https://fco.dn.nexoncdn.co.kr/live/externalAssets/common/crests/light/medium/l114878.png,https://fconline.nexon.com/datacenter/teamcolor#teamcolorid=40167,2026-07-31T18:15:14+09:00,1.0.0
40168,20 UEFA Champions League,20 UEFA Champions League 클래스 선수들로 구성된 팀컬러입니다.,소속 팀컬러,스페셜,3,8,전체 능력치 +3,https://fco.dn.nexoncdn.co.kr/live/externalAssets/common/teamcolorboost/icon/medium/4_l999242.png,https://fconline.nexon.com/datacenter/teamcolor#teamcolorid=40168,2026-07-31T18:15:14+09:00,1.0.0
40175,Nostalgia,Nostalgia 클래스 선수들로 구성된 팀컬러입니다.,소속 팀컬러,클럽,3,8,전체 능력치 +3,https://fco.dn.nexoncdn.co.kr/live/externalAssets/common/crests/light/medium/l115416.png,https://fconline.nexon.com/datacenter/teamcolor#teamcolorid=40175,2026-07-31T18:15:14+09:00,1.0.0
40176,Unsung Players,Unsung Players 클래스 선수들로 구성된 팀컬러입니다.,소속 팀컬러,클럽,3,8,전체 능력치 +3,https://fco.dn.nexoncdn.co.kr/live/externalAssets/common/crests/light/medium/l115342.png,https://fconline.nexon.com/datacenter/teamcolor#teamcolorid=40176,2026-07-31T18:15:14+09:00,1.0.0
40177,바르샤 중원 트리오,바르셀로나의 전설적인 중원 트리오로 구성된 팀컬러입니다.,특성 팀컬러,관계,1,3,시야 +2 | 짧은 패스 +1,https://fco.dn.nexoncdn.co.kr/live/externalAssets/common/teamcolorboost/icon/medium/4_l241.png,https://fconline.nexon.com/datacenter/teamcolor#teamcolorid=40177,2026-07-31T18:15:14+09:00,1.0.0
40178,로스 블랑코스 중원 트리오,레알 마드리드의 중원 트리오로 구성된 팀컬러입니다.,특성 팀컬러,관계,1,3,긴 패스 +2 | 가로채기 +1,https://fco.dn.nexoncdn.co.kr/live/externalAssets/common/teamcolorboost/icon/medium/4_l243.png,https://fconline.nexon.com/datacenter/teamcolor#teamcolorid=40178,2026-07-31T18:15:14+09:00,1.0.0
40179,비안코네리 듀오,유벤투스의 전설적인 듀오로 구성된 팀컬러입니다.,특성 팀컬러,관계,1,2,커브 +1 | 헤더 +1,https://fco.dn.nexoncdn.co.kr/live/externalAssets/common/teamcolorboost/icon/medium/4_l45.png,https://fconline.nexon.com/datacenter/teamcolor#teamcolorid=40179,2026-07-31T18:15:14+09:00,1.0.0
40180,로쏘네리 철벽라인,밀라노 FC의 전설적인 수비라인으로 구성된 팀컬러입니다.,특성 팀컬러,관계,1,3,슬라이딩 태클 +2 | 크로스 +1,https://fco.dn.nexoncdn.co.kr/live/externalAssets/common/teamcolorboost/icon/medium/4_l131681.png,https://fconline.nexon.com/datacenter/teamcolor#teamcolorid=40180,2026-07-31T18:15:14+09:00,1.0.0
40181,게르만 듀오,롬바르디아 FC의 독일인 듀오로 구성된 팀컬러입니다.,특성 팀컬러,관계,1,2,침착성 +1 | 가로채기 +1,https://fco.dn.nexoncdn.co.kr/live/externalAssets/common/teamcolorboost/icon/medium/4_l131682.png,https://fconline.nexon.com/datacenter/teamcolor#teamcolorid=40181,2026-07-31T18:15:14+09:00,1.0.0
40182,파리 공격 트리오,파리 생제르맹 공격 트리오로 구성된 팀컬러입니다.,특성 팀컬러,관계,1,3,속력 +2 | 드리블 +1,https://fco.dn.nexoncdn.co.kr/live/externalAssets/common/teamcolorboost/icon/medium/4_l73.png,https://fconline.nexon.com/datacenter/teamcolor#teamcolorid=40182,2026-07-31T18:15:14+09:00,1.0.0
40183,꿈의 잉글랜드 트리오,잉글랜드의 모두가 꿈꾸던 중원 트리오로 구성된 팀컬러입니다.,특성 팀컬러,관계,1,3,위치 선정 +2 | 침착성 +1,https://fco.dn.nexoncdn.co.kr/live/externalAssets/common/teamcolorboost/icon/medium/4_l1318.png,https://fconline.nexon.com/datacenter/teamcolor#teamcolorid=40183,2026-07-31T18:15:14+09:00,1.0.0
40184,레드데블스 키즈,맨체스터 유나이티드의 전설적인 유스출신 선수들로 구성된 팀컬러입니다.,특성 팀컬러,관계,1,3,크로스 +2 | 볼 컨트롤 +1,https://fco.dn.nexoncdn.co.kr/live/externalAssets/common/teamcolorboost/icon/medium/4_l11.png,https://fconline.nexon.com/datacenter/teamcolor#teamcolorid=40184,2026-07-31T18:15:14+09:00,1.0.0
40185,강철제국 블루스,첼시의 최소실점 우승을 달성한 멤버로 구성된 팀컬러입니다.,특성 팀컬러,관계,1,5,드리블 +2 | 골 결정력 +2 | 반응 속도 +1,https://fco.dn.nexoncdn.co.kr/live/externalAssets/common/teamcolorboost/icon/medium/4_l5.png,https://fconline.nexon.com/datacenter/teamcolor#teamcolorid=40185,2026-07-31T18:15:14+09:00,1.0.0
40186,리버풀 엠버서더,리버풀 엠버서더로 구성된 팀컬러입니다.,특성 팀컬러,관계,1,3,적극성 +2 | 스태미너 +1,https://fco.dn.nexoncdn.co.kr/live/externalAssets/common/teamcolorboost/icon/medium/4_l9.png,https://fconline.nexon.com/datacenter/teamcolor#teamcolorid=40186,2026-07-31T18:15:14+09:00,1.0.0
40187,맨시티 아이콘,맨체스터 시티 아이콘으로 구성된 팀컬러입니다.,특성 팀컬러,관계,1,3,긴 패스 +2 | 점프 +1,https://fco.dn.nexoncdn.co.kr/live/externalAssets/common/teamcolorboost/icon/medium/4_l10.png,https://fconline.nexon.com/datacenter/teamcolor#teamcolorid=40187,2026-07-31T18:15:14+09:00,1.0.0
40188,레드 데블스 트레블,맨체스터 유나이티드의 트레블을 달성한 선수들로 구성된 팀컬러입니다.,특성 팀컬러,관계,1,5,헤더 +2 | 위치 선정 +2 | 스태미너 +1,https://fco.dn.nexoncdn.co.kr/live/externalAssets/common/teamcolorboost/icon/medium/4_l11.png,https://fconline.nexon.com/datacenter/teamcolor#teamcolorid=40188,2026-07-31T18:15:14+09:00,1.0.0
40189,바이언 첫번째 트레블,바이에른 뮌헨의 첫번째 트레블을 달성한 선수들로 구성된 팀컬러입니다.,특성 팀컬러,관계,1,5,속력 +2 | 가속력 +2 | 드리블 +1,https://fco.dn.nexoncdn.co.kr/live/externalAssets/common/teamcolorboost/icon/medium/4_l21.png,https://fconline.nexon.com/datacenter/teamcolor#teamcolorid=40189,2026-07-31T18:15:14+09:00,1.0.0
40190,바이언 두번째 트레블,바이에른 뮌헨의 두번째 트레블을 달성한 선수들로 구성된 팀컬러입니다.,특성 팀컬러,관계,1,5,골 결정력 +2 | 헤더 +2 | 가속력 +1,https://fco.dn.nexoncdn.co.kr/live/externalAssets/common/teamcolorboost/icon/medium/4_l21.png,https://fconline.nexon.com/datacenter/teamcolor#teamcolorid=40190,2026-07-31T18:15:14+09:00,1.0.0
40191,바르샤 첫번째 트레블,바르셀로나의 첫번째 트레블을 달성한 선수들로 구성된 팀컬러입니다.,특성 팀컬러,관계,1,5,짧은 패스 +2 | 볼 컨트롤 +2 | 민첩성 +1,https://fco.dn.nexoncdn.co.kr/live/externalAssets/common/teamcolorboost/icon/medium/4_l241.png,https://fconline.nexon.com/datacenter/teamcolor#teamcolorid=40191,2026-07-31T18:15:14+09:00,1.0.0
40192,바르샤 두번째 트레블,바르셀로나의 두번째 트레블을 달성한 선수들로 구성된 팀컬러입니다.,특성 팀컬러,관계,1,5,드리블 +2 | 속력 +2 | 커브 +1,https://fco.dn.nexoncdn.co.kr/live/externalAssets/common/teamcolorboost/icon/medium/4_l241.png,https://fconline.nexon.com/datacenter/teamcolor#teamcolorid=40192,2026-07-31T18:15:14+09:00,1.0.0
40193,네라주리 트레블,롬바르디아 FC의 트레블을 달성한 선수들로 구성된 팀컬러입니다.,특성 팀컬러,관계,1,5,대인 수비 +2 | 반응 속도 +2 | 가속력 +1,https://fco.dn.nexoncdn.co.kr/live/externalAssets/common/teamcolorboost/icon/medium/4_l131682.png,https://fconline.nexon.com/datacenter/teamcolor#teamcolorid=40193,2026-07-31T18:15:14+09:00,1.0.0
40194,로스 블랑코스 유럽 3연패,레알 마드리드의 유럽대회 3연패를 달성한 선수들로 구성된 팀컬러입니다.,특성 팀컬러,관계,1,5,슛 파워 +2 | 중거리 슛 +2 | 속력 +1,https://fco.dn.nexoncdn.co.kr/live/externalAssets/common/teamcolorboost/icon/medium/4_l243.png,https://fconline.nexon.com/datacenter/teamcolor#teamcolorid=40194,2026-07-31T18:15:14+09:00,1.0.0
40195,코리안 듀오,전설적인 한국인 해외리거 듀오로 구성된 팀컬러입니다.,특성 팀컬러,관계,1,2,민첩성 +1 | 밸런스 +1,https://fco.dn.nexoncdn.co.kr/live/externalAssets/common/teamcolorboost/icon/medium/4_l974.png,https://fconline.nexon.com/datacenter/teamcolor#teamcolorid=40195,2026-07-31T18:15:14+09:00,1.0.0
40196,쌍용 듀오,FC서울의 쌍용으로 구성된 팀컬러입니다.,특성 팀컬러,관계,1,2,긴 패스 +1 | 드리블 +1,https://fco.dn.nexoncdn.co.kr/live/externalAssets/common/teamcolorboost/icon/medium/4_l982.png,https://fconline.nexon.com/datacenter/teamcolor#teamcolorid=40196,2026-07-31T18:15:14+09:00,1.0.0
40197,아버지와 아들,아버지와 아들로 구성된 팀컬러입니다.,특성 팀컬러,관계,1,2,속력 +1 | 가속력 +1,https://fco.dn.nexoncdn.co.kr/live/externalAssets/common/teamcolorboost/icon/medium/4_l974.png,https://fconline.nexon.com/datacenter/teamcolor#teamcolorid=40197,2026-07-31T18:15:14+09:00,1.0.0
40198,코리안 트리니티,전설적인 한국인 해외리거로 구성된 팀컬러입니다.,특성 팀컬러,관계,1,3,속력 +1 | 밸런스 +1 | 스태미너 +1,https://fco.dn.nexoncdn.co.kr/live/externalAssets/common/teamcolorboost/icon/medium/4_l974.png,https://fconline.nexon.com/datacenter/teamcolor#teamcolorid=40198,2026-07-31T18:15:14+09:00,1.0.0
40199,20시즌 전북 (리그 우승),20시즌 K리그 우승팀 전북 선수들로 구성된 팀컬러입니다.,특성 팀컬러,관계,1,8,가속력 +3 | 드리블 +3 | 몸싸움 +2 | 침착성 +2,https://fco.dn.nexoncdn.co.kr/live/externalAssets/common/teamcolorboost/icon/medium/4_l1477.png,https://fconline.nexon.com/datacenter/teamcolor#teamcolorid=40199,2026-07-31T18:15:14+09:00,1.0.0
40200,20시즌 울산 (ACL 우승),20시즌 아시아 챔피언스 리그 우승팀 울산 선수들로 구성된 팀컬러입니다.,특성 팀컬러,관계,1,8,속력 +3 | 골 결정력 +3 | 중거리 슛 +2 | 반응 속도 +2,https://fco.dn.nexoncdn.co.kr/live/externalAssets/common/teamcolorboost/icon/medium/4_l1473.png,https://fconline.nexon.com/datacenter/teamcolor#teamcolorid=40200,2026-07-31T18:15:14+09:00,1.0.0
40238,파르테노페이 듀오,SSC 나폴리에서 뛰어난 호흡을 보인 두 선수로 구성된 팀컬러입니다.,특성 팀컬러,관계,1,2,골 결정력 +2 | 위치 선정 +1,https://fco.dn.nexoncdn.co.kr/live/externalAssets/common/teamcolorboost/icon/medium/4_l48.png,https://fconline.nexon.com/datacenter/teamcolor#teamcolorid=40238,2026-07-31T18:15:14+09:00,1.0.0
40239,파르테노페이 공격 트리오,SSC 나폴리의 유명한 공격 트리오로 구성된 팀컬러입니다.,특성 팀컬러,관계,1,3,위치 선정 +2 | 드리블 +1,https://fco.dn.nexoncdn.co.kr/live/externalAssets/common/teamcolorboost/icon/medium/4_l48.png,https://fconline.nexon.com/datacenter/teamcolor#teamcolorid=40239,2026-07-31T18:15:14+09:00,1.0.0
40240,비안코네리의 신사들,유벤투스가 강등되었을 때에도 팀에 남아 다시 승격을 시킨 주인공들로 구성된 팀컬러입니다.,특성 팀컬러,관계,1,4,반응 속도 +2 | 짧은 패스 +2,https://fco.dn.nexoncdn.co.kr/live/externalAssets/common/teamcolorboost/icon/medium/4_l45.png,https://fconline.nexon.com/datacenter/teamcolor#teamcolorid=40240,2026-07-31T18:15:14+09:00,1.0.0
40241,비안코네리 철벽수비 듀오,유벤투스의 수비진 듀오로 구성된 팀컬러입니다.,특성 팀컬러,관계,1,2,대인 수비 +1 | 태클 +1,https://fco.dn.nexoncdn.co.kr/live/externalAssets/common/teamcolorboost/icon/medium/4_l45.png,https://fconline.nexon.com/datacenter/teamcolor#teamcolorid=40241,2026-07-31T18:15:14+09:00,1.0.0
40242,꿀벌군단 공격 트리오,도르트문트의 유명한 공격 트리오로 구성된 팀컬러입니다.,특성 팀컬러,관계,1,3,위치 선정 +2 | 골 결정력 +1,https://fco.dn.nexoncdn.co.kr/live/externalAssets/common/teamcolorboost/icon/medium/4_l22.png,https://fconline.nexon.com/datacenter/teamcolor#teamcolorid=40242,2026-07-31T18:15:14+09:00,1.0.0
40243,꿀벌군단 철벽수비진,도르트문트의 유명한 철벽 수비 라인으로 구성된 팀컬러입니다.,특성 팀컬러,관계,1,3,몸싸움 +2 | 대인 수비 +1,https://fco.dn.nexoncdn.co.kr/live/externalAssets/common/teamcolorboost/icon/medium/4_l22.png,https://fconline.nexon.com/datacenter/teamcolor#teamcolorid=40243,2026-07-31T18:15:14+09:00,1.0.0
40244,로쏘네리 공격 트리오,밀라노 FC의 유명한 공격 트리오로 구성된 팀컬러입니다.,특성 팀컬러,관계,1,3,골 결정력 +2 | 드리블 +1,https://fco.dn.nexoncdn.co.kr/live/externalAssets/common/teamcolorboost/icon/medium/4_l131681.png,https://fconline.nexon.com/datacenter/teamcolor#teamcolorid=40244,2026-07-31T18:15:14+09:00,1.0.0
40245,로쏘네리 중원 듀오,밀라노 FC의 유명한 중원 콤비로 구성된 팀컬러입니다.,특성 팀컬러,관계,1,2,시야 +1 | 가로채기 +1,https://fco.dn.nexoncdn.co.kr/live/externalAssets/common/teamcolorboost/icon/medium/4_l131681.png,https://fconline.nexon.com/datacenter/teamcolor#teamcolorid=40245,2026-07-31T18:15:14+09:00,1.0.0
40246,블루문 철벽 수비 듀오,맨체스터 시티의 유명한 수비수 콤비로 구성된 팀컬러입니다.,특성 팀컬러,관계,1,2,태클 +1 | 적극성 +1,https://fco.dn.nexoncdn.co.kr/live/externalAssets/common/teamcolorboost/icon/medium/4_l10.png,https://fconline.nexon.com/datacenter/teamcolor#teamcolorid=40246,2026-07-31T18:15:14+09:00,1.0.0
40247,네라주리 공격 듀오,롬바르디아 FC의 유명한 공격 콤비로 구성된 팀컬러입니다.,특성 팀컬러,관계,1,2,몸싸움 +1 | 중거리 슛 +1,https://fco.dn.nexoncdn.co.kr/live/externalAssets/common/teamcolorboost/icon/medium/4_l131682.png,https://fconline.nexon.com/datacenter/teamcolor#teamcolorid=40247,2026-07-31T18:15:14+09:00,1.0.0
40248,블루스 영혼의 듀오,첼시의 뛰어난 호흡을 보인 두 선수로 구성된 팀컬러입니다.,특성 팀컬러,관계,1,2,중거리 슛 +1 | 위치 선정 +1,https://fco.dn.nexoncdn.co.kr/live/externalAssets/common/teamcolorboost/icon/medium/4_l5.png,https://fconline.nexon.com/datacenter/teamcolor#teamcolorid=40248,2026-07-31T18:15:14+09:00,1.0.0
40249,라티움 듀오,라티움의 뛰어난 호흡을 보인 두 선수로 구성된 팀컬러입니다.,특성 팀컬러,관계,1,2,슬라이딩 태클 +1 | 반응 속도 +1,https://fco.dn.nexoncdn.co.kr/live/externalAssets/common/teamcolorboost/icon/medium/4_l115841.png,https://fconline.nexon.com/datacenter/teamcolor#teamcolorid=40249,2026-07-31T18:15:14+09:00,1.0.0
40250,라티움 트리오,라티움의 유명한 공격 트리오로 구성된 팀컬러입니다.,특성 팀컬러,관계,1,3,골 결정력 +2 | 헤더 +1,https://fco.dn.nexoncdn.co.kr/live/externalAssets/common/teamcolorboost/icon/medium/4_l115841.png,https://fconline.nexon.com/datacenter/teamcolor#teamcolorid=40250,2026-07-31T18:15:14+09:00,1.0.0
40251,베르가모 칼초 공격 트리오,베르가모 칼초의 유명한 공격 트리오로 구성된 팀컬러입니다.,특성 팀컬러,관계,1,3,커브 +2 | 침착성 +1,https://fco.dn.nexoncdn.co.kr/live/externalAssets/common/teamcolorboost/icon/medium/4_l115845.png,https://fconline.nexon.com/datacenter/teamcolor#teamcolorid=40251,2026-07-31T18:15:14+09:00,1.0.0
40253,2021 이탈리아,2021시즌 이탈리아 국적으로 크게 활약한 선수들로 구성된 팀컬러입니다.,특성 팀컬러,관계,1,8,가로채기 +3 | 짧은 패스 +3 | 가속력 +2 | 침착성 +2,https://fco.dn.nexoncdn.co.kr/live/externalAssets/common/teamcolorboost/icon/medium/4_l1343.png,https://fconline.nexon.com/datacenter/teamcolor#teamcolorid=40253,2026-07-31T18:15:14+09:00,1.0.0
40254,2021 튀르키예,2021시즌 튀르키예 국적으로 크게 활약한 선수들로 구성된 팀컬러입니다.,특성 팀컬러,관계,1,8,드리블 +3 | 가로채기 +3 | 반응 속도 +2 | 중거리 슛 +2,https://fco.dn.nexoncdn.co.kr/live/externalAssets/common/teamcolorboost/icon/medium/4_l1365.png,https://fconline.nexon.com/datacenter/teamcolor#teamcolorid=40254,2026-07-31T18:15:14+09:00,1.0.0
40255,2021 웨일스,2021시즌 웨일스 국적으로 크게 활약한 선수들로 구성된 팀컬러입니다.,특성 팀컬러,관계,1,8,헤더 +3 | 위치 선정 +3 | 속력 +2 | 점프 +2,https://fco.dn.nexoncdn.co.kr/live/externalAssets/common/teamcolorboost/icon/medium/4_l1367.png,https://fconline.nexon.com/datacenter/teamcolor#teamcolorid=40255,2026-07-31T18:15:14+09:00,1.0.0
40256,2021 스위스,2021시즌 스위스 국적으로 크게 활약한 선수들로 구성된 팀컬러입니다.,특성 팀컬러,관계,1,8,반응 속도 +3 | 침착성 +3 | 민첩성 +2 | 헤더 +2,https://fco.dn.nexoncdn.co.kr/live/externalAssets/common/teamcolorboost/icon/medium/4_l1364.png,https://fconline.nexon.com/datacenter/teamcolor#teamcolorid=40256,2026-07-31T18:15:14+09:00,1.0.0
40257,2021 덴마크,2021시즌 덴마크 국적으로 크게 활약한 선수들로 구성된 팀컬러입니다.,특성 팀컬러,관계,1,8,중거리 슛 +3 | 슛 파워 +3 | 긴 패스 +2 | 시야 +2,https://fco.dn.nexoncdn.co.kr/live/externalAssets/common/teamcolorboost/icon/medium/4_l1331.png,https://fconline.nexon.com/datacenter/teamcolor#teamcolorid=40257,2026-07-31T18:15:14+09:00,1.0.0
40258,2021 핀란드,2021시즌 핀란드 국적으로 크게 활약한 선수들로 구성된 팀컬러입니다.,특성 팀컬러,관계,1,8,적극성 +3 | 스태미너 +3 | 대인 수비 +2 | 슬라이딩 태클 +2,https://fco.dn.nexoncdn.co.kr/live/externalAssets/common/teamcolorboost/icon/medium/4_l1334.png,https://fconline.nexon.com/datacenter/teamcolor#teamcolorid=40258,2026-07-31T18:15:14+09:00,1.0.0
40259,2021 벨기에,2021시즌 벨기에 국적으로 크게 활약한 선수들로 구성된 팀컬러입니다.,특성 팀컬러,관계,1,8,몸싸움 +3 | 골 결정력 +3 | 시야 +2 | 드리블 +2,https://fco.dn.nexoncdn.co.kr/live/externalAssets/common/teamcolorboost/icon/medium/4_l1325.png,https://fconline.nexon.com/datacenter/teamcolor#teamcolorid=40259,2026-07-31T18:15:14+09:00,1.0.0
40261,2021 잉글랜드,2021시즌 잉글랜드 국적으로 크게 활약한 선수들로 구성된 팀컬러입니다.,특성 팀컬러,관계,1,8,속력 +3 | 골 결정력 +3 | 스태미너 +2 | 밸런스 +2,https://fco.dn.nexoncdn.co.kr/live/externalAssets/common/teamcolorboost/icon/medium/4_l1318.png,https://fconline.nexon.com/datacenter/teamcolor#teamcolorid=40261,2026-07-31T18:15:14+09:00,1.0.0
40262,2021 크로아티아,2021시즌 크로아티아 국적으로 크게 활약한 선수들로 구성된 팀컬러입니다.,특성 팀컬러,관계,1,8,긴 패스 +3 | 태클 +3 | 반응 속도 +2 | 슛 파워 +2,https://fco.dn.nexoncdn.co.kr/live/externalAssets/common/teamcolorboost/icon/medium/4_l1328.png,https://fconline.nexon.com/datacenter/teamcolor#teamcolorid=40262,2026-07-31T18:15:14+09:00,1.0.0
40263,2021 오스트리아,2021시즌 오스트리아 국적으로 크게 활약한 선수들로 구성된 팀컬러입니다.,특성 팀컬러,관계,1,8,크로스 +3 | 스태미너 +3 | 헤더 +2 | 몸싸움 +2,https://fco.dn.nexoncdn.co.kr/live/externalAssets/common/teamcolorboost/icon/medium/4_l1322.png,https://fconline.nexon.com/datacenter/teamcolor#teamcolorid=40263,2026-07-31T18:15:14+09:00,1.0.0
40264,2021 북마케도니아,2021시즌 북마케도니아 국적으로 크게 활약한 선수들로 구성된 팀컬러입니다.,특성 팀컬러,관계,1,8,위치 선정 +3 | 밸런스 +3 | 가로채기 +2 | 스태미너 +2,https://fco.dn.nexoncdn.co.kr/live/externalAssets/common/teamcolorboost/icon/medium/4_l105022.png,https://fconline.nexon.com/datacenter/teamcolor#teamcolorid=40264,2026-07-31T18:15:14+09:00,1.0.0
40265,2021 네덜란드,2021시즌 네덜란드 국적으로 크게 활약한 선수들로 구성된 팀컬러입니다.,특성 팀컬러,관계,1,8,가속력 +3 | 볼 컨트롤 +3 | 시야 +2 | 긴 패스 +2,https://fco.dn.nexoncdn.co.kr/live/externalAssets/common/teamcolorboost/icon/medium/4_l3539.png,https://fconline.nexon.com/datacenter/teamcolor#teamcolorid=40265,2026-07-31T18:15:14+09:00,1.0.0
40266,2021 우크라이나,2021시즌 우크라이나 국적으로 크게 활약한 선수들로 구성된 팀컬러입니다.,특성 팀컬러,관계,1,8,중거리 슛 +3 | 가로채기 +3 | 침착성 +2 | 커브 +2,https://fco.dn.nexoncdn.co.kr/live/externalAssets/common/teamcolorboost/icon/medium/4_l1366.png,https://fconline.nexon.com/datacenter/teamcolor#teamcolorid=40266,2026-07-31T18:15:14+09:00,1.0.0
40267,2021 스코틀랜드,2021시즌 스코틀랜드 국적으로 크게 활약한 선수들로 구성된 팀컬러입니다.,특성 팀컬러,관계,1,8,속력 +3 | 대인 수비 +3 | 태클 +2 | 슬라이딩 태클 +2,https://fco.dn.nexoncdn.co.kr/live/externalAssets/common/teamcolorboost/icon/medium/4_l1359.png,https://fconline.nexon.com/datacenter/teamcolor#teamcolorid=40267,2026-07-31T18:15:14+09:00,1.0.0
40268,2021 체코,2021시즌 체코 국적으로 크게 활약한 선수들로 구성된 팀컬러입니다.,특성 팀컬러,관계,1,8,골 결정력 +3 | 헤더 +3 | 크로스 +2 | 점프 +2,https://fco.dn.nexoncdn.co.kr/live/externalAssets/common/teamcolorboost/icon/medium/4_l1330.png,https://fconline.nexon.com/datacenter/teamcolor#teamcolorid=40268,2026-07-31T18:15:14+09:00,1.0.0
40269,2021 폴란드,2021시즌 폴란드 국적으로 크게 활약한 선수들로 구성된 팀컬러입니다.,특성 팀컬러,관계,1,8,몸싸움 +3 | 골 결정력 +3 | 슛 파워 +2 | 시야 +2,https://fco.dn.nexoncdn.co.kr/live/externalAssets/common/teamcolorboost/icon/medium/4_l1353.png,https://fconline.nexon.com/datacenter/teamcolor#teamcolorid=40269,2026-07-31T18:15:14+09:00,1.0.0
40270,2021 슬로바키아,2021시즌 슬로바키아 국적으로 크게 활약한 선수들로 구성된 팀컬러입니다.,특성 팀컬러,관계,1,8,위치 선정 +3 | 태클 +3 | 적극성 +2 | 반응 속도 +2,https://fco.dn.nexoncdn.co.kr/live/externalAssets/common/teamcolorboost/icon/medium/4_l1360.png,https://fconline.nexon.com/datacenter/teamcolor#teamcolorid=40270,2026-07-31T18:15:14+09:00,1.0.0
40271,2021 스페인,2021시즌 스페인 국적으로 크게 활약한 선수들로 구성된 팀컬러입니다.,특성 팀컬러,관계,1,8,볼 컨트롤 +3 | 짧은 패스 +3 | 민첩성 +2 | 드리블 +2,https://fco.dn.nexoncdn.co.kr/live/externalAssets/common/teamcolorboost/icon/medium/4_l1362.png,https://fconline.nexon.com/datacenter/teamcolor#teamcolorid=40271,2026-07-31T18:15:14+09:00,1.0.0
40272,2021 스웨덴,2021시즌 스웨덴 국적으로 크게 활약한 선수들로 구성된 팀컬러입니다.,특성 팀컬러,관계,1,8,스태미너 +3 | 골 결정력 +3 | 긴 패스 +2 | 속력 +2,https://fco.dn.nexoncdn.co.kr/live/externalAssets/common/teamcolorboost/icon/medium/4_l1363.png,https://fconline.nexon.com/datacenter/teamcolor#teamcolorid=40272,2026-07-31T18:15:14+09:00,1.0.0
40273,2021 헝가리,2021시즌 헝가리 국적으로 크게 활약한 선수들로 구성된 팀컬러입니다.,특성 팀컬러,관계,1,8,적극성 +3 | 속력 +3 | 골 결정력 +2 | 가로채기 +2,https://fco.dn.nexoncdn.co.kr/live/externalAssets/common/teamcolorboost/icon/medium/4_l1886.png,https://fconline.nexon.com/datacenter/teamcolor#teamcolorid=40273,2026-07-31T18:15:14+09:00,1.0.0
40274,2021 포르투갈,2021시즌 포르투갈 국적으로 크게 활약한 선수들로 구성된 팀컬러입니다.,특성 팀컬러,관계,1,8,골 결정력 +3 | 볼 컨트롤 +3 | 스태미너 +2 | 드리블 +2,https://fco.dn.nexoncdn.co.kr/live/externalAssets/common/teamcolorboost/icon/medium/4_l1354.png,https://fconline.nexon.com/datacenter/teamcolor#teamcolorid=40274,2026-07-31T18:15:14+09:00,1.0.0
40275,2021 프랑스,2021시즌 프랑스 국적으로 크게 활약한 선수들로 구성된 팀컬러입니다.,특성 팀컬러,관계,1,8,속력 +3 | 시야 +3 | 중거리 슛 +2 | 커브 +2,https://fco.dn.nexoncdn.co.kr/live/externalAssets/common/teamcolorboost/icon/medium/4_l1335.png,https://fconline.nexon.com/datacenter/teamcolor#teamcolorid=40275,2026-07-31T18:15:14+09:00,1.0.0
40276,2021 독일,2021시즌 독일 국적으로 크게 활약한 선수들로 구성된 팀컬러입니다.,특성 팀컬러,관계,1,8,몸싸움 +3 | 반응 속도 +3 | 볼 컨트롤 +2 | 긴 패스 +2,https://fco.dn.nexoncdn.co.kr/live/externalAssets/common/teamcolorboost/icon/medium/4_l1337.png,https://fconline.nexon.com/datacenter/teamcolor#teamcolorid=40276,2026-07-31T18:15:14+09:00,1.0.0
40277,파리 브라질리언 수비 듀오,파리 생제르맹의 브라질리언 수비 듀오로 구성된 팀컬러입니다.,특성 팀컬러,관계,1,2,반응 속도 +1 | 대인 수비 +1,https://fco.dn.nexoncdn.co.kr/live/externalAssets/common/teamcolorboost/icon/medium/4_l73.png,https://fconline.nexon.com/datacenter/teamcolor#teamcolorid=40277,2026-07-31T18:15:14+09:00,1.0.0
40278,잘츠부르크 트리오,잘츠부르크의 공격 트리오로 구성된 팀컬러입니다.,특성 팀컬러,관계,1,3,골 결정력 +2 | 속력 +1,https://fco.dn.nexoncdn.co.kr/live/externalAssets/common/teamcolorboost/icon/medium/4_l191.png,https://fconline.nexon.com/datacenter/teamcolor#teamcolorid=40278,2026-07-31T18:15:14+09:00,1.0.0
40279,The Red's 양 날개,리버풀의 양 사이드백 듀오로 구성된 팀컬러입니다.,특성 팀컬러,관계,1,2,슬라이딩 태클 +1 | 가속력 +1,https://fco.dn.nexoncdn.co.kr/live/externalAssets/common/teamcolorboost/icon/medium/4_l9.png,https://fconline.nexon.com/datacenter/teamcolor#teamcolorid=40279,2026-07-31T18:15:14+09:00,1.0.0
40280,벨기에 형제,벨기에의 유명한 형제 선수로 구성된 팀컬러입니다.,특성 팀컬러,관계,1,2,볼 컨트롤 +1 | 드리블 +1,https://fco.dn.nexoncdn.co.kr/live/externalAssets/common/teamcolorboost/icon/medium/4_l1325.png,https://fconline.nexon.com/datacenter/teamcolor#teamcolorid=40280,2026-07-31T18:15:14+09:00,1.0.0
40281,프랑스 형제,프랑스의 유명한 형제 선수로 구성된 팀컬러입니다.,특성 팀컬러,관계,1,2,속력 +1 | 슬라이딩 태클 +1,https://fco.dn.nexoncdn.co.kr/live/externalAssets/common/teamcolorboost/icon/medium/4_l1335.png,https://fconline.nexon.com/datacenter/teamcolor#teamcolorid=40281,2026-07-31T18:15:14+09:00,1.0.0
40282,덴마크 형제,덴마크의 유명한 형제 선수로 구성된 팀컬러입니다.,특성 팀컬러,관계,1,2,드리블 +1 | 시야 +1,https://fco.dn.nexoncdn.co.kr/live/externalAssets/common/teamcolorboost/icon/medium/4_l1331.png,https://fconline.nexon.com/datacenter/teamcolor#teamcolorid=40282,2026-07-31T18:15:14+09:00,1.0.0
40283,알레띠 수비 듀오,아틀레티코 마드리드의 수비 듀오로 구성된 팀컬러입니다.,특성 팀컬러,관계,1,2,대인 수비 +1 | 몸싸움 +1,https://fco.dn.nexoncdn.co.kr/live/externalAssets/common/teamcolorboost/icon/medium/4_l240.png,https://fconline.nexon.com/datacenter/teamcolor#teamcolorid=40283,2026-07-31T18:15:14+09:00,1.0.0
40284,알레띠 중원 듀오,아틀레티코 마드리드의 중원 듀오로 구성된 팀컬러입니다.,특성 팀컬러,관계,1,2,가로채기 +1 | 짧은 패스 +1,https://fco.dn.nexoncdn.co.kr/live/externalAssets/common/teamcolorboost/icon/medium/4_l240.png,https://fconline.nexon.com/datacenter/teamcolor#teamcolorid=40284,2026-07-31T18:15:14+09:00,1.0.0
40285,아르헨티나 신구의 조화,아르헨티나의 신구조화를 보여준 두 명의 선수로 구성된 팀컬러입니다.,특성 팀컬러,관계,1,2,볼 컨트롤 +1 | 드리블 +1,https://fco.dn.nexoncdn.co.kr/live/externalAssets/common/teamcolorboost/icon/medium/4_l1369.png,https://fconline.nexon.com/datacenter/teamcolor#teamcolorid=40285,2026-07-31T18:15:14+09:00,1.0.0
40286,포르투갈 황금세대,포르투갈 황금세대 선수들로 구성된 팀컬러입니다.,특성 팀컬러,관계,1,3,커브 +1 | 볼 컨트롤 +2,https://fco.dn.nexoncdn.co.kr/live/externalAssets/common/teamcolorboost/icon/medium/4_l1354.png,https://fconline.nexon.com/datacenter/teamcolor#teamcolorid=40286,2026-07-31T18:15:14+09:00,1.0.0
40287,21 KFA,21 KFA 클래스 선수들로 구성된 팀컬러입니다.,소속 팀컬러,클럽,3,8,전체 능력치 +3,https://fco.dn.nexoncdn.co.kr/live/externalAssets/common/crests/light/medium/l115618.png,https://fconline.nexon.com/datacenter/teamcolor#teamcolorid=40287,2026-07-31T18:15:14+09:00,1.0.0
40288,2012 KOREAN HEROES,2012 KOREAN HEROES 클래스 선수들로 구성된 팀컬러입니다.,소속 팀컬러,클럽,3,8,전체 능력치 +3,https://fco.dn.nexoncdn.co.kr/live/externalAssets/common/crests/light/medium/l115423.png,https://fconline.nexon.com/datacenter/teamcolor#teamcolorid=40288,2026-07-31T18:15:14+09:00,1.0.0
40289,European Best Stars,European Best Stars 클래스 선수들로 구성된 팀컬러입니다.,소속 팀컬러,클럽,3,8,전체 능력치 +3,https://fco.dn.nexoncdn.co.kr/live/externalAssets/common/crests/light/medium/l115438.png,https://fconline.nexon.com/datacenter/teamcolor#teamcolorid=40289,2026-07-31T18:15:14+09:00,1.0.0
40290,Best of Europe 21,Best of Europe 21 클래스 선수들로 구성된 팀컬러입니다.,소속 팀컬러,클럽,3,8,전체 능력치 +3,https://fco.dn.nexoncdn.co.kr/live/externalAssets/common/crests/light/medium/l115626.png,https://fconline.nexon.com/datacenter/teamcolor#teamcolorid=40290,2026-07-31T18:15:14+09:00,1.0.0
40296,Back to Back,Back to Back 클래스 선수들로 구성된 팀컬러입니다.,소속 팀컬러,클럽,3,8,전체 능력치 +3,https://fco.dn.nexoncdn.co.kr/live/externalAssets/common/crests/light/medium/l115635.png,https://fconline.nexon.com/datacenter/teamcolor#teamcolorid=40296,2026-07-31T18:15:14+09:00,1.0.0
40297,Captain,Captain 클래스 선수들로 구성된 팀컬러입니다.,소속 팀컬러,클럽,3,8,전체 능력치 +3,https://fco.dn.nexoncdn.co.kr/live/externalAssets/common/crests/light/medium/l115436.png,https://fconline.nexon.com/datacenter/teamcolor#teamcolorid=40297,2026-07-31T18:15:14+09:00,1.0.0
40298,코리안 사제,한국의 유명한 사제지간으로 구성된 팀컬러입니다.,특성 팀컬러,관계,1,2,긴 패스 +1 | 볼 컨트롤 +1,https://fco.dn.nexoncdn.co.kr/live/externalAssets/common/teamcolorboost/icon/medium/4_l974.png,https://fconline.nexon.com/datacenter/teamcolor#teamcolorid=40298,2026-07-31T18:15:14+09:00,1.0.0
40299,아약스 황금세대,아약스의 전성기를 이끈 선수들로 구성된 팀컬러입니다.,특성 팀컬러,관계,1,4,위치 선정 +2 | 시야 +3,https://fco.dn.nexoncdn.co.kr/live/externalAssets/common/teamcolorboost/icon/medium/4_l245.png,https://fconline.nexon.com/datacenter/teamcolor#teamcolorid=40299,2026-07-31T18:15:14+09:00,1.0.0
40300,로스 블랑코스 황금세대,로스 블랑코스의 전성기를 이끈 선수들로 구성된 팀컬러입니다.,특성 팀컬러,관계,1,5,긴 패스 +3 | 골 결정력 +2,https://fco.dn.nexoncdn.co.kr/live/externalAssets/common/teamcolorboost/icon/medium/4_l243.png,https://fconline.nexon.com/datacenter/teamcolor#teamcolorid=40300,2026-07-31T18:15:14+09:00,1.0.0
40301,로스 블랑코스 06-07,로스 블랑코스의 06-07시즌에 활약했던 선수들로 구성된 팀컬러입니다.,특성 팀컬러,관계,1,8,크로스 +3 | 골 결정력 +3 | 시야 +2 | 위치 선정 +2,https://fco.dn.nexoncdn.co.kr/live/externalAssets/common/teamcolorboost/icon/medium/4_l243.png,https://fconline.nexon.com/datacenter/teamcolor#teamcolorid=40301,2026-07-31T18:15:14+09:00,1.0.0
40302,21 K LEAGUE BEST,21 K LEAGUE BEST 클래스 선수들로 구성된 팀컬러입니다.,소속 팀컬러,스페셜,3,8,전체 능력치 +3,https://fco.dn.nexoncdn.co.kr/live/externalAssets/common/teamcolorboost/icon/medium/4_l999257.png,https://fconline.nexon.com/datacenter/teamcolor#teamcolorid=40302,2026-07-31T18:15:14+09:00,1.0.0
40303,21 UEFA Champions League,21 UEFA Champions League 클래스 선수들로 구성된 팀컬러입니다.,소속 팀컬러,스페셜,3,8,전체 능력치 +3,https://fco.dn.nexoncdn.co.kr/live/externalAssets/common/teamcolorboost/icon/medium/4_l999260.png,https://fconline.nexon.com/datacenter/teamcolor#teamcolorid=40303,2026-07-31T18:15:14+09:00,1.0.0
40304,21 NEW GENERATION,21 NEW GENERATION 클래스 선수들로 구성된 팀컬러입니다.,소속 팀컬러,클럽,3,8,전체 능력치 +3,https://fco.dn.nexoncdn.co.kr/live/externalAssets/common/crests/light/medium/l115649.png,https://fconline.nexon.com/datacenter/teamcolor#teamcolorid=40304,2026-07-31T18:15:14+09:00,1.0.0
40306,Free Agent,Free Agent 클래스 선수들로 구성된 팀컬러입니다.,소속 팀컬러,클럽,3,8,전체 능력치 +3,https://fco.dn.nexoncdn.co.kr/live/externalAssets/common/crests/light/medium/l115653.png,https://fconline.nexon.com/datacenter/teamcolor#teamcolorid=40306,2026-07-31T18:15:14+09:00,1.0.0
40307,Legend of the Loan,Legend of the Loan 클래스 선수들로 구성된 팀컬러입니다.,소속 팀컬러,클럽,3,8,전체 능력치 +3,https://fco.dn.nexoncdn.co.kr/live/externalAssets/common/crests/light/medium/l115650.png,https://fconline.nexon.com/datacenter/teamcolor#teamcolorid=40307,2026-07-31T18:15:14+09:00,1.0.0
40341,블루문 기적의 우승,맨체스터 시티의 유명한 공격 트리오로 구성된 팀컬러입니다.,특성 팀컬러,관계,1,3,골 결정력 +2 | 헤더 +1,https://fco.dn.nexoncdn.co.kr/live/externalAssets/common/teamcolorboost/icon/medium/4_l10.png,https://fconline.nexon.com/datacenter/teamcolor#teamcolorid=40341,2026-07-31T18:15:14+09:00,1.0.0
40342,로스 블랑코스 공격 듀오,레알 마드리드의 전설적인 공격 듀오로 구성된 팀컬러입니다.,특성 팀컬러,관계,1,2,짧은 패스 +1 | 침착성 +1,https://fco.dn.nexoncdn.co.kr/live/externalAssets/common/teamcolorboost/icon/medium/4_l243.png,https://fconline.nexon.com/datacenter/teamcolor#teamcolorid=40342,2026-07-31T18:15:14+09:00,1.0.0
40343,The Red's 공격 듀오,리버풀의 전설적인 공격 듀오로 구성된 팀컬러입니다.,특성 팀컬러,관계,1,2,골 결정력 +1 | 가속력 +1,https://fco.dn.nexoncdn.co.kr/live/externalAssets/common/teamcolorboost/icon/medium/4_l9.png,https://fconline.nexon.com/datacenter/teamcolor#teamcolorid=40343,2026-07-31T18:15:14+09:00,1.0.0
40344,Legendary Numbers,Legendary Numbers 클래스 선수들로 구성된 팀컬러입니다.,소속 팀컬러,클럽,3,8,전체 능력치 +3,https://fco.dn.nexoncdn.co.kr/live/externalAssets/common/crests/light/medium/l115400.png,https://fconline.nexon.com/datacenter/teamcolor#teamcolorid=40344,2026-07-31T18:15:14+09:00,1.0.0
40345,Spotlight,Spotlight 클래스 선수들로 구성된 팀컬러입니다.,소속 팀컬러,클럽,3,8,전체 능력치 +3,https://fco.dn.nexoncdn.co.kr/live/externalAssets/common/crests/light/medium/l115404.png,https://fconline.nexon.com/datacenter/teamcolor#teamcolorid=40345,2026-07-31T18:15:14+09:00,1.0.0
40348,World Cup 2022,World Cup 2022 클래스 선수들로 구성된 팀컬러입니다.,소속 팀컬러,클럽,3,8,전체 능력치 +3,https://fco.dn.nexoncdn.co.kr/live/externalAssets/common/crests/light/medium/l130182.png,https://fconline.nexon.com/datacenter/teamcolor#teamcolorid=40348,2026-07-31T18:15:14+09:00,1.0.0
40349,Best of World Cup,Best of World Cup 클래스 선수들로 구성된 팀컬러입니다.,소속 팀컬러,클럽,3,8,전체 능력치 +3,https://fco.dn.nexoncdn.co.kr/live/externalAssets/common/crests/light/medium/l130178.png,https://fconline.nexon.com/datacenter/teamcolor#teamcolorid=40349,2026-07-31T18:15:14+09:00,1.0.0
40350,22 KFA,22 KFA 클래스 선수들로 구성된 팀컬러입니다.,소속 팀컬러,클럽,3,8,전체 능력치 +3,https://fco.dn.nexoncdn.co.kr/live/externalAssets/common/crests/light/medium/l130179.png,https://fconline.nexon.com/datacenter/teamcolor#teamcolorid=40350,2026-07-31T18:15:14+09:00,1.0.0
40353,2022 아르헨티나,2022시즌 아르헨티나 국가대표로 크게 활약한 선수들로 구성된 팀컬러입니다.,특성 팀컬러,관계,1,8,드리블 +3 | 시야 +3 | 짧은 패스 +2 | 태클 +2,https://fco.dn.nexoncdn.co.kr/live/externalAssets/common/teamcolorboost/icon/medium/4_l2052.png,https://fconline.nexon.com/datacenter/teamcolor#teamcolorid=40353,2026-07-31T18:15:14+09:00,1.0.0
40354,2022 호주,2022시즌 호주 국가대표로 크게 활약한 선수들로 구성된 팀컬러입니다.,특성 팀컬러,관계,1,8,몸싸움 +3 | 헤더 +3 | 스태미너 +2 | 밸런스 +2,https://fco.dn.nexoncdn.co.kr/live/externalAssets/common/teamcolorboost/icon/medium/4_l2195.png,https://fconline.nexon.com/datacenter/teamcolor#teamcolorid=40354,2026-07-31T18:15:14+09:00,1.0.0
40355,2022 벨기에,2022시즌 벨기에 국가대표로 크게 활약한 선수들로 구성된 팀컬러입니다.,특성 팀컬러,관계,1,8,짧은 패스 +3 | 볼 컨트롤 +3 | 긴 패스 +2 | 중거리 슛 +2,https://fco.dn.nexoncdn.co.kr/live/externalAssets/common/teamcolorboost/icon/medium/4_l2007.png,https://fconline.nexon.com/datacenter/teamcolor#teamcolorid=40355,2026-07-31T18:15:14+09:00,1.0.0
40356,2022 브라질,2022시즌 브라질 국가대표로 크게 활약한 선수들로 구성된 팀컬러입니다.,특성 팀컬러,관계,1,8,드리블 +3 | 볼 컨트롤 +3 | 민첩성 +2 | 반응 속도 +2,https://fco.dn.nexoncdn.co.kr/live/externalAssets/common/teamcolorboost/icon/medium/4_l2054.png,https://fconline.nexon.com/datacenter/teamcolor#teamcolorid=40356,2026-07-31T18:15:14+09:00,1.0.0
40357,2022 카메룬,2022시즌 카메룬 국가대표로 크게 활약한 선수들로 구성된 팀컬러입니다.,특성 팀컬러,관계,1,8,밸런스 +3 | 몸싸움 +3 | 짧은 패스 +2 | 침착성 +2,https://fco.dn.nexoncdn.co.kr/live/externalAssets/common/teamcolorboost/icon/medium/4_l2103.png,https://fconline.nexon.com/datacenter/teamcolor#teamcolorid=40357,2026-07-31T18:15:14+09:00,1.0.0
40358,2022 캐나다,2022시즌 캐나다 국가대표로 크게 활약한 선수들로 구성된 팀컬러입니다.,특성 팀컬러,관계,1,8,가속력 +3 | 민첩성 +3 | 크로스 +2 | 커브 +2,https://fco.dn.nexoncdn.co.kr/live/externalAssets/common/teamcolorboost/icon/medium/4_l2070.png,https://fconline.nexon.com/datacenter/teamcolor#teamcolorid=40358,2026-07-31T18:15:14+09:00,1.0.0
40359,2022 코스타리카,2022시즌 코스타리카 국가대표로 크게 활약한 선수들로 구성된 팀컬러입니다.,특성 팀컬러,관계,1,8,태클 +3 | 점프 +3 | 스태미너 +2 | 위치 선정 +2,https://fco.dn.nexoncdn.co.kr/live/externalAssets/common/teamcolorboost/icon/medium/4_l2072.png,https://fconline.nexon.com/datacenter/teamcolor#teamcolorid=40359,2026-07-31T18:15:14+09:00,1.0.0
40360,2022 크로아티아,2022시즌 크로아티아 국가대표로 크게 활약한 선수들로 구성된 팀컬러입니다.,특성 팀컬러,관계,1,8,짧은 패스 +3 | 크로스 +3 | 긴 패스 +2 | 태클 +2,https://fco.dn.nexoncdn.co.kr/live/externalAssets/common/teamcolorboost/icon/medium/4_l2010.png,https://fconline.nexon.com/datacenter/teamcolor#teamcolorid=40360,2026-07-31T18:15:14+09:00,1.0.0
40361,2022 덴마크,2022시즌 덴마크 국가대표로 크게 활약한 선수들로 구성된 팀컬러입니다.,특성 팀컬러,관계,1,8,대인 수비 +3 | 태클 +3 | 헤더 +2 | 밸런스 +2,https://fco.dn.nexoncdn.co.kr/live/externalAssets/common/teamcolorboost/icon/medium/4_l2013.png,https://fconline.nexon.com/datacenter/teamcolor#teamcolorid=40361,2026-07-31T18:15:14+09:00,1.0.0
40362,2022 에콰도르,2022시즌 에콰도르 국가대표로 크게 활약한 선수들로 구성된 팀컬러입니다.,특성 팀컬러,관계,1,8,슬라이딩 태클 +3 | 속력 +3 | 적극성 +2 | 스태미너 +2,https://fco.dn.nexoncdn.co.kr/live/externalAssets/common/teamcolorboost/icon/medium/4_l2057.png,https://fconline.nexon.com/datacenter/teamcolor#teamcolorid=40362,2026-07-31T18:15:14+09:00,1.0.0
40363,2022 잉글랜드,2022시즌 잉글랜드 국가대표로 크게 활약한 선수들로 구성된 팀컬러입니다.,특성 팀컬러,관계,1,8,대인 수비 +3 | 골 결정력 +3 | 민첩성 +2 | 짧은 패스 +2,https://fco.dn.nexoncdn.co.kr/live/externalAssets/common/teamcolorboost/icon/medium/4_l2014.png,https://fconline.nexon.com/datacenter/teamcolor#teamcolorid=40363,2026-07-31T18:15:14+09:00,1.0.0
40364,2022 프랑스,2022시즌 프랑스 국가대표로 크게 활약한 선수들로 구성된 팀컬러입니다.,특성 팀컬러,관계,1,8,가속력 +3 | 민첩성 +3 | 반응 속도 +2 | 볼 컨트롤 +2,https://fco.dn.nexoncdn.co.kr/live/externalAssets/common/teamcolorboost/icon/medium/4_l2018.png,https://fconline.nexon.com/datacenter/teamcolor#teamcolorid=40364,2026-07-31T18:15:14+09:00,1.0.0
40365,2022 독일,2022시즌 독일 국가대표로 크게 활약한 선수들로 구성된 팀컬러입니다.,특성 팀컬러,관계,1,8,밸런스 +3 | 긴 패스 +3 | 슬라이딩 태클 +2 | 스태미너 +2,https://fco.dn.nexoncdn.co.kr/live/externalAssets/common/teamcolorboost/icon/medium/4_l2021.png,https://fconline.nexon.com/datacenter/teamcolor#teamcolorid=40365,2026-07-31T18:15:14+09:00,1.0.0
40366,2022 가나,2022시즌 가나 국가대표로 크게 활약한 선수들로 구성된 팀컬러입니다.,특성 팀컬러,관계,1,8,민첩성 +3 | 밸런스 +3 | 몸싸움 +2 | 가로채기 +2,https://fco.dn.nexoncdn.co.kr/live/externalAssets/common/teamcolorboost/icon/medium/4_l2117.png,https://fconline.nexon.com/datacenter/teamcolor#teamcolorid=40366,2026-07-31T18:15:14+09:00,1.0.0
40367,2022 네덜란드,2022시즌 네덜란드 국가대표로 크게 활약한 선수들로 구성된 팀컬러입니다.,특성 팀컬러,관계,1,8,태클 +3 | 밸런스 +3 | 볼 컨트롤 +2 | 대인 수비 +2,https://fco.dn.nexoncdn.co.kr/live/externalAssets/common/teamcolorboost/icon/medium/4_l2034.png,https://fconline.nexon.com/datacenter/teamcolor#teamcolorid=40367,2026-07-31T18:15:14+09:00,1.0.0
40368,2022 이란,2022시즌 이란 국가대표로 크게 활약한 선수들로 구성된 팀컬러입니다.,특성 팀컬러,관계,1,8,대인 수비 +3 | 몸싸움 +3 | 점프 +2 | 골 결정력 +2,https://fco.dn.nexoncdn.co.kr/live/externalAssets/common/teamcolorboost/icon/medium/4_l2161.png,https://fconline.nexon.com/datacenter/teamcolor#teamcolorid=40368,2026-07-31T18:15:14+09:00,1.0.0
40369,2022 일본,2022시즌 일본 국가대표로 크게 활약한 선수들로 구성된 팀컬러입니다.,특성 팀컬러,관계,1,8,짧은 패스 +3 | 민첩성 +3 | 가속력 +2 | 볼 컨트롤 +2,https://fco.dn.nexoncdn.co.kr/live/externalAssets/common/teamcolorboost/icon/medium/4_l2163.png,https://fconline.nexon.com/datacenter/teamcolor#teamcolorid=40369,2026-07-31T18:15:14+09:00,1.0.0
40370,2022 대한민국,2022시즌 대한민국 국가대표로 크게 활약한 선수들로 구성된 팀컬러입니다.,특성 팀컬러,관계,1,8,가속력 +3 | 중거리 슛 +3 | 태클 +2 | 긴 패스 +2,https://fco.dn.nexoncdn.co.kr/live/externalAssets/common/teamcolorboost/icon/medium/4_l2167.png,https://fconline.nexon.com/datacenter/teamcolor#teamcolorid=40370,2026-07-31T18:15:14+09:00,1.0.0
40371,2022 멕시코,2022시즌 멕시코 국가대표로 크게 활약한 선수들로 구성된 팀컬러입니다.,특성 팀컬러,관계,1,8,위치 선정 +3 | 짧은 패스 +3 | 볼 컨트롤 +2 | 민첩성 +2,https://fco.dn.nexoncdn.co.kr/live/externalAssets/common/teamcolorboost/icon/medium/4_l2083.png,https://fconline.nexon.com/datacenter/teamcolor#teamcolorid=40371,2026-07-31T18:15:14+09:00,1.0.0
40372,2022 모로코,2022시즌 모로코 국가대표로 크게 활약한 선수들로 구성된 팀컬러입니다.,특성 팀컬러,관계,1,8,속력 +3 | 적극성 +3 | 크로스 +2 | 슬라이딩 태클 +2,https://fco.dn.nexoncdn.co.kr/live/externalAssets/common/teamcolorboost/icon/medium/4_l2129.png,https://fconline.nexon.com/datacenter/teamcolor#teamcolorid=40372,2026-07-31T18:15:14+09:00,1.0.0
40373,2022 폴란드,2022시즌 폴란드 국가대표로 크게 활약한 선수들로 구성된 팀컬러입니다.,특성 팀컬러,관계,1,8,골 결정력 +3 | 침착성 +3 | 헤더 +2 | 점프 +2,https://fco.dn.nexoncdn.co.kr/live/externalAssets/common/teamcolorboost/icon/medium/4_l2037.png,https://fconline.nexon.com/datacenter/teamcolor#teamcolorid=40373,2026-07-31T18:15:14+09:00,1.0.0
40374,2022 포르투갈,2022시즌 포르투갈 국가대표로 크게 활약한 선수들로 구성된 팀컬러입니다.,특성 팀컬러,관계,1,8,드리블 +3 | 볼 컨트롤 +3 | 짧은 패스 +2 | 민첩성 +2,https://fco.dn.nexoncdn.co.kr/live/externalAssets/common/teamcolorboost/icon/medium/4_l2038.png,https://fconline.nexon.com/datacenter/teamcolor#teamcolorid=40374,2026-07-31T18:15:14+09:00,1.0.0
40375,2022 카타르,2022시즌 카타르 국가대표로 크게 활약한 선수들로 구성된 팀컬러입니다.,특성 팀컬러,관계,1,8,골 결정력 +3 | 위치 선정 +3 | 반응 속도 +2 | 슛 파워 +2,https://fco.dn.nexoncdn.co.kr/live/externalAssets/common/teamcolorboost/icon/medium/4_l2182.png,https://fconline.nexon.com/datacenter/teamcolor#teamcolorid=40375,2026-07-31T18:15:14+09:00,1.0.0
40376,2022 사우디아라비아,2022시즌 사우디아라비아 국가대표로 크게 활약한 선수들로 구성된 팀컬러입니다.,특성 팀컬러,관계,1,8,대인 수비 +3 | 밸런스 +3 | 속력 +2 | 가로채기 +2,https://fco.dn.nexoncdn.co.kr/live/externalAssets/common/teamcolorboost/icon/medium/4_l2183.png,https://fconline.nexon.com/datacenter/teamcolor#teamcolorid=40376,2026-07-31T18:15:14+09:00,1.0.0
40377,2022 세네갈,2022시즌 세네갈 국가대표로 크게 활약한 선수들로 구성된 팀컬러입니다.,특성 팀컬러,관계,1,8,가속력 +3 | 몸싸움 +3 | 밸런스 +2 | 태클 +2,https://fco.dn.nexoncdn.co.kr/live/externalAssets/common/teamcolorboost/icon/medium/4_l2136.png,https://fconline.nexon.com/datacenter/teamcolor#teamcolorid=40377,2026-07-31T18:15:14+09:00,1.0.0
40378,2022 세르비아,2022시즌 세르비아 국가대표로 크게 활약한 선수들로 구성된 팀컬러입니다.,특성 팀컬러,관계,1,8,골 결정력 +3 | 침착성 +3 | 몸싸움 +2 | 크로스 +2,https://fco.dn.nexoncdn.co.kr/live/externalAssets/common/teamcolorboost/icon/medium/4_l2051.png,https://fconline.nexon.com/datacenter/teamcolor#teamcolorid=40378,2026-07-31T18:15:14+09:00,1.0.0
40379,2022 스페인,2022시즌 스페인 국가대표로 크게 활약한 선수들로 구성된 팀컬러입니다.,특성 팀컬러,관계,1,8,볼 컨트롤 +3 | 짧은 패스 +3 | 민첩성 +2 | 반응 속도 +2,https://fco.dn.nexoncdn.co.kr/live/externalAssets/common/teamcolorboost/icon/medium/4_l2045.png,https://fconline.nexon.com/datacenter/teamcolor#teamcolorid=40379,2026-07-31T18:15:14+09:00,1.0.0
40380,2022 스위스,2022시즌 스위스 국가대표로 크게 활약한 선수들로 구성된 팀컬러입니다.,특성 팀컬러,관계,1,8,밸런스 +3 | 스태미너 +3 | 짧은 패스 +2 | 몸싸움 +2,https://fco.dn.nexoncdn.co.kr/live/externalAssets/common/teamcolorboost/icon/medium/4_l2047.png,https://fconline.nexon.com/datacenter/teamcolor#teamcolorid=40380,2026-07-31T18:15:14+09:00,1.0.0
40381,2022 튀니지,2022시즌 튀니지 국가대표로 크게 활약한 선수들로 구성된 팀컬러입니다.,특성 팀컬러,관계,1,8,대인 수비 +3 | 드리블 +3 | 볼 컨트롤 +2 | 몸싸움 +2,https://fco.dn.nexoncdn.co.kr/live/externalAssets/common/teamcolorboost/icon/medium/4_l2145.png,https://fconline.nexon.com/datacenter/teamcolor#teamcolorid=40381,2026-07-31T18:15:14+09:00,1.0.0
40382,2022 미국,2022시즌 미국 국가대표로 크게 활약한 선수들로 구성된 팀컬러입니다.,특성 팀컬러,관계,1,8,드리블 +3 | 속력 +3 | 적극성 +2 | 짧은 패스 +2,https://fco.dn.nexoncdn.co.kr/live/externalAssets/common/teamcolorboost/icon/medium/4_l2095.png,https://fconline.nexon.com/datacenter/teamcolor#teamcolorid=40382,2026-07-31T18:15:14+09:00,1.0.0
40383,2022 우루과이,2022시즌 우루과이 국가대표로 크게 활약한 선수들로 구성된 팀컬러입니다.,특성 팀컬러,관계,1,8,태클 +3 | 가로채기 +3 | 위치 선정 +2 | 밸런스 +2,https://fco.dn.nexoncdn.co.kr/live/externalAssets/common/teamcolorboost/icon/medium/4_l2060.png,https://fconline.nexon.com/datacenter/teamcolor#teamcolorid=40383,2026-07-31T18:15:14+09:00,1.0.0
40384,2022 웨일스,2022시즌 웨일스 국가대표로 크게 활약한 선수들로 구성된 팀컬러입니다.,특성 팀컬러,관계,1,8,가속력 +3 | 속력 +3 | 몸싸움 +2 | 점프 +2,https://fco.dn.nexoncdn.co.kr/live/externalAssets/common/teamcolorboost/icon/medium/4_l2050.png,https://fconline.nexon.com/datacenter/teamcolor#teamcolorid=40384,2026-07-31T18:15:14+09:00,1.0.0
40385,22 K LEAGUE BEST,22 K LEAGUE BEST 클래스 선수들로 구성된 팀컬러입니다.,소속 팀컬러,스페셜,3,8,전체 능력치 +3,https://fco.dn.nexoncdn.co.kr/live/externalAssets/common/teamcolorboost/icon/medium/4_l999277.png,https://fconline.nexon.com/datacenter/teamcolor#teamcolorid=40385,2026-07-31T18:15:14+09:00,1.0.0
40386,22 New Generation,22 New Generation 클래스 선수들로 구성된 팀컬러입니다.,소속 팀컬러,클럽,3,8,전체 능력치 +3,https://fco.dn.nexoncdn.co.kr/live/externalAssets/common/crests/light/medium/l130185.png,https://fconline.nexon.com/datacenter/teamcolor#teamcolorid=40386,2026-07-31T18:15:14+09:00,1.0.0
40391,22 UEFA Champions League,22 UEFA Champions League 클래스 선수들로 구성된 팀컬러입니다.,소속 팀컬러,스페셜,3,8,전체 능력치 +3,https://fco.dn.nexoncdn.co.kr/live/externalAssets/common/teamcolorboost/icon/medium/4_l999280.png,https://fconline.nexon.com/datacenter/teamcolor#teamcolorid=40391,2026-07-31T18:15:14+09:00,1.0.0
40394,Returnees,Returnees 클래스 선수들로 구성된 팀컬러입니다.,소속 팀컬러,클럽,3,8,전체 능력치 +3,https://fco.dn.nexoncdn.co.kr/live/externalAssets/common/crests/light/medium/l130279.png,https://fconline.nexon.com/datacenter/teamcolor#teamcolorid=40394,2026-07-31T18:15:14+09:00,1.0.0
40395,Home Grown,Home Grown 클래스 선수들로 구성된 팀컬러입니다.,소속 팀컬러,클럽,3,8,전체 능력치 +3,https://fco.dn.nexoncdn.co.kr/live/externalAssets/common/crests/light/medium/l130278.png,https://fconline.nexon.com/datacenter/teamcolor#teamcolorid=40395,2026-07-31T18:15:14+09:00,1.0.0
40396,이스탄불의 기적,04-05시즌 챔피언스리그 결승전에서 승리한 리버풀 선수들로 구성된 팀컬러입니다.,특성 팀컬러,관계,1,5,스태미너 +2 | 중거리 슛 +2 | 헤더 +1,https://fco.dn.nexoncdn.co.kr/live/externalAssets/common/teamcolorboost/icon/medium/4_l9.png,https://fconline.nexon.com/datacenter/teamcolor#teamcolorid=40396,2026-07-31T18:15:14+09:00,1.0.0
40397,리버풀 중원 트리오,리버풀의 전설적인 미드필더 트리오로 구성된 팀컬러입니다.,특성 팀컬러,관계,1,3,짧은 패스 +2 | 볼 컨트롤 +1,https://fco.dn.nexoncdn.co.kr/live/externalAssets/common/teamcolorboost/icon/medium/4_l9.png,https://fconline.nexon.com/datacenter/teamcolor#teamcolorid=40397,2026-07-31T18:15:14+09:00,1.0.0
40398,브라질 듀오,브라질의 전설적인 듀오로 구성된 팀컬러입니다.,특성 팀컬러,관계,1,2,드리블 +1 | 민첩성 +1,https://fco.dn.nexoncdn.co.kr/live/externalAssets/common/teamcolorboost/icon/medium/4_l1370.png,https://fconline.nexon.com/datacenter/teamcolor#teamcolorid=40398,2026-07-31T18:15:14+09:00,1.0.0
40399,ICON The Moment,ICON The Moment 클래스 선수들로 구성된 팀컬러입니다.,소속 팀컬러,클럽,3,8,전체 능력치 +3,https://fco.dn.nexoncdn.co.kr/live/externalAssets/common/crests/light/medium/l130172.png,https://fconline.nexon.com/datacenter/teamcolor#teamcolorid=40399,2026-07-31T18:15:14+09:00,1.0.0
40443,블루문 트레블,맨체스터 시티의 트레블을 달성한 선수들로 구성된 팀컬러입니다.,특성 팀컬러,관계,1,5,시야 +2 | 짧은 패스 +2 | 슛 파워 +1,https://fco.dn.nexoncdn.co.kr/live/externalAssets/common/teamcolorboost/icon/medium/4_l10.png,https://fconline.nexon.com/datacenter/teamcolor#teamcolorid=40443,2026-07-31T18:15:14+09:00,1.0.0
40444,파르테노페이 33년만의 우승,SSC 나폴리의 33년만의 우승을 달성한 선수들로 구성된 팀컬러입니다.,특성 팀컬러,관계,1,5,대인 수비 +2 | 짧은 패스 +2 | 반응 속도 +1,https://fco.dn.nexoncdn.co.kr/live/externalAssets/common/teamcolorboost/icon/medium/4_l48.png,https://fconline.nexon.com/datacenter/teamcolor#teamcolorid=40444,2026-07-31T18:15:14+09:00,1.0.0
40455,블루문 공격 듀오,맨체스터 시티의 공격 듀오로 구성된 팀컬러입니다.,특성 팀컬러,관계,1,2,슛 파워 +1 | 시야 +1,https://fco.dn.nexoncdn.co.kr/live/externalAssets/common/teamcolorboost/icon/medium/4_l10.png,https://fconline.nexon.com/datacenter/teamcolor#teamcolorid=40455,2026-07-31T18:15:14+09:00,1.0.0
40465,Century Club,Century Club 클래스 선수들로 구성된 팀컬러입니다.,소속 팀컬러,클럽,3,8,전체 능력치 +3,https://fco.dn.nexoncdn.co.kr/live/externalAssets/common/crests/light/medium/l130086.png,https://fconline.nexon.com/datacenter/teamcolor#teamcolorid=40465,2026-07-31T18:15:14+09:00,1.0.0
40466,23 Hard Worker,23 Hard Worker 클래스 선수들로 구성된 팀컬러입니다.,소속 팀컬러,클럽,3,8,전체 능력치 +3,https://fco.dn.nexoncdn.co.kr/live/externalAssets/common/crests/light/medium/l130088.png,https://fconline.nexon.com/datacenter/teamcolor#teamcolorid=40466,2026-07-31T18:15:14+09:00,1.0.0
40472,파리 MNM 트리오,파리 생제르맹 MNM 트리오로 구성된 팀컬러입니다.,특성 팀컬러,관계,1,3,속력 +2 | 시야 +1,https://fco.dn.nexoncdn.co.kr/live/externalAssets/common/teamcolorboost/icon/medium/4_l73.png,https://fconline.nexon.com/datacenter/teamcolor#teamcolorid=40472,2026-07-31T18:15:14+09:00,1.0.0
40478,FC Ambassador,FC Ambassador 클래스 선수들로 구성된 팀컬러입니다.,소속 팀컬러,클럽,3,8,전체 능력치 +3,https://fco.dn.nexoncdn.co.kr/live/externalAssets/common/crests/light/medium/l130256.png,https://fconline.nexon.com/datacenter/teamcolor#teamcolorid=40478,2026-07-31T18:15:14+09:00,1.0.0
40480,Decade,Decade 클래스 선수들로 구성된 팀컬러입니다.,소속 팀컬러,클럽,3,8,전체 능력치 +3,https://fco.dn.nexoncdn.co.kr/live/externalAssets/common/crests/light/medium/l130262.png,https://fconline.nexon.com/datacenter/teamcolor#teamcolorid=40480,2026-07-31T18:15:14+09:00,1.0.0
40481,23 New Generation,23 New Generation 클래스 선수들로 구성된 팀컬러입니다.,소속 팀컬러,클럽,3,8,전체 능력치 +3,https://fco.dn.nexoncdn.co.kr/live/externalAssets/common/crests/light/medium/l130280.png,https://fconline.nexon.com/datacenter/teamcolor#teamcolorid=40481,2026-07-31T18:15:14+09:00,1.0.0
40482,HEROES,HEROES 클래스 선수들로 구성된 팀컬러입니다.,소속 팀컬러,스페셜,3,8,전체 능력치 +3,https://fco.dn.nexoncdn.co.kr/live/externalAssets/common/teamcolorboost/icon/medium/4_l999005.png,https://fconline.nexon.com/datacenter/teamcolor#teamcolorid=40482,2026-07-31T18:15:14+09:00,1.0.0
40483,23 K LEAGUE BEST,23 K LEAGUE BEST 클래스 선수들로 구성된 팀컬러입니다.,소속 팀컬러,스페셜,3,8,전체 능력치 +3,https://fco.dn.nexoncdn.co.kr/live/externalAssets/common/teamcolorboost/icon/medium/4_l999277.png,https://fconline.nexon.com/datacenter/teamcolor#teamcolorid=40483,2026-07-31T18:15:14+09:00,1.0.0
40486,23 UEFA Champions League,23 UEFA Champions League 클래스 선수들로 구성된 팀컬러입니다.,소속 팀컬러,스페셜,3,8,전체 능력치 +3,https://fco.dn.nexoncdn.co.kr/live/externalAssets/common/teamcolorboost/icon/medium/4_l130296.png,https://fconline.nexon.com/datacenter/teamcolor#teamcolorid=40486,2026-07-31T18:15:14+09:00,1.0.0
40504,Journeyman,Journeyman 클래스 선수들로 구성된 팀컬러입니다.,소속 팀컬러,클럽,3,8,전체 능력치 +3,https://fco.dn.nexoncdn.co.kr/live/externalAssets/common/crests/light/medium/l130303.png,https://fconline.nexon.com/datacenter/teamcolor#teamcolorid=40504,2026-07-31T18:15:14+09:00,1.0.0
40505,Unexpected Transfer,Unexpected Transfer 클래스 선수들로 구성된 팀컬러입니다.,소속 팀컬러,클럽,3,8,전체 능력치 +3,https://fco.dn.nexoncdn.co.kr/live/externalAssets/common/crests/light/medium/l130304.png,https://fconline.nexon.com/datacenter/teamcolor#teamcolorid=40505,2026-07-31T18:15:14+09:00,1.0.0
40507,UEFA EURO 2024,UEFA EURO 2024 클래스 선수들로 구성된 팀컬러입니다.,소속 팀컬러,클럽,3,8,전체 능력치 +3,https://fco.dn.nexoncdn.co.kr/live/externalAssets/common/crests/light/medium/l130354.png,https://fconline.nexon.com/datacenter/teamcolor#teamcolorid=40507,2026-07-31T18:15:14+09:00,1.0.0
40508,2024 알바니아,2024 시즌 알바니아 국가대표로 크게 활약한 선수들로 구성된 팀컬러입니다.,특성 팀컬러,관계,1,8,민첩성 +3 | 중거리 슛 +3 | 커브 +2 | 슛 파워 +2,https://fco.dn.nexoncdn.co.kr/live/externalAssets/common/teamcolorboost/icon/medium/4_l2401.png,https://fconline.nexon.com/datacenter/teamcolor#teamcolorid=40508,2026-07-31T18:15:14+09:00,1.0.0
40509,2024 오스트리아,2024 시즌 오스트리아 국가대표로 크게 활약한 선수들로 구성된 팀컬러입니다.,특성 팀컬러,관계,1,8,크로스 +3 | 커브 +3 | 속력 +2 | 긴 패스 +2,https://fco.dn.nexoncdn.co.kr/live/externalAssets/common/teamcolorboost/icon/medium/4_l2404.png,https://fconline.nexon.com/datacenter/teamcolor#teamcolorid=40509,2026-07-31T18:15:14+09:00,1.0.0
40510,2024 벨기에,2024 시즌 벨기에 국가대표로 크게 활약한 선수들로 구성된 팀컬러입니다.,특성 팀컬러,관계,1,8,드리블 +3 | 가속력 +3 | 민첩성 +2 | 반응 속도 +2,https://fco.dn.nexoncdn.co.kr/live/externalAssets/common/teamcolorboost/icon/medium/4_l2407.png,https://fconline.nexon.com/datacenter/teamcolor#teamcolorid=40510,2026-07-31T18:15:14+09:00,1.0.0
40511,2024 크로아티아,2024 시즌 크로아티아 국가대표로 크게 활약한 선수들로 구성된 팀컬러입니다.,특성 팀컬러,관계,1,8,스태미너 +3 | 짧은 패스 +3 | 침착성 +2 | 밸런스 +2,https://fco.dn.nexoncdn.co.kr/live/externalAssets/common/teamcolorboost/icon/medium/4_l2410.png,https://fconline.nexon.com/datacenter/teamcolor#teamcolorid=40511,2026-07-31T18:15:14+09:00,1.0.0
40512,2024 체코,2024 시즌 체코 국가대표로 크게 활약한 선수들로 구성된 팀컬러입니다.,특성 팀컬러,관계,1,8,태클 +3 | 헤더 +3 | 대인 수비 +2 | 스태미너 +2,https://fco.dn.nexoncdn.co.kr/live/externalAssets/common/teamcolorboost/icon/medium/4_l2412.png,https://fconline.nexon.com/datacenter/teamcolor#teamcolorid=40512,2026-07-31T18:15:14+09:00,1.0.0
40513,2024 덴마크,2024 시즌 덴마크 국가대표로 크게 활약한 선수들로 구성된 팀컬러입니다.,특성 팀컬러,관계,1,8,크로스 +3 | 짧은 패스 +3 | 위치 선정 +2 | 스태미너 +2,https://fco.dn.nexoncdn.co.kr/live/externalAssets/common/teamcolorboost/icon/medium/4_l2413.png,https://fconline.nexon.com/datacenter/teamcolor#teamcolorid=40513,2026-07-31T18:15:14+09:00,1.0.0
40514,2024 잉글랜드,2024 시즌 잉글랜드 국가대표로 크게 활약한 선수들로 구성된 팀컬러입니다.,특성 팀컬러,관계,1,8,짧은 패스 +3 | 긴 패스 +3 | 밸런스 +2 | 볼 컨트롤 +2,https://fco.dn.nexoncdn.co.kr/live/externalAssets/common/teamcolorboost/icon/medium/4_l2414.png,https://fconline.nexon.com/datacenter/teamcolor#teamcolorid=40514,2026-07-31T18:15:14+09:00,1.0.0
40515,2024 프랑스,2024 시즌 프랑스 국가대표로 크게 활약한 선수들로 구성된 팀컬러입니다.,특성 팀컬러,관계,1,8,골 결정력 +3 | 위치 선정 +3 | 가속력 +2 | 속력 +2,https://fco.dn.nexoncdn.co.kr/live/externalAssets/common/teamcolorboost/icon/medium/4_l2418.png,https://fconline.nexon.com/datacenter/teamcolor#teamcolorid=40515,2026-07-31T18:15:14+09:00,1.0.0
40516,2024 독일,2024 시즌 독일 국가대표로 크게 활약한 선수들로 구성된 팀컬러입니다.,특성 팀컬러,관계,1,8,짧은 패스 +3 | 민첩성 +3 | 몸싸움 +2 | 밸런스 +2,https://fco.dn.nexoncdn.co.kr/live/externalAssets/common/teamcolorboost/icon/medium/4_l2421.png,https://fconline.nexon.com/datacenter/teamcolor#teamcolorid=40516,2026-07-31T18:15:14+09:00,1.0.0
40517,2024 헝가리,2024 시즌 헝가리 국가대표로 크게 활약한 선수들로 구성된 팀컬러입니다.,특성 팀컬러,관계,1,8,태클 +3 | 시야 +3 | 대인 수비 +2 | 속력 +2,https://fco.dn.nexoncdn.co.kr/live/externalAssets/common/teamcolorboost/icon/medium/4_l2423.png,https://fconline.nexon.com/datacenter/teamcolor#teamcolorid=40517,2026-07-31T18:15:14+09:00,1.0.0
40518,2024 이탈리아,2024 시즌 이탈리아 국가대표로 크게 활약한 선수들로 구성된 팀컬러입니다.,특성 팀컬러,관계,1,8,가속력 +3 | 긴 패스 +3 | 민첩성 +2 | 반응 속도 +2,https://fco.dn.nexoncdn.co.kr/live/externalAssets/common/teamcolorboost/icon/medium/4_l2427.png,https://fconline.nexon.com/datacenter/teamcolor#teamcolorid=40518,2026-07-31T18:15:14+09:00,1.0.0
40519,2024 네덜란드,2024 시즌 네덜란드 국가대표로 크게 활약한 선수들로 구성된 팀컬러입니다.,특성 팀컬러,관계,1,8,몸싸움 +3 | 태클 +3 | 민첩성 +2 | 볼 컨트롤 +2,https://fco.dn.nexoncdn.co.kr/live/externalAssets/common/teamcolorboost/icon/medium/4_l2434.png,https://fconline.nexon.com/datacenter/teamcolor#teamcolorid=40519,2026-07-31T18:15:14+09:00,1.0.0
40520,2024 포르투갈,2024 시즌 포르투갈 국가대표로 크게 활약한 선수들로 구성된 팀컬러입니다.,특성 팀컬러,관계,1,8,골 결정력 +3 | 시야 +3 | 헤더 +2 | 짧은 패스 +2,https://fco.dn.nexoncdn.co.kr/live/externalAssets/common/teamcolorboost/icon/medium/4_l2438.png,https://fconline.nexon.com/datacenter/teamcolor#teamcolorid=40520,2026-07-31T18:15:14+09:00,1.0.0
40521,2024 루마니아,2024 시즌 루마니아 국가대표로 크게 활약한 선수들로 구성된 팀컬러입니다.,특성 팀컬러,관계,1,8,태클 +3 | 대인 수비 +3 | 슬라이딩 태클 +2 | 밸런스 +2,https://fco.dn.nexoncdn.co.kr/live/externalAssets/common/teamcolorboost/icon/medium/4_l2439.png,https://fconline.nexon.com/datacenter/teamcolor#teamcolorid=40521,2026-07-31T18:15:14+09:00,1.0.0
40522,2024 스코틀랜드,2024 시즌 스코틀랜드 국가대표로 크게 활약한 선수들로 구성된 팀컬러입니다.,특성 팀컬러,관계,1,8,태클 +3 | 몸싸움 +3 | 밸런스 +2 | 위치 선정 +2,https://fco.dn.nexoncdn.co.kr/live/externalAssets/common/teamcolorboost/icon/medium/4_l2442.png,https://fconline.nexon.com/datacenter/teamcolor#teamcolorid=40522,2026-07-31T18:15:14+09:00,1.0.0
40523,2024 슬로바키아,2024 시즌 슬로바키아 국가대표로 크게 활약한 선수들로 구성된 팀컬러입니다.,특성 팀컬러,관계,1,8,위치 선정 +3 | 대인 수비 +3 | 스태미너 +2 | 가로채기 +2,https://fco.dn.nexoncdn.co.kr/live/externalAssets/common/teamcolorboost/icon/medium/4_l2443.png,https://fconline.nexon.com/datacenter/teamcolor#teamcolorid=40523,2026-07-31T18:15:14+09:00,1.0.0
40524,2024 슬로베니아,2024 시즌 슬로베니아 국가대표로 크게 활약한 선수들로 구성된 팀컬러입니다.,특성 팀컬러,관계,1,8,대인 수비 +3 | 적극성 +3 | 골 결정력 +2 | 짧은 패스 +2,https://fco.dn.nexoncdn.co.kr/live/externalAssets/common/teamcolorboost/icon/medium/4_l2444.png,https://fconline.nexon.com/datacenter/teamcolor#teamcolorid=40524,2026-07-31T18:15:14+09:00,1.0.0
40525,2024 스페인,2024 시즌 스페인 국가대표로 크게 활약한 선수들로 구성된 팀컬러입니다.,특성 팀컬러,관계,1,8,짧은 패스 +3 | 볼 컨트롤 +3 | 반응 속도 +2 | 민첩성 +2,https://fco.dn.nexoncdn.co.kr/live/externalAssets/common/teamcolorboost/icon/medium/4_l2445.png,https://fconline.nexon.com/datacenter/teamcolor#teamcolorid=40525,2026-07-31T18:15:14+09:00,1.0.0
40526,2024 스위스,2024 시즌 스위스 국가대표로 크게 활약한 선수들로 구성된 팀컬러입니다.,특성 팀컬러,관계,1,8,시야 +3 | 짧은 패스 +3 | 중거리 슛 +2 | 크로스 +2,https://fco.dn.nexoncdn.co.kr/live/externalAssets/common/teamcolorboost/icon/medium/4_l2447.png,https://fconline.nexon.com/datacenter/teamcolor#teamcolorid=40526,2026-07-31T18:15:14+09:00,1.0.0
40527,2024 튀르키예,2024 시즌 튀르키예 국가대표로 크게 활약한 선수들로 구성된 팀컬러입니다.,특성 팀컬러,관계,1,8,태클 +3 | 대인 수비 +3 | 중거리 슛 +2 | 드리블 +2,https://fco.dn.nexoncdn.co.kr/live/externalAssets/common/teamcolorboost/icon/medium/4_l2448.png,https://fconline.nexon.com/datacenter/teamcolor#teamcolorid=40527,2026-07-31T18:15:14+09:00,1.0.0
40528,2024 세르비아,2024 시즌 세르비아 국가대표로 크게 활약한 선수들로 구성된 팀컬러입니다.,특성 팀컬러,관계,1,8,짧은 패스 +3 | 긴 패스 +3 | 시야 +2 | 위치 선정 +2,https://fco.dn.nexoncdn.co.kr/live/externalAssets/common/teamcolorboost/icon/medium/4_l2451.png,https://fconline.nexon.com/datacenter/teamcolor#teamcolorid=40528,2026-07-31T18:15:14+09:00,1.0.0
40529,2024 조지아,2024 시즌 조지아 국가대표로 크게 활약한 선수들로 구성된 팀컬러입니다.,특성 팀컬러,관계,1,3,긴 패스 +2 | 위치 선정 +1,https://fco.dn.nexoncdn.co.kr/live/externalAssets/common/teamcolorboost/icon/medium/4_l2420.png,https://fconline.nexon.com/datacenter/teamcolor#teamcolorid=40529,2026-07-31T18:15:14+09:00,1.0.0
40530,2024 폴란드,2024 시즌 폴란드 국가대표로 크게 활약한 선수들로 구성된 팀컬러입니다.,특성 팀컬러,관계,1,3,짧은 패스 +2 | 볼 컨트롤 +1,https://fco.dn.nexoncdn.co.kr/live/externalAssets/common/teamcolorboost/icon/medium/4_l2437.png,https://fconline.nexon.com/datacenter/teamcolor#teamcolorid=40530,2026-07-31T18:15:14+09:00,1.0.0
40531,2024 우크라이나,2024 시즌 우크라이나 국가대표로 크게 활약한 선수들로 구성된 팀컬러입니다.,특성 팀컬러,관계,1,3,가속력 +2 | 속력 +1,https://fco.dn.nexoncdn.co.kr/live/externalAssets/common/teamcolorboost/icon/medium/4_l2449.png,https://fconline.nexon.com/datacenter/teamcolor#teamcolorid=40531,2026-07-31T18:15:14+09:00,1.0.0
40532,Medalist,Medalist 클래스 선수들로 구성된 팀컬러입니다.,소속 팀컬러,클럽,3,8,전체 능력치 +3,https://fco.dn.nexoncdn.co.kr/live/externalAssets/common/crests/light/medium/l130356.png,https://fconline.nexon.com/datacenter/teamcolor#teamcolorid=40532,2026-07-31T18:15:14+09:00,1.0.0
40533,블루문 리그 4연패,맨체스터 시티의 리그 4연패 달성 과정에서 활약한 선수들로 구성된 팀컬러입니다.,특성 팀컬러,관계,1,5,위치 선정 +2 | 짧은 패스 +2 | 시야 +1,https://fco.dn.nexoncdn.co.kr/live/externalAssets/common/teamcolorboost/icon/medium/4_l10.png,https://fconline.nexon.com/datacenter/teamcolor#teamcolorid=40533,2026-07-31T18:15:14+09:00,1.0.0
40534,레버쿠젠 리그 무패 우승,리그 무패 우승을 달성한 레버쿠젠 소속 선수들로 구성된 팀컬러입니다.,특성 팀컬러,관계,1,5,가속력 +2 | 민첩성 +2 | 위치 선정 +1,https://fco.dn.nexoncdn.co.kr/live/externalAssets/common/teamcolorboost/icon/medium/4_l32.png,https://fconline.nexon.com/datacenter/teamcolor#teamcolorid=40534,2026-07-31T18:15:14+09:00,1.0.0
40535,Champions of Europe,Champions of Europe 클래스 선수들로 구성된 팀컬러입니다.,소속 팀컬러,클럽,3,8,전체 능력치 +3,https://fco.dn.nexoncdn.co.kr/live/externalAssets/common/crests/light/medium/l130371.png,https://fconline.nexon.com/datacenter/teamcolor#teamcolorid=40535,2026-07-31T18:15:14+09:00,1.0.0
40574,24 Energetic Player,24 Energetic Player 클래스 선수들로 구성된 팀컬러입니다.,소속 팀컬러,클럽,3,8,전체 능력치 +3,https://fco.dn.nexoncdn.co.kr/live/externalAssets/common/crests/light/medium/l130386.png,https://fconline.nexon.com/datacenter/teamcolor#teamcolorid=40574,2026-07-31T18:15:14+09:00,1.0.0
40575,갈락티코 2기,레알 마드리드 황금세대 2기 멤버로 구성된 팀컬러입니다.,특성 팀컬러,관계,1,5,골 결정력 +2 | 시야 +2 | 민첩성 +1,https://fco.dn.nexoncdn.co.kr/live/externalAssets/common/teamcolorboost/icon/medium/4_l243.png,https://fconline.nexon.com/datacenter/teamcolor#teamcolorid=40575,2026-07-31T18:15:14+09:00,1.0.0
40576,무적 비안코네리,리그 무패 우승을 달성한 유벤투스 소속 선수들로 구성된 팀컬러입니다.,특성 팀컬러,관계,1,5,밸런스 +2 | 반응 속도 +2 | 스태미너 +1,https://fco.dn.nexoncdn.co.kr/live/externalAssets/common/teamcolorboost/icon/medium/4_l45.png,https://fconline.nexon.com/datacenter/teamcolor#teamcolorid=40576,2026-07-31T18:15:14+09:00,1.0.0
40577,레드데블스 전설의 듀오,맨체스터 유나이티드의 전설적인 듀오로 구성된 팀컬러입니다.,특성 팀컬러,관계,1,2,가속력 +1 | 드리블 +1,https://fco.dn.nexoncdn.co.kr/live/externalAssets/common/teamcolorboost/icon/medium/4_l11.png,https://fconline.nexon.com/datacenter/teamcolor#teamcolorid=40577,2026-07-31T18:15:14+09:00,1.0.0
40578,2024 유럽 제패,스페인 국가대표팀 소속으로 2024 유럽 국가 대항전에서 우승을 차지한 선수들로 구성된 팀컬러입니다.,특성 팀컬러,관계,1,5,짧은 패스 +2 | 반응 속도 +2 | 시야 +1,https://fco.dn.nexoncdn.co.kr/live/externalAssets/common/teamcolorboost/icon/medium/4_l1362.png,https://fconline.nexon.com/datacenter/teamcolor#teamcolorid=40578,2026-07-31T18:15:14+09:00,1.0.0
40579,포르투 유럽대항전 제패 듀오,포르투 황금세대 듀오로 구성된 팀컬러입니다.,특성 팀컬러,관계,1,2,밸런스 +1 | 반응 속도 +1,https://fco.dn.nexoncdn.co.kr/live/externalAssets/common/teamcolorboost/icon/medium/4_l236.png,https://fconline.nexon.com/datacenter/teamcolor#teamcolorid=40579,2026-07-31T18:15:14+09:00,1.0.0
40580,스퍼스 영혼의 공격 듀오,토트넘의 전설적인 공격 듀오로 구성된 팀컬러입니다.,특성 팀컬러,관계,1,2,골 결정력 +1 | 위치 선정 +1,https://fco.dn.nexoncdn.co.kr/live/externalAssets/common/teamcolorboost/icon/medium/4_l18.png,https://fconline.nexon.com/datacenter/teamcolor#teamcolorid=40580,2026-07-31T18:15:14+09:00,1.0.0
40581,바르샤 판타스틱4,바르셀로나의 전설적인 공격라인으로 구성된 팀컬러입니다.,특성 팀컬러,관계,1,4,위치 선정 +2 | 골 결정력 +2,https://fco.dn.nexoncdn.co.kr/live/externalAssets/common/teamcolorboost/icon/medium/4_l241.png,https://fconline.nexon.com/datacenter/teamcolor#teamcolorid=40581,2026-07-31T18:15:14+09:00,1.0.0
40582,이탈리아 카테나치오 트리오,이탈리아의 빗장 수비진으로 구성된 팀컬러입니다.,특성 팀컬러,관계,1,3,대인 수비 +2 | 슬라이딩 태클 +1,https://fco.dn.nexoncdn.co.kr/live/externalAssets/common/teamcolorboost/icon/medium/4_l1343.png,https://fconline.nexon.com/datacenter/teamcolor#teamcolorid=40582,2026-07-31T18:15:14+09:00,1.0.0
40583,로스 블랑코스 뉴 공격 트리오,레알 마드리드의 젊은 공격 트리오로 구성된 팀컬러입니다.,특성 팀컬러,관계,1,3,위치 선정 +2 | 골 결정력 +1,https://fco.dn.nexoncdn.co.kr/live/externalAssets/common/teamcolorboost/icon/medium/4_l243.png,https://fconline.nexon.com/datacenter/teamcolor#teamcolorid=40583,2026-07-31T18:15:14+09:00,1.0.0
40584,Ballon d'Or,Ballon d'Or 클래스 선수들로 구성된 팀컬러입니다.,소속 팀컬러,클럽,3,8,전체 능력치 +3,https://fco.dn.nexoncdn.co.kr/live/externalAssets/common/crests/light/medium/l130391.png,https://fconline.nexon.com/datacenter/teamcolor#teamcolorid=40584,2026-07-31T18:15:14+09:00,1.0.0
40585,Best Legends,Best Legends 클래스 선수들로 구성된 팀컬러입니다.,소속 팀컬러,스페셜,3,8,전체 능력치 +3,https://fco.dn.nexoncdn.co.kr/live/externalAssets/common/teamcolorboost/icon/medium/4_l999828.png,https://fconline.nexon.com/datacenter/teamcolor#teamcolorid=40585,2026-07-31T18:15:14+09:00,1.0.0
40587,Greatest Runner-Ups,Greatest Runner-Ups 클래스 선수들로 구성된 팀컬러입니다.,소속 팀컬러,스페셜,3,8,전체 능력치 +3,https://fco.dn.nexoncdn.co.kr/live/externalAssets/common/teamcolorboost/icon/medium/4_l999829.png,https://fconline.nexon.com/datacenter/teamcolor#teamcolorid=40587,2026-07-31T18:15:14+09:00,1.0.0
40588,24 K LEAGUE BEST,24 K LEAGUE BEST 클래스 선수들로 구성된 팀컬러입니다.,소속 팀컬러,스페셜,3,8,전체 능력치 +3,https://fco.dn.nexoncdn.co.kr/live/externalAssets/common/teamcolorboost/icon/medium/4_l999830.png,https://fconline.nexon.com/datacenter/teamcolor#teamcolorid=40588,2026-07-31T18:15:14+09:00,1.0.0
40590,24 UEFA Champions League,24 UEFA Champions League 클래스 선수들로 구성된 팀컬러입니다.,소속 팀컬러,스페셜,3,8,전체 능력치 +3,https://fco.dn.nexoncdn.co.kr/live/externalAssets/common/teamcolorboost/icon/medium/4_l999834.png,https://fconline.nexon.com/datacenter/teamcolor#teamcolorid=40590,2026-07-31T18:15:14+09:00,1.0.0
40592,Greatest Runner-Ups,Greatest Runner-Ups 클래스 선수들로 구성된 팀컬러입니다.,소속 팀컬러,클럽,3,8,전체 능력치 +3,https://fco.dn.nexoncdn.co.kr/live/externalAssets/common/crests/light/medium/l130400.png,https://fconline.nexon.com/datacenter/teamcolor#teamcolorid=40592,2026-07-31T18:15:14+09:00,1.0.0
40593,Wonderboys,Wonderboys 클래스 선수들로 구성된 팀컬러입니다.,소속 팀컬러,스페셜,3,8,전체 능력치 +3,https://fco.dn.nexoncdn.co.kr/live/externalAssets/common/teamcolorboost/icon/medium/4_l999836.png,https://fconline.nexon.com/datacenter/teamcolor#teamcolorid=40593,2026-07-31T18:15:14+09:00,1.0.0
40594,Wonderboys,Wonderboys 클래스 선수들로 구성된 팀컬러입니다.,소속 팀컬러,클럽,3,8,전체 능력치 +3,https://fco.dn.nexoncdn.co.kr/live/externalAssets/common/crests/light/medium/l130446.png,https://fconline.nexon.com/datacenter/teamcolor#teamcolorid=40594,2026-07-31T18:15:14+09:00,1.0.0
40595,Number 7,Number 7 클래스 선수들로 구성된 팀컬러입니다.,소속 팀컬러,스페셜,3,8,전체 능력치 +3,https://fco.dn.nexoncdn.co.kr/live/externalAssets/common/teamcolorboost/icon/medium/4_l999839.png,https://fconline.nexon.com/datacenter/teamcolor#teamcolorid=40595,2026-07-31T18:15:14+09:00,1.0.0
40596,Number 7,Number 7 클래스 선수들로 구성된 팀컬러입니다.,소속 팀컬러,클럽,3,8,전체 능력치 +3,https://fco.dn.nexoncdn.co.kr/live/externalAssets/common/crests/light/medium/l130447.png,https://fconline.nexon.com/datacenter/teamcolor#teamcolorid=40596,2026-07-31T18:15:14+09:00,1.0.0
40604,Legend of Europa,Legend of Europa 클래스 선수들로 구성된 팀컬러입니다.,소속 팀컬러,스페셜,3,8,전체 능력치 +3,https://fco.dn.nexoncdn.co.kr/live/externalAssets/common/teamcolorboost/icon/medium/4_l999840.png,https://fconline.nexon.com/datacenter/teamcolor#teamcolorid=40604,2026-07-31T18:15:14+09:00,1.0.0
40605,Legend of Europa,Legend of Europa 클래스 선수들로 구성된 팀컬러입니다.,소속 팀컬러,클럽,3,8,전체 능력치 +3,https://fco.dn.nexoncdn.co.kr/live/externalAssets/common/crests/light/medium/l130461.png,https://fconline.nexon.com/datacenter/teamcolor#teamcolorid=40605,2026-07-31T18:15:14+09:00,1.0.0
40617,Continental Heroes,Continental Heroes 클래스 선수들로 구성된 팀컬러입니다.,소속 팀컬러,스페셜,3,8,전체 능력치 +3,https://fco.dn.nexoncdn.co.kr/live/externalAssets/common/teamcolorboost/icon/medium/4_l999845.png,https://fconline.nexon.com/datacenter/teamcolor#teamcolorid=40617,2026-07-31T18:15:14+09:00,1.0.0
40618,Continental Heroes,Continental Heroes 클래스 선수들로 구성된 팀컬러입니다.,소속 팀컬러,클럽,3,8,전체 능력치 +3,https://fco.dn.nexoncdn.co.kr/live/externalAssets/common/crests/light/medium/l130492.png,https://fconline.nexon.com/datacenter/teamcolor#teamcolorid=40618,2026-07-31T18:15:14+09:00,1.0.0
40619,24-25 리버풀,24-25시즌 리버풀에서 활약한 선수들로 구성된 팀 컬러입니다.,특성 팀컬러,관계,1,8,골 결정력 +3 | 속력 +3 | 위치 선정 +2 | 짧은 패스 +2,https://fco.dn.nexoncdn.co.kr/live/externalAssets/common/teamcolorboost/icon/medium/4_l9.png,https://fconline.nexon.com/datacenter/teamcolor#teamcolorid=40619,2026-07-31T18:15:14+09:00,1.0.0
40620,24-25 아스널,24-25시즌 아스널에서 활약한 선수들로 구성된 팀 컬러입니다.,특성 팀컬러,관계,1,8,크로스 +3 | 위치 선정 +3 | 짧은 패스 +2 | 헤더 +2,https://fco.dn.nexoncdn.co.kr/live/externalAssets/common/teamcolorboost/icon/medium/4_l1.png,https://fconline.nexon.com/datacenter/teamcolor#teamcolorid=40620,2026-07-31T18:15:14+09:00,1.0.0
40621,24-25 맨체스터 시티,24-25시즌 맨체스터 시티에서 활약한 선수들로 구성된 팀 컬러입니다.,특성 팀컬러,관계,1,8,위치 선정 +3 | 짧은 패스 +3 | 시야 +2 | 드리블 +2,https://fco.dn.nexoncdn.co.kr/live/externalAssets/common/teamcolorboost/icon/medium/4_l10.png,https://fconline.nexon.com/datacenter/teamcolor#teamcolorid=40621,2026-07-31T18:15:14+09:00,1.0.0
40622,24-25 첼시,24-25시즌 첼시에서 활약한 선수들로 구성된 팀 컬러입니다.,특성 팀컬러,관계,1,8,가속력 +3 | 위치 선정 +3 | 짧은 패스 +2 | 시야 +2,https://fco.dn.nexoncdn.co.kr/live/externalAssets/common/teamcolorboost/icon/medium/4_l5.png,https://fconline.nexon.com/datacenter/teamcolor#teamcolorid=40622,2026-07-31T18:15:14+09:00,1.0.0
40623,24-25 뉴캐슬 유나이티드,24-25시즌 뉴캐슬 유나이티드에서 활약한 선수들로 구성된 팀 컬러입니다.,특성 팀컬러,관계,1,8,스태미너 +3 | 속력 +3 | 크로스 +2 | 골 결정력 +2,https://fco.dn.nexoncdn.co.kr/live/externalAssets/common/teamcolorboost/icon/medium/4_l13.png,https://fconline.nexon.com/datacenter/teamcolor#teamcolorid=40623,2026-07-31T18:15:14+09:00,1.0.0
40624,24-25 토트넘 홋스퍼,24-25시즌 토트넘 홋스퍼에서 활약한 선수들로 구성된 팀 컬러입니다.,특성 팀컬러,관계,1,8,속력 +3 | 크로스 +3 | 짧은 패스 +2 | 가속력 +2,https://fco.dn.nexoncdn.co.kr/live/externalAssets/common/teamcolorboost/icon/medium/4_l18.png,https://fconline.nexon.com/datacenter/teamcolor#teamcolorid=40624,2026-07-31T18:15:14+09:00,1.0.0
40625,24-25 애스턴 빌라,24-25시즌 애스턴 빌라에서 활약한 선수들로 구성된 팀 컬러입니다.,특성 팀컬러,관계,1,8,시야 +3 | 볼 컨트롤 +3 | 짧은 패스 +2 | 밸런스 +2,https://fco.dn.nexoncdn.co.kr/live/externalAssets/common/teamcolorboost/icon/medium/4_l2.png,https://fconline.nexon.com/datacenter/teamcolor#teamcolorid=40625,2026-07-31T18:15:14+09:00,1.0.0
40626,24-25 크리스털 팰리스,24-25시즌 크리스털 팰리스에서 활약한 선수들로 구성된 팀 컬러입니다.,특성 팀컬러,관계,1,8,태클 +3 | 긴 패스 +3 | 가로채기 +2 | 헤더 +2,https://fco.dn.nexoncdn.co.kr/live/externalAssets/common/teamcolorboost/icon/medium/4_l1799.png,https://fconline.nexon.com/datacenter/teamcolor#teamcolorid=40626,2026-07-31T18:15:14+09:00,1.0.0
40627,24-25 노팅엄 포리스트,24-25시즌 노팅엄 포리스트에서 활약한 선수들로 구성된 팀 컬러입니다.,특성 팀컬러,관계,1,8,대인 수비 +3 | 헤더 +3 | 속력 +2 | 골 결정력 +2,https://fco.dn.nexoncdn.co.kr/live/externalAssets/common/teamcolorboost/icon/medium/4_l14.png,https://fconline.nexon.com/datacenter/teamcolor#teamcolorid=40627,2026-07-31T18:15:14+09:00,1.0.0
40628,24-25 FC 바르셀로나,24-25시즌 FC 바르셀로나에서 활약한 선수들로 구성된 팀 컬러입니다.,특성 팀컬러,관계,1,8,짧은 패스 +3 | 골 결정력 +3 | 드리블 +2 | 위치 선정 +2,https://fco.dn.nexoncdn.co.kr/live/externalAssets/common/teamcolorboost/icon/medium/4_l241.png,https://fconline.nexon.com/datacenter/teamcolor#teamcolorid=40628,2026-07-31T18:15:14+09:00,1.0.0
40629,24-25 레알 마드리드,24-25시즌 레알 마드리드에서 활약한 선수들로 구성된 팀 컬러입니다.,특성 팀컬러,관계,1,8,가속력 +3 | 위치 선정 +3 | 시야 +2 | 중거리 슛 +2,https://fco.dn.nexoncdn.co.kr/live/externalAssets/common/teamcolorboost/icon/medium/4_l243.png,https://fconline.nexon.com/datacenter/teamcolor#teamcolorid=40629,2026-07-31T18:15:14+09:00,1.0.0
40630,24-25 아틀레티코 마드리드,24-25시즌 아틀레티코 마드리드에서 활약한 선수들로 구성된 팀 컬러입니다.,특성 팀컬러,관계,1,8,속력 +3 | 골 결정력 +3 | 위치 선정 +2 | 짧은 패스 +2,https://fco.dn.nexoncdn.co.kr/live/externalAssets/common/teamcolorboost/icon/medium/4_l240.png,https://fconline.nexon.com/datacenter/teamcolor#teamcolorid=40630,2026-07-31T18:15:14+09:00,1.0.0
40631,24-25 아틀레틱 빌바오,24-25시즌 아틀레틱 빌바오에서 활약한 선수들로 구성된 팀 컬러입니다.,특성 팀컬러,관계,1,8,속력 +3 | 드리블 +3 | 가로채기 +2 | 크로스 +2,https://fco.dn.nexoncdn.co.kr/live/externalAssets/common/teamcolorboost/icon/medium/4_l448.png,https://fconline.nexon.com/datacenter/teamcolor#teamcolorid=40631,2026-07-31T18:15:14+09:00,1.0.0
40632,24-25 비야레알 CF,24-25시즌 비야레알 CF에서 활약한 선수들로 구성된 팀 컬러입니다.,특성 팀컬러,관계,1,8,크로스 +3 | 시야 +3 | 긴 패스 +2 | 태클 +2,https://fco.dn.nexoncdn.co.kr/live/externalAssets/common/teamcolorboost/icon/medium/4_l483.png,https://fconline.nexon.com/datacenter/teamcolor#teamcolorid=40632,2026-07-31T18:15:14+09:00,1.0.0
40633,24-25 레알 베티스,24-25시즌 레알 베티스에서 활약한 선수들로 구성된 팀 컬러입니다.,특성 팀컬러,관계,1,8,드리블 +3 | 가로채기 +3 | 시야 +2 | 볼 컨트롤 +2,https://fco.dn.nexoncdn.co.kr/live/externalAssets/common/teamcolorboost/icon/medium/4_l449.png,https://fconline.nexon.com/datacenter/teamcolor#teamcolorid=40633,2026-07-31T18:15:14+09:00,1.0.0
40634,24-25 셀타 비고,24-25시즌 셀타 비고에서 활약한 선수들로 구성된 팀 컬러입니다.,특성 팀컬러,관계,1,8,짧은 패스 +3 | 시야 +3 | 골 결정력 +2 | 위치 선정 +2,https://fco.dn.nexoncdn.co.kr/live/externalAssets/common/teamcolorboost/icon/medium/4_l450.png,https://fconline.nexon.com/datacenter/teamcolor#teamcolorid=40634,2026-07-31T18:15:14+09:00,1.0.0
40635,24-25 라요 바예카노,24-25시즌 라요 바예카노에서 활약한 선수들로 구성된 팀 컬러입니다.,특성 팀컬러,관계,1,8,적극성 +3 | 스태미너 +3 | 가로채기 +2 | 대인 수비 +2,https://fco.dn.nexoncdn.co.kr/live/externalAssets/common/teamcolorboost/icon/medium/4_l480.png,https://fconline.nexon.com/datacenter/teamcolor#teamcolorid=40635,2026-07-31T18:15:14+09:00,1.0.0
40636,24-25 SSC 나폴리,24-25시즌 SSC 나폴리에서 활약한 선수들로 구성된 팀 컬러입니다.,특성 팀컬러,관계,1,8,스태미너 +3 | 밸런스 +3 | 짧은 패스 +2 | 대인 수비 +2,https://fco.dn.nexoncdn.co.kr/live/externalAssets/common/teamcolorboost/icon/medium/4_l48.png,https://fconline.nexon.com/datacenter/teamcolor#teamcolorid=40636,2026-07-31T18:15:14+09:00,1.0.0
40637,24-25 롬바르디아 FC,24-25시즌 롬바르디아 FC에서 활약한 선수들로 구성된 팀 컬러입니다.,특성 팀컬러,관계,1,8,크로스 +3 | 몸싸움 +3 | 헤더 +2 | 짧은 패스 +2,https://fco.dn.nexoncdn.co.kr/live/externalAssets/common/teamcolorboost/icon/medium/4_l131682.png,https://fconline.nexon.com/datacenter/teamcolor#teamcolorid=40637,2026-07-31T18:15:14+09:00,1.0.0
40638,24-25 베르가모 칼초,24-25시즌 베르가모 칼초에서 활약한 선수들로 구성된 팀 컬러입니다.,특성 팀컬러,관계,1,8,골 결정력 +3 | 속력 +3 | 위치 선정 +2 | 침착성 +2,https://fco.dn.nexoncdn.co.kr/live/externalAssets/common/teamcolorboost/icon/medium/4_l115845.png,https://fconline.nexon.com/datacenter/teamcolor#teamcolorid=40638,2026-07-31T18:15:14+09:00,1.0.0
40639,24-25 유벤투스,24-25시즌 유벤투스에서 활약한 선수들로 구성된 팀 컬러입니다.,특성 팀컬러,관계,1,8,대인 수비 +3 | 태클 +3 | 드리블 +2 | 속력 +2,https://fco.dn.nexoncdn.co.kr/live/externalAssets/common/teamcolorboost/icon/medium/4_l45.png,https://fconline.nexon.com/datacenter/teamcolor#teamcolorid=40639,2026-07-31T18:15:14+09:00,1.0.0
40640,24-25 AS 로마,24-25시즌 AS 로마에서 활약한 선수들로 구성된 팀 컬러입니다.,특성 팀컬러,관계,1,8,가속력 +3 | 위치 선정 +3 | 시야 +2 | 짧은 패스 +2,https://fco.dn.nexoncdn.co.kr/live/externalAssets/common/teamcolorboost/icon/medium/4_l52.png,https://fconline.nexon.com/datacenter/teamcolor#teamcolorid=40640,2026-07-31T18:15:14+09:00,1.0.0
40641,24-25 볼로냐,24-25시즌 볼로냐에서 활약한 선수들로 구성된 팀 컬러입니다.,특성 팀컬러,관계,1,8,스태미너 +3 | 적극성 +3 | 대인 수비 +2 | 밸런스 +2,https://fco.dn.nexoncdn.co.kr/live/externalAssets/common/teamcolorboost/icon/medium/4_l189.png,https://fconline.nexon.com/datacenter/teamcolor#teamcolorid=40641,2026-07-31T18:15:14+09:00,1.0.0
40642,24-25 피오렌티나,24-25시즌 피오렌티나에서 활약한 선수들로 구성된 팀 컬러입니다.,특성 팀컬러,관계,1,8,크로스 +3 | 커브 +3 | 헤더 +2 | 위치 선정 +2,https://fco.dn.nexoncdn.co.kr/live/externalAssets/common/teamcolorboost/icon/medium/4_l110374.png,https://fconline.nexon.com/datacenter/teamcolor#teamcolorid=40642,2026-07-31T18:15:14+09:00,1.0.0
40643,24-25 바이에른 뮌헨,24-25시즌 바이에른 뮌헨에서 활약한 선수들로 구성된 팀 컬러입니다.,특성 팀컬러,관계,1,8,골 결정력 +3 | 위치 선정 +3 | 드리블 +2 | 민첩성 +2,https://fco.dn.nexoncdn.co.kr/live/externalAssets/common/teamcolorboost/icon/medium/4_l21.png,https://fconline.nexon.com/datacenter/teamcolor#teamcolorid=40643,2026-07-31T18:15:14+09:00,1.0.0
40644,24-25 바이엘 04 레버쿠젠,24-25시즌 바이엘 04 레버쿠젠에서 활약한 선수들로 구성된 팀 컬러입니다.,특성 팀컬러,관계,1,8,시야 +3 | 위치 선정 +3 | 침착성 +2 | 볼 컨트롤 +2,https://fco.dn.nexoncdn.co.kr/live/externalAssets/common/teamcolorboost/icon/medium/4_l32.png,https://fconline.nexon.com/datacenter/teamcolor#teamcolorid=40644,2026-07-31T18:15:14+09:00,1.0.0
40645,24-25 아인트라흐트 프랑크푸르트,24-25시즌 아인트라흐트 프랑크푸르트에서 활약한 선수들로 구성된 팀 컬러입니다.,특성 팀컬러,관계,1,8,위치 선정 +3 | 골 결정력 +3 | 침착성 +2 | 짧은 패스 +2,https://fco.dn.nexoncdn.co.kr/live/externalAssets/common/teamcolorboost/icon/medium/4_l1824.png,https://fconline.nexon.com/datacenter/teamcolor#teamcolorid=40645,2026-07-31T18:15:14+09:00,1.0.0
40646,24-25 보루시아 도르트문트,24-25시즌 보루시아 도르트문트에서 활약한 선수들로 구성된 팀 컬러입니다.,특성 팀컬러,관계,1,8,위치 선정 +3 | 적극성 +3 | 몸싸움 +2 | 밸런스 +2,https://fco.dn.nexoncdn.co.kr/live/externalAssets/common/teamcolorboost/icon/medium/4_l22.png,https://fconline.nexon.com/datacenter/teamcolor#teamcolorid=40646,2026-07-31T18:15:14+09:00,1.0.0
40647,24-25 SC 프라이부르크,24-25시즌 SC 프라이부르크에서 활약한 선수들로 구성된 팀 컬러입니다.,특성 팀컬러,관계,1,8,적극성 +3 | 스태미너 +3 | 헤더 +2 | 반응 속도 +2,https://fco.dn.nexoncdn.co.kr/live/externalAssets/common/teamcolorboost/icon/medium/4_l25.png,https://fconline.nexon.com/datacenter/teamcolor#teamcolorid=40647,2026-07-31T18:15:14+09:00,1.0.0
40648,24-25 VfB 슈투트가르트,24-25시즌 VfB 슈투트가르트에서 활약한 선수들로 구성된 팀 컬러입니다.,특성 팀컬러,관계,1,8,짧은 패스 +3 | 침착성 +3 | 중거리 슛 +2 | 슛 파워 +2,https://fco.dn.nexoncdn.co.kr/live/externalAssets/common/teamcolorboost/icon/medium/4_l36.png,https://fconline.nexon.com/datacenter/teamcolor#teamcolorid=40648,2026-07-31T18:15:14+09:00,1.0.0
40649,24-25 1. FSV 마인츠 05,24-25시즌 1. FSV 마인츠 05에서 활약한 선수들로 구성된 팀 컬러입니다.,특성 팀컬러,관계,1,8,가로채기 +3 | 적극성 +3 | 긴 패스 +2 | 크로스 +2,https://fco.dn.nexoncdn.co.kr/live/externalAssets/common/teamcolorboost/icon/medium/4_l169.png,https://fconline.nexon.com/datacenter/teamcolor#teamcolorid=40649,2026-07-31T18:15:14+09:00,1.0.0
40650,24-25 파리 생제르맹,24-25시즌 파리 생제르맹에서 활약한 선수들로 구성된 팀 컬러입니다.,특성 팀컬러,관계,1,8,드리블 +3 | 민첩성 +3 | 반응 속도 +2 | 가속력 +2,https://fco.dn.nexoncdn.co.kr/live/externalAssets/common/teamcolorboost/icon/medium/4_l73.png,https://fconline.nexon.com/datacenter/teamcolor#teamcolorid=40650,2026-07-31T18:15:14+09:00,1.0.0
40651,24-25 올랭피크 마르세유,24-25시즌 올랭피크 마르세유에서 활약한 선수들로 구성된 팀 컬러입니다.,특성 팀컬러,관계,1,8,골 결정력 +3 | 슛 파워 +3 | 중거리 슛 +2 | 침착성 +2,https://fco.dn.nexoncdn.co.kr/live/externalAssets/common/teamcolorboost/icon/medium/4_l219.png,https://fconline.nexon.com/datacenter/teamcolor#teamcolorid=40651,2026-07-31T18:15:14+09:00,1.0.0
40652,24-25 AS 모나코,24-25시즌 AS 모나코에서 활약한 선수들로 구성된 팀 컬러입니다.,특성 팀컬러,관계,1,8,민첩성 +3 | 반응 속도 +3 | 짧은 패스 +2 | 시야 +2,https://fco.dn.nexoncdn.co.kr/live/externalAssets/common/teamcolorboost/icon/medium/4_l69.png,https://fconline.nexon.com/datacenter/teamcolor#teamcolorid=40652,2026-07-31T18:15:14+09:00,1.0.0
40653,24-25 OGC 니스,24-25시즌 OGC 니스에서 활약한 선수들로 구성된 팀 컬러입니다.,특성 팀컬러,관계,1,8,가속력 +3 | 위치 선정 +3 | 시야 +2 | 짧은 패스 +2,https://fco.dn.nexoncdn.co.kr/live/externalAssets/common/teamcolorboost/icon/medium/4_l72.png,https://fconline.nexon.com/datacenter/teamcolor#teamcolorid=40653,2026-07-31T18:15:14+09:00,1.0.0
40654,24-25 LOSC 릴,24-25시즌 LOSC 릴에서 활약한 선수들로 구성된 팀 컬러입니다.,특성 팀컬러,관계,1,8,대인 수비 +3 | 적극성 +3 | 밸런스 +2 | 짧은 패스 +2,https://fco.dn.nexoncdn.co.kr/live/externalAssets/common/teamcolorboost/icon/medium/4_l65.png,https://fconline.nexon.com/datacenter/teamcolor#teamcolorid=40654,2026-07-31T18:15:14+09:00,1.0.0
40655,24-25 올랭피크 리옹,24-25시즌 올랭피크 리옹에서 활약한 선수들로 구성된 팀 컬러입니다.,특성 팀컬러,관계,1,8,짧은 패스 +3 | 침착성 +3 | 볼 컨트롤 +2 | 시야 +2,https://fco.dn.nexoncdn.co.kr/live/externalAssets/common/teamcolorboost/icon/medium/4_l66.png,https://fconline.nexon.com/datacenter/teamcolor#teamcolorid=40655,2026-07-31T18:15:14+09:00,1.0.0
40656,토트넘 홋스퍼 41년만의 유럽대항전 정상,토트넘 홋스퍼 소속으로 유럽대항전에서 41년만에 우승을 기록한 선수들로 구성된 팀 컬러입니다.,특성 팀컬러,관계,1,5,대인 수비 +2 | 속력 +2 | 위치 선정 +1,https://fco.dn.nexoncdn.co.kr/live/externalAssets/common/teamcolorboost/icon/medium/4_l18.png,https://fconline.nexon.com/datacenter/teamcolor#teamcolorid=40656,2026-07-31T18:15:14+09:00,1.0.0
40657,크리스털 팰리스 120년만의 메이저 타이틀,크리스털 팰리스 120년 역사에서 처음으로 메이저 타이틀을 획득한 선수들로 구성된 팀 컬러입니다.,특성 팀컬러,관계,1,5,적극성 +2 | 헤더 +2 | 스태미너 +1,https://fco.dn.nexoncdn.co.kr/live/externalAssets/common/teamcolorboost/icon/medium/4_l1799.png,https://fconline.nexon.com/datacenter/teamcolor#teamcolorid=40657,2026-07-31T18:15:14+09:00,1.0.0
40658,AS 로마 컨퍼런스리그 초대 우승,컨퍼런스리그 초대 우승 팀인 AS로마 소속 선수들로 구성된 팀 컬러입니다.,특성 팀컬러,관계,1,5,태클 +2 | 헤더 +2 | 가로채기 +1,https://fco.dn.nexoncdn.co.kr/live/externalAssets/common/teamcolorboost/icon/medium/4_l52.png,https://fconline.nexon.com/datacenter/teamcolor#teamcolorid=40658,2026-07-31T18:15:14+09:00,1.0.0
40659,파리 생제르맹 트레블,파리 생제르맹의 트레블을 달성한 선수들로 구성된 팀 컬러입니다.,특성 팀컬러,관계,1,5,위치 선정 +2 | 볼 컨트롤 +2 | 짧은 패스 +1,https://fco.dn.nexoncdn.co.kr/live/externalAssets/common/teamcolorboost/icon/medium/4_l73.png,https://fconline.nexon.com/datacenter/teamcolor#teamcolorid=40659,2026-07-31T18:15:14+09:00,1.0.0
40660,25 ICONS MATCH,25 ICONS MATCH 선수들로 구성된 팀컬러입니다.,소속 팀컬러,스페셜,3,8,전체 능력치 +3 | 짧은 패스 +2 | 중거리 슛 +1,https://fco.dn.nexoncdn.co.kr/live/externalAssets/common/teamcolorboost/icon/medium/4_l999113.png,https://fconline.nexon.com/datacenter/teamcolor#teamcolorid=40660,2026-07-31T18:15:14+09:00,1.0.0
40661,Dramatic Comebacks,Dramatic Comebacks 클래스 선수들로 구성된 팀컬러입니다.,소속 팀컬러,스페셜,3,8,전체 능력치 +3,https://fco.dn.nexoncdn.co.kr/live/externalAssets/common/teamcolorboost/icon/medium/4_l999846.png,https://fconline.nexon.com/datacenter/teamcolor#teamcolorid=40661,2026-07-31T18:15:14+09:00,1.0.0
40662,Dramatic Comebacks,Dramatic Comebacks 클래스 선수들로 구성된 팀컬러입니다.,소속 팀컬러,클럽,3,8,전체 능력치 +3,https://fco.dn.nexoncdn.co.kr/live/externalAssets/common/crests/light/medium/l130491.png,https://fconline.nexon.com/datacenter/teamcolor#teamcolorid=40662,2026-07-31T18:15:14+09:00,1.0.0
40663,Winning Streak,Winning Streak 클래스 선수들로 구성된 팀컬러입니다.,소속 팀컬러,스페셜,3,8,전체 능력치 +3,https://fco.dn.nexoncdn.co.kr/live/externalAssets/common/teamcolorboost/icon/medium/4_l999848.png,https://fconline.nexon.com/datacenter/teamcolor#teamcolorid=40663,2026-07-31T18:15:14+09:00,1.0.0
40664,Winning Streak,Winning Streak 클래스 선수들로 구성된 팀컬러입니다.,소속 팀컬러,클럽,3,8,전체 능력치 +3,https://fco.dn.nexoncdn.co.kr/live/externalAssets/common/crests/light/medium/l130493.png,https://fconline.nexon.com/datacenter/teamcolor#teamcolorid=40664,2026-07-31T18:15:14+09:00,1.0.0
40665,25 Devoted Player,25 Devoted Player 클래스 선수들로 구성된 팀컬러입니다.,소속 팀컬러,스페셜,3,8,전체 능력치 +3,https://fco.dn.nexoncdn.co.kr/live/externalAssets/common/teamcolorboost/icon/medium/4_l999851.png,https://fconline.nexon.com/datacenter/teamcolor#teamcolorid=40665,2026-07-31T18:15:14+09:00,1.0.0
40666,Football Association Champions,Football Association Champions 클래스 선수들로 구성된 팀컬러입니다.,소속 팀컬러,스페셜,3,8,전체 능력치 +3,https://fco.dn.nexoncdn.co.kr/live/externalAssets/common/teamcolorboost/icon/medium/4_l999852.png,https://fconline.nexon.com/datacenter/teamcolor#teamcolorid=40666,2026-07-31T18:15:14+09:00,1.0.0
40667,Football Association Champions,Football Association Champions 클래스 선수들로 구성된 팀컬러입니다.,소속 팀컬러,클럽,3,8,전체 능력치 +3,https://fco.dn.nexoncdn.co.kr/live/externalAssets/common/crests/light/medium/l130550.png,https://fconline.nexon.com/datacenter/teamcolor#teamcolorid=40667,2026-07-31T18:15:14+09:00,1.0.0
40668,25 K LEAGUE BEST,25 K LEAGUE BEST 클래스 선수들로 구성된 팀컬러입니다,소속 팀컬러,스페셜,3,8,전체 능력치 +3,https://fco.dn.nexoncdn.co.kr/live/externalAssets/common/teamcolorboost/icon/medium/4_l999853.png,https://fconline.nexon.com/datacenter/teamcolor#teamcolorid=40668,2026-07-31T18:15:14+09:00,1.0.0
40670,25 UEFA Champions League,25 UEFA Champions League 클래스 선수들로 구성된 팀컬러입니다.,소속 팀컬러,스페셜,3,8,전체 능력치 +3,https://fco.dn.nexoncdn.co.kr/live/externalAssets/common/teamcolorboost/icon/medium/4_l999856.png,https://fconline.nexon.com/datacenter/teamcolor#teamcolorid=40670,2026-07-31T18:15:14+09:00,1.0.0
40671,AS로마 듀오,AS로마의 전설적인 듀오로 구성된 팀컬러입니다.,특성 팀컬러,관계,1,2,짧은 패스 +1 | 긴 패스 +1,https://fco.dn.nexoncdn.co.kr/live/externalAssets/common/teamcolorboost/icon/medium/4_l52.png,https://fconline.nexon.com/datacenter/teamcolor#teamcolorid=40671,2026-07-31T18:15:14+09:00,1.0.0
40672,Warriors of Glory,Warriors of Glory 클래스 선수들로 구성된 팀컬러입니다.,소속 팀컬러,클럽,3,8,전체 능력치 +3,https://fco.dn.nexoncdn.co.kr/live/externalAssets/common/crests/light/medium/l130586.png,https://fconline.nexon.com/datacenter/teamcolor#teamcolorid=40672,2026-07-31T18:15:14+09:00,1.0.0
40674,Korea Heroes Debut,Korea Heroes Debut 클래스 선수들로 구성된 팀컬러입니다.,소속 팀컬러,클럽,3,8,전체 능력치 +3,https://fco.dn.nexoncdn.co.kr/live/externalAssets/common/crests/light/medium/l130592.png,https://fconline.nexon.com/datacenter/teamcolor#teamcolorid=40674,2026-07-31T18:15:14+09:00,1.0.0
40676,TEAM KOREA,TEAM KOREA 클래스 선수들로 구성된 팀컬러입니다.,소속 팀컬러,클럽,3,8,전체 능력치 +3,https://fco.dn.nexoncdn.co.kr/live/externalAssets/common/crests/light/medium/l130591.png,https://fconline.nexon.com/datacenter/teamcolor#teamcolorid=40676,2026-07-31T18:15:14+09:00,1.0.0
40677,Path to Glory,Path to Glory 클래스 선수들로 구성된 팀컬러입니다.,소속 팀컬러,스페셜,3,8,전체 능력치 +3,https://fco.dn.nexoncdn.co.kr/live/externalAssets/common/teamcolorboost/icon/medium/4_l999863.png,https://fconline.nexon.com/datacenter/teamcolor#teamcolorid=40677,2026-07-31T18:15:14+09:00,1.0.0
40678,Step Higher,Step Higher 클래스 선수들로 구성된 팀컬러입니다.,소속 팀컬러,스페셜,3,8,전체 능력치 +3,https://fco.dn.nexoncdn.co.kr/live/externalAssets/common/teamcolorboost/icon/medium/4_l999596.png,https://fconline.nexon.com/datacenter/teamcolor#teamcolorid=40678,2026-07-31T18:15:14+09:00,1.0.0
40679,Step Higher,Step Higher 클래스 선수들로 구성된 팀컬러입니다.,소속 팀컬러,클럽,3,8,전체 능력치 +3,https://fco.dn.nexoncdn.co.kr/live/externalAssets/common/crests/light/medium/l130624.png,https://fconline.nexon.com/datacenter/teamcolor#teamcolorid=40679,2026-07-31T18:15:14+09:00,1.0.0
40680,2026 오스트리아,2026 시즌 오스트리아 국가대표로 활약한 선수들로 구성된 팀 컬러입니다.,특성 팀컬러,관계,1,8,적극성 +3 | 슬라이딩 태클 +3 | 태클 +2 | 발리 슛 +2,https://fco.dn.nexoncdn.co.kr/live/externalAssets/common/teamcolorboost/icon/medium/4_l3004.png,https://fconline.nexon.com/datacenter/teamcolor#teamcolorid=40680,2026-07-31T18:15:14+09:00,1.0.0
40681,2026 벨기에,2026 시즌 벨기에 국가대표로 활약한 선수들로 구성된 팀 컬러입니다.,특성 팀컬러,관계,1,8,드리블 +3 | 골 결정력 +3 | 위치 선정 +2 | 긴 패스 +2,https://fco.dn.nexoncdn.co.kr/live/externalAssets/common/teamcolorboost/icon/medium/4_l3007.png,https://fconline.nexon.com/datacenter/teamcolor#teamcolorid=40681,2026-07-31T18:15:14+09:00,1.0.0
40682,2026 보스니아 헤르체고비나,2026 시즌 보스니아 헤르체고비나 국가대표로 활약한 선수들로 구성된 팀 컬러입니다.,특성 팀컬러,관계,1,8,적극성 +3 | 긴 패스 +3 | 볼 컨트롤 +2 | 위치 선정 +2,https://fco.dn.nexoncdn.co.kr/live/externalAssets/common/teamcolorboost/icon/medium/4_l3008.png,https://fconline.nexon.com/datacenter/teamcolor#teamcolorid=40682,2026-07-31T18:15:14+09:00,1.0.0
40683,2026 크로아티아,2026 시즌 크로아티아 국가대표로 활약한 선수들로 구성된 팀 컬러입니다.,특성 팀컬러,관계,1,8,헤더 +3 | 점프 +3 | 크로스 +2 | 긴 패스 +2,https://fco.dn.nexoncdn.co.kr/live/externalAssets/common/teamcolorboost/icon/medium/4_l3010.png,https://fconline.nexon.com/datacenter/teamcolor#teamcolorid=40683,2026-07-31T18:15:14+09:00,1.0.0
40684,2026 체코,2026 시즌 체코 국가대표로 활약한 선수들로 구성된 팀 컬러입니다.,특성 팀컬러,관계,1,8,크로스 +3 | 점프 +3 | 밸런스 +2 | 헤더 +2,https://fco.dn.nexoncdn.co.kr/live/externalAssets/common/teamcolorboost/icon/medium/4_l3012.png,https://fconline.nexon.com/datacenter/teamcolor#teamcolorid=40684,2026-07-31T18:15:14+09:00,1.0.0
40685,2026 잉글랜드,2026 시즌 잉글랜드 국가대표로 활약한 선수들로 구성된 팀 컬러입니다.,특성 팀컬러,관계,1,8,반응 속도 +3 | 짧은 패스 +3 | 골 결정력 +2 | 스태미너 +2,https://fco.dn.nexoncdn.co.kr/live/externalAssets/common/teamcolorboost/icon/medium/4_l3014.png,https://fconline.nexon.com/datacenter/teamcolor#teamcolorid=40685,2026-07-31T18:15:14+09:00,1.0.0
40686,2026 프랑스,2026 시즌 프랑스 국가대표로 활약한 선수들로 구성된 팀 컬러입니다.,특성 팀컬러,관계,1,8,위치 선정 +3 | 시야 +3 | 중거리 슛 +2 | 드리블 +2,https://fco.dn.nexoncdn.co.kr/live/externalAssets/common/teamcolorboost/icon/medium/4_l3018.png,https://fconline.nexon.com/datacenter/teamcolor#teamcolorid=40686,2026-07-31T18:15:14+09:00,1.0.0
40687,2026 독일,2026 시즌 독일 국가대표로 활약한 선수들로 구성된 팀 컬러입니다.,특성 팀컬러,관계,1,8,짧은 패스 +3 | 시야 +3 | 위치 선정 +2 | 침착성 +2,https://fco.dn.nexoncdn.co.kr/live/externalAssets/common/teamcolorboost/icon/medium/4_l3021.png,https://fconline.nexon.com/datacenter/teamcolor#teamcolorid=40687,2026-07-31T18:15:14+09:00,1.0.0
40688,2026 네덜란드,2026 시즌 네덜란드 국가대표로 활약한 선수들로 구성된 팀 컬러입니다.,특성 팀컬러,관계,1,8,볼 컨트롤 +3 | 골 결정력 +3 | 크로스 +2 | 밸런스 +2,https://fco.dn.nexoncdn.co.kr/live/externalAssets/common/teamcolorboost/icon/medium/4_l3034.png,https://fconline.nexon.com/datacenter/teamcolor#teamcolorid=40688,2026-07-31T18:15:14+09:00,1.0.0
40689,2026 노르웨이,2026 시즌 노르웨이 국가대표로 활약한 선수들로 구성된 팀 컬러입니다.,특성 팀컬러,관계,1,8,골 결정력 +3 | 위치 선정 +3 | 속력 +2 | 드리블 +2,https://fco.dn.nexoncdn.co.kr/live/externalAssets/common/teamcolorboost/icon/medium/4_l3036.png,https://fconline.nexon.com/datacenter/teamcolor#teamcolorid=40689,2026-07-31T18:15:14+09:00,1.0.0
40690,2026 포르투갈,2026 시즌 포르투갈 국가대표로 활약한 선수들로 구성된 팀 컬러입니다.,특성 팀컬러,관계,1,8,중거리 슛 +3 | 슛 파워 +3 | 위치 선정 +2 | 크로스 +2,https://fco.dn.nexoncdn.co.kr/live/externalAssets/common/teamcolorboost/icon/medium/4_l3038.png,https://fconline.nexon.com/datacenter/teamcolor#teamcolorid=40690,2026-07-31T18:15:14+09:00,1.0.0
40691,2026 스코틀랜드,2026 시즌 스코틀랜드 국가대표로 활약한 선수들로 구성된 팀 컬러입니다.,특성 팀컬러,관계,1,8,점프 +3 | 스태미너 +3 | 드리블 +2 | 가로채기 +2,https://fco.dn.nexoncdn.co.kr/live/externalAssets/common/teamcolorboost/icon/medium/4_l3042.png,https://fconline.nexon.com/datacenter/teamcolor#teamcolorid=40691,2026-07-31T18:15:14+09:00,1.0.0
40692,2026 스페인,2026 시즌 스페인 국가대표로 활약한 선수들로 구성된 팀 컬러입니다.,특성 팀컬러,관계,1,8,볼 컨트롤 +3 | 짧은 패스 +3 | 골 결정력 +2 | 침착성 +2,https://fco.dn.nexoncdn.co.kr/live/externalAssets/common/teamcolorboost/icon/medium/4_l3045.png,https://fconline.nexon.com/datacenter/teamcolor#teamcolorid=40692,2026-07-31T18:15:14+09:00,1.0.0
40693,2026 스웨덴,2026 시즌 스웨덴 국가대표로 활약한 선수들로 구성된 팀 컬러입니다.,특성 팀컬러,관계,1,8,가로채기 +3 | 스태미너 +3 | 침착성 +2 | 몸싸움 +2,https://fco.dn.nexoncdn.co.kr/live/externalAssets/common/teamcolorboost/icon/medium/4_l3046.png,https://fconline.nexon.com/datacenter/teamcolor#teamcolorid=40693,2026-07-31T18:15:14+09:00,1.0.0
40694,2026 스위스,2026 시즌 스위스 국가대표로 활약한 선수들로 구성된 팀 컬러입니다.,특성 팀컬러,관계,1,8,민첩성 +3 | 스태미너 +3 | 태클 +2 | 침착성 +2,https://fco.dn.nexoncdn.co.kr/live/externalAssets/common/teamcolorboost/icon/medium/4_l3047.png,https://fconline.nexon.com/datacenter/teamcolor#teamcolorid=40694,2026-07-31T18:15:14+09:00,1.0.0
40695,2026 튀르키예,2026 시즌 튀르키예 국가대표로 활약한 선수들로 구성된 팀 컬러입니다.,특성 팀컬러,관계,1,8,가로채기 +3 | 태클 +3 | 골 결정력 +2 | 시야 +2,https://fco.dn.nexoncdn.co.kr/live/externalAssets/common/teamcolorboost/icon/medium/4_l3048.png,https://fconline.nexon.com/datacenter/teamcolor#teamcolorid=40695,2026-07-31T18:15:14+09:00,1.0.0
40696,2026 아르헨티나,2026 시즌 아르헨티나 국가대표로 활약한 선수들로 구성된 팀 컬러입니다.,특성 팀컬러,관계,1,8,긴 패스 +3 | 위치 선정 +3 | 짧은 패스 +2 | 침착성 +2,https://fco.dn.nexoncdn.co.kr/live/externalAssets/common/teamcolorboost/icon/medium/4_l3052.png,https://fconline.nexon.com/datacenter/teamcolor#teamcolorid=40696,2026-07-31T18:15:14+09:00,1.0.0
40697,2026 브라질,2026 시즌 브라질 국가대표로 활약한 선수들로 구성된 팀 컬러입니다.,특성 팀컬러,관계,1,8,드리블 +3 | 위치 선정 +3 | 볼 컨트롤 +2 | 침착성 +2,https://fco.dn.nexoncdn.co.kr/live/externalAssets/common/teamcolorboost/icon/medium/4_l3054.png,https://fconline.nexon.com/datacenter/teamcolor#teamcolorid=40697,2026-07-31T18:15:14+09:00,1.0.0
40698,2026 콜롬비아,2026 시즌 콜롬비아 국가대표로 활약한 선수들로 구성된 팀 컬러입니다.,특성 팀컬러,관계,1,8,가속력 +3 | 드리블 +3 | 크로스 +2 | 골 결정력 +2,https://fco.dn.nexoncdn.co.kr/live/externalAssets/common/teamcolorboost/icon/medium/4_l3056.png,https://fconline.nexon.com/datacenter/teamcolor#teamcolorid=40698,2026-07-31T18:15:14+09:00,1.0.0
40699,2026 에콰도르,2026 시즌 에콰도르 국가대표로 활약한 선수들로 구성된 팀 컬러입니다.,특성 팀컬러,관계,1,8,대인 수비 +3 | 태클 +3 | 긴 패스 +2 | 스태미너 +2,https://fco.dn.nexoncdn.co.kr/live/externalAssets/common/teamcolorboost/icon/medium/4_l3057.png,https://fconline.nexon.com/datacenter/teamcolor#teamcolorid=40699,2026-07-31T18:15:14+09:00,1.0.0
40700,2026 파라과이,2026 시즌 파라과이 국가대표로 활약한 선수들로 구성된 팀 컬러입니다.,특성 팀컬러,관계,1,8,가속력 +3 | 민첩성 +3 | 적극성 +2 | 스태미너 +2,https://fco.dn.nexoncdn.co.kr/live/externalAssets/common/teamcolorboost/icon/medium/4_l3058.png,https://fconline.nexon.com/datacenter/teamcolor#teamcolorid=40700,2026-07-31T18:15:14+09:00,1.0.0
40701,2026 우루과이,2026 시즌 우루과이 국가대표로 활약한 선수들로 구성된 팀 컬러입니다.,특성 팀컬러,관계,1,8,가로채기 +3 | 태클 +3 | 긴 패스 +2 | 위치 선정 +2,https://fco.dn.nexoncdn.co.kr/live/externalAssets/common/teamcolorboost/icon/medium/4_l3060.png,https://fconline.nexon.com/datacenter/teamcolor#teamcolorid=40701,2026-07-31T18:15:14+09:00,1.0.0
40702,2026 캐나다,2026 시즌 캐나다 국가대표로 활약한 선수들로 구성된 팀 컬러입니다.,특성 팀컬러,관계,1,8,가속력 +3 | 속력 +3 | 위치 선정 +2 | 민첩성 +2,https://fco.dn.nexoncdn.co.kr/live/externalAssets/common/teamcolorboost/icon/medium/4_l3070.png,https://fconline.nexon.com/datacenter/teamcolor#teamcolorid=40702,2026-07-31T18:15:14+09:00,1.0.0
40703,2026 아이티,2026 시즌 아이티 국가대표로 활약한 선수들로 구성된 팀 컬러입니다.,특성 팀컬러,관계,1,8,가로채기 +3 | 몸싸움 +3 | 적극성 +2 | 민첩성 +2,https://fco.dn.nexoncdn.co.kr/live/externalAssets/common/teamcolorboost/icon/medium/4_l3080.png,https://fconline.nexon.com/datacenter/teamcolor#teamcolorid=40703,2026-07-31T18:15:14+09:00,1.0.0
40704,2026 멕시코,2026 시즌 멕시코 국가대표로 활약한 선수들로 구성된 팀 컬러입니다.,특성 팀컬러,관계,1,8,헤더 +3 | 태클 +3 | 적극성 +2 | 몸싸움 +2,https://fco.dn.nexoncdn.co.kr/live/externalAssets/common/teamcolorboost/icon/medium/4_l3083.png,https://fconline.nexon.com/datacenter/teamcolor#teamcolorid=40704,2026-07-31T18:15:14+09:00,1.0.0
40705,2026 미국,2026 시즌 미국 국가대표로 활약한 선수들로 구성된 팀 컬러입니다.,특성 팀컬러,관계,1,8,골 결정력 +3 | 시야 +3 | 밸런스 +2 | 커브 +2,https://fco.dn.nexoncdn.co.kr/live/externalAssets/common/teamcolorboost/icon/medium/4_l3095.png,https://fconline.nexon.com/datacenter/teamcolor#teamcolorid=40705,2026-07-31T18:15:14+09:00,1.0.0
40706,2026 알제리,2026 시즌 알제리 국가대표로 활약한 선수들로 구성된 팀 컬러입니다.,특성 팀컬러,관계,1,8,위치 선정 +3 | 속력 +3 | 밸런스 +2 | 골 결정력 +2,https://fco.dn.nexoncdn.co.kr/live/externalAssets/common/teamcolorboost/icon/medium/4_l3097.png,https://fconline.nexon.com/datacenter/teamcolor#teamcolorid=40706,2026-07-31T18:15:14+09:00,1.0.0
40707,2026 코트디부아르,2026 시즌 코트디부아르 국가대표로 활약한 선수들로 구성된 팀 컬러입니다.,특성 팀컬러,관계,1,8,드리블 +3 | 중거리 슛 +3 | 슬라이딩 태클 +2 | 대인 수비 +2,https://fco.dn.nexoncdn.co.kr/live/externalAssets/common/teamcolorboost/icon/medium/4_l3108.png,https://fconline.nexon.com/datacenter/teamcolor#teamcolorid=40707,2026-07-31T18:15:14+09:00,1.0.0
40708,2026 콩고 민주 공화국,2026 시즌 콩고 민주 공화국 국가대표로 활약한 선수들로 구성된 팀 컬러입니다.,특성 팀컬러,관계,1,8,반응 속도 +3 | 태클 +3 | 대인 수비 +2 | 몸싸움 +2,https://fco.dn.nexoncdn.co.kr/live/externalAssets/common/teamcolorboost/icon/medium/4_l3110.png,https://fconline.nexon.com/datacenter/teamcolor#teamcolorid=40708,2026-07-31T18:15:14+09:00,1.0.0
40709,2026 가나,2026 시즌 가나 국가대표로 활약한 선수들로 구성된 팀 컬러입니다.,특성 팀컬러,관계,1,8,민첩성 +3 | 드리블 +3 | 점프 +2 | 헤더 +2,https://fco.dn.nexoncdn.co.kr/live/externalAssets/common/teamcolorboost/icon/medium/4_l3117.png,https://fconline.nexon.com/datacenter/teamcolor#teamcolorid=40709,2026-07-31T18:15:14+09:00,1.0.0
40710,2026 모로코,2026 시즌 모로코 국가대표로 활약한 선수들로 구성된 팀 컬러입니다.,특성 팀컬러,관계,1,8,긴 패스 +3 | 짧은 패스 +3 | 적극성 +2 | 가로채기 +2,https://fco.dn.nexoncdn.co.kr/live/externalAssets/common/teamcolorboost/icon/medium/4_l3129.png,https://fconline.nexon.com/datacenter/teamcolor#teamcolorid=40710,2026-07-31T18:15:14+09:00,1.0.0
40711,2026 세네갈,2026 시즌 세네갈 국가대표로 활약한 선수들로 구성된 팀 컬러입니다.,특성 팀컬러,관계,1,8,민첩성 +3 | 반응 속도 +3 | 드리블 +2 | 골 결정력 +2,https://fco.dn.nexoncdn.co.kr/live/externalAssets/common/teamcolorboost/icon/medium/4_l3136.png,https://fconline.nexon.com/datacenter/teamcolor#teamcolorid=40711,2026-07-31T18:15:14+09:00,1.0.0
40712,2026 튀니지,2026 시즌 튀니지 국가대표로 활약한 선수들로 구성된 팀 컬러입니다.,특성 팀컬러,관계,1,8,적극성 +3 | 스태미너 +3 | 태클 +2 | 슬라이딩 태클 +2,https://fco.dn.nexoncdn.co.kr/live/externalAssets/common/teamcolorboost/icon/medium/4_l3145.png,https://fconline.nexon.com/datacenter/teamcolor#teamcolorid=40712,2026-07-31T18:15:14+09:00,1.0.0
40713,2026 일본,2026 시즌 일본 국가대표로 활약한 선수들로 구성된 팀 컬러입니다.,특성 팀컬러,관계,1,8,크로스 +3 | 짧은 패스 +3 | 위치 선정 +2 | 볼 컨트롤 +2,https://fco.dn.nexoncdn.co.kr/live/externalAssets/common/teamcolorboost/icon/medium/4_l3163.png,https://fconline.nexon.com/datacenter/teamcolor#teamcolorid=40713,2026-07-31T18:15:14+09:00,1.0.0
40714,2026 대한민국,2026 시즌 대한민국 국가대표로 활약한 선수들로 구성된 팀 컬러입니다.,특성 팀컬러,관계,1,8,짧은 패스 +3 | 반응 속도 +3 | 적극성 +2 | 위치 선정 +2,https://fco.dn.nexoncdn.co.kr/live/externalAssets/common/teamcolorboost/icon/medium/4_l3167.png,https://fconline.nexon.com/datacenter/teamcolor#teamcolorid=40714,2026-07-31T18:15:14+09:00,1.0.0
40715,2026 카타르,2026 시즌 카타르 국가대표로 활약한 선수들로 구성된 팀 컬러입니다.,특성 팀컬러,관계,1,8,드리블 +3 | 긴 패스 +3 | 위치 선정 +2 | 밸런스 +2,https://fco.dn.nexoncdn.co.kr/live/externalAssets/common/teamcolorboost/icon/medium/4_l3182.png,https://fconline.nexon.com/datacenter/teamcolor#teamcolorid=40715,2026-07-31T18:15:14+09:00,1.0.0
40716,2026 사우디아라비아,2026 시즌 사우디아라비아 국가대표로 활약한 선수들로 구성된 팀 컬러입니다.,특성 팀컬러,관계,1,8,민첩성 +3 | 드리블 +3 | 슛 파워 +2 | 헤더 +2,https://fco.dn.nexoncdn.co.kr/live/externalAssets/common/teamcolorboost/icon/medium/4_l3183.png,https://fconline.nexon.com/datacenter/teamcolor#teamcolorid=40716,2026-07-31T18:15:14+09:00,1.0.0
40717,2026 호주,2026 시즌 호주 국가대표로 활약한 선수들로 구성된 팀 컬러입니다.,특성 팀컬러,관계,1,8,점프 +3 | 긴 패스 +3 | 가로채기 +2 | 몸싸움 +2,https://fco.dn.nexoncdn.co.kr/live/externalAssets/common/teamcolorboost/icon/medium/4_l3195.png,https://fconline.nexon.com/datacenter/teamcolor#teamcolorid=40717,2026-07-31T18:15:14+09:00,1.0.0
40718,2026 뉴질랜드,2026 시즌 뉴질랜드 국가대표로 활약한 선수들로 구성된 팀 컬러입니다.,특성 팀컬러,관계,1,8,크로스 +3 | 헤더 +3 | 밸런스 +2 | 적극성 +2,https://fco.dn.nexoncdn.co.kr/live/externalAssets/common/teamcolorboost/icon/medium/4_l3198.png,https://fconline.nexon.com/datacenter/teamcolor#teamcolorid=40718,2026-07-31T18:15:14+09:00,1.0.0
40719,2026 퀴라소,2026 시즌 퀴라소 국가대표로 활약한 선수들로 구성된 팀 컬러입니다.,특성 팀컬러,관계,1,3,중거리 슛 +2 | 슛 파워 +1,https://fco.dn.nexoncdn.co.kr/live/externalAssets/common/teamcolorboost/icon/medium/4_l3085.png,https://fconline.nexon.com/datacenter/teamcolor#teamcolorid=40719,2026-07-31T18:15:14+09:00,1.0.0
40720,2026 파나마,2026 시즌 파나마 국가대표로 활약한 선수들로 구성된 팀 컬러입니다.,특성 팀컬러,관계,1,3,위치 선정 +2 | 짧은 패스 +1,https://fco.dn.nexoncdn.co.kr/live/externalAssets/common/teamcolorboost/icon/medium/4_l3087.png,https://fconline.nexon.com/datacenter/teamcolor#teamcolorid=40720,2026-07-31T18:15:14+09:00,1.0.0
40721,2026 카보베르데,2026 시즌 카보베르데 국가대표로 활약한 선수들로 구성된 팀 컬러입니다.,특성 팀컬러,관계,1,3,슬라이딩 태클 +2 | 적극성 +1,https://fco.dn.nexoncdn.co.kr/live/externalAssets/common/teamcolorboost/icon/medium/4_l3104.png,https://fconline.nexon.com/datacenter/teamcolor#teamcolorid=40721,2026-07-31T18:15:14+09:00,1.0.0
40722,2026 이집트,2026 시즌 이집트 국가대표로 활약한 선수들로 구성된 팀 컬러입니다.,특성 팀컬러,관계,1,3,속력 +2 | 골 결정력 +1,https://fco.dn.nexoncdn.co.kr/live/externalAssets/common/teamcolorboost/icon/medium/4_l3111.png,https://fconline.nexon.com/datacenter/teamcolor#teamcolorid=40722,2026-07-31T18:15:14+09:00,1.0.0
40723,2026 남아프리카공화국,2026 시즌 남아프리카공화국 국가대표로 활약한 선수들로 구성된 팀 컬러입니다.,특성 팀컬러,관계,1,3,드리블 +2 | 민첩성 +1,https://fco.dn.nexoncdn.co.kr/live/externalAssets/common/teamcolorboost/icon/medium/4_l3140.png,https://fconline.nexon.com/datacenter/teamcolor#teamcolorid=40723,2026-07-31T18:15:14+09:00,1.0.0
40724,2026 이란,2026 시즌 이란 국가대표로 활약한 선수들로 구성된 팀 컬러입니다.,특성 팀컬러,관계,1,3,위치 선정 +2 | 발리 슛 +1,https://fco.dn.nexoncdn.co.kr/live/externalAssets/common/teamcolorboost/icon/medium/4_l3161.png,https://fconline.nexon.com/datacenter/teamcolor#teamcolorid=40724,2026-07-31T18:15:14+09:00,1.0.0
40725,2026 이라크,2026 시즌 이라크 국가대표로 활약한 선수들로 구성된 팀 컬러입니다.,특성 팀컬러,관계,1,3,대인 수비 +2 | 반응 속도 +1,https://fco.dn.nexoncdn.co.kr/live/externalAssets/common/teamcolorboost/icon/medium/4_l3162.png,https://fconline.nexon.com/datacenter/teamcolor#teamcolorid=40725,2026-07-31T18:15:14+09:00,1.0.0
40726,2026 우즈베키스탄,2026 시즌 우즈베키스탄 국가대표로 활약한 선수들로 구성된 팀 컬러입니다.,특성 팀컬러,관계,1,3,긴 패스 +2 | 크로스 +1,https://fco.dn.nexoncdn.co.kr/live/externalAssets/common/teamcolorboost/icon/medium/4_l3191.png,https://fconline.nexon.com/datacenter/teamcolor#teamcolorid=40726,2026-07-31T18:15:14+09:00,1.0.0
40727,2026 요르단,2026 시즌 요르단 국가대표로 활약한 선수들로 구성된 팀 컬러입니다.,특성 팀컬러,관계,1,2,볼 컨트롤 +1 | 드리블 +1,https://fco.dn.nexoncdn.co.kr/live/externalAssets/common/teamcolorboost/icon/medium/4_l3164.png,https://fconline.nexon.com/datacenter/teamcolor#teamcolorid=40727,2026-07-31T18:15:14+09:00,1.0.0
40728,Spartan,Spartan 클래스 선수들로 구성된 팀컬러입니다.,소속 팀컬러,스페셜,3,8,전체 능력치 +3,https://fco.dn.nexoncdn.co.kr/live/externalAssets/common/teamcolorboost/icon/medium/4_l999867.png,https://fconline.nexon.com/datacenter/teamcolor#teamcolorid=40728,2026-07-31T18:15:14+09:00,1.0.0
40729,Spartan,Spartan 클래스 선수들로 구성된 팀컬러입니다.,소속 팀컬러,클럽,3,8,전체 능력치 +3,https://fco.dn.nexoncdn.co.kr/live/externalAssets/common/crests/light/medium/l130634.png,https://fconline.nexon.com/datacenter/teamcolor#teamcolorid=40729,2026-07-31T18:15:14+09:00,1.0.0
40730,애스턴 빌라 44년만의 유럽 대항전 우승,애스턴 빌라 소속으로 유럽대항전에서 44년만에 우승을 기록한 선수들로 구성된 팀 컬러입니다.,특성 팀컬러,관계,1,5,골 결정력 +2 | 짧은 패스 +2 | 속력 +1,https://fco.dn.nexoncdn.co.kr/live/externalAssets/common/teamcolorboost/icon/medium/4_l2.png,https://fconline.nexon.com/datacenter/teamcolor#teamcolorid=40730,2026-07-31T18:15:14+09:00,1.0.0
40731,바이에른 뮌헨 뉴 공격 트리오,바이에른 뮌헨의 득점 기록을 세운 새로운 공격진 트리오로 구성된 팀 컬러입니다.,특성 팀컬러,관계,1,3,골 결정력 +2 | 침착성 +1,https://fco.dn.nexoncdn.co.kr/live/externalAssets/common/teamcolorboost/icon/medium/4_l21.png,https://fconline.nexon.com/datacenter/teamcolor#teamcolorid=40731,2026-07-31T18:15:14+09:00,1.0.0
40732,맨체스터 유나이티드 뉴 공격 4인방,단일 시즌 도움 기록을 갱신한 맨체스터 유나이티드의 새로운 공격진 4인방으로 구성된 팀 컬러입니다.,특성 팀컬러,관계,1,4,골 결정력 +2 | 짧은 패스 +2,https://fco.dn.nexoncdn.co.kr/live/externalAssets/common/teamcolorboost/icon/medium/4_l11.png,https://fconline.nexon.com/datacenter/teamcolor#teamcolorid=40732,2026-07-31T18:15:14+09:00,1.0.0
40733,RC 랑스 27년만의 메이저 타이틀,RC 랑스 소속으로 27년만에 메이저 타이틀을 획득한 선수들로 구성된 팀 컬러입니다.,특성 팀컬러,관계,1,5,크로스 +2 | 헤더 +2 | 긴 패스 +1,https://fco.dn.nexoncdn.co.kr/live/externalAssets/common/teamcolorboost/icon/medium/4_l64.png,https://fconline.nexon.com/datacenter/teamcolor#teamcolorid=40733,2026-07-31T18:15:14+09:00,1.0.0
40735,25-26 아스널,25-26시즌 아스널에서 활약한 선수들로 구성된 팀 컬러입니다.,특성 팀컬러,관계,1,8,헤더 +3 | 몸싸움 +3 | 크로스 +2 | 점프 +2,https://fco.dn.nexoncdn.co.kr/live/externalAssets/common/teamcolorboost/icon/medium/4_l1.png,https://fconline.nexon.com/datacenter/teamcolor#teamcolorid=40735,2026-07-31T18:15:14+09:00,1.0.0
40736,25-26 맨체스터 시티,25-26시즌 맨체스터 시티에서 활약한 선수들로 구성된 팀 컬러입니다.,특성 팀컬러,관계,1,8,짧은 패스 +3 | 볼 컨트롤 +3 | 민첩성 +2 | 시야 +2,https://fco.dn.nexoncdn.co.kr/live/externalAssets/common/teamcolorboost/icon/medium/4_l10.png,https://fconline.nexon.com/datacenter/teamcolor#teamcolorid=40736,2026-07-31T18:15:14+09:00,1.0.0
40737,25-26 맨체스터 유나이티드,25-26시즌 맨체스터 유나이티드에서 활약한 선수들로 구성된 팀 컬러입니다.,특성 팀컬러,관계,1,8,속력 +3 | 짧은 패스 +3 | 시야 +2 | 긴 패스 +2,https://fco.dn.nexoncdn.co.kr/live/externalAssets/common/teamcolorboost/icon/medium/4_l11.png,https://fconline.nexon.com/datacenter/teamcolor#teamcolorid=40737,2026-07-31T18:15:14+09:00,1.0.0
40738,25-26 애스턴 빌라,25-26시즌 애스턴 빌라에서 활약한 선수들로 구성된 팀 컬러입니다.,특성 팀컬러,관계,1,8,침착성 +3 | 짧은 패스 +3 | 위치 선정 +2 | 중거리 슛 +2,https://fco.dn.nexoncdn.co.kr/live/externalAssets/common/teamcolorboost/icon/medium/4_l2.png,https://fconline.nexon.com/datacenter/teamcolor#teamcolorid=40738,2026-07-31T18:15:14+09:00,1.0.0
40739,25-26 리버풀,25-26시즌 리버풀에서 활약한 선수들로 구성된 팀 컬러입니다.,특성 팀컬러,관계,1,8,시야 +3 | 짧은 패스 +3 | 위치 선정 +2 | 슛 파워 +2,https://fco.dn.nexoncdn.co.kr/live/externalAssets/common/teamcolorboost/icon/medium/4_l9.png,https://fconline.nexon.com/datacenter/teamcolor#teamcolorid=40739,2026-07-31T18:15:14+09:00,1.0.0
40740,25-26 AFC 본머스,25-26시즌 AFC 본머스에서 활약한 선수들로 구성된 팀 컬러입니다.,특성 팀컬러,관계,1,8,스태미너 +3 | 적극성 +3 | 가로채기 +2 | 중거리 슛 +2,https://fco.dn.nexoncdn.co.kr/live/externalAssets/common/teamcolorboost/icon/medium/4_l1943.png,https://fconline.nexon.com/datacenter/teamcolor#teamcolorid=40740,2026-07-31T18:15:14+09:00,1.0.0
40741,25-26 선덜랜드,25-26시즌 선덜랜드에서 활약한 선수들로 구성된 팀 컬러입니다.,특성 팀컬러,관계,1,8,스태미너 +3 | 적극성 +3 | 프리킥 +2 | 헤더 +2,https://fco.dn.nexoncdn.co.kr/live/externalAssets/common/teamcolorboost/icon/medium/4_l106.png,https://fconline.nexon.com/datacenter/teamcolor#teamcolorid=40741,2026-07-31T18:15:14+09:00,1.0.0
40742,25-26 크리스털 팰리스,25-26시즌 크리스털 팰리스에서 활약한 선수들로 구성된 팀 컬러입니다.,특성 팀컬러,관계,1,8,스태미너 +3 | 태클 +3 | 크로스 +2 | 속력 +2,https://fco.dn.nexoncdn.co.kr/live/externalAssets/common/teamcolorboost/icon/medium/4_l1799.png,https://fconline.nexon.com/datacenter/teamcolor#teamcolorid=40742,2026-07-31T18:15:14+09:00,1.0.0
40743,25-26 브라이턴 호브 앨비언,25-26시즌 브라이턴 호브 앨비언에서 활약한 선수들로 구성된 팀 컬러입니다.,특성 팀컬러,관계,1,8,침착성 +3 | 짧은 패스 +3 | 크로스 +2 | 적극성 +2,https://fco.dn.nexoncdn.co.kr/live/externalAssets/common/teamcolorboost/icon/medium/4_l1808.png,https://fconline.nexon.com/datacenter/teamcolor#teamcolorid=40743,2026-07-31T18:15:14+09:00,1.0.0
40744,25-26 FC 바르셀로나,25-26시즌 FC 바르셀로나에서 활약한 선수들로 구성된 팀 컬러입니다.,특성 팀컬러,관계,1,8,짧은 패스 +3 | 볼 컨트롤 +3 | 드리블 +2 | 골 결정력 +2,https://fco.dn.nexoncdn.co.kr/live/externalAssets/common/teamcolorboost/icon/medium/4_l241.png,https://fconline.nexon.com/datacenter/teamcolor#teamcolorid=40744,2026-07-31T18:15:14+09:00,1.0.0
40745,25-26 레알 마드리드,25-26시즌 레알 마드리드에서 활약한 선수들로 구성된 팀 컬러입니다.,특성 팀컬러,관계,1,8,속력 +3 | 드리블 +3 | 위치 선정 +2 | 골 결정력 +2,https://fco.dn.nexoncdn.co.kr/live/externalAssets/common/teamcolorboost/icon/medium/4_l243.png,https://fconline.nexon.com/datacenter/teamcolor#teamcolorid=40745,2026-07-31T18:15:14+09:00,1.0.0
40746,25-26 비야레알 CF,25-26시즌 비야레알 CF에서 활약한 선수들로 구성된 팀 컬러입니다.,특성 팀컬러,관계,1,8,대인 수비 +3 | 태클 +3 | 가로채기 +2 | 짧은 패스 +2,https://fco.dn.nexoncdn.co.kr/live/externalAssets/common/teamcolorboost/icon/medium/4_l483.png,https://fconline.nexon.com/datacenter/teamcolor#teamcolorid=40746,2026-07-31T18:15:14+09:00,1.0.0
40747,25-26 아틀레티코 마드리드,25-26시즌 아틀레티코 마드리드에서 활약한 선수들로 구성된 팀 컬러입니다.,특성 팀컬러,관계,1,8,크로스 +3 | 스태미너 +3 | 위치 선정 +2 | 골 결정력 +2,https://fco.dn.nexoncdn.co.kr/live/externalAssets/common/teamcolorboost/icon/medium/4_l240.png,https://fconline.nexon.com/datacenter/teamcolor#teamcolorid=40747,2026-07-31T18:15:14+09:00,1.0.0
40748,25-26 레알 베티스,25-26시즌 레알 베티스에서 활약한 선수들로 구성된 팀 컬러입니다.,특성 팀컬러,관계,1,8,침착성 +3 | 짧은 패스 +3 | 시야 +2 | 중거리 슛 +2,https://fco.dn.nexoncdn.co.kr/live/externalAssets/common/teamcolorboost/icon/medium/4_l449.png,https://fconline.nexon.com/datacenter/teamcolor#teamcolorid=40748,2026-07-31T18:15:14+09:00,1.0.0
40749,25-26 셀타 비고,25-26시즌 셀타 비고에서 활약한 선수들로 구성된 팀 컬러입니다.,특성 팀컬러,관계,1,8,짧은 패스 +3 | 위치 선정 +3 | 볼 컨트롤 +2 | 시야 +2,https://fco.dn.nexoncdn.co.kr/live/externalAssets/common/teamcolorboost/icon/medium/4_l450.png,https://fconline.nexon.com/datacenter/teamcolor#teamcolorid=40749,2026-07-31T18:15:14+09:00,1.0.0
40750,25-26 레알 소시에다드,25-26시즌 레알 소시에다드에서 활약한 선수들로 구성된 팀 컬러입니다.,특성 팀컬러,관계,1,8,스태미너 +3 | 적극성 +3 | 가로채기 +2 | 속력 +2,https://fco.dn.nexoncdn.co.kr/live/externalAssets/common/teamcolorboost/icon/medium/4_l457.png,https://fconline.nexon.com/datacenter/teamcolor#teamcolorid=40750,2026-07-31T18:15:14+09:00,1.0.0
40751,25-26 헤타페 CF,25-26시즌 헤타페 CF에서 활약한 선수들로 구성된 팀 컬러입니다.,특성 팀컬러,관계,1,8,몸싸움 +3 | 헤더 +3 | 적극성 +2 | 긴 패스 +2,https://fco.dn.nexoncdn.co.kr/live/externalAssets/common/teamcolorboost/icon/medium/4_l1860.png,https://fconline.nexon.com/datacenter/teamcolor#teamcolorid=40751,2026-07-31T18:15:14+09:00,1.0.0
40752,25-26 바이에른 뮌헨,25-26시즌 바이에른 뮌헨에서 활약한 선수들로 구성된 팀 컬러입니다.,특성 팀컬러,관계,1,8,골 결정력 +3 | 드리블 +3 | 짧은 패스 +2 | 위치 선정 +2,https://fco.dn.nexoncdn.co.kr/live/externalAssets/common/teamcolorboost/icon/medium/4_l21.png,https://fconline.nexon.com/datacenter/teamcolor#teamcolorid=40752,2026-07-31T18:15:14+09:00,1.0.0
40753,25-26 보루시아 도르트문트,25-26시즌 보루시아 도르트문트에서 활약한 선수들로 구성된 팀 컬러입니다.,특성 팀컬러,관계,1,8,대인 수비 +3 | 몸싸움 +3 | 헤더 +2 | 크로스 +2,https://fco.dn.nexoncdn.co.kr/live/externalAssets/common/teamcolorboost/icon/medium/4_l22.png,https://fconline.nexon.com/datacenter/teamcolor#teamcolorid=40753,2026-07-31T18:15:14+09:00,1.0.0
40754,25-26 RB 라이프치히,25-26시즌 RB 라이프치히에서 활약한 선수들로 구성된 팀 컬러입니다.,특성 팀컬러,관계,1,8,스태미너 +3 | 적극성 +3 | 가속력 +2 | 속력 +2,https://fco.dn.nexoncdn.co.kr/live/externalAssets/common/teamcolorboost/icon/medium/4_l112172.png,https://fconline.nexon.com/datacenter/teamcolor#teamcolorid=40754,2026-07-31T18:15:14+09:00,1.0.0
40755,25-26 VfB 슈투트가르트,25-26시즌 VfB 슈투트가르트에서 활약한 선수들로 구성된 팀 컬러입니다.,특성 팀컬러,관계,1,8,짧은 패스 +3 | 볼 컨트롤 +3 | 위치 선정 +2 | 스태미너 +2,https://fco.dn.nexoncdn.co.kr/live/externalAssets/common/teamcolorboost/icon/medium/4_l36.png,https://fconline.nexon.com/datacenter/teamcolor#teamcolorid=40755,2026-07-31T18:15:14+09:00,1.0.0
40756,25-26 TSG 호펜하임,25-26시즌 TSG 호펜하임에서 활약한 선수들로 구성된 팀 컬러입니다.,특성 팀컬러,관계,1,8,스태미너 +3 | 적극성 +3 | 크로스 +2 | 헤더 +2,https://fco.dn.nexoncdn.co.kr/live/externalAssets/common/teamcolorboost/icon/medium/4_l10029.png,https://fconline.nexon.com/datacenter/teamcolor#teamcolorid=40756,2026-07-31T18:15:14+09:00,1.0.0
40757,25-26 바이엘 04 레버쿠젠,25-26시즌 바이엘 04 레버쿠젠에서 활약한 선수들로 구성된 팀 컬러입니다.,특성 팀컬러,관계,1,8,짧은 패스 +3 | 시야 +3 | 위치 선정 +2 | 크로스 +2,https://fco.dn.nexoncdn.co.kr/live/externalAssets/common/teamcolorboost/icon/medium/4_l32.png,https://fconline.nexon.com/datacenter/teamcolor#teamcolorid=40757,2026-07-31T18:15:14+09:00,1.0.0
40758,25-26 SC 프라이부르크,25-26시즌 SC 프라이부르크에서 활약한 선수들로 구성된 팀 컬러입니다.,특성 팀컬러,관계,1,8,스태미너 +3 | 크로스 +3 | 대인 수비 +2 | 태클 +2,https://fco.dn.nexoncdn.co.kr/live/externalAssets/common/teamcolorboost/icon/medium/4_l25.png,https://fconline.nexon.com/datacenter/teamcolor#teamcolorid=40758,2026-07-31T18:15:14+09:00,1.0.0
40759,25-26 롬바르디아 FC,25-26시즌 롬바르디아 FC에서 활약한 선수들로 구성된 팀 컬러입니다.,특성 팀컬러,관계,1,8,크로스 +3 | 헤더 +3 | 골 결정력 +2 | 위치 선정 +2,https://fco.dn.nexoncdn.co.kr/live/externalAssets/common/teamcolorboost/icon/medium/4_l131682.png,https://fconline.nexon.com/datacenter/teamcolor#teamcolorid=40759,2026-07-31T18:15:14+09:00,1.0.0
40760,25-26 SSC 나폴리,25-26시즌 SSC 나폴리에서 활약한 선수들로 구성된 팀 컬러입니다.,특성 팀컬러,관계,1,8,스태미너 +3 | 적극성 +3 | 짧은 패스 +2 | 볼 컨트롤 +2,https://fco.dn.nexoncdn.co.kr/live/externalAssets/common/teamcolorboost/icon/medium/4_l48.png,https://fconline.nexon.com/datacenter/teamcolor#teamcolorid=40760,2026-07-31T18:15:14+09:00,1.0.0
40761,25-26 AS 로마,25-26시즌 AS 로마에서 활약한 선수들로 구성된 팀 컬러입니다.,특성 팀컬러,관계,1,8,스태미너 +3 | 적극성 +3 | 대인 수비 +2 | 가로채기 +2,https://fco.dn.nexoncdn.co.kr/live/externalAssets/common/teamcolorboost/icon/medium/4_l52.png,https://fconline.nexon.com/datacenter/teamcolor#teamcolorid=40761,2026-07-31T18:15:14+09:00,1.0.0
40762,25-26 코모 1907,25-26시즌 코모 1907에서 활약한 선수들로 구성된 팀 컬러입니다.,특성 팀컬러,관계,1,8,짧은 패스 +3 | 볼 컨트롤 +3 | 침착성 +2 | 시야 +2,https://fco.dn.nexoncdn.co.kr/live/externalAssets/common/teamcolorboost/icon/medium/4_l1745.png,https://fconline.nexon.com/datacenter/teamcolor#teamcolorid=40762,2026-07-31T18:15:14+09:00,1.0.0
40763,25-26 밀라노 FC,25-26시즌 밀라노 FC에서 활약한 선수들로 구성된 팀 컬러입니다.,특성 팀컬러,관계,1,8,속력 +3 | 드리블 +3 | 위치 선정 +2 | 볼 컨트롤 +2,https://fco.dn.nexoncdn.co.kr/live/externalAssets/common/teamcolorboost/icon/medium/4_l131681.png,https://fconline.nexon.com/datacenter/teamcolor#teamcolorid=40763,2026-07-31T18:15:14+09:00,1.0.0
40764,25-26 유벤투스,25-26시즌 유벤투스에서 활약한 선수들로 구성된 팀 컬러입니다.,특성 팀컬러,관계,1,8,짧은 패스 +3 | 위치 선정 +3 | 시야 +2 | 드리블 +2,https://fco.dn.nexoncdn.co.kr/live/externalAssets/common/teamcolorboost/icon/medium/4_l45.png,https://fconline.nexon.com/datacenter/teamcolor#teamcolorid=40764,2026-07-31T18:15:14+09:00,1.0.0
40765,25-26 베르가모 칼초,25-26시즌 베르가모 칼초에서 활약한 선수들로 구성된 팀 컬러입니다.,특성 팀컬러,관계,1,8,스태미너 +3 | 적극성 +3 | 긴 패스 +2 | 크로스 +2,https://fco.dn.nexoncdn.co.kr/live/externalAssets/common/teamcolorboost/icon/medium/4_l115845.png,https://fconline.nexon.com/datacenter/teamcolor#teamcolorid=40765,2026-07-31T18:15:14+09:00,1.0.0
40766,25-26 파리 생제르맹,25-26시즌 파리 생제르맹에서 활약한 선수들로 구성된 팀 컬러입니다.,특성 팀컬러,관계,1,8,드리블 +3 | 민첩성 +3 | 짧은 패스 +2 | 볼 컨트롤 +2,https://fco.dn.nexoncdn.co.kr/live/externalAssets/common/teamcolorboost/icon/medium/4_l73.png,https://fconline.nexon.com/datacenter/teamcolor#teamcolorid=40766,2026-07-31T18:15:14+09:00,1.0.0
40767,25-26 RC 랑스,25-26시즌 RC 랑스에서 활약한 선수들로 구성된 팀 컬러입니다.,특성 팀컬러,관계,1,8,대인 수비 +3 | 가로채기 +3 | 위치 선정 +2 | 속력 +2,https://fco.dn.nexoncdn.co.kr/live/externalAssets/common/teamcolorboost/icon/medium/4_l64.png,https://fconline.nexon.com/datacenter/teamcolor#teamcolorid=40767,2026-07-31T18:15:14+09:00,1.0.0
40768,25-26 LOSC 릴,25-26시즌 LOSC 릴에서 활약한 선수들로 구성된 팀 컬러입니다.,특성 팀컬러,관계,1,8,짧은 패스 +3 | 볼 컨트롤 +3 | 위치 선정 +2 | 스태미너 +2,https://fco.dn.nexoncdn.co.kr/live/externalAssets/common/teamcolorboost/icon/medium/4_l65.png,https://fconline.nexon.com/datacenter/teamcolor#teamcolorid=40768,2026-07-31T18:15:14+09:00,1.0.0
40769,25-26 올랭피크 리옹,25-26시즌 올랭피크 리옹에서 활약한 선수들로 구성된 팀 컬러입니다.,특성 팀컬러,관계,1,8,짧은 패스 +3 | 시야 +3 | 스태미너 +2 | 가로채기 +2,https://fco.dn.nexoncdn.co.kr/live/externalAssets/common/teamcolorboost/icon/medium/4_l66.png,https://fconline.nexon.com/datacenter/teamcolor#teamcolorid=40769,2026-07-31T18:15:14+09:00,1.0.0
40770,25-26 올랭피크 마르세유,25-26시즌 올랭피크 마르세유에서 활약한 선수들로 구성된 팀 컬러입니다.,특성 팀컬러,관계,1,8,짧은 패스 +3 | 볼 컨트롤 +3 | 침착성 +2 | 시야 +2,https://fco.dn.nexoncdn.co.kr/live/externalAssets/common/teamcolorboost/icon/medium/4_l219.png,https://fconline.nexon.com/datacenter/teamcolor#teamcolorid=40770,2026-07-31T18:15:14+09:00,1.0.0
40771,25-26 스타드 렌,25-26시즌 스타드 렌에서 활약한 선수들로 구성된 팀 컬러입니다.,특성 팀컬러,관계,1,8,스태미너 +3 | 속력 +3 | 크로스 +2 | 골 결정력 +2,https://fco.dn.nexoncdn.co.kr/live/externalAssets/common/teamcolorboost/icon/medium/4_l74.png,https://fconline.nexon.com/datacenter/teamcolor#teamcolorid=40771,2026-07-31T18:15:14+09:00,1.0.0
40772,25-26 AS 모나코,25-26시즌 AS 모나코에서 활약한 선수들로 구성된 팀 컬러입니다.,특성 팀컬러,관계,1,8,적극성 +3 | 스태미너 +3 | 위치 선정 +2 | 가속력 +2,https://fco.dn.nexoncdn.co.kr/live/externalAssets/common/teamcolorboost/icon/medium/4_l69.png,https://fconline.nexon.com/datacenter/teamcolor#teamcolorid=40772,2026-07-31T18:15:14+09:00,1.0.0
