teamcolor_id,spid
1000,100001419
1000,100005471
1000,100020289
1000,100190053
1000,110001419
1000,110005471
1000,110020289
1000,110190053
1000,807192985
1000,807239085
1000,820231866
1000,820237692
1000,820239085
1000,831231866
1000,831257534
1000,832239085
1000,835135455
1000,836239085
1000,840001419
1000,844192366
1000,844239085
1000,844240638
1000,844246191
1000,844251570
1000,844257534
1000,845001419
1000,845020289
1000,845190053
1000,845204485
1000,845230621
1000,845231866
1000,846020289
1000,846192985
1000,848001419
1000,848005471
1000,848135455
1000,848143001
1000,848180930
1000,848186345
1000,848186942
1000,848192985
1000,848202652
1000,848204485
1000,848210257
1000,848210514
1000,848222492
1000,848231866
1000,848237692
1000,848239085
1000,848239818
1000,851241236
1000,851251517
1000,852000194
1000,852001419
1000,852005471
1000,852192985
1000,852230666
1000,852233049
1000,854230621
1000,854239085
1000,855241159
1000,855246191
1000,855257534
1000,856239085
1000,856243576
1000,856246191
1000,856246420
1000,856251517
1000,858169721
1000,861001419
1000,861005471
1000,861020289
1000,861135455
1000,861139720
1000,861143001
1000,861190053
1000,863192366
1000,863192985
1000,863231410
1000,863239085
1000,863243576
1000,863246191
1000,863246420
1000,863260247
1000,866228813
1000,866229237
1000,866230621
1000,866239085
1000,866241236
1000,866245037
1000,866246191
1000,866251570
1000,866267991
1000,866277427
1000,867001419
1000,867138412
1000,867234060
1000,867241236
1000,868001419
1000,868005471
1001,100005419
1001,100005467
1001,100005673
1001,100013743
1001,100045197
1001,100049369
1001,100247515
1001,100247699
1001,100247703
1001,110005419
1001,110005467
1001,110005673
1001,110013743
1001,110045197
1001,110049369
1001,110247515
1001,110247699
1001,110247703
1001,113013743
1001,820209331
1001,820256630
1001,829176580
1001,831203376
1001,831209331
1001,832256630
1001,836005419
1001,836256630
1001,839247699
1001,840013743
1001,840049369
1001,844203376
1001,844209331
1001,844231281
1001,844233731
1001,844239837
1001,844246104
1001,844256630
1001,844257289
1001,844260908
1001,845045197
1001,845049369
1001,845176580
1001,845201942
1001,845208722
1001,845212831
1001,845230658
1001,845235805
1001,845239837
1001,846013743
1001,846203376
1001,848000027
1001,848142754
1001,848176580
1001,848202652
1001,848203376
1001,848208722
1001,848209331
1001,848212831
1001,848216267
1001,848231281
1001,848253149
1001,848256630
1001,851241084
1001,852000194
1001,852013743
1001,852176580
1001,852247703
1001,852256630
1001,854203376
1001,855209331
1001,855212831
1001,855241084
1001,855246104
1001,856203376
1001,856236772
1001,856241084
1001,856256630
1001,861000027
1001,861000330
1001,861005419
1001,861005661
1001,861013743
1001,861015723
1001,861045197
1001,861049369
1001,861142754
1001,863203376
1001,863209331
1001,863239837
1001,863241084
1001,863256630
1001,866203376
1001,866220710
1001,866236772
1001,866241084
1001,867045197
1001,867138412
1001,867142754
1001,867192629
1001,868247703
1002,100000388
1002,100173731
1002,100214267
1002,110000388
1002,110173731
1002,110214267
1002,113000388
1002,113173731
1002,807200104
1002,807202126
1002,810202126
1002,818177003
1002,820200104
1002,820202126
1002,820245367
1002,825173731
1002,825177003
1002,828177003
1002,829173731
1002,831200104
1002,832202126
1002,832245367
1002,834202126
1002,835021146
1002,836173731
1002,836202126
1002,839200104
1002,840220793
1002,840237221
1002,844200104
1002,844202126
1002,844213648
1002,844245367
1002,845155897
1002,845205347
1002,845226226
1002,845232488
1002,846173731
1002,846177003
1002,846190460
1002,848000388
1002,848021146
1002,848030110
1002,848167948
1002,848173731
1002,848177003
1002,848186345
1002,848188377
1002,848200104
1002,848202126
1002,848202335
1002,848211117
1002,848212188
1002,848220440
1002,848220697
1002,848227535
1002,851225539
1002,851243576
1002,851245155
1002,851251421
1002,852214267
1002,852247394
1002,855200104
1002,855202126
1002,855213648
1002,855264453
1002,856202126
1002,856232488
1002,856240091
1002,856243576
1002,856264453
1002,861000330
1002,861000388
1002,861051257
1002,861155897
1002,861173731
1002,861214267
1002,863177003
1002,863181458
1002,863200104
1002,863202126
1002,863232488
1002,863243576
1002,863245155
1002,863259868
1002,864034666
1002,864200104
1002,866177003
1002,866200104
1002,866202126
1002,866275192
1002,867183512
1002,867191972
1002,867220697
1002,867227535
1002,867229391
1002,867232488
1002,867236480
1002,867238216
1002,867245367
1003,100001116
1003,100001201
1003,100001620
1003,100001668
1003,100003647
1003,100005471
1003,100007512
1003,100007518
1003,100009676
1003,100013128
1003,100031432
1003,100034079
1003,100045674
1003,100048940
1003,100049369
1003,100214100
1003,110001116
1003,110001201
1003,110001620
1003,110001668
1003,110003647
1003,110005471
1003,110007512
1003,110007518
1003,110009676
1003,110013128
1003,110031432
1003,110034079
1003,110045674
1003,110048940
1003,110049369
1003,110214100
1003,831209331
1003,831257534
1003,839013128
1003,844209331
1003,844257534
1003,844273018
1003,845001116
1003,845214100
1003,848005471
1003,848009676
1003,848031432
1003,848183277
1003,848189505
1003,848192505
1003,848192985
1003,848202652
1003,848209331
1003,848212188
1003,848215914
1003,852005471
1003,852009676
1003,852031432
1003,852233049
1003,852233700
1003,855209331
1003,855227796
1003,855241159
1003,855256079
1003,855257534
1003,856192119
1003,858020775
1003,858025420
1003,861001116
1003,861001620
1003,861001668
1003,861007512
1003,861007518
1003,861013128
1003,861183277
1003,863192985
1003,863209331
1003,863247090
1003,866188567
1003,866192119
1003,866201024
1003,866235454
1003,866238074
1003,866239231
1003,866242444
1003,866247090
1003,866252042
1003,867001116
1003,867001668
1003,867003622
1003,867007518
1003,867009676
1003,867020775
1003,867031432
1003,867045674
1003,867162895
1003,867193082
1003,867231352
1003,867235790
1003,868005471
1003,868009676
1003,868013128
1003,868183277
1003,868214100
1004,100000388
1004,100001419
1004,100001605
1004,100001620
1004,100001625
1004,100004000
1004,100006975
1004,100007826
1004,100034079
1004,100048940
1004,100214649
1004,100248146
1004,110000388
1004,110001419
1004,110001605
1004,110001620
1004,110001625
1004,110004000
1004,110006975
1004,110007826
1004,110034079
1004,110048940
1004,110214649
1004,110248146
1004,831202811
1004,831243715
1004,835162895
1004,840004000
1004,840180403
1004,844199503
1004,844232580
1004,844234378
1004,844241651
1004,844243715
1004,844246669
1004,845001419
1004,845001625
1004,845162895
1004,845184941
1004,845202811
1004,845205498
1004,845226754
1004,848000388
1004,848001419
1004,848001605
1004,848001625
1004,848004000
1004,848146562
1004,848184941
1004,848199503
1004,848202652
1004,848206113
1004,851235794
1004,852001419
1004,852007826
1004,852248146
1004,854234378
1004,854243715
1004,855220901
1004,855232580
1004,855241651
1004,856220901
1004,856232580
1004,856234378
1004,856243715
1004,856246669
1004,856248148
1004,856251566
1004,861000388
1004,861001419
1004,861001620
1004,861001625
1004,861004000
1004,861007826
1004,861008473
1004,861047390
1004,861214649
1004,863222665
1004,863225193
1004,863234378
1004,863248148
1004,866186146
1004,866188567
1004,866199503
1004,866206113
1004,866220901
1004,866232580
1004,866234378
1004,866243715
1004,866251805
1004,866265693
1004,867001419
1004,867162895
1004,867214649
1004,867225193
1004,867235790
1004,867248146
1004,868001419
1004,868001625
1004,868004000
1005,100000240
1005,100000246
1005,100000250
1005,100001845
1005,100005419
1005,100007289
1005,100007518
1005,100007826
1005,100010264
1005,100039943
1005,100041236
1005,100051539
1005,100052241
1005,100054050
1005,100121944
1005,100140601
1005,100167198
1005,100190053
1005,100222481
1005,100226764
1005,100230025
1005,110000240
1005,110000246
1005,110000250
1005,110001845
1005,110005419
1005,110007289
1005,110007518
1005,110007826
1005,110010264
1005,110039943
1005,110041236
1005,110051539
1005,110052241
1005,110054050
1005,110121944
1005,110140601
1005,110167198
1005,110190053
1005,110222481
1005,110226764
1005,110230025
1005,828020801
1005,839020801
1005,844020801
1005,844212198
1005,844237238
1005,844240243
1005,845020801
1005,845184941
1005,845222481
1005,846000250
1005,846020801
1005,848000240
1005,848000246
1005,848020801
1005,848041236
1005,848121944
1005,848140601
1005,848143001
1005,848184941
1005,848192505
1005,848200145
1005,850226764
1005,851243014
1005,852010264
1005,852167198
1005,852233049
1005,855020801
1005,855237238
1005,855243014
1005,855255475
1005,861000250
1005,861005740
1005,861007518
1005,861007826
1005,861049072
1005,861051539
1005,861121944
1005,861222481
1005,861230025
1005,863020801
1005,863202556
1005,864039943
1005,866020801
1005,866186146
1005,866200145
1005,866212198
1005,866237238
1005,866259399
1005,867000240
1005,867000250
1005,867007518
1005,867041236
1005,867054050
1005,867176944
1005,867200145
1005,867212198
1005,868007289
1005,868230025
1006,267198950
1006,267253124
1006,267255253
1006,270255253
1006,279202811
1006,287240950
1006,289000330
1006,291236015
1006,291237658
1006,291245336
1006,291253124
1006,806226380
1006,810253124
1006,810255253
1006,813000330
1006,814000330
1006,814210635
1006,814224293
1006,820224293
1006,820240950
1006,820255253
1006,821225161
1006,821231628
1006,821240243
1006,826212811
1006,826226380
1006,826227928
1006,826236015
1006,826238756
1006,826240243
1006,826245336
1006,826273463
1006,828178005
1006,829000330
1006,831202811
1006,832255253
1006,834202811
1006,834240950
1006,834244778
1006,834253124
1006,834255253
1006,834261224
1006,836000330
1006,836238616
1006,836242641
1006,839238616
1006,840178005
1006,844240243
1006,844244778
1006,844255253
1006,845162347
1006,845168886
1006,845178005
1006,845202811
1006,845204838
1006,846202811
1006,848224411
1006,851204838
1006,851236015
1006,851238616
1006,851238756
1006,851242641
1006,851245336
1006,851248484
1006,854255253
1006,856212811
1006,856226766
1006,856238616
1006,856240950
1006,856242641
1006,856244778
1006,856252037
1006,856253124
1006,856255253
1006,856277426
1006,861000330
1006,861168886
1006,863074866
1006,863202811
1006,863204838
1006,863224293
1006,863226380
1006,863227928
1006,863235456
1006,863238616
1006,863240243
1006,863241602
1006,863242641
1006,863252064
1006,863255253
1006,863258575
1006,863262135
1006,864103133
1006,864226380
1006,866224293
1006,866244778
1006,866255253
1006,867210455
1006,867236015
1006,867240243
1007,100214267
1007,101214267
1007,110214267
1007,258215914
1007,267202126
1007,279202126
1007,283202126
1007,287202126
1007,287230899
1007,291220697
1007,802163587
1007,802202126
1007,802208830
1007,807202126
1007,808204485
1007,810202126
1007,814198861
1007,814204485
1007,814215914
1007,815202126
1007,820202126
1007,820204485
1007,820215914
1007,825169588
1007,825204485
1007,825215914
1007,825229984
1007,826197756
1007,826215590
1007,826216354
1007,826222501
1007,827214267
1007,828202126
1007,828204485
1007,828208830
1007,828215914
1007,829169588
1007,830207494
1007,832202126
1007,832215914
1007,832230899
1007,834163587
1007,834202126
1007,834216393
1007,834230899
1007,835138123
1007,836202126
1007,836248695
1007,839204485
1007,839215914
1007,840215914
1007,840230899
1007,840231044
1007,844192123
1007,844202126
1007,844204485
1007,844215914
1007,844230899
1007,845198861
1007,845204485
1007,848202126
1007,848204485
1007,848215914
1007,848216393
1007,848220697
1007,848234742
1007,851216354
1007,852138123
1007,852208830
1007,852214267
1007,852215590
1007,852216393
1007,852222501
1007,852226790
1007,852232119
1007,852248695
1007,853207494
1007,855202126
1007,855204485
1007,855215590
1007,856202126
1007,856230899
1007,856234742
1007,856248695
1007,861138123
1007,861214267
1007,863192123
1007,863197756
1007,863202126
1007,863204485
1007,863216354
1007,863216393
1007,863222501
1007,863229901
1007,863239892
1007,863257504
1007,866202126
1007,866216354
1007,867203263
1007,867220697
1008,100009676
1008,100054050
1008,100214267
1008,110009676
1008,110054050
1008,110214267
1008,113054050
1008,289009676
1008,808206517
1008,813009676
1008,821231943
1008,825054050
1008,825203574
1008,825206517
1008,826202695
1008,826242964
1008,827009676
1008,827054050
1008,827214267
1008,829054050
1008,829192505
1008,832230899
1008,834230899
1008,835016254
1008,835176944
1008,836054050
1008,836192505
1008,840152908
1008,840176944
1008,840192505
1008,840199189
1008,840199667
1008,840200746
1008,840211575
1008,840213655
1008,840221363
1008,840230899
1008,844192505
1008,844229348
1008,844230899
1008,844236610
1008,845007743
1008,845009676
1008,845016254
1008,845051412
1008,845193474
1008,845211575
1008,846176944
1008,846192505
1008,848009676
1008,848054050
1008,848180216
1008,848192505
1008,848203574
1008,848211117
1008,850009676
1008,850054050
1008,851193474
1008,851202695
1008,851204935
1008,851213655
1008,851242964
1008,851244380
1008,851261188
1008,851276295
1008,852009676
1008,852176944
1008,852206517
1008,852211575
1008,852214267
1008,855192505
1008,855236610
1008,856230899
1008,856242964
1008,861007743
1008,861009676
1008,861016254
1008,861051412
1008,861054050
1008,861176944
1008,861214267
1008,863193474
1008,863198710
1008,863200458
1008,863204935
1008,863229348
1008,863242964
1008,863257057
1008,866241095
1008,867009676
1008,867016254
1008,867051412
1008,867054050
1008,867176944
1008,867191972
1008,867193474
1008,867202695
1008,867208135
1008,867242964
1008,868009676
1009,100247515
1009,101247515
1009,110247515
1009,225165889
1009,230200260
1009,230220421
1009,230231943
1009,231152908
1009,231163925
1009,233186132
1009,236247515
1009,237135451
1009,238237942
1009,246186132
1009,247165889
1009,250200260
1009,251152908
1009,251183394
1009,251186146
1009,253209532
1009,256183855
1009,256193061
1009,260178213
1009,260200260
1009,260208920
1009,264185422
1009,264189725
1009,264194932
1009,265231416
1009,265237942
1009,270231943
1009,272152908
1009,272247515
1009,273198861
1009,273200260
1009,273231943
1009,273235353
1009,273237942
1009,276252042
1009,279200260
1009,280208920
1009,280231943
1009,283178213
1009,283183394
1009,283192789
1009,284152908
1009,284171018
1009,284189288
1009,284193061
1009,284222634
1009,291237942
1009,515208920
1009,515237034
1009,517208920
1009,517252042
1009,802247515
1009,810208920
1009,814165889
1009,814183855
1009,814198861
1009,814210635
1009,815208920
1009,815231416
1009,815240439
1009,815241168
1009,818152908
1009,820237034
1009,821165889
1009,821231943
1009,825208920
1009,826208135
1009,826243657
1009,826252042
1009,827247515
1009,829152908
1009,834208920
1009,836247515
1009,836252042
1009,840152908
1009,845198861
1009,848203747
1009,851186146
1009,851231416
1009,851235353
1009,851237942
1009,852235353
1009,852247515
1009,856231943
1009,856252042
1009,861247515
1009,863208920
1009,863235353
1009,863237942
1009,863242217
1009,863245158
1009,863264207
1009,866186146
1009,866245158
1009,866252042
1009,867208135
1010,100000488
1010,100003647
1010,100011141
1010,100045197
1010,100121939
1010,100121944
1010,100156616
1010,100168473
1010,100182521
1010,100190048
1010,100191189
1010,110000488
1010,110003647
1010,110011141
1010,110045197
1010,110121939
1010,110121944
1010,110156616
1010,110168473
1010,110182521
1010,110190048
1010,110191189
1010,840191189
1010,844188545
1010,844202126
1010,844212622
1010,844213331
1010,844229558
1010,844237086
1010,844246104
1010,844247827
1010,844256790
1010,845045197
1010,845168473
1010,845190048
1010,845208722
1010,848121939
1010,848121944
1010,848156616
1010,848181783
1010,848182521
1010,848188545
1010,848197445
1010,848202126
1010,848206113
1010,848208722
1010,848212622
1010,848222492
1010,848234396
1010,848237086
1010,852011141
1010,852168473
1010,852188545
1010,852189596
1010,852190048
1010,852191189
1010,855188545
1010,855202126
1010,855212622
1010,855241084
1010,855246104
1010,855247827
1010,856202126
1010,856241084
1010,856247827
1010,858010704
1010,858025420
1010,858081644
1010,861000488
1010,861011141
1010,861045197
1010,861081644
1010,861107715
1010,861121939
1010,861121944
1010,861156616
1010,861168473
1010,861181783
1010,861182521
1010,861190048
1010,861191189
1010,861261593
1010,863202126
1010,863247827
1010,866078063
1010,866202126
1010,866206113
1010,866212622
1010,866213331
1010,866219683
1010,866229558
1010,866241084
1010,866247827
1010,866250959
1010,866275298
1010,867000488
1010,867045197
1010,867181783
1010,868168473
1010,868191189
1011,807239085
1011,807252371
1011,814188545
1011,814239085
1011,820186942
1011,820188545
1011,820215441
1011,820227796
1011,820239085
1011,820252371
1011,825188545
1011,825239085
1011,826233731
1011,829233049
1011,829252371
1011,831252371
1011,832188545
1011,832215441
1011,832239085
1011,834188545
1011,834215441
1011,834231443
1011,834266032
1011,836233049
1011,836239085
1011,836252371
1011,839008473
1011,840008473
1011,840013940
1011,840188567
1011,840192883
1011,840208333
1011,840257540
1011,840261593
1011,844188545
1011,844215441
1011,844227796
1011,844231443
1011,844233731
1011,844239085
1011,844247819
1011,844252371
1011,846188545
1011,846188567
1011,848186942
1011,848188350
1011,848188545
1011,848192318
1011,848195365
1011,848204923
1011,848210324
1011,848239085
1011,848245541
1011,848252371
1011,851192883
1011,851197031
1011,851216199
1011,852188350
1011,852188545
1011,852192387
1011,852231443
1011,852233049
1011,852233731
1011,854231443
1011,854239085
1011,855188545
1011,855215441
1011,855227796
1011,855246863
1011,855247819
1011,855252371
1011,856231443
1011,856239085
1011,856246863
1011,856252371
1011,861008473
1011,861261593
1011,863181458
1011,863204923
1011,863225193
1011,863229237
1011,863229891
1011,863235073
1011,863239085
1011,863252371
1011,864034666
1011,864191566
1011,864199266
1011,866188567
1011,866215441
1011,866229237
1011,866229891
1011,866231443
1011,866235073
1011,866239085
1011,866247819
1011,867208333
1011,867225193
1011,867252371
1011,867261593
1012,287212622
1012,291236772
1012,810212622
1012,814212622
1012,820216549
1012,820237678
1012,820238900
1012,820243580
1012,820245367
1012,820251810
1012,820265450
1012,826212622
1012,826236703
1012,826240243
1012,829243580
1012,832185122
1012,832212622
1012,832230899
1012,832243580
1012,832245367
1012,832251517
1012,834212622
1012,834229558
1012,834230899
1012,834237678
1012,834239977
1012,834265450
1012,836212188
1012,836245367
1012,840230899
1012,844185122
1012,844208448
1012,844212622
1012,844229558
1012,844230899
1012,844234236
1012,844240243
1012,844243854
1012,844245367
1012,845244260
1012,848195365
1012,848204923
1012,848207791
1012,848208448
1012,848212188
1012,848212622
1012,848216549
1012,848232805
1012,848241390
1012,851220651
1012,851236772
1012,851238900
1012,851243580
1012,851251517
1012,851260592
1012,852204092
1012,852204638
1012,852225375
1012,852228579
1012,852228941
1012,852232411
1012,852236772
1012,852237678
1012,852238900
1012,855212622
1012,855234236
1012,855236703
1012,856212622
1012,856225375
1012,856229558
1012,856230899
1012,856234236
1012,856236772
1012,856237678
1012,856239364
1012,856245367
1012,856251517
1012,863185427
1012,863204923
1012,863212622
1012,863216549
1012,863225375
1012,863229558
1012,863232999
1012,863234236
1012,863236703
1012,863237678
1012,863245367
1012,863251517
1012,863257876
1012,863262863
1012,864226380
1012,866212622
1012,866229558
1012,866236703
1012,866236772
1012,866242187
1012,866243854
1012,867240243
1012,867245367
1013,100000570
1013,100191208
1013,101000570
1013,101191208
1013,110000570
1013,110191208
1013,267205693
1013,267208574
1013,267236403
1013,268191208
1013,279208574
1013,283192318
1013,287173608
1013,287237679
1013,289191208
1013,291192318
1013,291208574
1013,291225126
1013,291232639
1013,291247182
1013,802181098
1013,802198352
1013,808237679
1013,810173608
1013,813000570
1013,814000570
1013,814192318
1013,814200215
1013,820256675
1013,821000570
1013,821225161
1013,825232432
1013,826232639
1013,826236532
1013,826247182
1013,828205693
1013,829192318
1013,829232639
1013,832256675
1013,834190941
1013,834256196
1013,836260407
1013,840188943
1013,840191208
1013,840208574
1013,840221363
1013,840229752
1013,840232730
1013,840236403
1013,840245741
1013,840247182
1013,840257540
1013,840257889
1013,844232639
1013,844256196
1013,844257289
1013,845000570
1013,845236403
1013,848190941
1013,848192318
1013,848224425
1013,850191208
1013,851208137
1013,851233301
1013,851236403
1013,851236532
1013,851244257
1013,851257278
1013,851268896
1013,852191208
1013,852228941
1013,852232730
1013,855232639
1013,855256196
1013,856233848
1013,856237679
1013,856256196
1013,856257289
1013,861000570
1013,861191208
1013,861269603
1013,862140057
1013,863205693
1013,863225126
1013,863229752
1013,863232639
1013,863232730
1013,863236403
1013,863256196
1013,863256675
1013,863257278
1013,863257289
1013,863257889
1013,863270670
1013,864140057
1013,866236403
1013,866251377
1013,866256196
1013,867208620
1013,868191208
1014,100003647
1014,100182521
1014,100191208
1014,110003647
1014,110182521
1014,110191208
1014,807182521
1014,807200104
1014,820182521
1014,820199503
1014,820200104
1014,820208128
1014,820210035
1014,820213331
1014,820228813
1014,820253149
1014,820256630
1014,831200104
1014,831204963
1014,831210035
1014,832256630
1014,834256630
1014,834256853
1014,835028765
1014,836256630
1014,839200104
1014,840166676
1014,840191208
1014,840208333
1014,840256630
1014,844199503
1014,844200104
1014,844210035
1014,844213331
1014,844225309
1014,844234236
1014,844241852
1014,844253149
1014,844256197
1014,844256630
1014,844256853
1014,845007743
1014,845028765
1014,845204963
1014,848030110
1014,848182521
1014,848195365
1014,848199503
1014,848200104
1014,848204963
1014,848210035
1014,848210324
1014,848213331
1014,848231521
1014,848247263
1014,848247679
1014,848253149
1014,848256630
1014,851206591
1014,851240740
1014,852166676
1014,852182521
1014,852191208
1014,852224179
1014,852255223
1014,852256630
1014,855200104
1014,855210035
1014,855213331
1014,855234236
1014,856208128
1014,856210035
1014,856256630
1014,861007743
1014,861028765
1014,861107715
1014,861166676
1014,861182521
1014,861191208
1014,863199503
1014,863200104
1014,863208128
1014,863256197
1014,863256630
1014,864140057
1014,864200104
1014,866199503
1014,866200104
1014,866210035
1014,866213331
1014,866224179
1014,866228813
1014,867166676
1014,867199503
1014,867204963
1014,867208128
1014,867208333
1014,867235790
1014,868107715
1014,868191208
1015,101215558
1015,258192985
1015,267192985
1015,272181458
1015,272192985
1015,278192985
1015,280192985
1015,283150418
1015,284215558
1015,287192985
1015,287212194
1015,287216860
1015,287232293
1015,287244067
1015,289181458
1015,291206511
1015,807192985
1015,808212194
1015,808232293
1015,810212194
1015,810233195
1015,814150418
1015,815190460
1015,815241522
1015,818180930
1015,820158625
1015,820256675
1015,820264453
1015,821212194
1015,825150418
1015,825192985
1015,825213135
1015,825228635
1015,826206511
1015,826212194
1015,826223689
1015,826228635
1015,826232144
1015,826233195
1015,826234678
1015,826241522
1015,826262929
1015,828192985
1015,828232293
1015,829212194
1015,832212194
1015,832256675
1015,834212194
1015,834246863
1015,835137186
1015,835181783
1015,836192985
1015,836212194
1015,840213135
1015,840245741
1015,844192984
1015,845177553
1015,846190460
1015,846192985
1015,846213135
1015,848137186
1015,848158625
1015,848180930
1015,848181783
1015,848192985
1015,848232293
1015,851206511
1015,851212194
1015,851231416
1015,851240988
1015,851241522
1015,851244067
1015,851264697
1015,851270077
1015,852150418
1015,852192985
1015,852193352
1015,852206511
1015,852244067
1015,855246863
1015,855264453
1015,856212194
1015,856232293
1015,856246863
1015,856264453
1015,861137186
1015,861181783
1015,863180930
1015,863181458
1015,863192985
1015,863193352
1015,863216860
1015,863238370
1015,863240709
1015,863244261
1015,863256675
1015,863264453
1015,863264697
1015,864182152
1015,867181783
1016,100000041
1016,100001615
1016,100001625
1016,100004231
1016,100004833
1016,100005589
1016,100005680
1016,100009676
1016,100010535
1016,100013038
1016,100020289
1016,100028130
1016,100037576
1016,100041236
1016,100166124
1016,100167680
1016,100190042
1016,100190045
1016,100214267
1016,100222000
1016,100222481
1016,110000041
1016,110001615
1016,110001620
1016,110001625
1016,110004231
1016,110004833
1016,110005099
1016,110005589
1016,110005680
1016,110009676
1016,110010535
1016,110013038
1016,110020289
1016,110028130
1016,110037576
1016,110041236
1016,110052241
1016,110166124
1016,110167680
1016,110190042
1016,110190045
1016,110214267
1016,110222000
1016,110222481
1016,844231443
1016,844233419
1016,844277643
1016,845037576
1016,845158023
1016,848000041
1016,848001625
1016,848009676
1016,848010535
1016,848028130
1016,848158023
1016,848176580
1016,848188545
1016,852004231
1016,852158023
1016,852188545
1016,852190042
1016,854231443
1016,854241486
1016,854251854
1016,854277643
1016,855188545
1016,855233419
1016,856277643
1016,861000041
1016,861001615
1016,861001625
1016,861004231
1016,861004833
1016,861005589
1016,861010535
1016,861037576
1016,861166124
1016,861190042
1016,861190045
1016,861214267
1016,863158023
1016,863251854
1016,866158023
1016,866210035
1016,866231443
1016,866233419
1016,866242444
1016,866245037
1016,866251854
1016,866259532
1016,866277643
1016,867005589
1016,867009676
1016,867041236
1016,867142754
1016,867162895
1016,867167680
1016,868037576
1016,868190045
1017,100049369
1017,100166149
1017,100214101
1017,110049369
1017,110166149
1017,110214101
1017,807231866
1017,820194765
1017,820231866
1017,829176580
1017,831231866
1017,832194765
1017,832230899
1017,836049369
1017,839049072
1017,840049072
1017,840049369
1017,840166149
1017,840178562
1017,840193747
1017,840194765
1017,840208421
1017,840214997
1017,840216460
1017,840230899
1017,840259584
1017,844176580
1017,844192119
1017,844193080
1017,844212616
1017,844230899
1017,844240243
1017,844246191
1017,844247103
1017,844257279
1017,844277581
1017,845025924
1017,845049072
1017,845049369
1017,845176580
1017,845204838
1017,845212616
1017,845231866
1017,845233486
1017,845246191
1017,848176580
1017,848181783
1017,848186345
1017,848192119
1017,848194765
1017,848200389
1017,848201305
1017,848204639
1017,848208418
1017,848216549
1017,848226161
1017,848231866
1017,851194765
1017,851226161
1017,852166149
1017,852176580
1017,855192119
1017,855200389
1017,855226161
1017,855246191
1017,856192119
1017,856194765
1017,856226161
1017,856246191
1017,861025924
1017,861049072
1017,861049369
1017,861166149
1017,861181783
1017,863202556
1017,863209981
1017,863212616
1017,863216549
1017,863233084
1017,863233486
1017,863240690
1017,863246191
1017,866192119
1017,866208418
1017,866226161
1017,866242444
1017,866246191
1017,866266039
1017,866276493
1017,867025924
1017,867181783
1017,867192816
1017,867210455
1017,867214101
1017,867231591
1017,867232656
1017,867238216
1017,867240243
1017,867257279
1017,868049072
1018,100000250
1018,100001040
1018,100001183
1018,100001256
1018,100001397
1018,100001668
1018,100005419
1018,100005479
1018,100005589
1018,100009676
1018,100010264
1018,100037576
1018,100045197
1018,100045661
1018,100045674
1018,100138449
1018,100161840
1018,100166124
1018,100166149
1018,100173731
1018,100176676
1018,100182521
1018,100191695
1018,100222000
1018,100254642
1018,110000250
1018,110001040
1018,110001183
1018,110001256
1018,110001397
1018,110001668
1018,110005419
1018,110005479
1018,110005589
1018,110009676
1018,110010264
1018,110037576
1018,110045197
1018,110045661
1018,110045674
1018,110138449
1018,110161840
1018,110166124
1018,110166149
1018,110173731
1018,110176676
1018,110182521
1018,110191695
1018,110222000
1018,110254642
1018,831238794
1018,831252371
1018,844231747
1018,844252371
1018,845001397
1018,845037576
1018,848009676
1018,848020801
1018,854231747
1018,855238794
1018,855239053
1018,855252371
1018,856231747
1018,858077787
1018,861001183
1018,861001397
1018,861005479
1018,861005589
1018,861037576
1018,861139869
1018,861166124
1018,861182521
1018,861183277
1018,861214649
1018,863231747
1018,866020801
1018,866070966
1018,866177003
1018,866192119
1018,866200145
1018,866226161
1018,866231747
1018,866239053
1018,866241637
1018,866277846
1018,867000250
1018,867001040
1018,867001183
1018,867005589
1018,867009676
1018,867045197
1018,867161840
1018,867189513
1018,867197781
1018,867200145
1018,867214649
1018,867232656
1018,867238794
1018,868001397
1018,868037576
1019,100005680
1019,101005680
1019,110005680
1019,287211688
1019,287243780
1019,289168542
1019,289179813
1019,802189332
1019,808211688
1019,810210514
1019,814189513
1019,814193171
1019,814243780
1019,815210514
1019,818179813
1019,820189332
1019,820197781
1019,821231627
1019,825005661
1019,825005680
1019,825189332
1019,825197781
1019,825199576
1019,825210514
1019,826189513
1019,826208450
1019,826210514
1019,826230786
1019,826243032
1019,827005680
1019,829157481
1019,829189332
1019,829197781
1019,834192366
1019,834212616
1019,836005661
1019,836005680
1019,836243780
1019,840157481
1019,840178562
1019,840189271
1019,840189513
1019,840196432
1019,840211575
1019,840220253
1019,840246785
1019,844189332
1019,844192366
1019,844197781
1019,844210514
1019,844212616
1019,845189332
1019,845192366
1019,845199005
1019,845211575
1019,845212616
1019,845225659
1019,846005661
1019,846197781
1019,846210514
1019,848189271
1019,848189332
1019,848189513
1019,848197781
1019,848201305
1019,848210514
1019,848211688
1019,848224411
1019,848246258
1019,851224415
1019,851240359
1019,851265726
1019,852189332
1019,852205070
1019,852211575
1019,852225659
1019,852241461
1019,852263880
1019,856192366
1019,856241461
1019,856243780
1019,856246871
1019,856255069
1019,858010959
1019,861005661
1019,861005680
1019,861010959
1019,862243780
1019,863192366
1019,863199005
1019,863210514
1019,863212616
1019,863236920
1019,863240359
1019,863241461
1019,863243780
1019,867157481
1019,867189513
1019,867197781
1019,867211688
1020,100009676
1020,101009676
1020,110009676
1020,230197965
1020,249009676
1020,250208093
1020,250208618
1020,254009676
1020,256009676
1020,256189242
1020,256208618
1020,256220834
1020,259208093
1020,260208093
1020,264009676
1020,264146748
1020,265189242
1020,265210315
1020,265236295
1020,267210315
1020,268009676
1020,270210315
1020,272025924
1020,274208618
1020,279224179
1020,280220834
1020,280265800
1020,281025924
1020,283203535
1020,283235945
1020,284025924
1020,284201505
1020,284202648
1020,284205192
1020,284208093
1020,287173608
1020,287221087
1020,289009676
1020,291224179
1020,291228805
1020,808208093
1020,810173608
1020,810208618
1020,810229668
1020,813009676
1020,813025924
1020,814009676
1020,815173608
1020,815247028
1020,821025924
1020,821229980
1020,825208618
1020,826208093
1020,826219953
1020,826262929
1020,827009676
1020,828208093
1020,829208618
1020,829220834
1020,834208618
1020,834265800
1020,836025924
1020,836220834
1020,840199577
1020,840208093
1020,840224309
1020,840225508
1020,844259532
1020,845009676
1020,845025924
1020,845225508
1020,848009676
1020,850009676
1020,851192678
1020,851192816
1020,851202648
1020,851228805
1020,851236295
1020,851245426
1020,851261654
1020,851265650
1020,851270728
1020,852009676
1020,852205192
1020,852224179
1020,856259532
1020,861009676
1020,861025924
1020,863229980
1020,863233884
1020,866224179
1020,866259532
1020,866270728
1020,867009676
1020,867025924
1020,867186537
1020,867192816
1020,867224309
1020,867234060
1020,868009676
1021,100001075
1021,100001114
1021,100001179
1021,100001183
1021,100001397
1021,100001419
1021,100001615
1021,100001625
1021,100005099
1021,100005984
1021,100006235
1021,100007763
1021,100041236
1021,100051539
1021,100138956
1021,100222000
1021,100247703
1021,110001075
1021,110001114
1021,110001179
1021,110001183
1021,110001397
1021,110001419
1021,110001615
1021,110001625
1021,110005099
1021,110005984
1021,110006235
1021,110007763
1021,110041236
1021,110051539
1021,110138956
1021,110222000
1021,110247703
1021,828020801
1021,839020801
1021,840001114
1021,840233700
1021,844020801
1021,844236610
1021,845001397
1021,845001419
1021,845001615
1021,845001625
1021,845020801
1021,845235805
1021,846020801
1021,848001397
1021,848001419
1021,848001625
1021,848020801
1021,848041236
1021,848138956
1021,848143001
1021,848181783
1021,848211110
1021,852001183
1021,852001419
1021,852233700
1021,852247703
1021,855020801
1021,855277954
1021,855278349
1021,861001114
1021,861001179
1021,861001183
1021,861001397
1021,861001419
1021,861001615
1021,861001625
1021,861005099
1021,861006235
1021,861007763
1021,861051539
1021,861107715
1021,861181783
1021,861222000
1021,861261593
1021,863020801
1021,863232488
1021,866020801
1021,866210008
1021,866222077
1021,866238744
1021,866239580
1021,866277954
1021,867001183
1021,867001419
1021,867006235
1021,867041236
1021,867138956
1021,867173210
1021,867181783
1021,867193082
1021,867210008
1021,867210935
1021,867232488
1021,868001397
1021,868001419
1021,868001625
1022,100001183
1022,100001201
1022,100190042
1022,100222481
1022,101190042
1022,110001183
1022,110001201
1022,110190042
1022,110222481
1022,278192985
1022,287192985
1022,807192985
1022,807237086
1022,814001183
1022,818179813
1022,825192985
1022,826247635
1022,827001183
1022,832243241
1022,832247635
1022,832261865
1022,834226271
1022,834237086
1022,835171877
1022,836192985
1022,840001183
1022,840001201
1022,840157481
1022,840190042
1022,840192505
1022,840205498
1022,840222481
1022,840237238
1022,844192505
1022,844217870
1022,844224836
1022,844237086
1022,844237238
1022,844239380
1022,844243241
1022,844244263
1022,845198219
1022,845201024
1022,845205498
1022,845217870
1022,845222481
1022,845226271
1022,846192985
1022,848190042
1022,848192505
1022,848192985
1022,848210406
1022,848216435
1022,848217870
1022,848225116
1022,848227236
1022,848232293
1022,848237086
1022,848241390
1022,848244263
1022,848247635
1022,851216409
1022,851216435
1022,851261865
1022,851262394
1022,851268474
1022,852001183
1022,852001201
1022,852171877
1022,852190042
1022,852192985
1022,852237238
1022,855192505
1022,855227236
1022,855237238
1022,855244263
1022,855247635
1022,856226271
1022,856232293
1022,856247635
1022,861001183
1022,861171877
1022,861190042
1022,861222481
1022,863192985
1022,863201024
1022,863237086
1022,863237238
1022,866201024
1022,866210406
1022,866237238
1022,866247635
1022,866259399
1022,867001183
1022,867157481
1022,867200752
1022,867201024
1022,867217870
1022,867240716
1022,868222481
1023,100001040
1023,100001041
1023,100001114
1023,100001183
1023,100001256
1023,100001419
1023,100004000
1023,100005589
1023,100007512
1023,100007518
1023,100007763
1023,100009676
1023,100037576
1023,100041236
1023,100140601
1023,100191189
1023,100221162
1023,100222481
1023,110001040
1023,110001041
1023,110001114
1023,110001183
1023,110001256
1023,110001419
1023,110004000
1023,110005589
1023,110007512
1023,110007518
1023,110007763
1023,110009676
1023,110037576
1023,110041236
1023,110140601
1023,110191189
1023,110221162
1023,110222481
1023,836037576
1023,839005589
1023,840004000
1023,840191189
1023,844224232
1023,845001040
1023,845037576
1023,845184941
1023,845222481
1023,845231478
1023,848001041
1023,848001419
1023,848009676
1023,848037576
1023,848140601
1023,848180930
1023,848184941
1023,848192505
1023,850037576
1023,852009676
1023,852037576
1023,852191189
1023,855224232
1023,855231478
1023,855237383
1023,858020775
1023,858077787
1023,861001040
1023,861001114
1023,861001183
1023,861001419
1023,861004000
1023,861005589
1023,861007512
1023,861007518
1023,861007763
1023,861037576
1023,861049072
1023,861107715
1023,861139869
1023,861191189
1023,861221162
1023,861222481
1023,866210406
1023,866226268
1023,866229237
1023,866231478
1023,867001040
1023,867001183
1023,867001419
1023,867005589
1023,867007518
1023,867009676
1023,867020775
1023,867041236
1023,867193082
1023,867208128
1023,867216352
1023,868001419
1023,868004000
1023,868005589
1023,868009676
1023,868037576
1023,868191189
1024,100001238
1024,100005003
1024,100013383
1024,100034079
1024,100221162
1024,110001238
1024,110005003
1024,110013383
1024,110034079
1024,110221162
1024,113034079
1024,113135455
1024,820209331
1024,820211110
1024,820265695
1024,829209331
1024,831209331
1024,834209331
1024,835135455
1024,840166676
1024,840189505
1024,840192505
1024,840192883
1024,840228251
1024,844192505
1024,844205452
1024,844207865
1024,844209331
1024,844211110
1024,844234236
1024,844247257
1024,845005003
1024,845135455
1024,845170733
1024,845178005
1024,845207439
1024,845207865
1024,845212831
1024,845230767
1024,846001551
1024,846181291
1024,848001238
1024,848034079
1024,848135455
1024,848180930
1024,848189505
1024,848191202
1024,848192505
1024,848209331
1024,848211110
1024,848212831
1024,848265695
1024,851192883
1024,851216409
1024,851230872
1024,851233301
1024,851236403
1024,852034079
1024,852053302
1024,852166676
1024,852189505
1024,852211110
1024,855192505
1024,855207865
1024,855209331
1024,855212831
1024,855230872
1024,855234236
1024,855278349
1024,856207865
1024,856278349
1024,858053302
1024,861001238
1024,861005003
1024,861013383
1024,861034079
1024,861053302
1024,861135455
1024,861166676
1024,861170733
1024,861221162
1024,863180930
1024,863207865
1024,863209331
1024,863236403
1024,863250723
1024,866080170
1024,866230872
1024,866236403
1024,866242664
1024,866247257
1024,867001238
1024,867053302
1024,867135455
1024,867166676
1024,867200752
1024,867210413
1024,867228251
1024,867231352
1024,868135455
1025,100000250
1025,100001025
1025,100001088
1025,100001109
1025,100001114
1025,100001116
1025,100001256
1025,100001419
1025,100004202
1025,100004231
1025,100005003
1025,100005099
1025,100005680
1025,100007512
1025,100007763
1025,100013128
1025,100028130
1025,100037576
1025,100041236
1025,100045674
1025,100049369
1025,100138449
1025,100166906
1025,100192181
1025,100214098
1025,100214100
1025,100214101
1025,110000250
1025,110001025
1025,110001088
1025,110001109
1025,110001114
1025,110001116
1025,110001256
1025,110001419
1025,110004202
1025,110004231
1025,110005003
1025,110005099
1025,110005680
1025,110007512
1025,110007763
1025,110013128
1025,110028130
1025,110037576
1025,110041236
1025,110045674
1025,110049369
1025,110138449
1025,110166906
1025,110192181
1025,110214098
1025,110214100
1025,110214101
1025,110215732
1025,836037576
1025,845004231
1025,845037576
1025,845192181
1025,845214100
1025,848001419
1025,848028130
1025,848037576
1025,852004231
1025,852037576
1025,854230621
1025,855227796
1025,861001109
1025,861001114
1025,861001116
1025,861001419
1025,861004231
1025,861005003
1025,861007763
1025,861028130
1025,861037576
1025,861166906
1025,861181783
1025,861215732
1025,866177003
1025,866188567
1025,866210008
1025,866215698
1025,866222077
1025,866230621
1025,866242444
1025,866242664
1025,867000250
1025,867001088
1025,867001116
1025,867001419
1025,867004202
1025,867041236
1025,867208128
1025,867232656
1025,868001109
1025,868013128
1025,868037576
1025,868192181
1025,868214100
1026,100001088
1026,100006235
1026,100007512
1026,100007518
1026,100011141
1026,100222000
1026,101001088
1026,101006235
1026,101007512
1026,101011141
1026,110001088
1026,110006235
1026,110007512
1026,110007518
1026,110011141
1026,110222000
1026,113001088
1026,287220502
1026,287223848
1026,289011141
1026,801006235
1026,802001088
1026,808223848
1026,814001088
1026,814007512
1026,814222000
1026,814223848
1026,820223848
1026,821007512
1026,825001088
1026,825189505
1026,825222000
1026,827001088
1026,827006235
1026,827007518
1026,827011141
1026,827222000
1026,829001088
1026,829006235
1026,829007512
1026,829011141
1026,829189505
1026,834198176
1026,835005740
1026,836007512
1026,836223848
1026,839238616
1026,840001088
1026,840006235
1026,840007512
1026,840007518
1026,840189505
1026,840232730
1026,840236496
1026,844220502
1026,844223848
1026,844255009
1026,845199845
1026,845246242
1026,846005740
1026,848005740
1026,848007512
1026,848189505
1026,848198176
1026,850006235
1026,851223710
1026,851236496
1026,851237712
1026,851238616
1026,851240988
1026,851246242
1026,851255001
1026,851268804
1026,852001088
1026,852006235
1026,852007518
1026,852011141
1026,852170320
1026,852189505
1026,852192387
1026,852222000
1026,852224031
1026,852232730
1026,861001088
1026,861005740
1026,861006235
1026,861007512
1026,861007518
1026,861011141
1026,861222000
1026,863232730
1026,863238616
1026,866223710
1026,867001088
1026,867006235
1026,867007518
1026,867210413
1026,867220502
1026,867223848
1026,868007512
1027,100000250
1027,100000570
1027,100001179
1027,100001668
1027,100028130
1027,100041236
1027,110000250
1027,110000570
1027,110001179
1027,110001668
1027,110028130
1027,110041236
1027,113001179
1027,113028130
1027,807158023
1027,807231747
1027,820231747
1027,825158023
1027,828158023
1027,829158023
1027,831231747
1027,834231443
1027,834252145
1027,834255253
1027,836158023
1027,836231747
1027,839000250
1027,844158023
1027,844207865
1027,844231443
1027,844231747
1027,844236610
1027,844245367
1027,844252145
1027,844255253
1027,844256196
1027,844257289
1027,844264652
1027,844272834
1027,845158023
1027,845226271
1027,845230621
1027,846000250
1027,848001179
1027,848001668
1027,848028130
1027,848041236
1027,848158023
1027,848224411
1027,848247635
1027,852158023
1027,854230621
1027,854231443
1027,854231747
1027,854252145
1027,854255253
1027,855158023
1027,855207865
1027,855236610
1027,855247635
1027,855256196
1027,855264652
1027,855271421
1027,855272834
1027,856231747
1027,856247635
1027,856252145
1027,856255253
1027,856256196
1027,856271421
1027,856272834
1027,861000250
1027,861001179
1027,861001668
1027,861028130
1027,861170890
1027,863158023
1027,863231747
1027,863255253
1027,866158023
1027,866210008
1027,866215698
1027,866230621
1027,866231443
1027,866231747
1027,866247635
1027,866252145
1027,866255253
1027,866256196
1027,866264652
1027,866270673
1027,867000250
1027,867001668
1027,867028130
1027,867041236
1027,867183512
1027,867191972
1027,867193474
1027,867210008
1027,867245367
1028,100005680
1028,110005680
1028,113183277
1028,114183277
1028,287232293
1028,808232293
1028,808241721
1028,814000027
1028,814188567
1028,818178509
1028,820158625
1028,820178509
1028,820188567
1028,820210897
1028,820215441
1028,820232580
1028,820239763
1028,820241721
1028,820243630
1028,825005680
1028,825167425
1028,825226851
1028,832215441
1028,832215698
1028,832239763
1028,832243630
1028,834215441
1028,834232580
1028,834241721
1028,834243630
1028,835170733
1028,835183277
1028,836005680
1028,836183277
1028,840183277
1028,840188567
1028,840204970
1028,840211575
1028,844215441
1028,844232360
1028,844232580
1028,844243630
1028,844251752
1028,844269493
1028,845170733
1028,845171791
1028,845193474
1028,845201143
1028,845211575
1028,845226110
1028,845230767
1028,846183277
1028,846188567
1028,846213135
1028,848000027
1028,848158625
1028,848178509
1028,848183277
1028,848224490
1028,848226851
1028,848232293
1028,848241721
1028,850000027
1028,851193474
1028,851241721
1028,851272500
1028,852178509
1028,852188567
1028,852211575
1028,855215441
1028,855232580
1028,856215441
1028,856232293
1028,856232580
1028,856251809
1028,861000027
1028,861005680
1028,861170733
1028,861183277
1028,863193474
1028,863200458
1028,863201143
1028,863202371
1028,863210897
1028,863215698
1028,863232580
1028,863241496
1028,863243630
1028,863257057
1028,866188567
1028,866190674
1028,866204970
1028,866215441
1028,866215698
1028,866232580
1028,866239342
1028,867000027
1028,867193474
1028,867236480
1028,868183277
1029,100045674
1029,110045674
1029,278165153
1029,287165153
1029,287193301
1029,287247851
1029,802165153
1029,808165153
1029,808247851
1029,811001551
1029,814165153
1029,814167425
1029,814206058
1029,814231612
1029,815193348
1029,818165153
1029,820193301
1029,820231612
1029,820245371
1029,821247851
1029,825001551
1029,825045674
1029,825165153
1029,825167425
1029,825193348
1029,825210736
1029,825228618
1029,826224221
1029,826236461
1029,826247851
1029,828165153
1029,829001551
1029,829045674
1029,829165153
1029,829228618
1029,832193301
1029,832264652
1029,834264652
1029,836001551
1029,836165153
1029,836167948
1029,840191202
1029,840193301
1029,840210736
1029,840216266
1029,840225782
1029,844165153
1029,844219683
1029,844232360
1029,844251570
1029,844264652
1029,845210736
1029,845211256
1029,845233267
1029,846001551
1029,846165153
1029,846228618
1029,848045674
1029,848165153
1029,848167948
1029,848191202
1029,848228618
1029,848255654
1029,851202648
1029,851236461
1029,851247851
1029,852225782
1029,852236461
1029,855165153
1029,855219683
1029,855236461
1029,855247851
1029,855264652
1029,856247851
1029,856251570
1029,856255654
1029,856264652
1029,861040898
1029,861045674
1029,863202556
1029,863211256
1029,863225263
1029,863225859
1029,863236461
1029,863240753
1029,863245371
1029,863247050
1029,863247851
1029,863259307
1029,863264652
1029,863268763
1029,866219683
1029,866225859
1029,866247050
1029,866247851
1029,866251570
1029,866264652
1029,867045674
1029,867247851
1029,868045674
1030,100001116
1030,100001605
1030,100001668
1030,100031432
1030,100156616
1030,100167198
1030,100214101
1030,100222481
1030,100268513
1030,110001116
1030,110001605
1030,110001668
1030,110031432
1030,110156616
1030,110167198
1030,110214101
1030,110222481
1030,110268513
1030,113001668
1030,113031432
1030,113156616
1030,825005661
1030,827167134
1030,829184941
1030,831243715
1030,839001605
1030,839156616
1030,839167198
1030,839268513
1030,840001605
1030,840005454
1030,840031432
1030,840166676
1030,840184432
1030,840188567
1030,840210736
1030,840219681
1030,840222481
1030,844210008
1030,844213648
1030,844215316
1030,844239093
1030,844243715
1030,845001116
1030,845005454
1030,845184941
1030,845222481
1030,845225508
1030,845226754
1030,845275049
1030,846005661
1030,846031432
1030,846188567
1030,848001605
1030,848001668
1030,848031432
1030,848156616
1030,848184941
1030,848226851
1030,848227236
1030,850001116
1030,850167198
1030,851235353
1030,851261188
1030,852031432
1030,852166676
1030,852167198
1030,852188567
1030,852235353
1030,854243715
1030,855213648
1030,855227236
1030,856243715
1030,861001116
1030,861001668
1030,861005454
1030,861005661
1030,861031432
1030,861156616
1030,861166676
1030,861167134
1030,861222481
1030,861268513
1030,861275049
1030,863197756
1030,863243715
1030,863244749
1030,866188567
1030,866204970
1030,866210008
1030,866223874
1030,866243715
1030,866245158
1030,867001116
1030,867001668
1030,867031432
1030,867166676
1030,867210008
1030,867214101
1030,868222481
1031,100001256
1031,100004000
1031,100005673
1031,100005680
1031,100041236
1031,100051539
1031,100167680
1031,100190045
1031,100192181
1031,100214098
1031,100222000
1031,110001256
1031,110004000
1031,110005673
1031,110005680
1031,110041236
1031,110051539
1031,110167680
1031,110190045
1031,110192181
1031,110214098
1031,110222000
1031,825139869
1031,825176580
1031,825190045
1031,825192181
1031,825214098
1031,827190045
1031,827192181
1031,829004000
1031,829176580
1031,835005740
1031,836004000
1031,836005680
1031,836190045
1031,836192181
1031,840004000
1031,840005679
1031,840190815
1031,840193198
1031,840235243
1031,844162328
1031,844176580
1031,844215316
1031,844239380
1031,844246104
1031,844255009
1031,844256325
1031,844272978
1031,845167680
1031,845176580
1031,845192181
1031,845214098
1031,845235844
1031,845239301
1031,846005740
1031,846190460
1031,848004000
1031,848005740
1031,848041236
1031,848051539
1031,848176580
1031,848216435
1031,850004000
1031,850190045
1031,850214098
1031,851216435
1031,851233301
1031,851236401
1031,851245155
1031,852139869
1031,852176580
1031,852222000
1031,852228702
1031,855228702
1031,855246104
1031,855255475
1031,861004000
1031,861005680
1031,861005740
1031,861051539
1031,861139869
1031,861167680
1031,861190045
1031,861192181
1031,861214098
1031,861222000
1031,863211256
1031,863228702
1031,863245155
1031,863246104
1031,866251805
1031,866258378
1031,867041236
1031,867139869
1031,867167680
1031,868004000
1031,868190045
1031,868192181
1031,868214098
1032,100005680
1032,100010264
1032,100037576
1032,100039943
1032,100167680
1032,100214100
1032,101037576
1032,101214100
1032,110005680
1032,110010264
1032,110037576
1032,110039943
1032,110167680
1032,110214100
1032,113039943
1032,814037576
1032,820189805
1032,820245367
1032,820253109
1032,820270409
1032,821037576
1032,825167680
1032,825214100
1032,827037576
1032,827214100
1032,829189805
1032,832245367
1032,834233096
1032,834256853
1032,834265450
1032,835005740
1032,836005680
1032,836037576
1032,836214100
1032,836245367
1032,839039943
1032,840037576
1032,840226710
1032,840242948
1032,844162328
1032,844189805
1032,844225863
1032,844232639
1032,844233096
1032,844239380
1032,844245367
1032,844256853
1032,845037576
1032,845039386
1032,845167680
1032,845214100
1032,845235173
1032,846005740
1032,846181291
1032,848005740
1032,848037576
1032,848039943
1032,848192318
1032,850037576
1032,850214100
1032,851220651
1032,851254796
1032,852010264
1032,852037576
1032,852214100
1032,855232639
1032,855233096
1032,856233096
1032,856242516
1032,856245367
1032,856254796
1032,861005680
1032,861005740
1032,861010264
1032,861037576
1032,861039386
1032,861039943
1032,861167680
1032,861214100
1032,863181458
1032,863193352
1032,863202556
1032,863231447
1032,863232639
1032,863233096
1032,863235173
1032,863242516
1032,863251804
1032,863256853
1032,863259480
1032,864034666
1032,864039943
1032,866235149
1032,866241509
1032,866253109
1032,866259480
1032,867167680
1032,867245367
1032,868037576
1032,868214100
1033,247199183
1033,257199183
1033,257200588
1033,257208153
1033,257222729
1033,257228861
1033,270237086
1033,272033730
1033,272136600
1033,273237086
1033,277205156
1033,277207645
1033,277208153
1033,277213317
1033,277222582
1033,277228007
1033,277232000
1033,277232811
1033,277237424
1033,277238570
1033,277243673
1033,277247686
1033,280237086
1033,287237086
1033,518212778
1033,518212912
1033,518222582
1033,518227659
1033,518238570
1033,518243061
1033,518248188
1033,518268895
1033,518272733
1033,518272992
1033,802176346
1033,802176348
1033,802184901
1033,802202994
1033,805203002
1033,805207753
1033,805211004
1033,805212791
1033,805227788
1033,805232000
1033,805243673
1033,805248188
1033,805252662
1033,805257386
1033,805267825
1033,805272733
1033,806221671
1033,806237086
1033,807237086
1033,810237086
1033,814237086
1033,821199183
1033,826221671
1033,828237086
1033,830227659
1033,830228007
1033,830228861
1033,830232000
1033,830248188
1033,830272733
1033,834237086
1033,844237086
1033,848237086
1033,851221671
1033,853199231
1033,853213317
1033,853222582
1033,853227659
1033,853238089
1033,853238570
1033,853242004
1033,853242821
1033,853243672
1033,853243673
1033,853259843
1033,853262447
1033,853268895
1033,853272733
1033,853272992
1033,856237086
1033,862232000
1033,862237086
1033,863221671
1033,863237086
1033,863237424
1033,863247686
1033,864033730
1033,864084333
1033,864136553
1033,864136600
1033,864155630
1033,864176403
1033,864191910
1033,864191924
1033,864200577
1033,864247686
1034,247165889
1034,247199183
1034,252140053
1034,257199183
1034,257202986
1034,257205401
1034,257205565
1034,257212432
1034,257213189
1034,272044786
1034,272103133
1034,272140053
1034,277155355
1034,277201528
1034,277202986
1034,277205401
1034,277205565
1034,277211635
1034,277212066
1034,277212432
1034,277213189
1034,277226652
1034,277228007
1034,277232811
1034,277246937
1034,277254894
1034,277254980
1034,289140053
1034,518077840
1034,518200601
1034,518201528
1034,518212432
1034,518213189
1034,518213471
1034,518222052
1034,518227790
1034,518233568
1034,518243061
1034,518245054
1034,518247748
1034,518251161
1034,518256370
1034,802176348
1034,805200601
1034,805201528
1034,805203002
1034,805205401
1034,805212066
1034,805212432
1034,805213189
1034,805222052
1034,805227788
1034,805232595
1034,805254980
1034,805256370
1034,806191655
1034,806201528
1034,806212432
1034,814155355
1034,814165889
1034,815268097
1034,821165889
1034,821199183
1034,821211002
1034,830200601
1034,830212432
1034,830213189
1034,830213471
1034,830222052
1034,830228007
1034,830228130
1034,830232595
1034,830233568
1034,830245054
1034,830247748
1034,830251161
1034,830256370
1034,830261053
1034,830270203
1034,853199231
1034,853212432
1034,853213189
1034,853232595
1034,853245054
1034,862199236
1034,862212432
1034,863212432
1034,863222052
1034,863226652
1034,863254980
1034,864084333
1034,864103133
1034,864136497
1034,864139443
1034,864140053
1034,864155355
1034,864176403
1034,864191566
1034,864191910
1034,864200577
1035,113034666
1035,225136299
1035,225136363
1035,225180287
1035,247165889
1035,247180283
1035,247191980
1035,247199266
1035,252180283
1035,257180283
1035,257191657
1035,257193847
1035,257199231
1035,257202986
1035,257221789
1035,257221912
1035,257222734
1035,257228861
1035,264180283
1035,265180283
1035,265207494
1035,272032743
1035,272034666
1035,272207494
1035,273207494
1035,277155355
1035,277180283
1035,277199231
1035,277202970
1035,277202986
1035,277203004
1035,277208636
1035,277213317
1035,277226652
1035,277238394
1035,277238576
1035,277244582
1035,283207494
1035,289034666
1035,289180283
1035,293228010
1035,294212260
1035,518073466
1035,518180283
1035,518184901
1035,518199231
1035,518208636
1035,518213317
1035,518231868
1035,518234264
1035,518234748
1035,518248188
1035,518251161
1035,518254225
1035,518263029
1035,518273787
1035,802184337
1035,802184901
1035,805180283
1035,805193847
1035,805208063
1035,805210544
1035,805238097
1035,805248188
1035,805251162
1035,806228010
1035,814155355
1035,814165889
1035,814180283
1035,821165889
1035,821180283
1035,821199266
1035,830180283
1035,830191980
1035,830207494
1035,830228861
1035,830234264
1035,830248188
1035,830251161
1035,830251162
1035,830254225
1035,834228010
1035,853073466
1035,853199231
1035,853207494
1035,853213317
1035,853254225
1035,862034666
1035,862140057
1035,862180283
1035,863226652
1035,863228010
1035,863261063
1035,864034666
1035,864136497
1035,864136590
1035,864140057
1035,864155355
1035,864180283
1035,864199266
1036,225136341
1036,225139410
1036,225139420
1036,225139499
1036,225155624
1036,225176403
1036,225179947
1036,225180287
1036,225189224
1036,225192270
1036,225199236
1036,225199301
1036,225211004
1036,225212432
1036,225225733
1036,225228464
1036,225233012
1036,231180287
1036,239189224
1036,239199236
1036,239211004
1036,239212432
1036,239225733
1036,239233018
1036,239234264
1036,239238576
1036,247191909
1036,247203002
1036,252175589
1036,257179947
1036,257203002
1036,257212432
1036,257222798
1036,257225733
1036,257228464
1036,257233018
1036,257238576
1036,277212432
1036,277225733
1036,277233018
1036,277238576
1036,277242924
1036,293199236
1036,293212432
1036,293232595
1036,294234264
1036,294238576
1036,294242082
1036,507225733
1036,510225733
1036,512225733
1036,512233018
1036,514179947
1036,514203002
1036,514212432
1036,514225733
1036,514232595
1036,514233018
1036,516179947
1036,516212432
1036,516225733
1036,516232595
1036,516233018
1036,518212432
1036,518221831
1036,518222592
1036,518227791
1036,518233018
1036,518234264
1036,518234748
1036,518238578
1036,518242924
1036,518252644
1036,805179947
1036,805203002
1036,805211004
1036,805212432
1036,805225733
1036,805232595
1036,805242924
1036,805266789
1036,805268313
1036,806212432
1036,830212432
1036,830225733
1036,830228130
1036,830232595
1036,830233011
1036,830233018
1036,830234264
1036,830266789
1036,853212432
1036,853225733
1036,853227791
1036,853232595
1036,853245848
1036,862199236
1036,862212432
1036,863212432
1036,864176403
1037,252138161
1037,257202986
1037,257213189
1037,272019580
1037,272032743
1037,272136600
1037,272138161
1037,277202749
1037,277202986
1037,277213189
1037,277226652
1037,277228007
1037,277232269
1037,277233018
1037,277242924
1037,277245981
1037,277247686
1037,277248712
1037,277263845
1037,289138161
1037,518210941
1037,518212778
1037,518212912
1037,518213189
1037,518222052
1037,518222582
1037,518227659
1037,518227790
1037,518233018
1037,518233286
1037,518233568
1037,518245054
1037,518255500
1037,518260474
1037,802176346
1037,805200601
1037,805210941
1037,805213189
1037,805222052
1037,805232595
1037,805238354
1037,805242924
1037,805251162
1037,805252662
1037,805255500
1037,805260474
1037,805263845
1037,830200601
1037,830210941
1037,830213189
1037,830222052
1037,830227659
1037,830228007
1037,830228130
1037,830232595
1037,830233011
1037,830233018
1037,830233568
1037,830237091
1037,830245054
1037,830251162
1037,830255500
1037,830260474
1037,830263845
1037,830268342
1037,830276616
1037,853199231
1037,853210941
1037,853213189
1037,853222582
1037,853227659
1037,853227791
1037,853232595
1037,853233286
1037,853238089
1037,853242004
1037,853242821
1037,853243672
1037,853245054
1037,853255500
1037,853259843
1037,853260396
1037,853260474
1037,853263845
1037,853274035
1037,862138161
1037,862199236
1037,863222052
1037,863226652
1037,863247686
1037,863248712
1037,864019580
1037,864136553
1037,864136600
1037,864138161
1037,864139443
1037,864155630
1037,864176403
1037,864200577
1037,864247686
1038,202136265
1038,202136717
1038,202242881
1038,225136246
1038,225136253
1038,225136265
1038,225136433
1038,225136445
1038,225136553
1038,225136606
1038,225136686
1038,225136703
1038,225136717
1038,225139440
1038,225139449
1038,225165894
1038,225191673
1038,225199231
1038,225199236
1038,225199238
1038,225200601
1038,225202304
1038,225202989
1038,225203237
1038,225207546
1038,225208047
1038,225212260
1038,225212439
1038,225212450
1038,225234186
1038,225242881
1038,225242888
1038,225247270
1038,231136553
1038,239199231
1038,239199236
1038,239200601
1038,239212439
1038,239212778
1038,239232857
1038,239234186
1038,239238097
1038,247176389
1038,247191909
1038,257199231
1038,257200601
1038,257203004
1038,257221789
1038,257222798
1038,257226114
1038,257238097
1038,273212260
1038,277199231
1038,277202970
1038,277203004
1038,277228009
1038,277232065
1038,277245981
1038,293199231
1038,293199236
1038,293212260
1038,293212778
1038,293238097
1038,294212260
1038,294245981
1038,295212260
1038,512212260
1038,514200601
1038,516200601
1038,516212439
1038,518199231
1038,518200601
1038,518208047
1038,518208073
1038,518212776
1038,518212778
1038,518227791
1038,518231868
1038,518232065
1038,518232232
1038,518232857
1038,518233286
1038,518243064
1038,805200601
1038,805208073
1038,805232065
1038,805238097
1038,806199231
1038,806238097
1038,830200601
1038,830232065
1038,853199231
1038,853227791
1038,853232065
1038,853232232
1038,853233286
1038,853247844
1038,862199236
1038,864084333
1038,864136553
1039,225032743
1039,225136363
1039,225139417
1039,225139499
1039,225165908
1039,225176403
1039,225184901
1039,225191673
1039,225191980
1039,225199236
1039,225202748
1039,225202749
1039,225202968
1039,225203237
1039,225203618
1039,225204104
1039,225211004
1039,225212439
1039,225212791
1039,225228007
1039,225245400
1039,225247270
1039,239199236
1039,239211004
1039,239212439
1039,239232857
1039,239233018
1039,239245400
1039,247191924
1039,247191980
1039,247232626
1039,257203004
1039,257204725
1039,257222582
1039,257228007
1039,257233018
1039,272032743
1039,277202749
1039,277202970
1039,277203004
1039,277222582
1039,277228007
1039,277233018
1039,277245981
1039,277260397
1039,293199236
1039,294238089
1039,294245981
1039,512233018
1039,514228007
1039,516212439
1039,516228007
1039,516233018
1039,518071103
1039,518184901
1039,518212776
1039,518212839
1039,518221831
1039,518222582
1039,518232857
1039,518233018
1039,518233568
1039,518238089
1039,518238173
1039,518255500
1039,518255917
1039,518259325
1039,518260396
1039,518261128
1039,518261582
1039,518269093
1039,518270203
1039,518276140
1039,802184901
1039,805211004
1039,805212791
1039,805255500
1039,805255917
1039,830071106
1039,830191980
1039,830228007
1039,830230921
1039,830233018
1039,830233568
1039,830237091
1039,830255500
1039,830261128
1039,830269093
1039,830270203
1039,853071103
1039,853222582
1039,853238089
1039,853247844
1039,853255500
1039,853260396
1039,853261128
1039,853274035
1039,862199236
1039,864176403
1039,864191924
1040,225136553
1040,225136594
1040,225138161
1040,225180283
1040,225237484
1040,225241684
1040,225242881
1040,239221875
1040,239228861
1040,239244582
1040,239248188
1040,247176389
1040,247180283
1040,247191909
1040,252138161
1040,252180283
1040,257180283
1040,257191657
1040,257202978
1040,257202986
1040,257221789
1040,257221912
1040,257222734
1040,257228861
1040,264180283
1040,265180283
1040,272103133
1040,272138161
1040,272241684
1040,277180283
1040,277202986
1040,277205156
1040,277208636
1040,277209210
1040,277232269
1040,277244582
1040,277263845
1040,289138161
1040,289180283
1040,289241684
1040,294248188
1040,518180283
1040,518184901
1040,518199259
1040,518208047
1040,518208636
1040,518227632
1040,518229343
1040,518233286
1040,518238354
1040,518238578
1040,518248188
1040,518255917
1040,518256252
1040,518261078
1040,518261115
1040,518261122
1040,518272733
1040,518274437
1040,518276616
1040,802184901
1040,802202978
1040,805180283
1040,805207730
1040,805209210
1040,805212791
1040,805238354
1040,805248188
1040,805255917
1040,805263845
1040,805268313
1040,805272733
1040,814180283
1040,821180283
1040,830180283
1040,830227632
1040,830228861
1040,830229343
1040,830248188
1040,830261053
1040,830261115
1040,830263845
1040,830272733
1040,830274437
1040,830276616
1040,853227632
1040,853233286
1040,853261078
1040,853261115
1040,853263845
1040,853272733
1040,853274437
1040,862138161
1040,862180283
1040,863261063
1040,864103133
1040,864136553
1040,864138161
1040,864180283
1040,864242878
1041,202136594
1041,202136686
1041,210198175
1041,225136448
1041,225136594
1041,225136686
1041,225139443
1041,225139499
1041,225165888
1041,225176317
1041,225176373
1041,225191874
1041,225198175
1041,225199235
1041,225199301
1041,225200595
1041,225200601
1041,225202968
1041,225204104
1041,225204725
1041,225205156
1041,225207442
1041,225210544
1041,225210615
1041,225212817
1041,225212912
1041,225213067
1041,225213316
1041,225221467
1041,225221493
1041,225221789
1041,225222565
1041,225222592
1041,225227789
1041,225227827
1041,225227859
1041,225228007
1041,225232985
1041,225233160
1041,225233279
1041,225233581
1041,225238224
1041,225242885
1041,225243173
1041,234165888
1041,239200601
1041,239205156
1041,239232985
1041,247207730
1041,250244960
1041,257200601
1041,257204725
1041,257221467
1041,257221789
1041,257228007
1041,277202970
1041,277205156
1041,277221467
1041,277228007
1041,280244960
1041,293212912
1041,294212912
1041,507200601
1041,510200601
1041,510205156
1041,510221467
1041,510228007
1041,512200601
1041,512205156
1041,512221467
1041,512267825
1041,514200601
1041,514205156
1041,514207730
1041,514228007
1041,514257386
1041,514267825
1041,516200601
1041,516212347
1041,516228007
1041,516234749
1041,516251161
1041,518200601
1041,518212839
1041,518212912
1041,518221467
1041,518222592
1041,518238173
1041,518251161
1041,805200601
1041,805207730
1041,805210544
1041,805257386
1041,805267825
1041,806212912
1041,830200601
1041,830228007
1041,830251161
1041,853221467
1041,864139443
1042,225007489
1042,225019580
1042,225033730
1042,225044786
1042,225136253
1042,225136265
1042,225136285
1042,225136361
1042,225136590
1042,225155634
1042,225176348
1042,225180287
1042,225192270
1042,225199183
1042,225199236
1042,225200588
1042,225202676
1042,225205156
1042,225211927
1042,225241684
1042,225242887
1042,239200588
1042,239205156
1042,239205565
1042,239218471
1042,239228861
1042,239234264
1042,239245400
1042,247176389
1042,247199183
1042,247200592
1042,247211002
1042,247232626
1042,252019580
1042,252033730
1042,257191657
1042,257199183
1042,257200588
1042,257202978
1042,257205565
1042,257212066
1042,257218471
1042,257221789
1042,257226114
1042,257228861
1042,257247667
1042,257260485
1042,272007489
1042,272019580
1042,272033730
1042,272044786
1042,272136285
1042,272241684
1042,273211927
1042,277205156
1042,277205565
1042,277212066
1042,277222229
1042,277228009
1042,277248712
1042,289019580
1042,289241684
1042,293199236
1042,293211927
1042,294211927
1042,294234264
1042,514232595
1042,518199259
1042,518211927
1042,518222702
1042,518234264
1042,518247667
1042,518266541
1042,518273460
1042,802176348
1042,802202978
1042,805211786
1042,805212066
1042,805232595
1042,805266751
1042,806212066
1042,806248712
1042,821199183
1042,821211002
1042,830228861
1042,830232595
1042,830234264
1042,830266751
1042,853211786
1042,853232595
1042,853242004
1042,862007489
1042,862199236
1042,863248712
1042,864007489
1042,864019580
1042,864033730
1042,864136590
1042,864139443
1042,864155630
1043,202033730
1043,202136285
1043,225033730
1043,225136285
1043,225136454
1043,225136590
1043,225155334
1043,225155355
1043,225155624
1043,225155625
1043,225165903
1043,225176368
1043,225176403
1043,225180287
1043,225184900
1043,225191814
1043,225200236
1043,225200553
1043,225202301
1043,225202986
1043,225202994
1043,225207753
1043,225208047
1043,225212450
1043,225223994
1043,225229694
1043,225238576
1043,225242737
1043,231155355
1043,231180287
1043,239155355
1043,239184900
1043,239202994
1043,239207645
1043,239223994
1043,239229694
1043,239238354
1043,239238576
1043,247176368
1043,247232626
1043,252033730
1043,252202986
1043,257202986
1043,257202994
1043,257204725
1043,257209449
1043,257221789
1043,257233410
1043,257238576
1043,257242737
1043,272033730
1043,272103133
1043,272136285
1043,272136454
1043,277155355
1043,277202986
1043,277207645
1043,277208636
1043,277209449
1043,277232269
1043,277238351
1043,277238576
1043,277241970
1043,294236586
1043,294238576
1043,512202986
1043,514228124
1043,518199259
1043,518208047
1043,518208636
1043,518209449
1043,518221859
1043,518223994
1043,518231912
1043,518238354
1043,518245159
1043,518252644
1043,518252659
1043,518264226
1043,518272772
1043,518273797
1043,518278310
1043,802202994
1043,802221643
1043,805207753
1043,805209449
1043,805238354
1043,805241970
1043,805257386
1043,806229694
1043,814155355
1043,815210521
1043,830223994
1043,830228124
1043,830233011
1043,864033730
1043,864103133
1043,864136590
1043,864155355
1043,864176403
1044,225136360
1044,225136363
1044,225136606
1044,225176403
1044,225200588
1044,225200601
1044,225211927
1044,225242888
1044,225242890
1044,239200588
1044,239205156
1044,239238576
1044,247182152
1044,247193144
1044,257191657
1044,257200588
1044,257200601
1044,257209449
1044,257211635
1044,257213189
1044,257221467
1044,257222798
1044,257233410
1044,257238576
1044,257242737
1044,257247667
1044,272032743
1044,277202749
1044,277205156
1044,277209449
1044,277211635
1044,277213189
1044,277221467
1044,277232065
1044,277238576
1044,294211927
1044,294238576
1044,518070419
1044,518083203
1044,518083267
1044,518193144
1044,518200601
1044,518209449
1044,518210941
1044,518211927
1044,518213189
1044,518221467
1044,518221759
1044,518221859
1044,518222702
1044,518229343
1044,518231912
1044,518232065
1044,518232857
1044,518232865
1044,518239596
1044,518242821
1044,518247667
1044,518251580
1044,518252810
1044,518255519
1044,518259325
1044,518260474
1044,518261122
1044,518261128
1044,518264226
1044,805200601
1044,805207753
1044,805209449
1044,805210941
1044,805211786
1044,805213189
1044,805221759
1044,805227788
1044,805232065
1044,805238763
1044,805260474
1044,806227788
1044,821182152
1044,830200601
1044,830210941
1044,830213189
1044,830228130
1044,830229343
1044,830232065
1044,830237091
1044,830238763
1044,830260474
1044,830261128
1044,853193144
1044,853210941
1044,853211786
1044,853213189
1044,853221467
1044,853232065
1044,853242821
1044,853260474
1044,853261128
1044,864176403
1044,864182152
1047,201188152
1047,201189362
1047,207188152
1047,207189362
1047,207192598
1047,215189362
1047,215221445
1047,218184200
1047,218192598
1047,218228819
1047,219228819
1047,231188152
1047,234181573
1047,234184200
1047,237189362
1047,246188152
1047,253184200
1047,257222729
1047,272003622
1047,277254894
1047,281003622
1047,289184200
1047,300184200
1047,300228819
1047,300254894
1047,320189362
1047,321181573
1047,321192598
1047,321221445
1047,321228173
1047,321228819
1047,322207734
1047,324184200
1047,324188152
1047,500184200
1047,501181573
1047,501184200
1047,501188152
1047,501189362
1047,501192598
1047,501200672
1047,501202102
1047,501221445
1047,501222204
1047,501222273
1047,501222346
1047,501223344
1047,501224599
1047,501224604
1047,501224608
1047,501224611
1047,501224624
1047,501224633
1047,501224690
1047,501228173
1047,502181573
1047,502184200
1047,502188152
1047,502189362
1047,502192598
1047,502200672
1047,502202102
1047,502221445
1047,502221847
1047,502222204
1047,502222273
1047,502222346
1047,502223344
1047,502224599
1047,502224604
1047,502224608
1047,502224611
1047,502224624
1047,502224633
1047,502227939
1047,502228173
1047,502236679
1047,503221445
1047,503228819
1047,507222729
1047,508184200
1047,508221445
1047,511184200
1047,512222729
1047,513184200
1047,515184200
1047,810184200
1047,813003622
1047,814184200
1047,815184200
1047,825003622
1047,827003622
1047,829003622
1047,840003622
1047,845003622
1047,848003622
1047,849003622
1047,861003622
1047,863184200
1047,867003622
1049,201139927
1049,201176944
1049,207176944
1049,207177765
1049,218194135
1049,218211108
1049,225194135
1049,225221875
1049,231158293
1049,231164376
1049,231176944
1049,234176944
1049,234186648
1049,239221875
1049,246164376
1049,251176944
1049,257205401
1049,272176944
1049,277205401
1049,277254894
1049,293221875
1049,295221875
1049,300182224
1049,300205401
1049,300221875
1049,300230601
1049,300234032
1049,300254894
1049,300268313
1049,318138456
1049,318193869
1049,318206171
1049,319194135
1049,320164376
1049,320177765
1049,320226211
1049,321186648
1049,321211108
1049,322221875
1049,323176944
1049,323195412
1049,323238860
1049,501139927
1049,501158293
1049,501164376
1049,501176944
1049,501181848
1049,501182224
1049,501182343
1049,501182412
1049,501182427
1049,501191572
1049,501193869
1049,501199088
1049,501211108
1049,501221846
1049,501221847
1049,501221854
1049,501221855
1049,501221857
1049,501221875
1049,501222240
1049,501222346
1049,501226211
1049,501232871
1049,502158293
1049,502164376
1049,502176944
1049,502182224
1049,502182343
1049,502182412
1049,502182427
1049,502191572
1049,502194135
1049,502195412
1049,502199088
1049,502211108
1049,502221847
1049,502221854
1049,502221857
1049,502221875
1049,502222240
1049,502222346
1049,502223298
1049,502226211
1049,502228072
1049,502233394
1049,504221875
1049,507205401
1049,510205401
1049,512205401
1049,512268313
1049,805205401
1049,805268313
1049,835176944
1049,840176944
1049,846176944
1049,852176944
1049,861176944
1049,867176944
1051,202044786
1051,217164477
1051,217220131
1051,225044786
1051,225192270
1051,231164477
1051,234164477
1051,234181573
1051,234186648
1051,242193198
1051,246164477
1051,247211002
1051,272044786
1051,273193198
1051,277209210
1051,291193198
1051,300193198
1051,300209210
1051,300211002
1051,300213013
1051,300217021
1051,300221798
1051,300224466
1051,300236810
1051,300236997
1051,300237670
1051,300246918
1051,300260645
1051,300262423
1051,300262447
1051,300263029
1051,317209304
1051,318244268
1051,318245348
1051,319184069
1051,319188130
1051,319192270
1051,320164477
1051,320182996
1051,320217021
1051,320244268
1051,321181573
1051,321183520
1051,321186648
1051,321209304
1051,322182343
1051,322188130
1051,322192270
1051,322217021
1051,322220131
1051,322222306
1051,322237670
1051,323183520
1051,323209210
1051,323243556
1051,323244268
1051,324245348
1051,324268777
1051,501181573
1051,501182343
1051,501182360
1051,501182996
1051,501183997
1051,501184069
1051,501186229
1051,501191532
1051,501192270
1051,501213013
1051,501221847
1051,501222306
1051,502181573
1051,502182343
1051,502182360
1051,502182996
1051,502183997
1051,502184069
1051,502186229
1051,502188130
1051,502191532
1051,502192270
1051,502213013
1051,502221847
1051,502222306
1051,502222624
1051,502226021
1051,507209210
1051,510209210
1051,512209210
1051,512217021
1051,514211002
1051,515193198
1051,516262447
1051,517193198
1051,518263029
1051,805209210
1051,815193198
1051,821211002
1051,829193198
1051,840193198
1051,853262447
1053,100031432
1053,101031432
1053,110031432
1053,111031432
1053,113031432
1053,201137494
1053,201169051
1053,206190813
1053,207137494
1053,207143001
1053,207169051
1053,207185195
1053,210190813
1053,215190813
1053,217185195
1053,218190813
1053,218191910
1053,218211108
1053,225191910
1053,231143001
1053,231164959
1053,231177134
1053,233031432
1053,233143001
1053,233164959
1053,234031432
1053,234143001
1053,234191910
1053,237031432
1053,237143001
1053,242238857
1053,246137494
1053,246164959
1053,246238857
1053,247203002
1053,251150106
1053,251190813
1053,252031432
1053,252175589
1053,254031432
1053,256031432
1053,256164959
1053,257203002
1053,261051412
1053,264031432
1053,268031432
1053,273231138
1053,284031432
1053,284190813
1053,289031432
1053,289051412
1053,295191910
1053,298191910
1053,500190813
1053,501162280
1053,501190813
1053,501196147
1053,501211108
1053,502162280
1053,502164959
1053,502185195
1053,502190813
1053,502196147
1053,502211108
1053,502217153
1053,502222204
1053,502231138
1053,507203002
1053,512203002
1053,512238310
1053,514203002
1053,514228124
1053,515190813
1053,805203002
1053,811143001
1053,813031432
1053,814031432
1053,814143001
1053,821143001
1053,825031432
1053,825143001
1053,827031432
1053,827143001
1053,829031432
1053,830228124
1053,840031432
1053,840190813
1053,845051412
1053,845231138
1053,846031432
1053,846143001
1053,848031432
1053,848143001
1053,852031432
1053,861031432
1053,861051412
1053,861143001
1053,864191910
1053,867031432
1053,867051412
1062,225136363
1062,225176368
1062,225191679
1062,225192270
1062,225202301
1062,225202304
1062,225202305
1062,225202978
1062,225207442
1062,225207811
1062,225208063
1062,225208073
1062,225213172
1062,225221567
1062,225226651
1062,225227787
1062,225232338
1062,225233279
1062,225233282
1062,225237999
1062,225244723
1062,225247468
1062,239238097
1062,239244723
1062,239246937
1062,247176368
1062,257202305
1062,257202978
1062,257222582
1062,257238097
1062,277222582
1062,277245981
1062,277246937
1062,293238097
1062,293246937
1062,294245981
1062,294246937
1062,512209839
1062,512238097
1062,514208063
1062,514208073
1062,514211786
1062,514221767
1062,514222582
1062,514246937
1062,514260492
1062,516208073
1062,516211786
1062,516221767
1062,516222582
1062,516238098
1062,516245981
1062,516246937
1062,516247748
1062,516254886
1062,518071359
1062,518083960
1062,518208073
1062,518220922
1062,518221759
1062,518221767
1062,518221831
1062,518222582
1062,518232232
1062,518233280
1062,518233286
1062,518238098
1062,518243064
1062,518247748
1062,518252644
1062,518255519
1062,518266541
1062,518269093
1062,518274839
1062,802202978
1062,805208063
1062,805208073
1062,805209839
1062,805210544
1062,805211786
1062,805221759
1062,805238097
1062,805238098
1062,805243422
1062,805254886
1062,805260492
1062,805266751
1062,806238097
1062,806238098
1062,815254886
1062,830070418
1062,830247748
1062,830266751
1062,830269093
1062,853211786
1062,853221767
1062,853222582
1062,853232232
1062,853233286
1062,853259843
1063,202007489
1063,202242878
1063,225007489
1063,225044786
1063,225136246
1063,225136391
1063,225139456
1063,225155334
1063,225155624
1063,225155625
1063,225156392
1063,225165894
1063,225176368
1063,225191657
1063,225191980
1063,225200592
1063,225202305
1063,225203618
1063,225208063
1063,225212450
1063,225226096
1063,225227788
1063,225228007
1063,225232338
1063,225233279
1063,225237488
1063,225242878
1063,225242886
1063,225242890
1063,225243061
1063,225254318
1063,239210941
1063,239243061
1063,239244800
1063,247176368
1063,247191909
1063,247191924
1063,247191980
1063,247200592
1063,252242886
1063,257191657
1063,257202305
1063,257202978
1063,257228007
1063,257228464
1063,257243061
1063,272007489
1063,272044786
1063,272136391
1063,277228007
1063,277228009
1063,277238394
1063,293227659
1063,293243061
1063,293244800
1063,294227659
1063,294237778
1063,294243061
1063,514210941
1063,514227788
1063,514228007
1063,516210941
1063,516228007
1063,516228464
1063,516245261
1063,518210941
1063,518221759
1063,518227659
1063,518232232
1063,518233568
1063,518234328
1063,518243061
1063,518244800
1063,518251161
1063,518255245
1063,518261078
1063,518261122
1063,518268895
1063,802202978
1063,805207753
1063,805208063
1063,805210941
1063,805221759
1063,805227788
1063,806227788
1063,830191980
1063,830210941
1063,830227659
1063,830228007
1063,830233568
1063,830251161
1063,853210941
1063,853227659
1063,853232232
1063,853261078
1063,853268895
1063,862007489
1063,864007489
1063,864191924
1063,864242878
1064,225199183
1064,225200549
1064,225202304
1064,225207442
1064,225207546
1064,225212440
1064,225212759
1064,225212776
1064,225212778
1064,225213067
1064,225213171
1064,225213172
1064,225221383
1064,225221762
1064,225221836
1064,225222565
1064,225222592
1064,225222702
1064,225227791
1064,225228176
1064,225232232
1064,225234276
1064,225238577
1064,225245054
1064,225247714
1064,239212778
1064,239247686
1064,247199183
1064,247207730
1064,257199183
1064,257245054
1064,273230755
1064,273247686
1064,277247686
1064,293212778
1064,293245054
1064,293247686
1064,294245054
1064,295199183
1064,295212778
1064,295245054
1064,504199183
1064,507199183
1064,507245054
1064,510199183
1064,512198080
1064,512199183
1064,512207730
1064,512213170
1064,512234276
1064,512247686
1064,514207730
1064,514212778
1064,514230921
1064,514245054
1064,514252662
1064,516071454
1064,516071455
1064,516199259
1064,516212347
1064,516212776
1064,516222592
1064,516232232
1064,516234276
1064,516235370
1064,516238173
1064,516240280
1064,516243064
1064,516245054
1064,516272992
1064,518071411
1064,518199259
1064,518212776
1064,518212778
1064,518222592
1064,518222702
1064,518227791
1064,518232232
1064,518233711
1064,518238173
1064,518239962
1064,518240280
1064,518243064
1064,518245054
1064,518255245
1064,518272992
1064,805207730
1064,805252662
1064,806247686
1064,821199183
1064,830230921
1064,830245054
1064,853227791
1064,853232232
1064,853233711
1064,853240280
1064,853245054
1064,853272992
1064,863247686
1064,864247686
1065,202139449
1065,218202301
1065,225139449
1065,225187171
1065,225191926
1065,225200549
1065,225200601
1065,225202301
1065,225202949
1065,225202980
1065,225204725
1065,225212759
1065,225221467
1065,225221576
1065,225222651
1065,225222702
1065,225227787
1065,225232338
1065,225234328
1065,225237999
1065,225240186
1065,225242925
1065,225243626
1065,225245982
1065,239200601
1065,257200601
1065,257204725
1065,257221467
1065,277221467
1065,294242082
1065,295238057
1065,501221467
1065,502202301
1065,502213170
1065,502221467
1065,504187171
1065,504200601
1065,504202301
1065,504202949
1065,504202980
1065,504227787
1065,504232338
1065,504232865
1065,504237999
1065,504238057
1065,504242925
1065,507200601
1065,507202301
1065,507202949
1065,507204725
1065,507213170
1065,507221467
1065,507227787
1065,507232338
1065,507237999
1065,510200601
1065,510213170
1065,510221467
1065,512200601
1065,512202949
1065,512213170
1065,512221467
1065,512227787
1065,512234301
1065,512240186
1065,512255035
1065,512259325
1065,512260166
1065,512273460
1065,514200601
1065,514204725
1065,514240186
1065,514242082
1065,514259325
1065,514276516
1065,516200601
1065,516212347
1065,516227787
1065,516232865
1065,516255035
1065,516261053
1065,516274672
1065,516276516
1065,518070428
1065,518077320
1065,518200601
1065,518221467
1065,518222702
1065,518232865
1065,518234328
1065,518252150
1065,518255035
1065,518259325
1065,518260476
1065,518272988
1065,518273460
1065,805200601
1065,830200601
1065,830261053
1065,853221467
1066,225242101
1066,225243626
1066,277243673
1066,295251158
1066,300070218
1066,300074223
1066,300077477
1066,300079462
1066,300079468
1066,300083850
1066,300200555
1066,300202975
1066,300212435
1066,300221383
1066,300222142
1066,300226617
1066,300228487
1066,300233162
1066,300233286
1066,300238088
1066,300238287
1066,300238762
1066,300243672
1066,300243673
1066,300243754
1066,300245984
1066,300247471
1066,300248238
1066,300252809
1066,300254870
1066,300255161
1066,300255245
1066,300259172
1066,300261116
1066,300266475
1066,300269751
1066,300274652
1066,317176316
1066,317182923
1066,317202995
1066,317237944
1066,318202302
1066,318202995
1066,318212435
1066,318212438
1066,318237972
1066,318242668
1066,319213185
1066,319227634
1066,319230108
1066,320202495
1066,320202975
1066,320238287
1066,320238347
1066,320247929
1066,320255975
1066,321226617
1066,322200555
1066,322203003
1066,322228128
1066,322242101
1066,322254870
1066,322258026
1066,323070218
1066,323202995
1066,323212435
1066,323254870
1066,323266754
1066,323274497
1066,324077478
1066,324238250
1066,324243626
1066,324251158
1066,324252636
1066,501202975
1066,501221383
1066,502202975
1066,502221383
1066,502242101
1066,504202975
1066,504221383
1066,504242101
1066,507221383
1066,507247471
1066,512233286
1066,512243673
1066,512247471
1066,514233286
1066,514243673
1066,516243672
1066,516243673
1066,516247471
1066,518233286
1066,518243672
1066,518255245
1066,596243673
1066,805243673
1066,853233286
1066,853243672
1066,853243673
1067,202019580
1067,202033730
1067,202136285
1067,202136594
1067,202136686
1067,202136705
1067,202139449
1067,202155634
1067,202241684
1067,225019580
1067,225033730
1067,225136285
1067,225136306
1067,225136433
1067,225136445
1067,225136594
1067,225136651
1067,225136686
1067,225136703
1067,225136705
1067,225139410
1067,225139449
1067,225155334
1067,225155625
1067,225155634
1067,225165867
1067,225165880
1067,225165888
1067,225165903
1067,225191679
1067,225191874
1067,225191980
1067,225199262
1067,225199266
1067,225200553
1067,225200595
1067,225202989
1067,225207546
1067,225213001
1067,225221174
1067,225221467
1067,225221647
1067,225231942
1067,225232216
1067,225232269
1067,225234276
1067,225237091
1067,225241684
1067,225242885
1067,234199266
1067,247191980
1067,247199266
1067,252019580
1067,252033730
1067,253221174
1067,257221467
1067,272019580
1067,272033730
1067,272136285
1067,272136705
1067,272241684
1067,273221174
1067,277221467
1067,277232269
1067,289019580
1067,289136705
1067,289241684
1067,294237778
1067,294238089
1067,510221467
1067,512221467
1067,514223336
1067,514229343
1067,514257386
1067,516229343
1067,516233568
1067,516234276
1067,516237778
1067,518070428
1067,518199259
1067,518221467
1067,518229343
1067,518231912
1067,518233568
1067,518238089
1067,518243672
1067,518256252
1067,805257386
1067,821199266
1067,830191980
1067,830229343
1067,830233568
1067,830237091
1067,853221467
1067,853238089
1067,853243672
1067,864019580
1067,864033730
1067,864136705
1067,864199266
1068,202136265
1068,225136265
1068,225136363
1068,225165880
1068,225165894
1068,225165908
1068,225176348
1068,225176373
1068,225184901
1068,225191814
1068,225191874
1068,225199235
1068,225200549
1068,225200553
1068,225202304
1068,225202748
1068,225202949
1068,225202966
1068,225202978
1068,225202980
1068,225202994
1068,225205156
1068,225208063
1068,225208073
1068,225212018
1068,225212759
1068,225212776
1068,225213001
1068,225213172
1068,225221643
1068,225221762
1068,225221836
1068,225221859
1068,225221875
1068,225222565
1068,225222592
1068,225227788
1068,225228010
1068,225228480
1068,225231947
1068,225234322
1068,234176348
1068,239202994
1068,239205156
1068,239221875
1068,252187447
1068,257202978
1068,257202994
1068,273228010
1068,277205156
1068,277208636
1068,277222229
1068,293221875
1068,293228010
1068,295208063
1068,295221875
1068,295228010
1068,510202994
1068,510205156
1068,512202994
1068,512205156
1068,512208063
1068,512208636
1068,512221643
1068,512222229
1068,514205156
1068,514208063
1068,514208073
1068,514208636
1068,514221643
1068,514221859
1068,514227788
1068,514244447
1068,514255329
1068,516184901
1068,516208073
1068,516212776
1068,516228534
1068,516232831
1068,516261880
1068,518184901
1068,518208073
1068,518208636
1068,518212776
1068,518221859
1068,518222592
1068,518268342
1068,802176348
1068,802184901
1068,802202978
1068,802202994
1068,802221643
1068,805208063
1068,805208073
1068,805227788
1068,806227788
1068,806228010
1068,830268342
1068,834228010
1068,863228010
1069,225139443
1069,225165894
1069,225191814
1069,225199238
1069,225200577
1069,225200601
1069,225202301
1069,225202966
1069,225202974
1069,225202994
1069,225212912
1069,225221875
1069,225227788
1069,225228007
1069,225231942
1069,225237098
1069,239200577
1069,239200601
1069,239202994
1069,239210941
1069,239212778
1069,239221875
1069,239234264
1069,239237098
1069,247191924
1069,247199266
1069,247207730
1069,257200601
1069,257202994
1069,257203004
1069,257208153
1069,257224794
1069,257228007
1069,257244798
1069,273200577
1069,277203004
1069,277208153
1069,277228007
1069,277232000
1069,277238394
1069,293200577
1069,293212778
1069,293212912
1069,293221875
1069,294212912
1069,294234264
1069,294237778
1069,514200601
1069,514210941
1069,514227788
1069,514228007
1069,516200601
1069,516210941
1069,516228007
1069,516232000
1069,516254225
1069,518199259
1069,518200601
1069,518210941
1069,518212778
1069,518212839
1069,518212912
1069,518231912
1069,518234264
1069,518238173
1069,518254225
1069,518261128
1069,518268342
1069,518268895
1069,802202994
1069,805200601
1069,805207730
1069,805210544
1069,805210941
1069,805227788
1069,805232000
1069,806212912
1069,806227788
1069,821199266
1069,830200601
1069,830210941
1069,830228007
1069,830232000
1069,830234264
1069,830254225
1069,830261128
1069,830268342
1069,853077661
1069,853210941
1069,853233078
1069,853247844
1069,853254225
1069,853261128
1069,853268895
1069,862232000
1069,864139443
1069,864191566
1069,864191924
1069,864199266
1069,864200577
1070,225136306
1070,225139417
1070,225139500
1070,225155634
1070,225176368
1070,225198874
1070,225208063
1070,225212791
1070,225228010
1070,225233012
1070,225247270
1070,239210941
1070,239238354
1070,239244800
1070,239246937
1070,247176368
1070,247232626
1070,257204725
1070,257213189
1070,257233410
1070,257244798
1070,273228010
1070,277213189
1070,277232065
1070,277238394
1070,277243673
1070,277246937
1070,293228010
1070,293244800
1070,293246937
1070,294233770
1070,294236586
1070,294242082
1070,294246937
1070,514213189
1070,516210941
1070,516213189
1070,516243673
1070,516246937
1070,516256370
1070,518199259
1070,518208073
1070,518210941
1070,518213189
1070,518222052
1070,518229343
1070,518232065
1070,518238098
1070,518238354
1070,518238578
1070,518242182
1070,518242821
1070,518244800
1070,518251580
1070,518252810
1070,518255245
1070,518256370
1070,518258358
1070,518260474
1070,518263034
1070,518273633
1070,805208063
1070,805208073
1070,805210544
1070,805210941
1070,805212791
1070,805213189
1070,805222052
1070,805232065
1070,805238098
1070,805238354
1070,805243673
1070,805256370
1070,805257386
1070,805260474
1070,805263034
1070,805267825
1070,806228010
1070,806238098
1070,806252320
1070,830210941
1070,830213189
1070,830222052
1070,830228130
1070,830229343
1070,830232065
1070,830237091
1070,830256370
1070,830260474
1070,834228010
1070,853210941
1070,853213189
1070,853232065
1070,853242821
1070,853243673
1070,853259843
1070,853260474
1070,853263034
1070,863222052
1070,863228010
1071,202136686
1071,225136686
1071,225139443
1071,225165867
1071,225193847
1071,225199262
1071,225202748
1071,225202749
1071,225202974
1071,225204725
1071,225206520
1071,225208047
1071,225213189
1071,225221567
1071,225221700
1071,225221762
1071,225222565
1071,225222574
1071,225222691
1071,225227612
1071,225227632
1071,225227982
1071,225233282
1071,225233552
1071,225233581
1071,225244837
1071,252193847
1071,257193847
1071,257204725
1071,257213189
1071,277202749
1071,277213189
1071,277232269
1071,277242924
1071,293234748
1071,294238574
1071,295234748
1071,504193847
1071,504208047
1071,507193847
1071,507199262
1071,507208047
1071,507213189
1071,510136686
1071,510193847
1071,510202748
1071,510202749
1071,510213189
1071,510234748
1071,512193847
1071,512202749
1071,512202974
1071,512206521
1071,512208047
1071,512213170
1071,512213189
1071,512221759
1071,512223336
1071,512233581
1071,512242924
1071,512244837
1071,514204725
1071,514208047
1071,514212535
1071,514213189
1071,514221759
1071,514223336
1071,514232269
1071,514238574
1071,514242924
1071,516213189
1071,516221759
1071,516227632
1071,516232865
1071,516243064
1071,516243672
1071,518070428
1071,518208047
1071,518213189
1071,518221759
1071,518227632
1071,518232865
1071,518234328
1071,518234748
1071,518242924
1071,518243064
1071,518243672
1071,518255519
1071,518278310
1071,805193847
1071,805213189
1071,805221759
1071,805242924
1071,830213189
1071,830227632
1071,853213189
1071,853227632
1071,853243672
1071,864136497
1071,864139443
2001,100039943
2001,100191208
2001,110039943
2001,110191208
2001,113039943
2001,278200104
2001,287237086
2001,807200104
2001,807237086
2001,820200104
2001,830071106
2001,830245054
2001,831200104
2001,834237086
2001,836200104
2001,839039943
2001,839200104
2001,840191208
2001,840200104
2001,844200104
2001,844237086
2001,846200104
2001,848039943
2001,848200104
2001,848237086
2001,851221671
2001,852191208
2001,853199231
2001,853210941
2001,853212432
2001,853213189
2001,853213317
2001,853221467
2001,853222582
2001,853227632
2001,853227659
2001,853227791
2001,853232065
2001,853232232
2001,853232595
2001,853233286
2001,853238089
2001,853238570
2001,853242004
2001,853242821
2001,853243672
2001,853243673
2001,853245054
2001,853247844
2001,853255500
2001,853259843
2001,853260396
2001,853260474
2001,853261078
2001,853261115
2001,853261128
2001,853263845
2001,853268895
2001,853274035
2001,855200104
2001,861039943
2001,861191208
2001,862138161
2001,862180283
2001,863200104
2001,863221671
2001,863237086
2001,863243780
2001,864007489
2001,864019580
2001,864033730
2001,864034666
2001,864039943
2001,864084333
2001,864103133
2001,864136497
2001,864136553
2001,864136590
2001,864136600
2001,864136705
2001,864138161
2001,864139443
2001,864140053
2001,864140057
2001,864155355
2001,864155630
2001,864176403
2001,864180283
2001,864182152
2001,864191566
2001,864191910
2001,864191924
2001,864199266
2001,864200104
2001,864200577
2001,864226380
2001,864242878
2001,864247686
2001,866200104
2001,868191208
2002,100001116
2002,100001397
2002,100001419
2002,100001605
2002,100001615
2002,100001620
2002,100001625
2002,100001668
2002,100005984
2002,100156616
2002,100167198
2002,100222481
2002,110001116
2002,110001397
2002,110001419
2002,110001605
2002,110001615
2002,110001620
2002,110001625
2002,110001668
2002,110005984
2002,110156616
2002,110167198
2002,110222481
2002,831231747
2002,836231747
2002,840194765
2002,844228093
2002,844229558
2002,844231443
2002,844231747
2002,844232360
2002,844247827
2002,844251570
2002,844257289
2002,844264652
2002,845001116
2002,845001397
2002,845001615
2002,845001625
2002,845222481
2002,846165153
2002,848001397
2002,848001419
2002,848001625
2002,848156616
2002,848165153
2002,848215914
2002,852167198
2002,854231443
2002,854231747
2002,854241486
2002,854243715
2002,855236461
2002,855247827
2002,855264652
2002,856231747
2002,856247827
2002,856271421
2002,861001116
2002,861001397
2002,861001419
2002,861001615
2002,861001620
2002,861001625
2002,861001668
2002,861156616
2002,861222481
2002,863231747
2002,863247827
2002,866070415
2002,866190674
2002,866204970
2002,866208787
2002,866210008
2002,866215698
2002,866219683
2002,866223874
2002,866229236
2002,866229558
2002,866231443
2002,866231747
2002,866235454
2002,866241637
2002,866243715
2002,866243854
2002,866247827
2002,866251570
2002,866264652
2002,866264862
2002,866270673
2002,867001116
2002,867001419
2002,867001668
2002,867191972
2002,867210008
2002,867232656
2002,868001397
2002,868001419
2002,868001625
2003,100001040
2003,100004231
2003,100005003
2003,100028130
2003,100037576
2003,100138449
2003,100166691
2003,100167135
2003,100176676
2003,100190043
2003,100190046
2003,100192190
2003,100247553
2003,100268513
2003,110001040
2003,110004231
2003,110005003
2003,110028130
2003,110037576
2003,110138449
2003,110166691
2003,110167135
2003,110176676
2003,110190043
2003,110190046
2003,110192190
2003,110247553
2003,110268513
2003,113028130
2003,831238794
2003,836037576
2003,840180403
2003,844232580
2003,844233419
2003,844238794
2003,844240243
2003,844273018
2003,845001040
2003,845004231
2003,845005003
2003,845037576
2003,845192190
2003,845200145
2003,845201942
2003,845230658
2003,848028130
2003,848037576
2003,848176676
2003,848200145
2003,848238794
2003,850037576
2003,852004231
2003,852037576
2003,853225733
2003,855207865
2003,855212831
2003,855232580
2003,855233419
2003,855238794
2003,855247851
2003,855255475
2003,856232580
2003,856251566
2003,861001040
2003,861004231
2003,861005003
2003,861028130
2003,861037576
2003,861047390
2003,861107715
2003,861138449
2003,861166691
2003,861167135
2003,861176676
2003,861190043
2003,861190046
2003,861192190
2003,861247553
2003,861268513
2003,863247851
2003,866080170
2003,866200145
2003,866232580
2003,866233419
2003,866234505
2003,866239580
2003,866241509
2003,866247257
2003,866247851
2003,866252042
2003,866275771
2003,867001040
2003,867028130
2003,867176676
2003,867200145
2003,867223334
2003,867238794
2003,867247851
2003,868037576
2003,868138449
2004,100000488
2004,100003647
2004,100011141
2004,100121939
2004,100121944
2004,100168473
2004,100182521
2004,100190048
2004,100191189
2004,100215732
2004,110000488
2004,110003647
2004,110011141
2004,110121939
2004,110121944
2004,110168473
2004,110182521
2004,110190048
2004,110191189
2004,110215732
2004,820256630
2004,827191189
2004,832256630
2004,836168473
2004,836190048
2004,836256630
2004,840166676
2004,840191189
2004,840256630
2004,840261593
2004,844212622
2004,844213331
2004,844214096
2004,844225309
2004,844256630
2004,844256790
2004,845168473
2004,845190048
2004,848000488
2004,848121939
2004,848121944
2004,848167495
2004,848182521
2004,848186942
2004,848192318
2004,848206113
2004,848212188
2004,848212622
2004,848222492
2004,848256630
2004,852000488
2004,852011141
2004,852150418
2004,852166676
2004,852168473
2004,852189596
2004,852190048
2004,852191189
2004,852256630
2004,855212622
2004,855213331
2004,855227647
2004,855236703
2004,855247819
2004,855250959
2004,855256790
2004,856078063
2004,856206113
2004,856212622
2004,856256630
2004,858081644
2004,861000488
2004,861011141
2004,861081644
2004,861121939
2004,861121944
2004,861166676
2004,861168473
2004,861182521
2004,861190048
2004,861191189
2004,861215732
2004,861261593
2004,863256630
2004,866078063
2004,866193698
2004,866206113
2004,866212622
2004,866213331
2004,866236703
2004,866244176
2004,866247819
2004,866250959
2004,866275298
2004,867000488
2004,867166676
2004,867235790
2004,867261593
2004,868168473
2004,868191189
2005,100001256
2005,100004000
2005,100005680
2005,100007826
2005,100010264
2005,100051539
2005,100167680
2005,100190045
2005,100192181
2005,100214098
2005,100214100
2005,110001256
2005,110004000
2005,110005680
2005,110007826
2005,110010264
2005,110051539
2005,110167680
2005,110190045
2005,110192181
2005,110214098
2005,110214100
2005,820203376
2005,820253149
2005,825190045
2005,825192181
2005,827190045
2005,827192181
2005,827214100
2005,829203376
2005,831203376
2005,834233096
2005,836190045
2005,836192181
2005,836214100
2005,840004000
2005,844189805
2005,844203376
2005,844233096
2005,844240638
2005,844244728
2005,844245367
2005,844246104
2005,844253149
2005,844258437
2005,845167680
2005,845192181
2005,845214098
2005,845214100
2005,846203376
2005,848004000
2005,848005740
2005,848051539
2005,848198176
2005,848203376
2005,848253149
2005,850190045
2005,851208461
2005,852007826
2005,852010264
2005,852214100
2005,854203376
2005,855228702
2005,855233096
2005,855246104
2005,855258437
2005,855264453
2005,856203376
2005,858010704
2005,861004000
2005,861005680
2005,861005740
2005,861007826
2005,861015723
2005,861051539
2005,861139869
2005,861167680
2005,861190045
2005,861214098
2005,861214100
2005,863202556
2005,863203376
2005,863228702
2005,863233096
2005,863242516
2005,866079027
2005,866203376
2005,866235149
2005,866251805
2005,866253109
2005,866262311
2005,867167680
2005,867208461
2005,867242453
2005,867245367
2005,868004000
2005,868190045
2005,868192181
2005,868214098
2005,868214100
2006,100000051
2006,100000246
2006,100000250
2006,100000388
2006,100005419
2006,100005467
2006,100005471
2006,100007289
2006,100013743
2006,100034079
2006,100054050
2006,100190044
2006,100214267
2006,100230025
2006,100247515
2006,100248146
2006,110000051
2006,110000246
2006,110000250
2006,110000388
2006,110005419
2006,110005467
2006,110005471
2006,110007289
2006,110013743
2006,110034079
2006,110054050
2006,110190044
2006,110214267
2006,110230025
2006,110247515
2006,110248146
2006,113007289
2006,113013743
2006,807252371
2006,820202126
2006,820252371
2006,831252371
2006,831257534
2006,832202126
2006,836005419
2006,836230025
2006,836252371
2006,844202126
2006,844231281
2006,844234378
2006,844246669
2006,844252371
2006,844257534
2006,846000250
2006,846013743
2006,848000246
2006,848000388
2006,848005471
2006,848202126
2006,848202652
2006,848211117
2006,848231281
2006,848252371
2006,851224371
2006,851235794
2006,852005471
2006,852013743
2006,852233049
2006,854234378
2006,855202126
2006,855241159
2006,855252371
2006,855257534
2006,856202126
2006,856234378
2006,856246669
2006,861000250
2006,861013743
2006,861190044
2006,861214267
2006,861230025
2006,863202126
2006,863227678
2006,863234378
2006,863238074
2006,866186146
2006,866202126
2006,866212228
2006,866234249
2006,866234378
2006,866238074
2006,866277427
2006,867000250
2006,867054050
2006,867138412
2006,867202695
2006,867205569
2006,867220697
2006,867231352
2006,867242964
2006,867248146
2006,868005471
2006,868007289
2006,868230025
2007,100001025
2007,100005589
2007,100214101
2007,100242519
2007,110001025
2007,110005589
2007,110214101
2007,110242519
2007,807239818
2007,814005589
2007,820241721
2007,825005589
2007,825020801
2007,826212198
2007,827005589
2007,827242519
2007,828020801
2007,829005589
2007,829020801
2007,832020801
2007,832212198
2007,832239818
2007,834252145
2007,834255253
2007,834272834
2007,836020801
2007,839005589
2007,839020801
2007,839238616
2007,840003622
2007,840212198
2007,844020801
2007,844210514
2007,844212198
2007,844213516
2007,844234577
2007,844244778
2007,844251615
2007,844252145
2007,844255253
2007,844257179
2007,844272834
2007,845020801
2007,845171791
2007,845178005
2007,845207566
2007,845211575
2007,845230767
2007,846020801
2007,846242519
2007,848003622
2007,848005589
2007,848020801
2007,848210514
2007,848218667
2007,848224411
2007,848239818
2007,848241721
2007,850005589
2007,850242519
2007,851218667
2007,851234575
2007,851238616
2007,851241721
2007,852001025
2007,852212198
2007,854252145
2007,854255253
2007,855020801
2007,855272834
2007,856244778
2007,856252145
2007,856255253
2007,856272834
2007,858020775
2007,861003622
2007,861005589
2007,861242519
2007,863020801
2007,863210514
2007,863212198
2007,863218667
2007,863239818
2007,863252145
2007,863255253
2007,866020801
2007,866212198
2007,866224293
2007,866242444
2007,866244778
2007,866252145
2007,866255253
2007,867003622
2007,867005589
2007,867020775
2007,867212198
2007,867214101
2007,867229391
2007,868005589
2007,868242519
2008,113183277
2008,114183277
2008,278192119
2008,278192985
2008,287192985
2008,802139720
2008,807192985
2008,808243580
2008,811139720
2008,815192505
2008,818175943
2008,820243580
2008,820265450
2008,825192119
2008,825192985
2008,826192505
2008,826251470
2008,827183277
2008,828192985
2008,829177413
2008,829192119
2008,829192505
2008,829243580
2008,832243580
2008,832251470
2008,834192119
2008,834216393
2008,834251470
2008,834265450
2008,835176944
2008,835183277
2008,836183277
2008,836192505
2008,836192985
2008,840176944
2008,840183277
2008,840192119
2008,840192505
2008,840251470
2008,844184111
2008,844192119
2008,844192505
2008,844192984
2008,844199641
2008,846139720
2008,846176944
2008,846183277
2008,846192119
2008,846192505
2008,846192985
2008,846213135
2008,848183277
2008,848192119
2008,848192505
2008,848192985
2008,848208418
2008,848216393
2008,848242664
2008,848251470
2008,851207421
2008,851231416
2008,851243580
2008,851257278
2008,851261659
2008,852176944
2008,852192985
2008,852216393
2008,852222501
2008,855192119
2008,855192505
2008,856192119
2008,856200155
2008,856207421
2008,856222263
2008,856246420
2008,856251470
2008,861139720
2008,861176944
2008,861183277
2008,863192119
2008,863192985
2008,863200155
2008,863202371
2008,863207421
2008,863216393
2008,863222501
2008,863239810
2008,863242664
2008,863246420
2008,863251470
2008,863251479
2008,863254262
2008,863257057
2008,863257278
2008,866192119
2008,866208418
2008,866242664
2008,866258378
2008,867176944
2008,868183277
2009,100001075
2009,100001088
2009,100001109
2009,100001114
2009,100001179
2009,100001183
2009,100001201
2009,100001238
2009,100004202
2009,100005099
2009,100007763
2009,100138956
2009,100166906
2009,110001075
2009,110001088
2009,110001109
2009,110001114
2009,110001179
2009,110001183
2009,110001201
2009,110001238
2009,110004202
2009,110005099
2009,110007763
2009,110138956
2009,110166906
2009,113001088
2009,113001179
2009,840001075
2009,840001088
2009,840001114
2009,840001183
2009,840001201
2009,840233700
2009,844217870
2009,844220502
2009,844222077
2009,844224232
2009,844226268
2009,844233556
2009,844236610
2009,844237383
2009,844241850
2009,844243241
2009,845205498
2009,845217870
2009,845230621
2009,845235805
2009,848001179
2009,848001238
2009,848120274
2009,848137186
2009,848138956
2009,848173210
2009,848217870
2009,850001109
2009,851212096
2009,852001075
2009,852001088
2009,852001183
2009,852001201
2009,852233700
2009,854230621
2009,855224232
2009,855233556
2009,855236610
2009,855237383
2009,858053302
2009,861001109
2009,861001114
2009,861001179
2009,861001183
2009,861001238
2009,861004202
2009,861005099
2009,861007763
2009,861053302
2009,861137186
2009,861166906
2009,861233700
2009,866222077
2009,866226268
2009,866230621
2009,866278339
2009,867001088
2009,867001183
2009,867001238
2009,867004202
2009,867053302
2009,867138956
2009,867173210
2009,867210413
2009,867210935
2009,867217870
2009,867220502
2009,867222077
2009,867224232
2009,867228251
2009,868001109
2009,868233700
2010,100000041
2010,100005479
2010,100010535
2010,100013038
2010,100045197
2010,100045661
2010,100049369
2010,100161840
2010,100191695
2010,110000041
2010,110005479
2010,110010535
2010,110013038
2010,110045197
2010,110045661
2010,110049369
2010,110161840
2010,110191695
2010,831204963
2010,831210035
2010,831231866
2010,834251854
2010,834277643
2010,836045661
2010,844204525
2010,844251854
2010,844257279
2010,844277643
2010,845010535
2010,845045197
2010,845189511
2010,845231866
2010,845277643
2010,848000041
2010,848010535
2010,848146562
2010,848189505
2010,848189511
2010,848210035
2010,848226161
2010,852000041
2010,852010535
2010,852277643
2010,854251854
2010,854277643
2010,855210035
2010,855220901
2010,855226161
2010,855256516
2010,855278349
2010,856220901
2010,856248148
2010,856277179
2010,856277643
2010,858008348
2010,861000041
2010,861005479
2010,861005661
2010,861010535
2010,861013038
2010,861045197
2010,861045661
2010,861191695
2010,863225193
2010,863230142
2010,863230869
2010,863239231
2010,863248148
2010,863251854
2010,863277643
2010,866070966
2010,866210035
2010,866220901
2010,866224179
2010,866226161
2010,866226456
2010,866228813
2010,866230142
2010,866235522
2010,866239231
2010,866242201
2010,866245037
2010,866251854
2010,866259532
2010,866264388
2010,866266039
2010,866270728
2010,866277643
2010,866278046
2010,867045197
2010,867161840
2010,867162895
2010,867183512
2010,867189513
2010,867192629
2010,867197781
2010,867204963
2010,867224309
2010,867225193
2010,867257279
2011,100001041
2011,100007512
2011,100007518
2011,100023174
2011,100190042
2011,100221162
2011,110001041
2011,110007512
2011,110007518
2011,110023174
2011,110190042
2011,110221162
2011,807158023
2011,820211110
2011,820231478
2011,825158023
2011,828158023
2011,829158023
2011,831202811
2011,832231478
2011,834239837
2011,835138123
2011,836158023
2011,840001041
2011,840007512
2011,840007518
2011,840178562
2011,840190042
2011,840214997
2011,844158023
2011,844192366
2011,844211110
2011,844212616
2011,844239837
2011,844246191
2011,844277846
2011,845158023
2011,845183898
2011,845202811
2011,845207439
2011,845212616
2011,845231478
2011,845232488
2011,845239301
2011,845239837
2011,845246191
2011,845247090
2011,848001041
2011,848007512
2011,848142754
2011,848143001
2011,848158023
2011,848190042
2011,848211110
2011,848231478
2011,848231521
2011,852001041
2011,852007518
2011,852158023
2011,852190042
2011,852211110
2011,855158023
2011,855231478
2011,855246191
2011,855277846
2011,856231478
2011,856246191
2011,858010959
2011,861001041
2011,861007512
2011,861007518
2011,861023174
2011,861138123
2011,861142754
2011,861143001
2011,861190042
2011,861221162
2011,863158023
2011,863192366
2011,863202811
2011,863211256
2011,863212616
2011,863231478
2011,863232488
2011,863233084
2011,863239837
2011,863240690
2011,863246191
2011,863247090
2011,866158023
2011,866231478
2011,866246191
2011,866247090
2011,866267991
2011,866273748
2011,866277846
2011,867007518
2011,867142754
2011,867232488
2011,868007512
2012,101046747
2012,261155897
2012,270247361
2012,273227796
2012,273229348
2012,273251223
2012,276247361
2012,280245541
2012,281007743
2012,284202316
2012,289007743
2012,289155887
2012,289155897
2012,291198261
2012,291229348
2012,802155887
2012,802190557
2012,804242075
2012,804243133
2012,804247463
2012,810251223
2012,810251804
2012,810256853
2012,811039386
2012,813039386
2012,820190569
2012,820215565
2012,820227796
2012,820251804
2012,825227796
2012,826229348
2012,826238744
2012,829007743
2012,829212478
2012,829221696
2012,829226035
2012,829226807
2012,829237496
2012,832227796
2012,834227796
2012,834228174
2012,834235755
2012,834238744
2012,834241496
2012,834253177
2012,834256853
2012,835016254
2012,836227796
2012,836247463
2012,840155897
2012,844227796
2012,844229348
2012,844256853
2012,844267995
2012,845007743
2012,845016254
2012,845039386
2012,845155897
2012,845190560
2012,845191173
2012,845201447
2012,845202078
2012,845213209
2012,845217714
2012,845226035
2012,845226807
2012,845232120
2012,845233267
2012,845237255
2012,845242332
2012,845242769
2012,848245541
2012,852238744
2012,852250954
2012,855227796
2012,856238744
2012,856247463
2012,856256853
2012,861007743
2012,861016254
2012,861039386
2012,861155897
2012,863198261
2012,863227796
2012,863229348
2012,863232999
2012,863238743
2012,863238744
2012,863241496
2012,863247361
2012,863247506
2012,863250954
2012,863251804
2012,863256853
2012,863267920
2012,866226807
2012,866238744
2012,866242596
2012,866255205
2012,867016254
2014,215188545
2014,221188545
2014,222188545
2014,230186153
2014,230188545
2014,234188545
2014,237188545
2014,240188545
2014,242188545
2014,246164994
2014,246173771
2014,250186153
2014,250188545
2014,251164835
2014,251164994
2014,251177790
2014,251188545
2014,251190547
2014,251197242
2014,251205175
2014,252188545
2014,256164994
2014,256186153
2014,256188545
2014,258188545
2014,260188545
2014,261044897
2014,264188545
2014,265186153
2014,265215502
2014,267188545
2014,270205175
2014,273186153
2014,273188545
2014,273190547
2014,273197242
2014,273199763
2014,273210406
2014,273220570
2014,273239778
2014,276235973
2014,279186153
2014,279188545
2014,280210406
2014,281269603
2014,283186153
2014,287186153
2014,287188545
2014,287235973
2014,289188545
2014,289190547
2014,511188545
2014,513188545
2014,515188545
2014,517188545
2014,801186153
2014,804252495
2014,804265693
2014,808186153
2014,808188545
2014,810188545
2014,810210406
2014,810228383
2014,810265693
2014,814188545
2014,815188545
2014,815210406
2014,815212138
2014,820186153
2014,820188545
2014,825188545
2014,828188545
2014,829205175
2014,829212138
2014,832188545
2014,834188545
2014,834210406
2014,834227174
2014,834235413
2014,834265693
2014,836188545
2014,840262113
2014,844188545
2014,846044897
2014,846164835
2014,846188545
2014,848188545
2014,848210406
2014,852186153
2014,852188545
2014,852189908
2014,855188545
2014,856188545
2014,856210406
2014,856258239
2014,861044897
2014,861269603
2014,866210406
2014,866220570
2014,866265693
2015,250193408
2015,250202024
2015,253193348
2015,253193408
2015,273193348
2015,273193352
2015,273221491
2015,273222357
2015,279235073
2015,280229237
2015,287235073
2015,289193348
2015,289193352
2015,289199503
2015,291193352
2015,291199503
2015,291210047
2015,291221491
2015,291229752
2015,517235073
2015,808199503
2015,808235073
2015,810177683
2015,810229237
2015,810235073
2015,814193348
2015,814199503
2015,815193348
2015,815193352
2015,815199503
2015,815202024
2015,815210047
2015,815210537
2015,815215556
2015,815221491
2015,815229237
2015,815229261
2015,815233139
2015,815238581
2015,815262642
2015,820177683
2015,820199503
2015,820235073
2015,825193348
2015,825229237
2015,826193352
2015,826202024
2015,826210047
2015,826221491
2015,829189117
2015,829229237
2015,829235073
2015,832199503
2015,832235073
2015,834177683
2015,834199503
2015,834215556
2015,834222357
2015,834229237
2015,834229261
2015,834235073
2015,834257186
2015,834262642
2015,840199503
2015,840229752
2015,844199503
2015,844229261
2015,848199503
2015,851202024
2015,851210047
2015,851257980
2015,852189117
2015,852193352
2015,852202024
2015,852229237
2015,852257980
2015,856177683
2015,856229237
2015,856235073
2015,856239364
2015,863193352
2015,863199503
2015,863202024
2015,863216158
2015,863221491
2015,863222357
2015,863229237
2015,863229752
2015,863232839
2015,863235073
2015,863236898
2015,863238581
2015,863257980
2015,863259306
2015,863276694
2015,866199503
2015,866229237
2015,866235073
2015,867199503
2015,867210047
2016,206133249
2016,206184484
2016,206191076
2016,206195586
2016,207184484
2016,231184484
2016,234184484
2016,234191076
2016,234195586
2016,246184255
2016,251179899
2016,251184255
2016,251184484
2016,251191076
2016,251195586
2016,251211177
2016,251212992
2016,251221422
2016,283191076
2016,300070124
2016,300073914
2016,300080377
2016,300184484
2016,300189167
2016,300190640
2016,300191076
2016,300208522
2016,300208597
2016,300211177
2016,300221422
2016,300222562
2016,300226510
2016,300227509
2016,300236883
2016,300237511
2016,300238004
2016,300238196
2016,300241474
2016,300245274
2016,300246704
2016,300246814
2016,300254537
2016,300258533
2016,300260383
2016,300261457
2016,300262088
2016,300262551
2016,300263657
2016,300263658
2016,300264133
2016,300264436
2016,300269186
2016,300269400
2016,300270578
2016,300270787
2016,300274927
2016,300277121
2016,300277698
2016,300277807
2016,300277902
2016,317169449
2016,317226509
2016,318169449
2016,319160770
2016,319173667
2016,319190461
2016,319233401
2016,320133249
2016,320169449
2016,320179897
2016,320202175
2016,321184255
2016,321184484
2016,321188916
2016,321189167
2016,321213106
2016,321221553
2016,321238195
2016,322190461
2016,322216633
2016,322227509
2016,322233401
2016,323203929
2016,324175789
2016,324195586
2016,324208522
2016,500184484
2016,500195586
2016,501184484
2016,501191076
2016,501195586
2016,502184484
2016,502191076
2016,502195586
2016,503184484
2016,503195586
2016,517262088
2016,518220922
2016,810222562
2016,810269186
2017,100173731
2017,100247703
2017,101000241
2017,101173731
2017,101247703
2017,110173731
2017,110247703
2017,113173731
2017,206173731
2017,207173731
2017,210173731
2017,210186561
2017,214000241
2017,214173731
2017,216170084
2017,216173731
2017,219220196
2017,231170084
2017,231173731
2017,231186561
2017,234000241
2017,234170084
2017,234173731
2017,234186561
2017,234247703
2017,236247703
2017,238232104
2017,238243057
2017,242186561
2017,242243057
2017,251170084
2017,251173731
2017,251173752
2017,251179746
2017,251184716
2017,251186130
2017,251186561
2017,251205923
2017,252000241
2017,253173731
2017,253184716
2017,253186561
2017,253205923
2017,253207998
2017,253216627
2017,253220677
2017,253225147
2017,253229266
2017,253232104
2017,253233201
2017,256000241
2017,256173731
2017,256247703
2017,264186561
2017,268000241
2017,268247703
2017,273173731
2017,273184716
2017,273186561
2017,273205923
2017,273207998
2017,273216627
2017,273220677
2017,273220710
2017,273225147
2017,273229266
2017,273232104
2017,273233201
2017,273235735
2017,273243057
2017,273251421
2017,276251421
2017,280205923
2017,283204355
2017,284247703
2017,289170084
2017,291235735
2017,517251421
2017,802186561
2017,802205923
2017,802247703
2017,804248687
2017,814232104
2017,825173731
2017,825247703
2017,826251421
2017,827173731
2017,827247703
2017,829173731
2017,836173731
2017,836247703
2017,836251421
2017,846173731
2017,848173731
2017,851243057
2017,851251421
2017,852247703
2017,861173731
2017,866220710
2017,868247703
2018,250176580
2018,252176580
2018,256176580
2018,256179813
2018,259176580
2018,260253072
2018,264179813
2018,265179813
2018,267197655
2018,267253072
2018,267253163
2018,270253072
2018,272049072
2018,272179813
2018,273239053
2018,279239053
2018,279253072
2018,280239053
2018,280253072
2018,281049072
2018,287197655
2018,287239053
2018,287253306
2018,289049072
2018,289179813
2018,289182494
2018,289182495
2018,291237658
2018,802182494
2018,807239053
2018,810219985
2018,810239053
2018,810240716
2018,810253163
2018,811275049
2018,813049072
2018,818179813
2018,820239053
2018,820253163
2018,825176580
2018,825182495
2018,825239053
2018,826253072
2018,827049072
2018,828176580
2018,829176580
2018,829197225
2018,829229636
2018,832239053
2018,834216460
2018,834239053
2018,834253072
2018,834254817
2018,834270141
2018,836253072
2018,839049072
2018,840049072
2018,840216460
2018,840223959
2018,844176580
2018,844239053
2018,845049072
2018,845176580
2018,845275049
2018,846216460
2018,848176580
2018,848227535
2018,848239053
2018,848240716
2018,851192816
2018,851232665
2018,852176580
2018,852253163
2018,855239053
2018,856216460
2018,856223959
2018,856227535
2018,856239053
2018,856254817
2018,861049072
2018,861275049
2018,863216460
2018,863227535
2018,863230965
2018,863239053
2018,863240716
2018,863253072
2018,863253163
2018,863253283
2018,863253306
2018,863254817
2018,866239053
2018,866251377
2018,866254817
2018,866276493
2018,867186537
2018,867192816
2018,867227535
2018,867240716
2018,868049072
2019,101222680
2019,216167397
2019,230241084
2019,231167397
2019,231198710
2019,231207664
2019,233167397
2019,237167397
2019,237193082
2019,237196144
2019,237198710
2019,242193082
2019,246193082
2019,246214047
2019,250193082
2019,250199110
2019,252167397
2019,252198710
2019,256016619
2019,256167397
2019,256193082
2019,256198710
2019,256204259
2019,256207664
2019,259241084
2019,260193082
2019,260241084
2019,261016619
2019,264167397
2019,264220883
2019,265193082
2019,265215333
2019,267193082
2019,267214047
2019,267233500
2019,270233500
2019,270241084
2019,276233500
2019,280214047
2019,280241084
2019,287214047
2019,289167397
2019,289176550
2019,289193082
2019,291213991
2019,291231207
2019,513241084
2019,515215333
2019,515241084
2019,517215333
2019,517241084
2019,518070428
2019,518231868
2019,802016619
2019,802203067
2019,804247172
2019,810193082
2019,814193082
2019,818167397
2019,820237034
2019,826215333
2019,826241084
2019,828241084
2019,829220837
2019,834193082
2019,834241084
2019,834251870
2019,839241084
2019,840220793
2019,845016619
2019,848016619
2019,851237646
2019,851241084
2019,852213991
2019,852231207
2019,852237646
2019,855241084
2019,856072874
2019,856081724
2019,856220793
2019,856241084
2019,856262881
2019,863198710
2019,863213991
2019,863214026
2019,863220523
2019,863220793
2019,863231207
2019,863237646
2019,863241084
2019,863241602
2019,863245158
2019,863247172
2019,863262881
2019,863272951
2019,866241084
2019,866245158
2019,867016619
2019,867193082
2019,867237646
2020,201195033
2020,206194958
2020,206199005
2020,218200535
2020,225200535
2020,225202676
2020,225220711
2020,234182440
2020,234195033
2020,234199005
2020,237165735
2020,261051412
2020,273192241
2020,273195033
2020,273199005
2020,273202157
2020,273203225
2020,273211378
2020,273212830
2020,273229585
2020,273237647
2020,277209210
2020,277241970
2020,281266801
2020,289051412
2020,300199005
2020,300205347
2020,300209210
2020,300209888
2020,300211221
2020,300211378
2020,300216744
2020,300229901
2020,300233487
2020,300246006
2020,300260521
2020,300268913
2020,318173703
2020,318181483
2020,322194958
2020,322199000
2020,322207928
2020,322229585
2020,323209210
2020,323212232
2020,324247822
2020,500194958
2020,501194958
2020,501199005
2020,501202676
2020,501203092
2020,501205049
2020,501213327
2020,502197831
2020,502199005
2020,502200535
2020,502202676
2020,502213327
2020,503194958
2020,503199005
2020,504197831
2020,504200535
2020,504202676
2020,504209359
2020,504220711
2020,506199005
2020,507200535
2020,507209210
2020,507241970
2020,510209210
2020,510228210
2020,512209210
2020,512212535
2020,512228210
2020,512241970
2020,514212535
2020,514228191
2020,514241970
2020,514264070
2020,805209210
2020,805241970
2020,825266801
2020,836266801
2020,845051412
2020,845199005
2020,845205347
2020,846266801
2020,849051412
2020,849266801
2020,851211378
2020,861051412
2020,861266801
2020,863199005
2020,863209888
2020,863211378
2020,863229901
2020,863230888
2020,863260521
2020,863262039
2020,867051412
2021,100156353
2021,100166149
2021,101156353
2021,101166149
2021,110156353
2021,110166149
2021,217140233
2021,217170370
2021,217204838
2021,218221992
2021,230193165
2021,230204838
2021,231169416
2021,231170369
2021,231178224
2021,234156353
2021,234156519
2021,234171897
2021,234178224
2021,234204838
2021,237166149
2021,237178224
2021,237193165
2021,237204838
2021,237221992
2021,246171897
2021,246178224
2021,250193165
2021,250221992
2021,252171897
2021,256166149
2021,256171897
2021,260235844
2021,261191694
2021,264156519
2021,265204838
2021,268166149
2021,273156519
2021,273193165
2021,273204838
2021,273221992
2021,273233493
2021,273235844
2021,274166149
2021,280221992
2021,281026709
2021,287235844
2021,289026709
2021,289140233
2021,289156519
2021,289171897
2021,289178224
2021,289191694
2021,517221992
2021,517245152
2021,804245152
2021,810221992
2021,810233493
2021,813156353
2021,813166149
2021,814166149
2021,820156519
2021,821140233
2021,821229980
2021,821244349
2021,825026709
2021,826244349
2021,829221992
2021,834245152
2021,840166149
2021,845026709
2021,845140233
2021,845156353
2021,845191694
2021,845204838
2021,845224574
2021,845235844
2021,845244349
2021,845245152
2021,848026709
2021,851204838
2021,851244349
2021,852166149
2021,861026709
2021,861156353
2021,861166149
2021,861191694
2021,863079399
2021,863204838
2021,863221992
2021,863226045
2021,863229980
2021,863233260
2021,863233493
2021,863234579
2021,863235844
2021,863244349
2021,863245152
2021,863257784
2021,866234579
2022,100006975
2022,100041236
2022,100052241
2022,101006975
2022,101041236
2022,101052241
2022,110006975
2022,110041236
2022,110052241
2022,231041236
2022,237006975
2022,237041236
2022,246052241
2022,250233731
2022,251052241
2022,252052241
2022,252176794
2022,253208448
2022,261006975
2022,264041236
2022,265041236
2022,265247394
2022,267231836
2022,268006975
2022,270257470
2022,272052241
2022,272266695
2022,279247394
2022,281266695
2022,284041236
2022,289052241
2022,291247394
2022,517233731
2022,517241651
2022,518213471
2022,518256370
2022,805256370
2022,810207554
2022,813006975
2022,820241651
2022,825052241
2022,826233731
2022,826247394
2022,826257470
2022,827052241
2022,827266695
2022,830213471
2022,830256370
2022,832241651
2022,834236822
2022,834241651
2022,834260697
2022,836208448
2022,836233731
2022,836247394
2022,839052241
2022,840052241
2022,840221660
2022,840260697
2022,844208448
2022,844233731
2022,844241651
2022,846221660
2022,848006975
2022,848041236
2022,848208448
2022,848260697
2022,851222369
2022,851257470
2022,851268896
2022,852233731
2022,852247394
2022,855241651
2022,856233731
2022,856241651
2022,856259716
2022,856260697
2022,856272926
2022,856277252
2022,861006975
2022,861041236
2022,861052241
2022,861266695
2022,863214658
2022,863220821
2022,863221660
2022,863233731
2022,863236822
2022,863241643
2022,863241651
2022,863243646
2022,863255459
2022,863257400
2022,863257470
2022,863259716
2022,863260697
2022,863264191
2022,863272926
2022,867041236
2022,868052241
2023,100226764
2023,101226764
2023,110226764
2023,214169588
2023,214226764
2023,216180706
2023,234166844
2023,234169588
2023,234186143
2023,246169588
2023,252151508
2023,268226764
2023,283169588
2023,300070229
2023,300073895
2023,300075768
2023,300166764
2023,300186143
2023,300186562
2023,300194785
2023,300204324
2023,300204412
2023,300205255
2023,300206089
2023,300212990
2023,300213697
2023,300220039
2023,300220956
2023,300229091
2023,300230136
2023,300231292
2023,300233865
2023,300238990
2023,300239540
2023,300241075
2023,300242289
2023,300242541
2023,300243520
2023,300243640
2023,300243908
2023,300246846
2023,300247336
2023,300251001
2023,300264298
2023,300264644
2023,300266400
2023,300268630
2023,300270637
2023,300273839
2023,300276070
2023,300276695
2023,300278101
2023,300278557
2023,300278819
2023,317005355
2023,317138289
2023,317140453
2023,317177353
2023,317183681
2023,317193552
2023,319053736
2023,319109852
2023,319164467
2023,319169458
2023,319169461
2023,319193939
2023,320052306
2023,321195480
2023,321220943
2023,322194122
2023,322206089
2023,323151508
2023,323163201
2023,323166844
2023,323180706
2023,323186839
2023,323192624
2023,323203570
2023,324169588
2023,324212680
2023,324217758
2023,324220943
2023,324231292
2023,324253483
2023,501169588
2023,501180706
2023,502169588
2023,503169588
2023,503186143
2023,802226764
2023,813226764
2023,825169588
2023,825226764
2023,827226764
2023,829169588
2023,834264298
2023,836226764
2023,839226764
2023,850226764
2023,856264298
2024,100013383
2024,101013383
2024,110013383
2024,225232985
2024,231181098
2024,231189358
2024,231194365
2024,234181098
2024,234189358
2024,234194359
2024,234194365
2024,237181098
2024,237189358
2024,237226627
2024,239232985
2024,246181098
2024,246194365
2024,250232730
2024,250233152
2024,252181098
2024,256189358
2024,260226627
2024,265237681
2024,270226627
2024,273191648
2024,273217648
2024,273226627
2024,273232487
2024,273232905
2024,273236764
2024,273242087
2024,277232811
2024,279232639
2024,279232730
2024,280181098
2024,280232730
2024,287255565
2024,289194365
2024,291232487
2024,291232639
2024,291237681
2024,513237681
2024,513255565
2024,515226627
2024,515232639
2024,515232730
2024,515234205
2024,515237681
2024,517073078
2024,517226627
2024,517232639
2024,517237681
2024,517255565
2024,518272988
2024,802181098
2024,808237681
2024,808255565
2024,810232730
2024,810232938
2024,810237681
2024,820226627
2024,820237681
2024,820242916
2024,826232639
2024,829232639
2024,834226627
2024,834242087
2024,834246321
2024,834255742
2024,836237681
2024,839013383
2024,840232730
2024,844232639
2024,845191648
2024,851073078
2024,851237681
2024,851255565
2024,852013383
2024,852232730
2024,855232639
2024,856226627
2024,861013383
2024,863073078
2024,863226627
2024,863232487
2024,863232639
2024,863232730
2024,863232873
2024,863232905
2024,863233152
2024,863233225
2024,863234205
2024,863236764
2024,863237681
2024,863252162
2024,863255565
2024,863255981
2024,866246826
2024,866252162
2024,866277809
2025,201139927
2025,215221445
2025,218192598
2025,231158293
2025,252175589
2025,320204943
2025,321188044
2025,321192064
2025,321192598
2025,321211108
2025,501158293
2025,501158309
2025,501175589
2025,501181971
2025,501182043
2025,501182096
2025,501182122
2025,501182224
2025,501182343
2025,501182409
2025,501182411
2025,501182412
2025,501182451
2025,501182473
2025,501191572
2025,501200672
2025,501202102
2025,501217153
2025,501221445
2025,501221820
2025,501221854
2025,501221855
2025,501222204
2025,501222248
2025,501222273
2025,501222278
2025,501222346
2025,501223344
2025,501223826
2025,501224599
2025,501224608
2025,501241247
2025,502158293
2025,502158309
2025,502175589
2025,502175598
2025,502181846
2025,502181971
2025,502182043
2025,502182094
2025,502182096
2025,502182122
2025,502182224
2025,502182343
2025,502182409
2025,502182411
2025,502182412
2025,502182451
2025,502182464
2025,502182473
2025,502182996
2025,502186970
2025,502191532
2025,502191572
2025,502191861
2025,502192598
2025,502199088
2025,502200672
2025,502201026
2025,502202102
2025,502202808
2025,502217153
2025,502221445
2025,502221820
2025,502221824
2025,502221847
2025,502221854
2025,502221857
2025,502222197
2025,502222204
2025,502222235
2025,502222240
2025,502222248
2025,502222273
2025,502222278
2025,502222342
2025,502222346
2025,502222350
2025,502223344
2025,502224470
2025,502224599
2025,502224604
2025,502224608
2025,502224611
2025,502224624
2025,502224633
2025,502228017
2025,502228033
2025,503221445
2025,508221445
2028,100020289
2028,100031432
2028,101020289
2028,101031432
2028,110020289
2028,110031432
2028,111020289
2028,111031432
2028,113031432
2028,250216320
2028,252031432
2028,254031432
2028,256031432
2028,260205693
2028,267205693
2028,267216320
2028,267235173
2028,268031432
2028,270235173
2028,279216320
2028,284198717
2028,287216320
2028,287235173
2028,289020289
2028,289031432
2028,289182945
2028,802198717
2028,813020289
2028,813031432
2028,814031432
2028,814230938
2028,820252802
2028,825020289
2028,825031432
2028,827020289
2028,827031432
2028,828205693
2028,829031432
2028,829216320
2028,829235173
2028,832252802
2028,834246875
2028,834252802
2028,835170733
2028,835188428
2028,836252802
2028,836254088
2028,840031432
2028,840225508
2028,840236403
2028,844252802
2028,844258444
2028,845020289
2028,845170733
2028,845188428
2028,845216320
2028,845216451
2028,845225508
2028,845226110
2028,845230938
2028,845235173
2028,845235866
2028,845236403
2028,845242179
2028,845246875
2028,845252802
2028,845260779
2028,845277178
2028,846020289
2028,846031432
2028,846226110
2028,848031432
2028,848230938
2028,848246875
2028,851236403
2028,852031432
2028,856246875
2028,856252802
2028,856270531
2028,861020289
2028,861031432
2028,861170733
2028,863078012
2028,863205693
2028,863216320
2028,863230938
2028,863235173
2028,863235634
2028,863236403
2028,863242179
2028,863246875
2028,863252802
2028,863254088
2028,863258444
2028,863258575
2028,863260779
2028,863275208
2028,863277178
2028,866236403
2028,867031432
2029,100045674
2029,101045674
2029,110045674
2029,210176571
2029,216173909
2029,218173909
2029,221209989
2029,231173909
2029,231176571
2029,234176571
2029,234186832
2029,234197756
2029,237045674
2029,237173909
2029,238245155
2029,246200759
2029,252198970
2029,254045674
2029,256045674
2029,256167425
2029,261167425
2029,262256035
2029,264173909
2029,265173909
2029,268045674
2029,268167425
2029,273197756
2029,273208052
2029,273209620
2029,273209989
2029,273212219
2029,273212883
2029,273230653
2029,273244112
2029,273245155
2029,273245598
2029,273256035
2029,273265187
2029,276244915
2029,280185349
2029,280244853
2029,283176571
2029,283197756
2029,283209989
2029,283216201
2029,284173909
2029,287245155
2029,291197756
2029,291200759
2029,291216201
2029,291230021
2029,503209989
2029,506209989
2029,508209989
2029,511209989
2029,511216201
2029,513216201
2029,515216201
2029,515245155
2029,517216201
2029,517241236
2029,517245155
2029,802216201
2029,804252059
2029,813045674
2029,813167425
2029,814167425
2029,820216201
2029,825045674
2029,825167425
2029,826197756
2029,826241236
2029,826245155
2029,827045674
2029,829045674
2029,848045674
2029,851216201
2029,851241236
2029,851245155
2029,852216201
2029,856241236
2029,856244915
2029,856245155
2029,856276093
2029,861045674
2029,863197756
2029,863212219
2029,863216201
2029,863241236
2029,863244915
2029,863245155
2029,863247124
2029,863252059
2029,863257946
2029,863267680
2029,863268763
2029,866241236
2029,867045674
2029,867241236
2029,868045674
2030,100140601
2030,101140601
2030,110140601
2030,111140601
2030,113140601
2030,230199434
2030,249140601
2030,250199434
2030,250208574
2030,250223848
2030,252140601
2030,252199434
2030,256140601
2030,259199434
2030,259208574
2030,259246430
2030,260199434
2030,262246430
2030,264140601
2030,265208574
2030,265232099
2030,267199434
2030,267208574
2030,267223848
2030,267246430
2030,268140601
2030,270191202
2030,270232099
2030,270246430
2030,273199434
2030,273208574
2030,273215716
2030,273223848
2030,273238095
2030,273246430
2030,273254840
2030,277244582
2030,279208574
2030,279223848
2030,279246430
2030,284191202
2030,284193881
2030,287199434
2030,287223848
2030,291193198
2030,291208574
2030,291215716
2030,517246430
2030,804256115
2030,808223848
2030,814223848
2030,814246430
2030,815193198
2030,815199434
2030,815208574
2030,815215716
2030,815221354
2030,815221969
2030,815223848
2030,815224836
2030,815236699
2030,815238095
2030,815246430
2030,815254840
2030,815258683
2030,820223848
2030,820246430
2030,825140601
2030,825232432
2030,826256115
2030,827140601
2030,828199434
2030,828246430
2030,829140601
2030,829193198
2030,832246430
2030,834246430
2030,834254840
2030,834256115
2030,836223848
2030,836246430
2030,840191202
2030,840193198
2030,840208574
2030,844223848
2030,844224836
2030,844238095
2030,848140601
2030,848191202
2030,850140601
2030,851230872
2030,852246430
2030,855230872
2030,856246430
2030,856256115
2030,856278318
2030,861140601
2030,866230872
2030,867223848
2030,868140601
2031,100009676
2031,101009676
2031,110009676
2031,206199069
2031,210197061
2031,215226753
2031,221183569
2031,221197061
2031,221224069
2031,222226753
2031,230226753
2031,231164959
2031,233164959
2031,233183284
2031,234188829
2031,234199069
2031,237183284
2031,237199069
2031,242183569
2031,242197061
2031,246164959
2031,246183569
2031,246199069
2031,249009676
2031,252199069
2031,254009676
2031,256009676
2031,256164959
2031,256183569
2031,260183569
2031,260197061
2031,260221323
2031,260226753
2031,264009676
2031,264183569
2031,264197061
2031,267197061
2031,268009676
2031,270227236
2031,273183569
2031,273199069
2031,273203736
2031,273213868
2031,273224069
2031,273226753
2031,273227236
2031,273231138
2031,273232183
2031,273236556
2031,273236690
2031,273236998
2031,273237469
2031,280183569
2031,280197061
2031,280226753
2031,280227236
2031,283197061
2031,289009676
2031,291243014
2031,502197061
2031,503197061
2031,508197061
2031,511197061
2031,511224069
2031,511227236
2031,513183569
2031,513226753
2031,513243014
2031,515226753
2031,515227236
2031,517227236
2031,517243014
2031,810183569
2031,810227236
2031,813009676
2031,814009676
2031,814213868
2031,826226753
2031,826227236
2031,827009676
2031,828226753
2031,829226753
2031,836272500
2031,840226753
2031,840227236
2031,845009676
2031,845231138
2031,848009676
2031,848227236
2031,850009676
2031,851243014
2031,851259066
2031,851272500
2031,852009676
2031,855227236
2031,855243014
2031,856076416
2031,861009676
2031,867009676
2031,868009676
2032,100000570
2032,101000570
2032,110000570
2032,201000570
2032,207000570
2032,207137494
2032,210225719
2032,216000570
2032,217185195
2032,217201818
2032,217213655
2032,217226790
2032,218213655
2032,219232293
2032,219234045
2032,219246172
2032,230226790
2032,230232293
2032,230238050
2032,231164477
2032,231172962
2032,234000570
2032,234164477
2032,234201818
2032,242251528
2032,246137494
2032,246164477
2032,246172962
2032,260246172
2032,264000570
2032,270230978
2032,270232293
2032,279232293
2032,280232293
2032,280251528
2032,280262880
2032,283213655
2032,283246172
2032,284222634
2032,287230899
2032,287232293
2032,289201818
2032,291213655
2032,291233732
2032,503226790
2032,506226790
2032,506232293
2032,508226790
2032,508232293
2032,511230978
2032,511232293
2032,513246172
2032,515230899
2032,515246172
2032,515247679
2032,517230899
2032,517241436
2032,517247679
2032,804241436
2032,804247679
2032,808232293
2032,810231627
2032,810232293
2032,810251528
2032,811005679
2032,813000570
2032,814000570
2032,820247679
2032,821000570
2032,821005679
2032,821231627
2032,825005679
2032,827005679
2032,828232293
2032,832230899
2032,834230899
2032,834237328
2032,834246172
2032,834247679
2032,834262880
2032,836005679
2032,840005679
2032,840213655
2032,840230899
2032,840231044
2032,840237328
2032,840241436
2032,844230899
2032,845000570
2032,848232293
2032,848247679
2032,851073374
2032,851213655
2032,851224656
2032,852226790
2032,856230899
2032,856232293
2032,856262880
2032,861000570
2032,861005679
2033,100006235
2033,100048940
2033,101006235
2033,101048940
2033,110006235
2033,110048940
2033,237006235
2033,250236792
2033,251006235
2033,251048940
2033,252006235
2033,252048940
2033,253201122
2033,253234236
2033,253236792
2033,253244470
2033,253251116
2033,254048940
2033,256006235
2033,256048940
2033,265234236
2033,265236792
2033,267234236
2033,268006235
2033,268048940
2033,270246618
2033,287216860
2033,289048940
2033,291236792
2033,801006235
2033,802008473
2033,802048940
2033,811008473
2033,814048940
2033,815204121
2033,815216860
2033,815221909
2033,815236583
2033,815236792
2033,815244470
2033,815246618
2033,815246919
2033,815247028
2033,815251116
2033,815252064
2033,815253727
2033,815255687
2033,815257536
2033,815267594
2033,815269509
2033,815270046
2033,825048940
2033,826203605
2033,826236792
2033,827006235
2033,827048940
2033,829006235
2033,829048940
2033,834234236
2033,834242948
2033,835013940
2033,836048940
2033,839008473
2033,840006235
2033,840008473
2033,840013940
2033,840048940
2033,840242948
2033,840246618
2033,844234236
2033,848048940
2033,850006235
2033,851236792
2033,851246618
2033,852006235
2033,852048940
2033,855234236
2033,856234236
2033,861006235
2033,861008473
2033,861048940
2033,863071259
2033,863073456
2033,863199323
2033,863216860
2033,863234236
2033,863236792
2033,863242948
2033,863244470
2033,863244793
2033,863245209
2033,863247050
2033,863251116
2033,863252064
2033,863253727
2033,863256970
2033,863276646
2033,866244470
2033,866247050
2033,867006235
2034,201172879
2034,201183483
2034,206172879
2034,206178115
2034,206192774
2034,206203980
2034,207183483
2034,210172879
2034,210237039
2034,214192774
2034,215211990
2034,216172879
2034,218192774
2034,219234986
2034,221183497
2034,221192774
2034,230192774
2034,230211990
2034,231172879
2034,234172879
2034,234183483
2034,237183483
2034,237208230
2034,242232223
2034,246208230
2034,246211990
2034,250239842
2034,251150106
2034,251172879
2034,251199060
2034,251203980
2034,260211990
2034,260232223
2034,265242000
2034,267229188
2034,280211990
2034,280232223
2034,283229150
2034,287211990
2034,287229188
2034,287261478
2034,300203980
2034,300208224
2034,300208250
2034,300211990
2034,300229188
2034,300232223
2034,300234986
2034,300239842
2034,300242000
2034,300252552
2034,300256948
2034,300258015
2034,300259633
2034,300261478
2034,300264330
2034,300270077
2034,320208230
2034,320209669
2034,321172879
2034,321192774
2034,321203980
2034,321246708
2034,323192774
2034,323206469
2034,323239842
2034,500182744
2034,500192774
2034,501172879
2034,501182744
2034,501183497
2034,501192774
2034,502172879
2034,502182744
2034,502192774
2034,503192774
2034,503238637
2034,506192774
2034,508192774
2034,508205878
2034,511242000
2034,517232223
2034,517270077
2034,810274208
2034,820229188
2034,834229188
2034,834232223
2034,834256948
2034,844229188
2034,851222542
2034,851236457
2034,851270077
2034,856073884
2034,856229188
2034,856234986
2034,856252552
2034,856256948
2034,866203980
2034,866229188
2034,866261478
2035,237190471
2035,252219911
2035,257208153
2035,277208153
2035,300079280
2035,300082294
2035,300082308
2035,300082496
2035,300213615
2035,300222560
2035,300235442
2035,300238086
2035,300241173
2035,300242935
2035,300242936
2035,300253409
2035,300262638
2035,300264516
2035,300269625
2035,300270945
2035,300270951
2035,300271875
2035,317183847
2035,317186890
2035,317191160
2035,317193234
2035,317205619
2035,317208153
2035,317234753
2035,317241232
2035,318182528
2035,318183883
2035,318184058
2035,318206550
2035,318207785
2035,318209874
2035,318211260
2035,318234822
2035,319203593
2035,319203594
2035,319223152
2035,319225137
2035,319242935
2035,320182528
2035,320193234
2035,320202746
2035,320206550
2035,320213615
2035,320220246
2035,320222560
2035,320225144
2035,320241232
2035,320241234
2035,320253451
2035,321182270
2035,321211440
2035,321219911
2035,321219912
2035,321228205
2035,321231688
2035,321240164
2035,321251193
2035,321257293
2035,322165247
2035,322182528
2035,322193234
2035,322205857
2035,322213615
2035,322220245
2035,322222560
2035,322225137
2035,322225139
2035,322228206
2035,322229128
2035,322230031
2035,322242934
2035,322242935
2035,322242936
2035,322243851
2035,322246927
2035,322253451
2035,322262291
2035,322263042
2035,322263043
2035,322269596
2035,322269625
2035,322270273
2035,322270952
2035,322271857
2035,322271872
2035,323208153
2035,323237631
2035,502225139
2035,504208153
2035,507208153
2035,510208153
2035,512208153
2035,863079632
2035,863241173
2035,863257293
2036,100190053
2036,100222000
2036,101190053
2036,101222000
2036,101222257
2036,110190053
2036,110222000
2036,251190053
2036,251222257
2036,252190053
2036,253179645
2036,253213648
2036,253228687
2036,253234678
2036,253241508
2036,256190053
2036,256222000
2036,259179645
2036,270190460
2036,273172522
2036,273179645
2036,273193283
2036,273213648
2036,273213661
2036,273234678
2036,273240017
2036,273241508
2036,280213648
2036,280245235
2036,283190460
2036,289179645
2036,289190053
2036,289190460
2036,289222000
2036,291213648
2036,291220714
2036,291224221
2036,291229723
2036,291244669
2036,802163587
2036,802207791
2036,804259399
2036,810201303
2036,810207791
2036,810213661
2036,810217605
2036,810248729
2036,814222000
2036,815163587
2036,815179645
2036,815190460
2036,815210697
2036,815213648
2036,815213661
2036,815224221
2036,815229723
2036,815234678
2036,815240017
2036,815241522
2036,815259399
2036,825190053
2036,825213661
2036,825222000
2036,826210697
2036,826224221
2036,826232711
2036,826234678
2036,826241522
2036,826259399
2036,827190053
2036,827222000
2036,829172143
2036,829190053
2036,834163587
2036,834244669
2036,834245235
2036,840213661
2036,840245741
2036,844213648
2036,844241508
2036,844244669
2036,845190053
2036,846190053
2036,846190460
2036,848207791
2036,851210697
2036,851232711
2036,851233301
2036,851241522
2036,851242633
2036,852222000
2036,855213648
2036,855236918
2036,856243203
2036,856244669
2036,861190053
2036,861222000
2036,866236918
2036,866259399
2036,866279015
2037,215208670
2037,221235212
2037,222208670
2037,230179605
2037,230206493
2037,230208670
2037,230228747
2037,230235212
2037,233193738
2037,237193738
2037,242208670
2037,242209981
2037,242235410
2037,246162329
2037,246184089
2037,246236401
2037,250179605
2037,250205705
2037,250208045
2037,252162329
2037,256220253
2037,258235212
2037,260205705
2037,260208670
2037,260235212
2037,260236401
2037,265224158
2037,265235212
2037,267236401
2037,270236401
2037,270244749
2037,273208295
2037,273211381
2037,273224158
2037,273225410
2037,273228639
2037,273229010
2037,273235212
2037,273236624
2037,273242794
2037,273244749
2037,278235212
2037,279209981
2037,279224158
2037,280235212
2037,280236401
2037,283204102
2037,291198220
2037,511235212
2037,513209981
2037,513235410
2037,513236401
2037,515209981
2037,515231410
2037,515236401
2037,515255223
2037,517209981
2037,517231410
2037,804255125
2037,804260843
2037,804264432
2037,810236401
2037,810259480
2037,814244892
2037,820209981
2037,825231410
2037,828209981
2037,834231410
2037,834246548
2037,834255223
2037,834259480
2037,834272781
2037,836272781
2037,840209981
2037,840220253
2037,840235410
2037,840255223
2037,851236401
2037,851261654
2037,852255223
2037,856231410
2037,856243586
2037,863082240
2037,863209981
2037,863224158
2037,863231410
2037,863235410
2037,863236401
2037,863241775
2037,863243586
2037,863244749
2037,863255125
2037,863257504
2037,863259480
2037,863262745
2037,863264432
2037,863272781
2037,866243169
2037,866259480
2037,866264432
2038,252191269
2038,261168886
2038,273191269
2038,273210602
2038,273210603
2038,273210923
2038,273211173
2038,273229851
2038,273230713
2038,273232477
2038,273238545
2038,273241197
2038,273242863
2038,281266694
2038,300074436
2038,300074699
2038,300191269
2038,300210602
2038,300210843
2038,300211173
2038,300211395
2038,300220075
2038,300220422
2038,300221370
2038,300221658
2038,300223629
2038,300224962
2038,300225976
2038,300228624
2038,300228783
2038,300229851
2038,300230801
2038,300232477
2038,300232901
2038,300237721
2038,300238043
2038,300238545
2038,300239042
2038,300241197
2038,300241938
2038,300242117
2038,300242156
2038,300242506
2038,300245751
2038,300246688
2038,300248836
2038,300253440
2038,300254685
2038,300255368
2038,300255837
2038,300259426
2038,300260977
2038,300263824
2038,300272303
2038,318168883
2038,318191256
2038,318191834
2038,318208977
2038,318220357
2038,319208923
2038,320210028
2038,321220075
2038,322208949
2038,323191269
2038,323208974
2038,324238902
2038,515210602
2038,517210602
2038,802208914
2038,802210602
2038,802210603
2038,820210602
2038,832210602
2038,835168880
2038,844210602
2038,844254685
2038,845168886
2038,849168880
2038,849168886
2038,849266694
2038,855210602
2038,861168880
2038,861168886
2038,861266694
2038,863210602
2038,863210843
2038,863211173
2038,863220075
2038,863228783
2038,863229851
2038,863238545
2038,863241938
2038,863245751
2038,863246688
2038,863254685
2038,863255368
2038,863260977
2038,863261357
2038,863263824
2038,866210602
2039,215201024
2039,215208722
2039,217208722
2039,220208722
2039,222201024
2039,230193474
2039,230208722
2039,233208722
2039,237208722
2039,241208722
2039,242234642
2039,259234642
2039,260193474
2039,260208722
2039,260225711
2039,260234642
2039,264187084
2039,267201024
2039,267208722
2039,270201024
2039,270208722
2039,273186801
2039,273193474
2039,273198861
2039,273201024
2039,273204472
2039,273208722
2039,273223283
2039,273225711
2039,273234642
2039,273235353
2039,279201024
2039,279208722
2039,280201024
2039,280208722
2039,291193474
2039,291246242
2039,513201024
2039,513208722
2039,515201024
2039,515208722
2039,517201024
2039,517208722
2039,804259197
2039,804261188
2039,814198861
2039,814201024
2039,814208722
2039,814234642
2039,820201024
2039,825208722
2039,825234642
2039,826259197
2039,828201024
2039,828208722
2039,829193474
2039,829208722
2039,834259816
2039,834275138
2039,836259197
2039,836259868
2039,836275138
2039,845193474
2039,845198861
2039,845201024
2039,845208722
2039,845234642
2039,845241707
2039,845246242
2039,846208722
2039,848208722
2039,851193474
2039,851235353
2039,851246242
2039,851259197
2039,851261188
2039,852235353
2039,856252293
2039,856259197
2039,856259868
2039,863193474
2039,863201024
2039,863208722
2039,863225293
2039,863225859
2039,863234642
2039,863235353
2039,863238227
2039,863241707
2039,863252293
2039,863259197
2039,863259868
2039,863261188
2039,863274915
2039,863275138
2039,866201024
2039,866225859
2039,866275138
2039,867193474
2039,867201024
2040,201166706
2040,201171877
2040,206171877
2040,207232363
2040,214166706
2040,216190875
2040,221216435
2040,222232363
2040,231171877
2040,233190854
2040,234166706
2040,234171877
2040,234186119
2040,234190875
2040,237186119
2040,237190854
2040,250232363
2040,252171877
2040,259232363
2040,260232363
2040,267232363
2040,280216435
2040,280232363
2040,287216435
2040,287247103
2040,300216435
2040,300219585
2040,300227562
2040,300232363
2040,300240988
2040,300247103
2040,320166706
2040,322171877
2040,500171877
2040,500232363
2040,501171877
2040,501190875
2040,501216435
2040,501220407
2040,501232363
2040,502171877
2040,502190875
2040,502216435
2040,502220407
2040,502222148
2040,502232363
2040,503190875
2040,503216435
2040,503220407
2040,503232363
2040,503242270
2040,506220407
2040,506232363
2040,508220407
2040,508232363
2040,511232363
2040,513232363
2040,515216435
2040,515232363
2040,517210423
2040,517216435
2040,517240988
2040,517247103
2040,810216435
2040,810232363
2040,810240988
2040,815190854
2040,815198193
2040,815209232
2040,815216435
2040,815220061
2040,815220407
2040,815222148
2040,815227562
2040,815232363
2040,815234728
2040,815240988
2040,815244791
2040,815247103
2040,815255233
2040,815255409
2040,815263287
2040,815277027
2040,820247103
2040,826216435
2040,826222148
2040,829232363
2040,834247103
2040,835171877
2040,836171877
2040,844247103
2040,848216435
2040,848232363
2040,851216435
2040,851219585
2040,851235297
2040,851240988
2040,852171877
2040,856247103
2040,861171877
2041,206195365
2041,206200389
2041,206200647
2041,207195365
2041,214200389
2041,215195365
2041,215200389
2041,215200647
2041,216162835
2041,216200389
2041,216200647
2041,221195365
2041,221200389
2041,221200647
2041,222200389
2041,230162835
2041,230200389
2041,230200647
2041,234162835
2041,234176104
2041,234200647
2041,234202061
2041,242195365
2041,242200389
2041,242200647
2041,250200389
2041,252162835
2041,259200389
2041,260162835
2041,260200389
2041,260260592
2041,267162835
2041,280162835
2041,280195365
2041,284195365
2041,291244238
2041,500162835
2041,500200389
2041,500200647
2041,501162835
2041,501195365
2041,501200389
2041,501200647
2041,502162835
2041,502195365
2041,502200389
2041,502200647
2041,503162835
2041,503200389
2041,503200647
2041,506162835
2041,506195365
2041,506200389
2041,506200647
2041,508162835
2041,508195365
2041,508200389
2041,508200647
2041,511162835
2041,511200389
2041,513195365
2041,513200389
2041,515195365
2041,515200389
2041,515260592
2041,517200389
2041,517260592
2041,802200389
2041,804260592
2041,808200389
2041,810195365
2041,810200389
2041,810260592
2041,815200389
2041,815223866
2041,815225995
2041,815225996
2041,815225997
2041,815226129
2041,815231786
2041,815233478
2041,815238464
2041,815238941
2041,815238945
2041,815244238
2041,815247861
2041,815260592
2041,815264085
2041,815276716
2041,826200389
2041,828200389
2041,834200389
2041,836260592
2041,840200389
2041,848195365
2041,848200389
2041,851244238
2041,851260592
2041,855200389
2041,856200389
2042,206184267
2042,207204485
2042,207217699
2042,210184267
2042,210213296
2042,215184267
2042,215240754
2042,216204485
2042,217184881
2042,217198962
2042,217204485
2042,217217699
2042,217226754
2042,217231242
2042,219226754
2042,221201454
2042,221204485
2042,230204485
2042,230217699
2042,230240754
2042,231184881
2042,233204485
2042,234184881
2042,234201143
2042,234204485
2042,234217699
2042,242204485
2042,242224196
2042,242226356
2042,250193983
2042,252204485
2042,260204485
2042,264184881
2042,264201143
2042,264210372
2042,265193983
2042,267204485
2042,280204485
2042,280226754
2042,283201143
2042,284193983
2042,291224196
2042,291240660
2042,501204485
2042,502204485
2042,503204485
2042,506193983
2042,506204485
2042,508193983
2042,508204485
2042,508226754
2042,511193983
2042,511204485
2042,511224196
2042,513204485
2042,513224196
2042,513226754
2042,515204485
2042,515224196
2042,515226754
2042,517204485
2042,517224196
2042,517240753
2042,517242641
2042,517264697
2042,808204485
2042,810224196
2042,814204485
2042,820204485
2042,820213296
2042,825204485
2042,828204485
2042,834070726
2042,834201143
2042,834224196
2042,836242641
2042,839204485
2042,844204485
2042,845201143
2042,845204485
2042,845226754
2042,848204485
2042,848226754
2042,851242641
2042,851264697
2042,855204485
2042,856224196
2042,856242641
2042,856275029
2042,863201143
2042,863204485
2042,863213296
2042,863220621
2042,863224196
2042,863240311
2042,863240753
2042,863242641
2042,863253157
2042,863264697
2042,863270670
2043,201167905
2043,206167905
2043,207167905
2043,214167905
2043,234175254
2043,234220295
2043,238237942
2043,242175254
2043,260175254
2043,260237942
2043,265237942
2043,273220295
2043,273221860
2043,273237942
2043,273246055
2043,273246406
2043,273247181
2043,273256079
2043,273256197
2043,276256197
2043,291237942
2043,291256079
2043,300220295
2043,300237942
2043,300246055
2043,300247181
2043,300252053
2043,300253354
2043,300253568
2043,300255137
2043,300256079
2043,300256196
2043,300256197
2043,300268611
2043,300274559
2043,317191164
2043,317202056
2043,317240896
2043,318167905
2043,318187457
2043,320167905
2043,320251691
2043,320251692
2043,320251696
2043,320251698
2043,320251700
2043,320251701
2043,320251702
2043,320251712
2043,321204738
2043,321223053
2043,322175254
2043,322220295
2043,322247181
2043,324189454
2043,500175254
2043,501167905
2043,501175254
2043,502175254
2043,503175254
2043,503237942
2043,506175254
2043,508175254
2043,511237942
2043,511247181
2043,511256197
2043,515256079
2043,515256197
2043,517237942
2043,517256079
2043,517256196
2043,517256197
2043,804256079
2043,826256079
2043,834256196
2043,834256197
2043,834268611
2043,836256079
2043,836256196
2043,840256197
2043,844256079
2043,844256196
2043,844256197
2043,851237942
2043,855256079
2043,855256196
2043,856256079
2043,856256196
2043,856268611
2043,863237942
2043,863246055
2043,863253354
2043,863256079
2043,863256196
2043,863256197
2043,863268611
2043,863272569
2043,863274559
2043,866256196
2043,867256079
2044,206188877
2044,206197136
2044,230241788
2044,242241788
2044,250241788
2044,267241788
2044,273213955
2044,273215871
2044,273233218
2044,273241788
2044,273243549
2044,273243551
2044,273244259
2044,280241788
2044,287241788
2044,289194354
2044,300215871
2044,300237419
2044,300239323
2044,300241788
2044,300241793
2044,300243549
2044,300243551
2044,300251575
2044,317157427
2044,317188877
2044,317189717
2044,317191589
2044,317194354
2044,317197136
2044,317233669
2044,317239675
2044,317241069
2044,318189718
2044,318197136
2044,318203440
2044,318227921
2044,318231949
2044,318241785
2044,318241804
2044,318244231
2044,318244259
2044,318244537
2044,319217444
2044,319247174
2044,319251297
2044,319251575
2044,320189717
2044,320259073
2044,320259195
2044,320260718
2044,321197136
2044,321217441
2044,321227921
2044,321233241
2044,321239593
2044,321241790
2044,321244537
2044,321263238
2044,321264425
2044,322237419
2044,322268846
2044,323198288
2044,323213955
2044,323215871
2044,323231949
2044,323233218
2044,323233241
2044,323259094
2044,323274961
2044,323275719
2044,324072958
2044,324194354
2044,324215871
2044,324244259
2044,501215871
2044,511213955
2044,515241788
2044,808241788
2044,810241788
2044,834241788
2044,856241788
2044,863241788
2044,863243551
2045,206209331
2045,207209331
2045,207213051
2045,210209331
2045,210233601
2045,214209331
2045,215209331
2045,216209331
2045,221209331
2045,222209331
2045,230209331
2045,233209331
2045,234191005
2045,234209331
2045,234213051
2045,237209331
2045,241209331
2045,242209331
2045,250209331
2045,259209331
2045,260209331
2045,265209331
2045,267209331
2045,279209331
2045,280209331
2045,287209331
2045,300081918
2045,300081960
2045,300082318
2045,300197975
2045,300209331
2045,300210259
2045,300210648
2045,300222537
2045,300226078
2045,300228182
2045,300245870
2045,300254247
2045,300254252
2045,300254254
2045,300256675
2045,300261624
2045,300261742
2045,300269164
2045,317203766
2045,319170828
2045,319233600
2045,320197300
2045,320203766
2045,320211448
2045,320222134
2045,320222537
2045,320228182
2045,320233600
2045,320233601
2045,320253945
2045,320253946
2045,321210259
2045,322210259
2045,322239652
2045,322261742
2045,323210648
2045,323213051
2045,324197975
2045,324222134
2045,324226078
2045,500209331
2045,501209331
2045,501213051
2045,502209331
2045,502226078
2045,503209331
2045,506209331
2045,508209331
2045,511209331
2045,513209331
2045,515209331
2045,515256675
2045,517209331
2045,517256675
2045,808209331
2045,810213051
2045,820209331
2045,820256675
2045,825209331
2045,828209331
2045,829209331
2045,831209331
2045,832256675
2045,834209331
2045,834256675
2045,844209331
2045,848209331
2045,855209331
2045,856209331
2045,863209331
2045,863220380
2045,863254247
2045,863256675
2045,863269164
2046,201174543
2046,201181872
2046,201184941
2046,206174543
2046,206181872
2046,206184941
2046,206193532
2046,206199042
2046,207181872
2046,207184941
2046,210184941
2046,214181872
2046,214184941
2046,216181872
2046,217158851
2046,217181872
2046,217184941
2046,217187800
2046,217193532
2046,217194795
2046,217196069
2046,217199042
2046,217199827
2046,217206655
2046,217213597
2046,217213629
2046,217214294
2046,217214436
2046,217214817
2046,217214838
2046,217215086
2046,217219145
2046,218184941
2046,221174543
2046,221181872
2046,231181872
2046,231184941
2046,231193532
2046,234158851
2046,234174543
2046,234181872
2046,234184941
2046,234187800
2046,234188413
2046,234193532
2046,234196069
2046,234199042
2046,234206655
2046,237174543
2046,237181872
2046,237184941
2046,252174543
2046,252193532
2046,256174543
2046,256181872
2046,260181872
2046,260184941
2046,264181872
2046,264184941
2046,276233795
2046,289174543
2046,297174543
2046,321181872
2046,500199042
2046,501174543
2046,501181872
2046,501184941
2046,501192492
2046,501199042
2046,501213629
2046,501219145
2046,502181872
2046,502184941
2046,502192492
2046,502193532
2046,502199042
2046,502213629
2046,502219145
2046,503174543
2046,503181872
2046,503192492
2046,503199042
2046,506181872
2046,506184941
2046,506199042
2046,508174543
2046,508181872
2046,508199042
2046,511184941
2046,513174543
2046,514244447
2046,515184941
2046,810184941
2046,814184941
2046,828184941
2046,829184941
2046,845184941
2046,848184941
2046,858077787
2046,861077787
2047,201193041
2047,201204713
2047,206190799
2047,206193041
2047,206208379
2047,206212772
2047,210204713
2047,214193041
2047,218193041
2047,221193041
2047,225242737
2047,231193041
2047,234193041
2047,234204713
2047,234212772
2047,237193041
2047,241193041
2047,242193041
2047,246193041
2047,250193041
2047,256193041
2047,257242737
2047,260193041
2047,273193041
2047,273198335
2047,273212772
2047,273213064
2047,273227911
2047,273230755
2047,273232230
2047,273251387
2047,289193041
2047,300073238
2047,300073319
2047,300075070
2047,300213064
2047,300227911
2047,300229881
2047,300242533
2047,300268710
2047,300268712
2047,300268715
2047,300268719
2047,300270054
2047,300277755
2047,317176949
2047,317216780
2047,317216810
2047,317239844
2047,317240552
2047,318171682
2047,318198040
2047,318202896
2047,318207815
2047,318216805
2047,319190588
2047,319190799
2047,319236992
2047,319236999
2047,319242551
2047,319245256
2047,320175753
2047,320208379
2047,320213718
2047,320216811
2047,321202896
2047,321204713
2047,321221050
2047,321241743
2047,322230755
2047,322232230
2047,322233467
2047,322242737
2047,322242995
2047,323193041
2047,323199908
2047,323212772
2047,323213064
2047,323229748
2047,323243111
2047,323251387
2047,323262858
2047,323268712
2047,324193041
2047,324198553
2047,324251387
2047,324268709
2047,324268716
2047,501193041
2047,501208379
2047,501242737
2047,502193041
2047,502242737
2047,503193041
2047,506193041
2047,507242737
2047,508193041
2047,510242737
2047,511198553
2047,513193041
2048,100214649
2048,101214649
2048,110214649
2048,256177003
2048,267177003
2048,267216352
2048,270181458
2048,272168651
2048,272177003
2048,272181458
2048,272199206
2048,273177003
2048,273181458
2048,274177003
2048,278177003
2048,280177003
2048,280181458
2048,287177003
2048,289168651
2048,289177003
2048,289181458
2048,291216354
2048,291241095
2048,802177003
2048,808177003
2048,810251517
2048,814216352
2048,815177003
2048,815181458
2048,815207410
2048,815216352
2048,815216354
2048,815241671
2048,815251517
2048,815256325
2048,818177003
2048,820188335
2048,825177003
2048,825207410
2048,825214649
2048,826201144
2048,826216354
2048,826241095
2048,827214649
2048,828177003
2048,829177003
2048,829216352
2048,830228124
2048,832251517
2048,834223273
2048,834251517
2048,835181783
2048,836177003
2048,836251517
2048,840207410
2048,840223273
2048,840241673
2048,840250955
2048,840257889
2048,844188335
2048,844256325
2048,844266282
2048,846177003
2048,846188335
2048,848177003
2048,848181783
2048,848216352
2048,848223273
2048,851216354
2048,851251517
2048,856223273
2048,856250955
2048,856251517
2048,856276278
2048,861181783
2048,861214649
2048,863074896
2048,863177003
2048,863181458
2048,863188335
2048,863216354
2048,863223273
2048,863225263
2048,863238370
2048,863241095
2048,863241671
2048,863244261
2048,863250955
2048,863251517
2048,863256325
2048,863257889
2048,863276278
2048,866177003
2048,866216354
2048,866241095
2048,866262580
2048,866275192
2048,867181783
2048,867214649
2048,867216352
2049,201111503
2049,206194845
2049,206205257
2049,206225126
2049,206237548
2049,215194845
2049,217194845
2049,217218216
2049,217225126
2049,217235565
2049,217237548
2049,217237600
2049,217241746
2049,218225126
2049,234194845
2049,273194845
2049,273205257
2049,273225126
2049,273233642
2049,273235565
2049,273242041
2049,273255210
2049,273258171
2049,283225126
2049,291225126
2049,300072919
2049,300082220
2049,300211999
2049,300218215
2049,300220029
2049,300225126
2049,300235565
2049,300236316
2049,300242166
2049,300245410
2049,300246681
2049,300251790
2049,300252711
2049,300256383
2049,300258171
2049,300263194
2049,300263432
2049,300263672
2049,300268825
2049,300274000
2049,317053027
2049,317107263
2049,317165240
2049,317223285
2049,318184816
2049,318186444
2049,318205234
2049,318209483
2049,318218193
2049,319168950
2049,319176627
2049,319183288
2049,319198076
2049,319207788
2049,319209483
2049,319218216
2049,319241757
2049,319242166
2049,320186444
2049,320190499
2049,320223219
2049,321197366
2049,321241746
2049,321241754
2049,322205257
2049,322220029
2049,323233642
2049,323237548
2049,323241750
2049,324194845
2049,324241750
2049,324268822
2049,500194845
2049,501194845
2049,501225126
2049,502194845
2049,502225126
2049,503194845
2049,503225126
2049,508194845
2049,508225126
2049,511194845
2049,511225126
2049,513225126
2049,515225126
2049,517225126
2049,810263672
2049,863225126
2049,863235565
2049,863236316
2049,863245410
2049,863252711
2049,863258171
2049,863263672
2049,863274000
2050,210219932
2050,216152922
2050,234152922
2050,237183177
2050,256183177
2050,291219932
2050,291230977
2050,300083924
2050,300218191
2050,300219932
2050,300220332
2050,300220334
2050,300220337
2050,300222429
2050,300226286
2050,300226376
2050,300227394
2050,300228229
2050,300230977
2050,300237183
2050,300240359
2050,300241569
2050,300246690
2050,300246696
2050,300248053
2050,300248872
2050,300251613
2050,300253249
2050,300254601
2050,300255434
2050,300255718
2050,300268482
2050,300269278
2050,300273843
2050,317179752
2050,317209003
2050,317209523
2050,317214373
2050,317218191
2050,318156092
2050,318174381
2050,318182579
2050,318209095
2050,318209102
2050,318216385
2050,318224899
2050,318224909
2050,318225889
2050,318227550
2050,319179752
2050,319188992
2050,319215107
2050,319220337
2050,319225878
2050,320193887
2050,320204226
2050,320204699
2050,320220332
2050,320220334
2050,320225880
2050,320228229
2050,321182941
2050,321198129
2050,321204226
2050,321214373
2050,321220332
2050,321227394
2050,321228729
2050,321247881
2050,321248872
2050,322237183
2050,322244832
2050,323220334
2050,323228729
2050,324246690
2050,324246696
2050,324255718
2050,500228229
2050,501219932
2050,501220334
2050,501228229
2050,501230977
2050,502219932
2050,502230977
2050,503230977
2050,511219932
2050,513219932
2050,513230977
2050,517230977
2050,804255434
2050,829230977
2050,851240359
2050,863219932
2050,863222429
2050,863226286
2050,863230977
2050,863240359
2050,863255434
2050,863269278
2050,863278020
2051,206203299
2051,206211124
2051,214025420
2051,216025420
2051,217158133
2051,217187132
2051,217196434
2051,217196688
2051,217203299
2051,217204538
2051,217204539
2051,217204542
2051,217210951
2051,217211522
2051,217220673
2051,217223637
2051,217225701
2051,217226002
2051,217228271
2051,217234054
2051,217234178
2051,234025420
2051,234158133
2051,234203299
2051,246203299
2051,264234178
2051,300204539
2051,300211302
2051,300211522
2051,300221664
2051,300225701
2051,300246014
2051,300259543
2051,300259606
2051,300261971
2051,300262794
2051,300267794
2051,300272734
2051,300276283
2051,300279320
2051,300279348
2051,300279356
2051,300279360
2051,317196853
2051,317225702
2051,317241681
2051,317242486
2051,318168580
2051,318196848
2051,318211422
2051,318214692
2051,318219133
2051,318221664
2051,319025420
2051,319196434
2051,319234180
2051,319236265
2051,319246013
2051,319250841
2051,319253771
2051,320158133
2051,320196688
2051,320210112
2051,320211124
2051,320212509
2051,320226002
2051,320228271
2051,320228733
2051,320229727
2051,320234054
2051,320246013
2051,320247423
2051,320253563
2051,321204542
2051,321210951
2051,321223637
2051,321225706
2051,321234178
2051,321236260
2051,321236264
2051,321244641
2051,322150525
2051,322187132
2051,322203299
2051,322214692
2051,322228271
2051,322259251
2051,322259615
2051,323214692
2051,323225706
2051,324204538
2051,324220673
2051,324234178
2051,324236259
2051,324244641
2051,324258297
2051,324259612
2051,503025420
2051,508225706
2051,858025420
2052,100247699
2052,101247699
2052,110247699
2052,213051336
2052,215207807
2052,215216267
2052,219226491
2052,220216267
2052,230216267
2052,231164769
2052,236247699
2052,237247699
2052,238237238
2052,241216267
2052,250208919
2052,252134820
2052,252225589
2052,256247699
2052,260216267
2052,260237238
2052,268247699
2052,270245992
2052,276248808
2052,280216267
2052,283237238
2052,289247699
2052,291210881
2052,291216267
2052,511216267
2052,513216267
2052,515208919
2052,515210881
2052,515216267
2052,515237238
2052,515242280
2052,517210881
2052,517237238
2052,802189456
2052,802247699
2052,804257896
2052,810226491
2052,815198904
2052,815201368
2052,815202282
2052,815204269
2052,815210881
2052,815211093
2052,815213884
2052,815216267
2052,815216325
2052,815225316
2052,815225974
2052,815226093
2052,815226491
2052,815226508
2052,815237238
2052,815240439
2052,815245992
2052,815247279
2052,815248808
2052,815257896
2052,820242280
2052,825216267
2052,825247699
2052,826210881
2052,826213884
2052,827247699
2052,829216267
2052,834210881
2052,834211093
2052,834216267
2052,834226508
2052,839247699
2052,840237238
2052,844208919
2052,844237238
2052,846216267
2052,846237238
2052,848216267
2052,852237238
2052,855237238
2052,856216267
2052,861247699
2052,863198904
2052,863201368
2052,863210881
2052,863212516
2052,863213884
2052,863216267
2052,863216325
2052,863225974
2052,863226093
2052,863226491
2052,863237238
2052,863242280
2052,863245992
2052,863247279
2052,863248808
2052,863266815
2052,866237238
2053,100254642
2053,101254642
2053,110254642
2053,219236772
2053,221185122
2053,221204638
2053,231184789
2053,234184789
2053,234186648
2053,242185122
2053,242204638
2053,242236772
2053,249254642
2053,256254642
2053,268254642
2053,274254642
2053,280185122
2053,280204638
2053,280236772
2053,287260908
2053,291204638
2053,291236772
2053,300070903
2053,300185122
2053,300204638
2053,300221610
2053,300234171
2053,300236510
2053,300236772
2053,300238277
2053,300247026
2053,300260908
2053,317137089
2053,320182879
2053,323223208
2053,500185122
2053,501184789
2053,501185122
2053,501204638
2053,502184789
2053,502185122
2053,502204638
2053,503185122
2053,506185122
2053,508185122
2053,508204638
2053,508234171
2053,511185122
2053,511204638
2053,512268097
2053,513204638
2053,513236772
2053,513238277
2053,515185122
2053,515204638
2053,515236772
2053,517185122
2053,517204638
2053,517236772
2053,517260908
2053,596236772
2053,804260908
2053,810185122
2053,810204638
2053,815188537
2053,815201707
2053,815204638
2053,815221610
2053,815223207
2053,815223208
2053,815230718
2053,815230936
2053,815234087
2053,815234171
2053,815236449
2053,815236510
2053,815236772
2053,815238277
2053,815253170
2053,815254159
2053,815258708
2053,815260908
2053,815263233
2053,815268097
2053,825254642
2053,827254642
2053,832185122
2053,834236772
2053,836236772
2053,836260908
2053,844185122
2053,844260908
2053,851236772
2053,852204638
2053,852236772
2053,856234171
2053,856236772
2053,856260908
2053,861254642
2053,866236772
2054,214137506
2054,219241390
2054,221241390
2054,234137506
2054,246137506
2054,280241390
2054,300071062
2054,300073154
2054,300073301
2054,300073303
2054,300073471
2054,300075592
2054,300202910
2054,300206006
2054,300211348
2054,300237239
2054,300241390
2054,300243302
2054,300251545
2054,300257716
2054,300259130
2054,300266567
2054,300269953
2054,300276076
2054,300276645
2054,317204257
2054,317241392
2054,318205138
2054,318213649
2054,318215501
2054,318221356
2054,318227693
2054,318239079
2054,318245429
2054,319201591
2054,319255410
2054,319255640
2054,320205138
2054,320206399
2054,320213649
2054,320223568
2054,320241392
2054,320245707
2054,320251452
2054,320254560
2054,320258798
2054,321137506
2054,321212107
2054,321227693
2054,321263151
2054,321264470
2054,321266622
2054,322204350
2054,322254284
2054,322259753
2054,322269237
2054,322271652
2054,323199274
2054,323208115
2054,323213649
2054,323257716
2054,323261246
2054,323269862
2054,323274727
2054,323275747
2054,324070516
2054,324070579
2054,324071062
2054,324204350
2054,324205965
2054,324206101
2054,324215574
2054,324216350
2054,324241392
2054,324245429
2054,324257716
2054,324266112
2054,324266244
2054,324268541
2054,324270348
2054,324276212
2054,324276955
2054,501237239
2054,502237239
2054,503137506
2054,503237239
2054,508211348
2054,511211348
2054,515241390
2054,810241390
2054,848241390
2055,221204923
2055,230201922
2055,230204923
2055,233139313
2055,241204923
2055,246139313
2055,250204923
2055,252189606
2055,253184200
2055,253197445
2055,253201922
2055,253204923
2055,253223724
2055,256197445
2055,259197445
2055,260197445
2055,260231838
2055,260257876
2055,264197445
2055,267197445
2055,267199813
2055,270233195
2055,276257876
2055,280197445
2055,280233195
2055,283197445
2055,283242187
2055,289184200
2055,291199439
2055,291204497
2055,291223671
2055,291229071
2055,291242187
2055,802193254
2055,802197445
2055,804254566
2055,810184200
2055,810197445
2055,810204923
2055,810225375
2055,810233195
2055,810242187
2055,810257876
2055,814184200
2055,814204923
2055,815184200
2055,815195038
2055,815197445
2055,815199439
2055,815204923
2055,815215522
2055,815216275
2055,815223671
2055,815225375
2055,815228336
2055,815231366
2055,815231838
2055,815233195
2055,815237985
2055,815239901
2055,815242187
2055,815254566
2055,815257876
2055,825197445
2055,826204497
2055,826223671
2055,826228336
2055,826233195
2055,826239701
2055,829237985
2055,834199813
2055,834204923
2055,834225375
2055,836197445
2055,848197445
2055,848204923
2055,851216275
2055,851239701
2055,852225375
2055,856204923
2055,856225375
2055,856237985
2055,863184200
2055,863197445
2055,863199439
2055,863204923
2055,863215522
2055,863216275
2055,863223671
2055,863225375
2055,863228505
2055,863231366
2055,863233195
2055,863237985
2055,863239701
2055,863242187
2055,863254566
2055,863257876
2055,866242187
2055,867193254
2056,100005673
2056,101005673
2056,110005673
2056,214005673
2056,230190941
2056,234005673
2056,234172862
2056,234190362
2056,234190941
2056,237005673
2056,241190941
2056,246172862
2056,252005673
2056,252172862
2056,256005673
2056,256172862
2056,264190941
2056,289005673
2056,289190362
2056,300072974
2056,300073599
2056,300076870
2056,300076879
2056,300081326
2056,300081776
2056,300190362
2056,300190941
2056,300199904
2056,300205895
2056,300207593
2056,300213654
2056,300213763
2056,300220165
2056,300228312
2056,300232446
2056,300234291
2056,300234294
2056,300234298
2056,300234300
2056,300234889
2056,300239944
2056,300241523
2056,300242055
2056,300245582
2056,300245685
2056,300247286
2056,300247447
2056,300254994
2056,300256215
2056,300258599
2056,300258928
2056,300261375
2056,300263310
2056,300263343
2056,300263364
2056,300266125
2056,300271326
2056,300272599
2056,300272648
2056,300274089
2056,300277310
2056,317202893
2056,318053502
2056,318156025
2056,318172547
2056,319159017
2056,320172233
2056,320213717
2056,321164858
2056,321206004
2056,321216273
2056,323172233
2056,323208018
2056,323224436
2056,324172862
2056,500172862
2056,501172862
2056,501190941
2056,502172862
2056,502190362
2056,502190941
2056,503190362
2056,503190941
2056,503199904
2056,506190941
2056,508190362
2056,508190941
2056,510243906
2056,511190941
2056,513190941
2056,515190941
2056,517190941
2056,802005673
2056,813005673
2056,825005673
2056,827005673
2056,834190941
2056,840213654
2056,844247447
2056,848190941
2057,230232119
2057,237170797
2057,246143745
2057,250124375
2057,250224490
2057,251124635
2057,251143745
2057,252143745
2057,260124375
2057,260208128
2057,260224490
2057,262238160
2057,264208128
2057,265223197
2057,265238160
2057,267208128
2057,267243245
2057,270223197
2057,270235407
2057,270235889
2057,280208128
2057,280235407
2057,283243245
2057,287208128
2057,287243245
2057,291223197
2057,513208128
2057,515208128
2057,517208128
2057,517264309
2057,802182670
2057,802193945
2057,804264309
2057,810208128
2057,810235407
2057,814208128
2057,814223197
2057,815190113
2057,815208128
2057,815223197
2057,815224490
2057,815225403
2057,815226300
2057,815229905
2057,815230624
2057,815232119
2057,815235152
2057,815235407
2057,815235889
2057,815238160
2057,815243245
2057,815258396
2057,815258580
2057,815260466
2057,815263021
2057,815263205
2057,815264309
2057,820208128
2057,820243245
2057,829208128
2057,829235407
2057,832208128
2057,834208128
2057,834243245
2057,834258580
2057,834264309
2057,834277954
2057,836277954
2057,840224490
2057,844243245
2057,844258580
2057,848224490
2057,851277954
2057,852208128
2057,852232119
2057,855277954
2057,856208128
2057,856226300
2057,856229905
2057,856263205
2057,856264309
2057,856277954
2057,863208128
2057,863224490
2057,863226300
2057,863229905
2057,863235152
2057,863235407
2057,863238160
2057,863239892
2057,863243245
2057,863243526
2057,863258580
2057,863260466
2057,863263021
2057,863263205
2057,863264309
2057,863277954
2057,866277954
2057,867208128
2058,100001845
2058,101001845
2058,110001845
2058,113274967
2058,241239085
2058,246001845
2058,250239085
2058,256001845
2058,259239085
2058,261001845
2058,265222665
2058,267231913
2058,267238756
2058,267239085
2058,270239085
2058,279222665
2058,279239085
2058,280238516
2058,280239085
2058,287222665
2058,287230737
2058,287239085
2058,290239085
2058,291216549
2058,515239085
2058,517239085
2058,802001845
2058,807239085
2058,808222665
2058,810203362
2058,810219466
2058,810222665
2058,810229891
2058,810238516
2058,810239085
2058,811274967
2058,813274967
2058,814239085
2058,820216549
2058,820222665
2058,820239085
2058,825001845
2058,825239085
2058,825274967
2058,826238756
2058,828222665
2058,828239085
2058,829222665
2058,829274967
2058,832222665
2058,832239085
2058,834222665
2058,834229891
2058,834231913
2058,834239085
2058,836239085
2058,836262863
2058,844239085
2058,846001845
2058,846274967
2058,848216549
2058,848239085
2058,851229891
2058,851238756
2058,852274967
2058,854239085
2058,856216549
2058,856222227
2058,856222665
2058,856225077
2058,856228238
2058,856229891
2058,856231913
2058,856233800
2058,856233848
2058,856239085
2058,856242162
2058,856242623
2058,856256598
2058,856258892
2058,856268375
2058,863185427
2058,863216549
2058,863222227
2058,863222475
2058,863222665
2058,863224258
2058,863228092
2058,863229891
2058,863238516
2058,863239085
2058,863248342
2058,863259185
2058,863262135
2058,863262863
2058,863277295
2058,866229891
2058,866231913
2058,866233400
2058,866239085
2059,100013128
2059,101013128
2059,110013128
2059,111013128
2059,201013128
2059,206187754
2059,207013128
2059,207194794
2059,210206414
2059,214013128
2059,216013128
2059,218231969
2059,219243952
2059,221227813
2059,221231969
2059,234013128
2059,234142902
2059,234194794
2059,234200641
2059,234206413
2059,237013128
2059,237176483
2059,238245131
2059,242227813
2059,242231969
2059,252013128
2059,253187754
2059,253194794
2059,253206413
2059,253206414
2059,253206544
2059,253220948
2059,253227813
2059,253229528
2059,253231969
2059,253237109
2059,253240309
2059,253240702
2059,253244368
2059,253244369
2059,253244374
2059,253244380
2059,253244385
2059,253258781
2059,254013128
2059,256227813
2059,260227813
2059,260240702
2059,264200641
2059,268013128
2059,270227813
2059,276244380
2059,280240702
2059,280243952
2059,280246340
2059,287227813
2059,289013128
2059,291244380
2059,503227813
2059,506231969
2059,508231969
2059,511227813
2059,511231969
2059,511244380
2059,513231969
2059,513244369
2059,515242458
2059,515243952
2059,515244369
2059,517242458
2059,517244369
2059,517258781
2059,804246340
2059,804250753
2059,804258781
2059,810227813
2059,810243952
2059,814013128
2059,814246340
2059,815244380
2059,815246340
2059,815259913
2059,820242458
2059,825013128
2059,825243952
2059,826244369
2059,826244380
2059,827013128
2059,829227813
2059,832242458
2059,834250753
2059,839013128
2059,850013128
2059,851242458
2059,851244380
2059,856250753
2059,856258781
2059,856259913
2059,861013128
2059,868013128
20001,100001040
20001,100004231
20001,100005003
20001,100028130
20001,100037576
20001,100138449
20001,101001040
20001,101004231
20001,101005003
20001,101028130
20001,101037576
20001,101138449
20001,110001040
20001,110004231
20001,110005003
20001,110028130
20001,110037576
20001,110138449
20001,111138449
20001,113028130
20001,113138449
20001,216028130
20001,216037576
20001,234001040
20001,234028130
20001,234037576
20001,237001040
20001,237004231
20001,237028130
20001,237037576
20001,237138449
20001,252005003
20001,252028130
20001,256004231
20001,256028130
20001,264028130
20001,264138449
20001,268001040
20001,268004231
20001,268005003
20001,268028130
20001,268037576
20001,268138449
20001,272001040
20001,272004231
20001,272005003
20001,272028130
20001,272037576
20001,274001040
20001,274138449
20001,284138449
20001,289001040
20001,289005003
20001,802001040
20001,813001040
20001,813004231
20001,813028130
20001,814037576
20001,814138449
20001,821001040
20001,821028130
20001,821037576
20001,825001040
20001,825004231
20001,825005003
20001,825028130
20001,825138449
20001,827001040
20001,827004231
20001,827005003
20001,827028130
20001,827037576
20001,827138449
20001,829005003
20001,829138449
20001,836037576
20001,840037576
20001,845001040
20001,845004231
20001,845005003
20001,845037576
20001,848028130
20001,848037576
20001,850001040
20001,850005003
20001,850028130
20001,850037576
20001,850138449
20001,852004231
20001,852037576
20001,861001040
20001,861004231
20001,861005003
20001,861028130
20001,861037576
20001,861138449
20001,867001040
20001,867028130
20001,868037576
20001,868138449
20002,100001116
20002,100001397
20002,100001419
20002,100001605
20002,100001615
20002,100001620
20002,100001625
20002,100001668
20002,100005984
20002,100156616
20002,100222481
20002,101001397
20002,101001625
20002,110001116
20002,110001397
20002,110001419
20002,110001605
20002,110001615
20002,110001620
20002,110001625
20002,110001668
20002,110005984
20002,110156616
20002,110222481
20002,111001625
20002,113001625
20002,113001668
20002,113156616
20002,289001116
20002,289001397
20002,289001625
20002,801001397
20002,801005984
20002,802001419
20002,802005984
20002,814001419
20002,825001397
20002,825001625
20002,825005454
20002,825156616
20002,827001397
20002,827001625
20002,827156616
20002,829001397
20002,829001419
20002,829001620
20002,829156616
20002,836001397
20002,836001419
20002,836001605
20002,836001625
20002,839001605
20002,839156616
20002,840001397
20002,840001419
20002,840001605
20002,840001615
20002,840001620
20002,840001625
20002,840005454
20002,840222481
20002,845001116
20002,845001397
20002,845001419
20002,845001615
20002,845001620
20002,845001625
20002,845005454
20002,845222481
20002,846156616
20002,848001397
20002,848001419
20002,848001605
20002,848001625
20002,848001668
20002,848156616
20002,850001116
20002,850001397
20002,850001419
20002,850001620
20002,850001625
20002,852001419
20002,861001116
20002,861001397
20002,861001419
20002,861001605
20002,861001615
20002,861001620
20002,861001625
20002,861001668
20002,861005454
20002,861156616
20002,861222481
20002,867001116
20002,867001419
20002,867001668
20002,868001397
20002,868001419
20002,868001625
20002,868222481
20003,240231747
20003,250231747
20003,251194765
20003,256195864
20003,256201535
20003,256215914
20003,256231747
20003,258215914
20003,258231747
20003,260231747
20003,265231747
20003,267231747
20003,272167948
20003,272178509
20003,272194765
20003,272195864
20003,272201535
20003,272205600
20003,272215914
20003,272220814
20003,272226851
20003,272231747
20003,273194765
20003,273195864
20003,273231747
20003,278231747
20003,279167948
20003,279178509
20003,279194765
20003,280178509
20003,280231747
20003,283194765
20003,284195864
20003,287194765
20003,287231747
20003,289167948
20003,289178509
20003,289194765
20003,291178509
20003,515231747
20003,802167948
20003,802201535
20003,807231747
20003,808194765
20003,810194765
20003,810226851
20003,810231747
20003,814178509
20003,814201535
20003,814215914
20003,814226851
20003,814231747
20003,815178509
20003,815194765
20003,815231747
20003,818178509
20003,820178509
20003,820194765
20003,820215914
20003,820231747
20003,825178509
20003,825201535
20003,825215914
20003,825226851
20003,828167948
20003,828194765
20003,828215914
20003,828231747
20003,829205600
20003,831231747
20003,832194765
20003,832215914
20003,834194765
20003,834226851
20003,834231747
20003,835170890
20003,836167948
20003,836231747
20003,839215914
20003,840194765
20003,840215914
20003,840220814
20003,844215914
20003,844231747
20003,846170890
20003,848167948
20003,848170890
20003,848178509
20003,848194765
20003,848215914
20003,848226851
20003,851194765
20003,852178509
20003,852195864
20003,854231747
20003,856194765
20003,856231747
20003,861170890
20003,863231747
20003,866231747
20004,113183277
20004,114183277
20004,240192985
20004,250192505
20004,250192985
20004,252183277
20004,253192505
20004,256192985
20004,258192985
20004,259192505
20004,260192119
20004,267192119
20004,267192985
20004,270192505
20004,272172871
20004,272175943
20004,272177413
20004,272183277
20004,272192119
20004,272192505
20004,272192985
20004,272200529
20004,272202371
20004,273192505
20004,273192985
20004,273202371
20004,274192119
20004,278192119
20004,278192985
20004,280192119
20004,280192985
20004,283183277
20004,284192505
20004,287192985
20004,289172871
20004,289175943
20004,289177413
20004,289184087
20004,289192119
20004,289192505
20004,802139720
20004,802175943
20004,807192985
20004,810177413
20004,811139720
20004,814177413
20004,815192505
20004,818175943
20004,825192119
20004,825192985
20004,825213135
20004,826177413
20004,826192505
20004,827183277
20004,828192119
20004,828192505
20004,828192985
20004,829177413
20004,829192119
20004,829192505
20004,834192119
20004,834202371
20004,835176944
20004,835183277
20004,836183277
20004,836192505
20004,836192985
20004,840176944
20004,840183277
20004,840192119
20004,840192505
20004,840213135
20004,844192119
20004,844192505
20004,846139720
20004,846176944
20004,846183277
20004,846192119
20004,846192505
20004,846192985
20004,846213135
20004,848183277
20004,848192119
20004,848192505
20004,848192985
20004,852176944
20004,852192985
20004,855192119
20004,855192505
20004,856192119
20004,861139720
20004,861176944
20004,861183277
20004,863192119
20004,863192505
20004,863192985
20004,863202371
20004,866192119
20004,867176944
20004,868183277
20005,100000041
20005,100005479
20005,100010535
20005,100013038
20005,100045197
20005,100049369
20005,101000041
20005,101005479
20005,101010535
20005,101013038
20005,101045197
20005,101049369
20005,110000041
20005,110005479
20005,110010535
20005,110013038
20005,110045197
20005,110049369
20005,111013038
20005,113005479
20005,113013038
20005,283005479
20005,283010535
20005,289005479
20005,289010535
20005,289013038
20005,802005479
20005,802010535
20005,802013038
20005,802155862
20005,802189511
20005,814049369
20005,814155862
20005,818155862
20005,820189332
20005,820189511
20005,821010535
20005,821013038
20005,825005479
20005,825010535
20005,825013038
20005,825045197
20005,825049369
20005,825189332
20005,825189505
20005,825189511
20005,827005479
20005,827010535
20005,827049369
20005,829005479
20005,829010535
20005,829013038
20005,829045197
20005,829162895
20005,829189505
20005,829189511
20005,835162895
20005,836005479
20005,836025924
20005,836045197
20005,836049369
20005,836162895
20005,836189511
20005,840049369
20005,840189505
20005,844189332
20005,845005479
20005,845010535
20005,845013038
20005,845025924
20005,845045197
20005,845049369
20005,845162895
20005,845189332
20005,845189511
20005,846045197
20005,848000041
20005,848010535
20005,848013038
20005,848162895
20005,848189332
20005,848189505
20005,848189511
20005,850049369
20005,852000041
20005,852010535
20005,852189332
20005,852189505
20005,852189511
20005,861000041
20005,861005479
20005,861010535
20005,861013038
20005,861025924
20005,861045197
20005,861049369
20005,861162895
20005,867025924
20005,867045197
20005,867162895
20006,100001256
20006,100004000
20006,100005680
20006,100051539
20006,101001256
20006,101004000
20006,101005680
20006,101051539
20006,101177845
20006,110001256
20006,110004000
20006,110005680
20006,110051539
20006,111051539
20006,201001256
20006,201004000
20006,201005680
20006,201005740
20006,201051539
20006,201177845
20006,207001256
20006,207004000
20006,207005680
20006,207005740
20006,207051539
20006,207177845
20006,214001256
20006,214004000
20006,214005680
20006,214051539
20006,216001256
20006,216004000
20006,216177845
20006,234001256
20006,234004000
20006,234005680
20006,234051539
20006,234177845
20006,237001256
20006,237004000
20006,237005680
20006,237005740
20006,237051539
20006,246177845
20006,251001256
20006,251004000
20006,251005680
20006,251005740
20006,251051539
20006,251177845
20006,252001256
20006,252004000
20006,252051539
20006,252177845
20006,256001256
20006,256005680
20006,256005740
20006,256051539
20006,256177845
20006,268001256
20006,268004000
20006,268005680
20006,268005740
20006,268051539
20006,272001256
20006,272004000
20006,272005680
20006,272005740
20006,272051539
20006,283004000
20006,283177845
20006,289051539
20006,802001256
20006,802004000
20006,802051539
20006,814001256
20006,825005680
20006,825051539
20006,827004000
20006,827005680
20006,827005740
20006,827051539
20006,829004000
20006,829051539
20006,835005740
20006,836004000
20006,836005680
20006,840004000
20006,846005740
20006,848004000
20006,848005740
20006,848051539
20006,849005740
20006,850004000
20006,861004000
20006,861005680
20006,861005740
20006,861051539
20006,868004000
20007,211158023
20007,214158023
20007,215158023
20007,216153079
20007,216158023
20007,220158023
20007,221158023
20007,221183898
20007,222153079
20007,230153079
20007,230158023
20007,230183898
20007,231142754
20007,231143001
20007,231167664
20007,233153079
20007,234142754
20007,234153079
20007,234158023
20007,237142754
20007,237143001
20007,237167664
20007,237170481
20007,237183898
20007,241158023
20007,241183898
20007,242158023
20007,242183898
20007,250158023
20007,250183898
20007,252158023
20007,256153079
20007,256158023
20007,256167664
20007,256183898
20007,258158023
20007,260158023
20007,260183898
20007,264158023
20007,264201862
20007,267158023
20007,270183898
20007,272142754
20007,272158023
20007,272167664
20007,272173373
20007,272183898
20007,272201862
20007,273158023
20007,273183898
20007,278158023
20007,280158023
20007,281142754
20007,283158023
20007,287158023
20007,289142754
20007,289158023
20007,289183898
20007,502158023
20007,503158023
20007,506158023
20007,508158023
20007,511158023
20007,515158023
20007,517158023
20007,807158023
20007,811143001
20007,814143001
20007,814158023
20007,820158023
20007,820183898
20007,821142754
20007,821143001
20007,825142754
20007,825143001
20007,825158023
20007,827142754
20007,827143001
20007,828158023
20007,829142754
20007,829158023
20007,832158023
20007,832183898
20007,834183898
20007,836158023
20007,840173373
20007,844158023
20007,845158023
20007,845183898
20007,846143001
20007,848142754
20007,848143001
20007,848158023
20007,852158023
20007,855158023
20007,861142754
20007,861143001
20007,863158023
20007,866158023
20007,867142754
20008,201174543
20008,201181872
20008,201184941
20008,206174543
20008,206181872
20008,206184941
20008,206193532
20008,206199042
20008,207181872
20008,207184941
20008,210184941
20008,214181872
20008,214184941
20008,216181872
20008,217181872
20008,217184941
20008,217187800
20008,217193532
20008,217194795
20008,217199042
20008,217206655
20008,218184941
20008,221174543
20008,221181872
20008,231181872
20008,231184941
20008,231193532
20008,234174543
20008,234181872
20008,234184941
20008,234187800
20008,234193532
20008,234199042
20008,234206655
20008,237174543
20008,237181872
20008,237184941
20008,252174543
20008,252193532
20008,256174543
20008,256181872
20008,260181872
20008,260184941
20008,264181872
20008,264184941
20008,289174543
20008,297174543
20008,300184941
20008,318203801
20008,319174549
20008,319187800
20008,319203801
20008,320176930
20008,320194795
20008,320206655
20008,321181872
20008,322193532
20008,322199042
20008,323174543
20008,323187800
20008,324193532
20008,500199042
20008,501174543
20008,501181872
20008,501184941
20008,501199042
20008,502181872
20008,502184941
20008,502193532
20008,502199042
20008,503174543
20008,503181872
20008,503199042
20008,506181872
20008,506184941
20008,506199042
20008,508174543
20008,508181872
20008,508199042
20008,511184941
20008,513174543
20008,515184941
20008,810184941
20008,814184941
20008,828184941
20008,829184941
20008,845184941
20008,848184941
20009,100039943
20009,101039943
20009,110039943
20009,111039943
20009,113034666
20009,113039943
20009,202007489
20009,202019580
20009,202032743
20009,202033730
20009,202034666
20009,202039943
20009,202044786
20009,202103133
20009,202136285
20009,202136299
20009,202136594
20009,202136600
20009,202136606
20009,202136705
20009,202138161
20009,202140053
20009,202140057
20009,202241684
20009,225007489
20009,225019580
20009,225032743
20009,225033730
20009,225034666
20009,225044786
20009,225103133
20009,225136285
20009,225136299
20009,225136391
20009,225136445
20009,225136454
20009,225136594
20009,225136600
20009,225136606
20009,225136705
20009,225136743
20009,225138161
20009,225139500
20009,225140053
20009,225140057
20009,225241684
20009,234039943
20009,246039943
20009,252019580
20009,252033730
20009,252039943
20009,252138161
20009,252140053
20009,256039943
20009,268039943
20009,272007489
20009,272019580
20009,272032743
20009,272033730
20009,272034666
20009,272039943
20009,272044786
20009,272103133
20009,272136285
20009,272136299
20009,272136391
20009,272136454
20009,272136600
20009,272136705
20009,272138161
20009,272140053
20009,272140057
20009,272241684
20009,289019580
20009,289034666
20009,289039943
20009,289136705
20009,289138161
20009,289140053
20009,289241684
20009,814039943
20009,825039943
20009,839039943
20009,848039943
20009,861039943
20009,862007489
20009,862034666
20009,862138161
20009,862140057
20009,864007489
20009,864019580
20009,864033730
20009,864034666
20009,864039943
20009,864103133
20009,864136600
20009,864136705
20009,864138161
20009,864140053
20009,864140057
20010,100000250
20010,100000388
20010,100005419
20010,100005471
20010,100007289
20010,100013743
20010,100034079
20010,100054050
20010,101000250
20010,101054050
20010,110000250
20010,110000388
20010,110005419
20010,110005471
20010,110007289
20010,110013743
20010,110034079
20010,110054050
20010,113000388
20010,113007289
20010,113013743
20010,113021146
20010,113034079
20010,113054050
20010,114007289
20010,283013743
20010,289000250
20010,802000250
20010,802005471
20010,802007289
20010,802013743
20010,802054050
20010,814000027
20010,814000388
20010,814005471
20010,814007289
20010,814034079
20010,825000250
20010,825005471
20010,825007289
20010,825013743
20010,825034079
20010,825054050
20010,827000250
20010,827005419
20010,827005471
20010,827013743
20010,827054050
20010,829005471
20010,829013743
20010,829021146
20010,829034079
20010,829054050
20010,835021146
20010,836000250
20010,836005419
20010,836005471
20010,836007289
20010,836013743
20010,836021146
20010,836034079
20010,836054050
20010,839000250
20010,840005419
20010,840005471
20010,840013743
20010,840021146
20010,846000250
20010,846005471
20010,846013743
20010,848000027
20010,848000388
20010,848005471
20010,848007289
20010,848021146
20010,848034079
20010,848054050
20010,850000027
20010,850005471
20010,850007289
20010,850013743
20010,850054050
20010,852005471
20010,852013743
20010,852034079
20010,861000027
20010,861000250
20010,861000388
20010,861005419
20010,861005471
20010,861007289
20010,861013743
20010,861034079
20010,861051257
20010,861054050
20010,867000027
20010,867000250
20010,867054050
20010,868005471
20010,868007289
20011,100011141
20011,100121939
20011,100121944
20011,100182521
20011,101011141
20011,101121939
20011,101121944
20011,101182521
20011,110011141
20011,110121939
20011,110121944
20011,110182521
20011,113121944
20011,256182521
20011,260182521
20011,264011141
20011,265204024
20011,267167495
20011,267189596
20011,268121939
20011,268121944
20011,272011141
20011,272121939
20011,272121944
20011,272150516
20011,272167495
20011,272176635
20011,272178603
20011,272182521
20011,272183907
20011,272189596
20011,273189596
20011,274182521
20011,279182521
20011,280182521
20011,283121939
20011,283121944
20011,283167495
20011,283182521
20011,283189596
20011,283192318
20011,284178603
20011,289011141
20011,289121939
20011,289121944
20011,289182521
20011,291207862
20011,802121939
20011,802121944
20011,802167495
20011,802178603
20011,802182521
20011,802189596
20011,807182521
20011,808178603
20011,810178603
20011,810182521
20011,810189596
20011,814121939
20011,814121944
20011,814178603
20011,814192318
20011,814204024
20011,818167495
20011,820182521
20011,821207862
20011,825121939
20011,825121944
20011,827011141
20011,827121939
20011,827121944
20011,828167495
20011,828189596
20011,829011141
20011,829121939
20011,829121944
20011,829167495
20011,829192318
20011,834189596
20011,836121939
20011,836121944
20011,836167495
20011,846121939
20011,848121939
20011,848121944
20011,848167495
20011,848182521
20011,848192318
20011,851207862
20011,852011141
20011,852121944
20011,852182521
20011,852189596
20011,852207862
20011,855167495
20011,856167495
20011,861011141
20011,861121939
20011,861121944
20011,861182521
20012,100001075
20012,100001088
20012,100001179
20012,100001183
20012,100001238
20012,100004202
20012,100005099
20012,100007763
20012,101001075
20012,101001088
20012,101001179
20012,101001183
20012,101001198
20012,101001238
20012,101004202
20012,101005099
20012,101007763
20012,110001075
20012,110001088
20012,110001179
20012,110001183
20012,110001238
20012,110004202
20012,110005099
20012,110007763
20012,111001075
20012,111001183
20012,113001088
20012,113001179
20012,264007763
20012,268001075
20012,268001183
20012,268007763
20012,272001179
20012,272001183
20012,272005099
20012,272007763
20012,283001088
20012,289001179
20012,289001183
20012,289007763
20012,801001075
20012,801005099
20012,801007763
20012,802001075
20012,802001088
20012,802004202
20012,802007763
20012,814001088
20012,814001183
20012,814007763
20012,821007763
20012,825001075
20012,825001088
20012,825004202
20012,825007763
20012,827001075
20012,827001088
20012,827001179
20012,827001183
20012,827007763
20012,829001075
20012,829001088
20012,829001179
20012,829001183
20012,829005099
20012,835137186
20012,836001075
20012,836001179
20012,836001183
20012,840001075
20012,840001088
20012,840001179
20012,840001183
20012,848001179
20012,848001238
20012,848137186
20012,850007763
20012,852001075
20012,852001088
20012,852001179
20012,852001183
20012,852004202
20012,852053302
20012,858053302
20012,861001075
20012,861001088
20012,861001179
20012,861001183
20012,861001238
20012,861004202
20012,861005099
20012,861007763
20012,861053302
20012,861137186
20012,867001088
20012,867001183
20012,867001238
20012,867004202
20012,867053302
20013,219243780
20013,221243780
20013,225231947
20013,225234222
20013,225242004
20013,225246937
20013,225247689
20013,225251162
20013,239246937
20013,257234222
20013,264243780
20013,277242924
20013,277246937
20013,287243780
20013,293234222
20013,293246937
20013,294243780
20013,294246937
20013,295231947
20013,295234222
20013,295242004
20013,295242182
20013,295242826
20013,295242924
20013,295243064
20013,295243242
20013,295243780
20013,295244852
20013,295246937
20013,295247689
20013,295247690
20013,295251157
20013,295251158
20013,295251159
20013,295251160
20013,295251161
20013,295251162
20013,295251163
20013,295251164
20013,298244852
20013,300243780
20013,501234222
20013,502234222
20013,502242004
20013,503243780
20013,504231947
20013,504234222
20013,504242004
20013,504246937
20013,504251157
20013,506243780
20013,507234222
20013,507243064
20013,507246937
20013,507251157
20013,508243780
20013,510234222
20013,510246937
20013,510247689
20013,511243780
20013,512242004
20013,512242924
20013,512246937
20013,513243780
20013,514234222
20013,514242924
20013,514246937
20013,514251157
20013,514251162
20013,515243780
20013,516234222
20013,516242004
20013,516242182
20013,516243064
20013,516246937
20013,516251157
20013,516251161
20013,516251162
20013,517243780
20013,518242182
20013,518242924
20013,518243064
20013,518251161
20013,596243780
20013,805242924
20013,805251162
20013,806243780
20013,806251162
20013,808243780
20013,810243780
20013,812243780
20013,814243780
20013,830251161
20013,830251162
20013,834243780
20013,836243780
20013,853242004
20013,856243780
20013,862243780
20013,863243780
30002,218212791
30002,225155339
30002,225165867
30002,225184900
30002,225184901
30002,225202748
30002,225202986
30002,225212791
30002,239184900
30002,252202986
30002,257202986
30002,277202986
30002,300184901
30002,300202986
30002,300212791
30002,317165867
30002,319200574
30002,322184900
30002,324202748
30002,501184900
30002,501184901
30002,501200574
30002,501202986
30002,501212791
30002,502184900
30002,502184901
30002,502200574
30002,502202986
30002,502212791
30002,504184900
30002,504184901
30002,504202748
30002,504202986
30002,504212791
30002,507184900
30002,507184901
30002,507202748
30002,507202986
30002,507212791
30002,510184901
30002,510202748
30002,510202986
30002,512184901
30002,512202986
30002,512212791
30002,514202986
30002,516184901
30002,518184901
30002,802184901
30002,805212791
30003,202019580
30003,202136265
30003,202136361
30003,202136743
30003,202155634
30003,202242887
30003,225019580
30003,225136253
30003,225136265
30003,225136341
30003,225136361
30003,225136743
30003,225155634
30003,225242887
30003,252019580
30003,272019580
30003,289019580
30003,864019580
30004,225136360
30004,225155339
30004,225165867
30004,225165903
30004,225184900
30004,239184900
30004,317165867
30004,321165903
30004,322184900
30004,501165903
30004,501184900
30004,502184900
30004,504184900
30004,507184900
30005,202136306
30005,202136445
30005,202136454
30005,225136306
30005,225136363
30005,225136445
30005,225136454
30005,225155625
30005,225165903
30005,225180287
30005,225184336
30005,225184337
30005,225199231
30005,231180287
30005,239199231
30005,257199231
30005,272136454
30005,277199231
30005,277202970
30005,293199231
30005,295199231
30005,298184337
30005,300199231
30005,300202970
30005,319155625
30005,319187146
30005,319202970
30005,320136363
30005,320180287
30005,321165903
30005,322184336
30005,323184337
30005,501136363
30005,501165903
30005,501180287
30005,501184337
30005,501199231
30005,501202970
30005,502136363
30005,502180287
30005,502184337
30005,502199231
30005,504155625
30005,504180287
30005,504184336
30005,504184337
30005,504199231
30005,507184336
30005,507184337
30005,507199231
30005,510184337
30005,510199231
30005,512199231
30005,512202970
30005,518199231
30005,802184337
30005,806199231
30005,853199231
30007,202136606
30007,202136717
30007,202139440
30007,202139449
30007,225136253
30007,225136606
30007,225136717
30007,225139440
30007,225139449
30008,215200577
30008,218191910
30008,225136553
30008,225176346
30008,225191910
30008,225200577
30008,225202305
30008,225202748
30008,225202966
30008,225202994
30008,225212778
30008,225213317
30008,225221671
30008,225221859
30008,225227982
30008,225237086
30008,231136553
30008,234136553
30008,234191910
30008,239200577
30008,239202994
30008,239212778
30008,257202305
30008,257202994
30008,264221671
30008,270237086
30008,273200577
30008,273213317
30008,273221671
30008,273237086
30008,277213317
30008,280237086
30008,287237086
30008,293200577
30008,293212778
30008,293213317
30008,293221671
30008,293237086
30008,295176346
30008,295191910
30008,295200577
30008,295212778
30008,295213317
30008,295221671
30008,295237086
30008,298191910
30008,298213317
30008,298221671
30008,504176346
30008,504200577
30008,504202305
30008,504213317
30008,507200577
30008,507202305
30008,507202994
30008,508221671
30008,510200577
30008,510202305
30008,510202748
30008,510202994
30008,510213317
30008,511221671
30008,511237086
30008,512202994
30008,512213317
30008,513221671
30008,513237086
30008,514212778
30008,514213317
30008,514221859
30008,515237086
30008,516200577
30008,516213317
30008,517221671
30008,517237086
30008,518212778
30008,518213317
30008,518221859
30008,802176346
30008,802202994
30008,806213317
30008,806221671
30008,806237086
30008,807237086
30008,810237086
30008,814237086
30008,826221671
30008,828237086
30008,834237086
30008,844237086
30008,848237086
30008,851221671
30008,853213317
30008,856237086
30008,862237086
30008,863221671
30008,863237086
30008,864136553
30008,864191910
30008,864200577
30009,202019580
30009,202136361
30009,202155634
30009,202242887
30009,225019580
30009,225136253
30009,225136341
30009,225136361
30009,225155634
30009,225242887
30009,252019580
30009,272019580
30009,289019580
30009,864019580
30010,202033730
30010,202139500
30010,218194135
30010,225033730
30010,225136553
30010,225139500
30010,225176317
30010,225176346
30010,225176403
30010,225194135
30010,225202305
30010,225202966
30010,225202994
30010,225204725
30010,225208047
30010,225212778
30010,225221671
30010,225221859
30010,225227982
30010,231136553
30010,234136553
30010,234176403
30010,239202994
30010,239212778
30010,247203002
30010,252033730
30010,257202305
30010,257202994
30010,257203002
30010,257204725
30010,264221671
30010,272033730
30010,273221671
30010,293212778
30010,293221671
30010,295176346
30010,295212778
30010,295221671
30010,298176403
30010,298212778
30010,298221671
30010,298227982
30010,300221671
30010,501176346
30010,501176403
30010,501202305
30010,502136553
30010,502176346
30010,502176403
30010,502194135
30010,502202305
30010,502202994
30010,502208047
30010,504136553
30010,504176346
30010,504176403
30010,504202305
30010,504202966
30010,504202994
30010,504208047
30010,504212778
30010,504227982
30010,507176346
30010,507176403
30010,507202305
30010,507202994
30010,507203002
30010,507204725
30010,507208047
30010,507221859
30010,508221671
30010,510202305
30010,510202994
30010,510221859
30010,511221671
30010,512202994
30010,512203002
30010,512208047
30010,512221859
30010,513221671
30010,514203002
30010,514204725
30010,514208047
30010,514212778
30010,514221859
30010,517221671
30010,518208047
30010,518212778
30010,518221859
30010,596221671
30010,802176346
30010,802202994
30010,805203002
30010,806221671
30010,826221671
30010,851221671
30010,863221671
30010,864033730
30010,864136553
30010,864176403
30011,202136361
30011,202136705
30011,202138161
30011,202140053
30011,202241684
30011,225136361
30011,225136705
30011,225138161
30011,225140053
30011,225237484
30011,225241684
30011,252138161
30011,252140053
30011,272136705
30011,272138161
30011,272140053
30011,272241684
30011,289136705
30011,289138161
30011,289140053
30011,289241684
30011,862138161
30011,864136705
30011,864138161
30011,864140053
30012,201136553
30012,202007489
30012,202155634
30012,225007489
30012,225136553
30012,225155634
30012,231136553
30012,234136553
30012,272007489
30012,320136553
30012,501136553
30012,502136553
30012,504136553
30012,862007489
30012,864007489
30012,864136553
30013,201211004
30013,202136594
30013,202136686
30013,202139449
30013,202139500
30013,218212791
30013,225136360
30013,225136448
30013,225136594
30013,225136686
30013,225139449
30013,225139500
30013,225193847
30013,225211004
30013,225212791
30013,225221912
30013,225238570
30013,239211004
30013,239221912
30013,239238570
30013,252193847
30013,257193847
30013,257221912
30013,257238570
30013,277238570
30013,294238570
30013,298238570
30013,300193847
30013,300211004
30013,300212791
30013,300221912
30013,300238570
30013,322238570
30013,323136686
30013,501193847
30013,501211004
30013,501212791
30013,501221912
30013,501238570
30013,502193847
30013,502211004
30013,502212791
30013,502221912
30013,502238570
30013,504193847
30013,504211004
30013,504212791
30013,504221912
30013,504238570
30013,507136686
30013,507193847
30013,507211004
30013,507212791
30013,507221912
30013,507238570
30013,510136686
30013,510193847
30013,510211004
30013,510221912
30013,510238570
30013,512193847
30013,512211004
30013,512212791
30013,514211004
30013,514221912
30013,516211004
30013,516221912
30013,516238570
30013,518238570
30013,596238570
30013,805193847
30013,805211004
30013,805212791
30013,853238570
30014,201191910
30014,215189224
30014,215225733
30014,218191910
30014,225189224
30014,225191910
30014,225202676
30014,225225733
30014,225228464
30014,225229694
30014,234191910
30014,239189224
30014,239225733
30014,239229694
30014,257225733
30014,257228464
30014,277225733
30014,295191910
30014,298191910
30014,298229694
30014,300202676
30014,300225733
30014,300228464
30014,300229694
30014,320191910
30014,322189224
30014,501189224
30014,501191910
30014,501202676
30014,501225733
30014,501229694
30014,502189224
30014,502191910
30014,502202676
30014,502225733
30014,502228464
30014,502229694
30014,504189224
30014,504202676
30014,504225733
30014,504228464
30014,504229694
30014,507225733
30014,507228464
30014,510225733
30014,510228464
30014,510229694
30014,512225733
30014,512228464
30014,514225733
30014,514228464
30014,516225733
30014,516228464
30014,516229694
30014,805225733
30014,806229694
30014,830225733
30014,853225733
30014,864191910
30017,807158023
30017,807192985
30017,807202126
30017,807231747
30017,807239085
30017,807252371
30017,831200104
30017,831202811
30017,831203376
30017,831204963
30017,831209331
30017,831210035
30017,831231747
30017,831231866
30017,831238794
30017,831243715
30017,831252371
30017,831257534
30017,832188545
30017,832202126
30017,832239085
30017,832256630
30017,854203376
30017,854230621
30017,854231443
30017,854231747
30017,854234378
30017,854239085
30017,854241486
30017,854243715
30017,854251854
30017,854252145
30017,854255253
30017,854277643
30017,855020801
30017,855158023
30017,855165153
30017,855188545
30017,855192119
30017,855192505
30017,855200104
30017,855202126
30017,855207865
30017,855209331
30017,855210035
30017,855212622
30017,855212831
30017,855213331
30017,855213648
30017,855215441
30017,855219683
30017,855220901
30017,855224232
30017,855226161
30017,855227236
30017,855227647
30017,855227796
30017,855230872
30017,855231478
30017,855232580
30017,855232639
30017,855233096
30017,855233419
30017,855233556
30017,855234236
30017,855236461
30017,855236610
30017,855236703
30017,855237238
30017,855237383
30017,855238794
30017,855239053
30017,855239231
30017,855241084
30017,855241159
30017,855241651
30017,855243014
30017,855244263
30017,855246104
30017,855246191
30017,855247635
30017,855247819
30017,855247827
30017,855247851
30017,855250959
30017,855252371
30017,855255475
30017,855256079
30017,855256196
30017,855256516
30017,855256790
30017,855257534
30017,855264453
30017,855264652
30017,855264862
30017,855271421
30017,855272834
30017,855277846
30017,855277954
30017,855278349
30018,844202126
30018,844203376
30018,844209331
30018,844231443
30018,844231747
30018,844233419
30018,844233731
30018,844241651
30018,844241850
30018,844251854
30018,844252371
30018,844277643
30018,866020801
30018,866070966
30018,866158023
30018,866177003
30018,866192119
30018,866199503
30018,866200104
30018,866200145
30018,866202126
30018,866203376
30018,866204970
30018,866206113
30018,866210008
30018,866210035
30018,866210406
30018,866212198
30018,866212228
30018,866212622
30018,866213331
30018,866215441
30018,866220570
30018,866220901
30018,866222077
30018,866223710
30018,866224293
30018,866225951
30018,866226161
30018,866226268
30018,866228813
30018,866229236
30018,866229558
30018,866230142
30018,866230621
30018,866231443
30018,866231478
30018,866231747
30018,866232580
30018,866233419
30018,866234378
30018,866234579
30018,866235073
30018,866235454
30018,866236703
30018,866236772
30018,866237238
30018,866238074
30018,866238744
30018,866239053
30018,866239085
30018,866239580
30018,866241084
30018,866241236
30018,866241509
30018,866241637
30018,866242201
30018,866242444
30018,866242664
30018,866243715
30018,866244176
30018,866244778
30018,866245037
30018,866245158
30018,866246191
30018,866247090
30018,866247635
30018,866247819
30018,866247827
30018,866247851
30018,866251570
30018,866251805
30018,866251854
30018,866252042
30018,866252145
30018,866253109
30018,866255253
30018,866258378
30018,866258601
30018,866259480
30018,866259532
30018,866270728
30018,866275192
30018,866275298
30018,866275771
30018,866276493
30018,866277427
30018,866277643
30018,866277846
30018,866277954
40000,100013743
40000,100049369
40000,101013743
40000,101049369
40000,110013743
40000,110049369
40000,113013743
40000,201049369
40000,214013743
40000,216013743
40000,234013743
40000,236013743
40000,249049369
40000,251013743
40000,251049369
40000,252013743
40000,254049369
40000,264013743
40000,264049369
40000,268013743
40000,268049369
40000,272049369
40000,283013743
40000,283049369
40000,284049369
40000,289013743
40000,289049369
40000,317049369
40000,802013743
40000,814013743
40000,814049369
40000,825013743
40000,825049369
40000,827013743
40000,827049369
40000,829013743
40000,836013743
40000,836049369
40000,840013743
40000,840049369
40000,845049369
40000,846013743
40000,850013743
40000,850049369
40000,852013743
40000,861013743
40000,861049369
40001,100156616
40001,101156616
40001,110156616
40001,113156616
40001,201009014
40001,201156616
40001,206009014
40001,206156616
40001,207009014
40001,207156616
40001,214009014
40001,214156616
40001,218156616
40001,231156616
40001,234156616
40001,256156616
40001,264156616
40001,272156616
40001,318009014
40001,320009014
40001,322156616
40001,500156616
40001,501009014
40001,501156616
40001,502156616
40001,506156616
40001,511156616
40001,813156616
40001,825156616
40001,827156616
40001,829156616
40001,839156616
40001,846156616
40001,848156616
40001,861156616
40002,100013128
40002,100138449
40002,101013128
40002,101138449
40002,110013128
40002,110138449
40002,111013128
40002,111138449
40002,113138449
40002,201013128
40002,207013128
40002,214013128
40002,216013128
40002,234013128
40002,237013128
40002,237138449
40002,252013128
40002,254013128
40002,264138449
40002,268013128
40002,268138449
40002,272138449
40002,274138449
40002,284138449
40002,289013128
40002,814013128
40002,814138449
40002,825013128
40002,825138449
40002,827013128
40002,827138449
40002,829138449
40002,839013128
40002,850013128
40002,850138449
40002,861013128
40002,861138449
40002,868013128
40002,868138449
40003,100001625
40003,100004000
40003,101001625
40003,101004000
40003,110001625
40003,110004000
40003,111001625
40003,113001625
40003,201001625
40003,201004000
40003,207001625
40003,207004000
40003,214001625
40003,214004000
40003,216001625
40003,216004000
40003,234001625
40003,234004000
40003,237001625
40003,237004000
40003,251001625
40003,251004000
40003,252004000
40003,256001625
40003,268001625
40003,268004000
40003,272001625
40003,272004000
40003,283001625
40003,283004000
40003,289001625
40003,802004000
40003,814001625
40003,825001625
40003,827001625
40003,827004000
40003,829004000
40003,836001625
40003,836004000
40003,840001625
40003,840004000
40003,845001625
40003,848001625
40003,848004000
40003,850001625
40003,850004000
40003,861001625
40003,861004000
40003,868001625
40003,868004000
40004,100001109
40004,100166906
40004,101001109
40004,101166906
40004,110001109
40004,110166906
40004,201001109
40004,201166906
40004,214001109
40004,214166906
40004,216001109
40004,216166906
40004,234001109
40004,234166906
40004,251001109
40004,251166906
40004,252001109
40004,252166906
40004,256001109
40004,256166906
40004,268001109
40004,268166906
40004,272001109
40004,283001109
40004,283166906
40004,289001109
40004,802001109
40004,802166906
40004,825001109
40004,825166906
40004,827001109
40004,827166906
40004,836001109
40004,836166906
40004,850001109
40004,861001109
40004,861166906
40004,868001109
40005,100192181
40005,100214100
40005,101192181
40005,101214100
40005,110192181
40005,110214100
40005,201192181
40005,201214100
40005,207192181
40005,207214100
40005,214192181
40005,214214100
40005,216192181
40005,216214100
40005,234214100
40005,237214100
40005,251192181
40005,251214100
40005,252214100
40005,254214100
40005,256192181
40005,256214100
40005,264214100
40005,268192181
40005,268214100
40005,284214100
40005,825192181
40005,825214100
40005,827192181
40005,827214100
40005,836192181
40005,836214100
40005,845192181
40005,845214100
40005,850214100
40005,852214100
40005,861192181
40005,861214100
40005,868192181
40005,868214100
40006,100001419
40006,100001668
40006,101001419
40006,101001668
40006,110001419
40006,110001668
40006,113001668
40006,201001419
40006,207001419
40006,214001668
40006,216001419
40006,216001668
40006,233001668
40006,234001419
40006,234001668
40006,237001419
40006,237001668
40006,246001668
40006,251001419
40006,251001668
40006,252001419
40006,252001668
40006,254001668
40006,256001419
40006,256001668
40006,268001419
40006,268001668
40006,272001419
40006,272001668
40006,289001419
40006,802001419
40006,814001419
40006,827001419
40006,827001668
40006,829001419
40006,836001419
40006,840001419
40006,845001419
40006,848001419
40006,848001668
40006,850001419
40006,852001419
40006,861001419
40006,861001668
40006,867001419
40006,867001668
40006,868001419
40007,100013038
40007,101013038
40007,110013038
40007,111013038
40007,113013038
40007,201013038
40007,201152729
40007,206152729
40007,214013038
40007,214152729
40007,215152729
40007,216013038
40007,216152729
40007,221152729
40007,234013038
40007,234152729
40007,237152729
40007,242152729
40007,251013038
40007,251152729
40007,252013038
40007,256013038
40007,256152729
40007,268013038
40007,272013038
40007,272152729
40007,283013038
40007,289013038
40007,322152729
40007,500152729
40007,501152729
40007,502152729
40007,503152729
40007,506152729
40007,508152729
40007,511152729
40007,802013038
40007,821013038
40007,825013038
40007,827013038
40007,829013038
40007,845013038
40007,848013038
40007,861013038
40008,100049369
40008,101049369
40008,110049369
40008,201049369
40008,249049369
40008,251049369
40008,254049369
40008,264049369
40008,268049369
40008,272049369
40008,283049369
40008,284049369
40008,289049369
40008,317049369
40008,318113422
40008,814049369
40008,825049369
40008,827049369
40008,836049369
40008,840049369
40008,845049369
40008,850049369
40008,861049369
40009,201120533
40009,201155862
40009,206120533
40009,206155862
40009,207155862
40009,211155862
40009,212155862
40009,214120533
40009,214155862
40009,216155862
40009,217120533
40009,220155862
40009,221155862
40009,230155862
40009,231120533
40009,234120533
40009,234155862
40009,237120533
40009,240155862
40009,242120533
40009,242155862
40009,246120533
40009,250120533
40009,251120533
40009,251155862
40009,252155862
40009,253120533
40009,256120533
40009,256155862
40009,260155862
40009,272155862
40009,280120533
40009,280155862
40009,323120533
40009,323155862
40009,500155862
40009,501155862
40009,502155862
40009,503155862
40009,506155862
40009,508155862
40009,802155862
40009,810120533
40009,814155862
40009,818120533
40009,818155862
40009,820120533
40010,201176580
40010,201179813
40010,206176580
40010,206179813
40010,207176580
40010,207179813
40010,214176580
40010,215176580
40010,215179813
40010,216179813
40010,221176580
40010,221179813
40010,230176580
40010,234176580
40010,234179813
40010,237176580
40010,237179813
40010,241176580
40010,242176580
40010,250176580
40010,252176580
40010,256176580
40010,256179813
40010,259176580
40010,260176580
40010,260179813
40010,264179813
40010,265179813
40010,272179813
40010,273179813
40010,289179813
40010,300176580
40010,300179813
40010,321176580
40010,500176580
40010,500179813
40010,501176580
40010,501179813
40010,502176580
40010,502179813
40010,503176580
40010,506176580
40010,506179813
40010,508176580
40010,508179813
40010,511179813
40010,515176580
40010,517176580
40010,818179813
40010,825176580
40010,828176580
40010,829176580
40010,844176580
40010,845176580
40010,848176580
40010,852176580
40011,201171833
40011,201176580
40011,206171833
40011,206176580
40011,207176580
40011,210171833
40011,214176580
40011,215176580
40011,221176580
40011,230176580
40011,234176580
40011,237176580
40011,241176580
40011,242176580
40011,250176580
40011,252176580
40011,256176580
40011,259176580
40011,260176580
40011,265171833
40011,300176580
40011,319171833
40011,321171833
40011,321176580
40011,500176580
40011,501171833
40011,501176580
40011,502176580
40011,503176580
40011,506176580
40011,508176580
40011,515176580
40011,517176580
40011,825176580
40011,828176580
40011,829176580
40011,844176580
40011,845176580
40011,848176580
40011,852176580
40012,201153079
40012,201168542
40012,206153079
40012,206168542
40012,207153079
40012,207168542
40012,210153079
40012,214153079
40012,214168542
40012,215153079
40012,216153079
40012,216168542
40012,217153079
40012,221153079
40012,221168542
40012,222153079
40012,222168542
40012,230153079
40012,231168542
40012,233153079
40012,233168542
40012,234153079
40012,234168542
40012,242153079
40012,251168542
40012,256153079
40012,256168542
40012,264168542
40012,272168542
40012,283168542
40012,289168542
40012,297153079
40012,297168542
40012,321153079
40012,322168542
40012,500153079
40012,500168542
40012,501153079
40012,501168542
40012,502153079
40012,502168542
40012,503153079
40012,503168542
40012,506153079
40012,506168542
40012,508153079
40012,508168542
40012,511168542
40013,206188350
40013,206192318
40013,207192318
40013,210192318
40013,214188350
40013,214192318
40013,215188350
40013,216188350
40013,221188350
40013,221192318
40013,222188350
40013,230188350
40013,234192318
40013,242188350
40013,251188350
40013,251192318
40013,252188350
40013,256192318
40013,264192318
40013,267188350
40013,270192318
40013,272192318
40013,280188350
40013,280192318
40013,283192318
40013,284188350
40013,284192318
40013,287188350
40013,291192318
40013,300188350
40013,300192318
40013,500188350
40013,500192318
40013,501188350
40013,501192318
40013,502188350
40013,502192318
40013,503188350
40013,506188350
40013,508188350
40013,511188350
40013,511192318
40013,513188350
40013,513192318
40013,515188350
40013,515192318
40013,517188350
40013,596188350
40013,802188350
40013,810188350
40013,814192318
40013,828192318
40013,829188350
40013,829192318
40013,836188350
40013,848188350
40013,848192318
40013,852188350
40014,201182152
40014,206182152
40014,225199266
40014,234199266
40014,247182152
40014,247199266
40014,295182152
40014,295199266
40014,298182152
40014,300199266
40014,318182152
40014,324182152
40014,501182152
40014,510199266
40014,512182152
40014,516199266
40014,821182152
40014,821199266
40014,864182152
40014,864199266
40015,201136553
40015,201191910
40015,218191910
40015,225136553
40015,225191910
40015,225221671
40015,231136553
40015,234136553
40015,234191910
40015,264221671
40015,273221671
40015,293221671
40015,295191910
40015,295221671
40015,298191910
40015,298221671
40015,300221671
40015,320136553
40015,320191910
40015,501136553
40015,501191910
40015,502136553
40015,502191910
40015,504136553
40015,508221671
40015,511221671
40015,513221671
40015,517221671
40015,596221671
40015,806221671
40015,826221671
40015,851221671
40015,863221671
40015,864136553
40015,864191910
40016,210158023
40016,211158023
40016,211190871
40016,212158023
40016,214158023
40016,215158023
40016,215176580
40016,215190871
40016,216158023
40016,216190871
40016,217158023
40016,220158023
40016,221158023
40016,221176580
40016,221190871
40016,222190871
40016,230158023
40016,230176580
40016,230190871
40016,234158023
40016,234176580
40016,234190871
40016,237176580
40016,237190871
40016,241158023
40016,241176580
40016,241190871
40016,242158023
40016,242190871
40016,250158023
40016,250176580
40016,250190871
40016,252158023
40016,252176580
40016,252190871
40016,256158023
40016,256176580
40016,256190871
40016,258158023
40016,259176580
40016,259190871
40016,260158023
40016,260176580
40016,260190871
40016,264158023
40016,267158023
40016,267190871
40016,272158023
40016,273158023
40016,273190871
40016,278158023
40016,279190871
40016,280158023
40016,280190871
40016,283158023
40016,287158023
40016,289158023
40016,502158023
40016,502190871
40016,503158023
40016,506158023
40016,508158023
40016,508190871
40016,511158023
40016,511190871
40016,513190871
40016,515158023
40016,515176580
40016,515190871
40016,517158023
40016,517176580
40016,807158023
40016,814158023
40016,814190871
40016,820158023
40016,820190871
40016,821190871
40016,825158023
40016,825176580
40016,825190871
40016,828158023
40016,828176580
40016,828190871
40016,829158023
40016,829176580
40016,829190871
40016,832158023
40016,836158023
40016,844158023
40016,844176580
40016,845158023
40016,845176580
40016,848158023
40016,848176580
40016,852158023
40016,852176580
40016,855158023
40016,863158023
40016,863190871
40016,866158023
40017,100173731
40017,101173731
40017,110173731
40017,113173731
40017,211020801
40017,214020801
40017,215020801
40017,215165153
40017,216020801
40017,216165153
40017,216173731
40017,217020801
40017,221165153
40017,222020801
40017,222165153
40017,230020801
40017,230165153
40017,231173731
40017,234020801
40017,237020801
40017,237165153
40017,240020801
40017,241165153
40017,242020801
40017,242165153
40017,250020801
40017,250165153
40017,251020801
40017,251165153
40017,251173731
40017,252020801
40017,253020801
40017,253165153
40017,253173731
40017,256020801
40017,256165153
40017,256173731
40017,259020801
40017,259165153
40017,260020801
40017,260165153
40017,267020801
40017,267165153
40017,272020801
40017,273020801
40017,273165153
40017,273173731
40017,274165153
40017,278165153
40017,280165153
40017,284020801
40017,287165153
40017,289020801
40017,506020801
40017,508020801
40017,508165153
40017,511020801
40017,511165153
40017,513020801
40017,513165153
40017,515020801
40017,515165153
40017,517020801
40017,517165153
40017,802165153
40017,807020801
40017,808165153
40017,814020801
40017,814165153
40017,815020801
40017,818165153
40017,820020801
40017,825020801
40017,825165153
40017,825173731
40017,827173731
40017,828020801
40017,828165153
40017,829020801
40017,829165153
40017,829173731
40017,832020801
40017,836020801
40017,836165153
40017,836173731
40017,839020801
40017,844020801
40017,844165153
40017,845020801
40017,846020801
40017,846165153
40017,846173731
40017,848020801
40017,848165153
40017,848173731
40017,855020801
40017,855165153
40017,861173731
40017,863020801
40017,866020801
40018,100041236
40018,101041236
40018,110041236
40018,201041236
40018,201179813
40018,201183898
40018,206179813
40018,206183898
40018,206200949
40018,207179813
40018,207183898
40018,207200949
40018,210183898
40018,214041236
40018,214183898
40018,215041236
40018,215179813
40018,215183898
40018,216179813
40018,216183898
40018,217183898
40018,221179813
40018,221183898
40018,221200949
40018,230183898
40018,231041236
40018,234041236
40018,234179813
40018,234183898
40018,237041236
40018,237179813
40018,237183898
40018,241183898
40018,242183898
40018,246200949
40018,250183898
40018,256179813
40018,256183898
40018,256200949
40018,260179813
40018,260183898
40018,264041236
40018,264179813
40018,265041236
40018,265179813
40018,270183898
40018,272179813
40018,272183898
40018,273179813
40018,273183898
40018,280200949
40018,284041236
40018,289179813
40018,289183898
40018,300179813
40018,300183898
40018,322041236
40018,322200949
40018,500179813
40018,500183898
40018,501179813
40018,501183898
40018,501200949
40018,502179813
40018,502183898
40018,502200949
40018,503041236
40018,503183898
40018,503200949
40018,506041236
40018,506179813
40018,506183898
40018,506200949
40018,508041236
40018,508179813
40018,508183898
40018,508200949
40018,511179813
40018,511183898
40018,818179813
40018,820183898
40018,832183898
40018,834183898
40018,845183898
40018,848041236
40018,861041236
40018,867041236
40019,100007289
40019,100051539
40019,100140601
40019,101000244
40019,101007289
40019,101051539
40019,101140601
40019,110007289
40019,110051539
40019,110140601
40019,111007289
40019,111051539
40019,111140601
40019,113007289
40019,113140601
40019,114007289
40019,201000244
40019,201007289
40019,201051539
40019,207007289
40019,207051539
40019,214007289
40019,214051539
40019,216000244
40019,216007289
40019,234000244
40019,234007289
40019,234051539
40019,237051539
40019,249140601
40019,251000244
40019,251051539
40019,252000244
40019,252007289
40019,252051539
40019,252140601
40019,256000244
40019,256007289
40019,256051539
40019,256140601
40019,264140601
40019,268007289
40019,268051539
40019,268140601
40019,272051539
40019,283000244
40019,283007289
40019,289051539
40019,317052091
40019,802007289
40019,802051539
40019,814007289
40019,825007289
40019,825051539
40019,825140601
40019,827007289
40019,827051539
40019,827140601
40019,829051539
40019,829140601
40019,836007289
40019,848007289
40019,848051539
40019,848140601
40019,850007289
40019,850140601
40019,861007289
40019,861051539
40019,861140601
40019,868007289
40019,868140601
40020,100000388
40020,100001419
40020,100001605
40020,100001625
40020,100004000
40020,100006975
40020,100034079
40020,101000388
40020,101001419
40020,101001605
40020,101001625
40020,101004000
40020,101006975
40020,101034079
40020,110000388
40020,110001419
40020,110001605
40020,110001625
40020,110004000
40020,110006975
40020,110034079
40020,111001625
40020,113000388
40020,113001625
40020,113034079
40020,113047390
40020,268001419
40020,268001625
40020,268004000
40020,272001419
40020,272001625
40020,272004000
40020,283000388
40020,283004000
40020,283034079
40020,289001419
40020,289001625
40020,289034079
40020,802000388
40020,802001419
40020,802004000
40020,811005679
40020,813006975
40020,814000388
40020,814001419
40020,814001625
40020,814034079
40020,821005679
40020,825001625
40020,825005679
40020,825034079
40020,827001419
40020,827001625
40020,827004000
40020,829001419
40020,829001605
40020,829004000
40020,829034079
40020,835047390
40020,836001419
40020,836001605
40020,836001625
40020,836004000
40020,836005679
40020,836034079
40020,839001605
40020,840001419
40020,840001605
40020,840001625
40020,840004000
40020,840005679
40020,845001419
40020,845001625
40020,845047390
40020,848000388
40020,848001419
40020,848001605
40020,848001625
40020,848004000
40020,848006975
40020,848034079
40020,848047390
40020,850001419
40020,850001625
40020,850004000
40020,852001419
40020,852034079
40020,861000388
40020,861001419
40020,861001605
40020,861001625
40020,861004000
40020,861005679
40020,861006975
40020,861034079
40020,861047390
40020,867001419
40020,868001419
40020,868001625
40020,868004000
40021,100005471
40021,100031432
40021,100034079
40021,100045674
40021,100048940
40021,101005471
40021,101031432
40021,101034079
40021,101045674
40021,101048940
40021,110005471
40021,110031432
40021,110034079
40021,110045674
40021,110048940
40021,111031432
40021,113031432
40021,113034079
40021,252005471
40021,252031432
40021,254005471
40021,254031432
40021,256005471
40021,268005471
40021,268031432
40021,268034079
40021,268048940
40021,272003622
40021,281003622
40021,283000027
40021,283005471
40021,283034079
40021,289005471
40021,289031432
40021,289034079
40021,289048940
40021,802005471
40021,802048940
40021,813003622
40021,813031432
40021,813045674
40021,814000027
40021,814005471
40021,814031432
40021,814034079
40021,814048940
40021,825003622
40021,825005471
40021,825031432
40021,825034079
40021,825045674
40021,825048940
40021,827003622
40021,827005471
40021,827031432
40021,827045674
40021,827048940
40021,829003622
40021,829005471
40021,829031432
40021,829034079
40021,829045674
40021,829048940
40021,836000027
40021,836005471
40021,836034079
40021,836048940
40021,840003622
40021,840005471
40021,840031432
40021,840048940
40021,845003622
40021,846005471
40021,846031432
40021,848000027
40021,848003622
40021,848005471
40021,848031432
40021,848034079
40021,848045674
40021,848048940
40021,850000027
40021,850005471
40021,852005471
40021,852031432
40021,852034079
40021,852048940
40021,861000027
40021,861003622
40021,861005471
40021,861031432
40021,861034079
40021,861045674
40021,861048940
40021,867000027
40021,867003622
40021,867031432
40021,867045674
40021,868005471
40021,868045674
40022,100000250
40022,100001040
40022,100001397
40022,100001668
40022,100005419
40022,100005479
40022,100005589
40022,100037576
40022,100045661
40022,100161840
40022,101000250
40022,101001040
40022,101001397
40022,101037576
40022,110000250
40022,110001040
40022,110001397
40022,110001668
40022,110005419
40022,110005479
40022,110005589
40022,110037576
40022,110045661
40022,110161840
40022,113001668
40022,113005479
40022,289001397
40022,801001397
40022,802045661
40022,813001040
40022,814005589
40022,814037576
40022,821037576
40022,825000194
40022,825000250
40022,825001040
40022,825001397
40022,825005479
40022,825005589
40022,825045661
40022,825161840
40022,827000250
40022,827001040
40022,827001397
40022,827005419
40022,827005479
40022,827005589
40022,827037576
40022,827045661
40022,829001397
40022,829005479
40022,829005589
40022,835009593
40022,836000250
40022,836001397
40022,836005419
40022,836005479
40022,836009593
40022,836037576
40022,836045661
40022,839000250
40022,839005589
40022,839045661
40022,840001397
40022,840005419
40022,840037576
40022,845001040
40022,845001397
40022,845005479
40022,845037576
40022,846000250
40022,848001397
40022,848001668
40022,848005589
40022,848037576
40022,850001040
40022,850001397
40022,850005589
40022,850037576
40022,852000194
40022,852037576
40022,861000250
40022,861001040
40022,861001397
40022,861001668
40022,861005419
40022,861005479
40022,861005589
40022,861037576
40022,861045661
40022,861161840
40022,867000250
40022,867001040
40022,867001668
40022,867005589
40022,867009593
40022,867161840
40022,868001397
40022,868005589
40022,868037576
40023,100004231
40023,100028130
40023,100037576
40023,101004231
40023,101028130
40023,101037576
40023,110004231
40023,110028130
40023,110037576
40023,113028130
40023,201004231
40023,201028130
40023,201037576
40023,207004231
40023,207028130
40023,207037576
40023,214004231
40023,214028130
40023,214037576
40023,216028130
40023,216037576
40023,234004231
40023,234028130
40023,234037576
40023,237004231
40023,237028130
40023,237037576
40023,252004231
40023,252028130
40023,256004231
40023,256028130
40023,264028130
40023,268004231
40023,268028130
40023,268037576
40023,272004231
40023,272028130
40023,272037576
40023,813004231
40023,813028130
40023,814037576
40023,821028130
40023,821037576
40023,825004231
40023,825028130
40023,827004231
40023,827028130
40023,827037576
40023,836037576
40023,840037576
40023,845004231
40023,845037576
40023,848028130
40023,848037576
40023,850028130
40023,850037576
40023,852004231
40023,852037576
40023,861004231
40023,861028130
40023,861037576
40023,867028130
40023,868037576
40024,206190460
40024,206202126
40024,210190460
40024,210211117
40024,212202126
40024,215190460
40024,215200104
40024,216190460
40024,216202126
40024,217202126
40024,221200104
40024,221202126
40024,221211117
40024,222190460
40024,222200104
40024,222202126
40024,230200104
40024,234190460
40024,234200104
40024,240200104
40024,241202126
40024,250200104
40024,250202126
40024,252200104
40024,253202126
40024,256190460
40024,258200104
40024,259202126
40024,267200104
40024,267202126
40024,270190460
40024,272202126
40024,272211117
40024,273200104
40024,273202126
40024,278200104
40024,279202126
40024,280200104
40024,280202126
40024,283190460
40024,283202126
40024,287202126
40024,289190460
40024,289200104
40024,290200104
40024,291200104
40024,293200104
40024,295200104
40024,502190460
40024,503200104
40024,503202126
40024,506200104
40024,506202126
40024,508200104
40024,508202126
40024,511190460
40024,511200104
40024,511202126
40024,513190460
40024,513200104
40024,513202126
40024,515200104
40024,515202126
40024,517200104
40024,517202126
40024,802202126
40024,806200104
40024,807200104
40024,807202126
40024,810202126
40024,815190460
40024,815202126
40024,820200104
40024,820202126
40024,828200104
40024,828202126
40024,831200104
40024,832202126
40024,834202126
40024,836200104
40024,836202126
40024,839200104
40024,840200104
40024,844200104
40024,844202126
40024,846190460
40024,846200104
40024,846211117
40024,848200104
40024,848202126
40024,848211117
40024,855200104
40024,855202126
40024,856202126
40024,862200104
40024,863200104
40024,863202126
40024,864200104
40024,866200104
40024,866202126
40025,206209331
40025,210209331
40025,214201942
40025,214208722
40025,214209331
40025,215208722
40025,215209331
40025,216201942
40025,216209331
40025,217201942
40025,217208722
40025,220208722
40025,221201942
40025,221208722
40025,221209331
40025,222201942
40025,222209331
40025,230208722
40025,230209331
40025,233201942
40025,233208722
40025,233209331
40025,234208722
40025,234209331
40025,237208722
40025,237209331
40025,241208722
40025,241209331
40025,242208722
40025,242209331
40025,246201942
40025,250209331
40025,259209331
40025,260201942
40025,260208722
40025,260209331
40025,265209331
40025,267208722
40025,267209331
40025,270208722
40025,273208722
40025,279208722
40025,279209331
40025,280201942
40025,280208722
40025,280209331
40025,287209331
40025,500209331
40025,501208722
40025,501209331
40025,502201942
40025,502208722
40025,502209331
40025,503201942
40025,503208722
40025,503209331
40025,506201942
40025,506208722
40025,506209331
40025,508201942
40025,508208722
40025,508209331
40025,511201942
40025,511208722
40025,511209331
40025,513201942
40025,513208722
40025,513209331
40025,515208722
40025,515209331
40025,517208722
40025,517209331
40025,808209331
40025,814201942
40025,814208722
40025,820201942
40025,820209331
40025,825201942
40025,825208722
40025,825209331
40025,828201942
40025,828208722
40025,828209331
40025,829201942
40025,829208722
40025,829209331
40025,831209331
40025,834209331
40025,840201942
40025,844209331
40025,845201942
40025,845208722
40025,846208722
40025,848201942
40025,848208722
40025,848209331
40025,855209331
40025,856209331
40025,863208722
40025,863209331
40026,100054050
40026,101054050
40026,110054050
40026,113054050
40026,201020801
40026,201054050
40026,206020801
40026,206054050
40026,207020801
40026,207143001
40026,210054050
40026,211020801
40026,212020801
40026,214020801
40026,214054050
40026,215020801
40026,216020801
40026,217020801
40026,221020801
40026,222020801
40026,230020801
40026,231054050
40026,231143001
40026,233143001
40026,234020801
40026,234054050
40026,234143001
40026,237020801
40026,237143001
40026,240020801
40026,242020801
40026,250020801
40026,251020801
40026,252020801
40026,253020801
40026,256020801
40026,256054050
40026,259020801
40026,260020801
40026,264054050
40026,267020801
40026,268054050
40026,272020801
40026,273020801
40026,284020801
40026,284054050
40026,289020801
40026,289054050
40026,300020801
40026,320054050
40026,320143001
40026,500020801
40026,501020801
40026,502020801
40026,503020801
40026,506020801
40026,508020801
40026,511020801
40026,513020801
40026,515020801
40026,517020801
40026,596020801
40026,802054050
40026,807020801
40026,811143001
40026,814020801
40026,814054050
40026,814143001
40026,815020801
40026,820020801
40026,821143001
40026,825020801
40026,825054050
40026,825143001
40026,827054050
40026,827143001
40026,828020801
40026,829020801
40026,829054050
40026,832020801
40026,836020801
40026,836054050
40026,839020801
40026,844020801
40026,845020801
40026,846020801
40026,846143001
40026,848020801
40026,848054050
40026,848143001
40026,849143001
40026,850054050
40026,855020801
40026,861054050
40026,861143001
40026,863020801
40026,866020801
40026,867054050
40027,100007763
40027,101007763
40027,110007763
40027,113173210
40027,201173210
40027,201181872
40027,201195864
40027,206173210
40027,206181872
40027,206195864
40027,207181872
40027,207195864
40027,210195864
40027,214181872
40027,214195864
40027,216181872
40027,217181872
40027,221181872
40027,231181872
40027,234181872
40027,234195864
40027,237181872
40027,249007763
40027,251007763
40027,251195864
40027,253195864
40027,256007763
40027,256181872
40027,256195864
40027,260181872
40027,260195864
40027,264007763
40027,264181872
40027,264195864
40027,268007763
40027,272007763
40027,272195864
40027,273195864
40027,281173210
40027,283173210
40027,284195864
40027,289007763
40027,300195864
40027,317173210
40027,321181872
40027,323195864
40027,500195864
40027,501181872
40027,501195864
40027,502181872
40027,502195864
40027,503181872
40027,506181872
40027,506195864
40027,508181872
40027,508195864
40027,517195864
40027,596195864
40027,801007763
40027,801173210
40027,802007763
40027,802173210
40027,814007763
40027,821007763
40027,825007763
40027,827007763
40027,848173210
40027,849173210
40027,850007763
40027,852195864
40027,861007763
40027,861173210
40027,867173210
40028,100000041
40028,101000041
40028,110000041
40028,201000041
40028,201189511
40028,206189511
40028,210189511
40028,214189511
40028,215189511
40028,216189511
40028,221189511
40028,234189511
40028,242189511
40028,246189511
40028,251189511
40028,253189511
40028,256189511
40028,272189511
40028,273189511
40028,283189511
40028,289189511
40028,300189511
40028,317000041
40028,500189511
40028,501189511
40028,502189511
40028,503189511
40028,506189511
40028,508189511
40028,511189511
40028,513189511
40028,515189511
40028,517189511
40028,802189511
40028,814189511
40028,820189511
40028,825189511
40028,828189511
40028,829189511
40028,836189511
40028,845189511
40028,848000041
40028,848189511
40028,852000041
40028,852189511
40028,861000041
40029,100138956
40029,101138956
40029,110138956
40029,201137186
40029,201138956
40029,201184344
40029,206137186
40029,206138956
40029,206184344
40029,207184344
40029,212184344
40029,214137186
40029,214138956
40029,214184344
40029,215138956
40029,216138956
40029,216184344
40029,221184344
40029,222184344
40029,231138956
40029,234138956
40029,234184344
40029,242138956
40029,242184344
40029,251184344
40029,252138956
40029,253138956
40029,253184344
40029,256138956
40029,256184344
40029,259138956
40029,259184344
40029,260138956
40029,260184344
40029,284184344
40029,289138956
40029,289184344
40029,318137186
40029,323138956
40029,323184344
40029,500138956
40029,500184344
40029,501137186
40029,501138956
40029,501184344
40029,502138956
40029,502184344
40029,503184344
40029,506138956
40029,506184344
40029,508138956
40029,508184344
40029,511184344
40029,513138956
40029,513184344
40029,802138956
40029,818184344
40029,835137186
40029,848137186
40029,848138956
40029,861137186
40029,861138956
40029,867138956
40030,201171877
40030,201179813
40030,206171877
40030,206179813
40030,207179813
40030,215179813
40030,216179813
40030,221179813
40030,231171877
40030,234171877
40030,234179813
40030,237179813
40030,252171877
40030,256179813
40030,260179813
40030,264179813
40030,265179813
40030,272179813
40030,273179813
40030,289179813
40030,300179813
40030,319159065
40030,322171877
40030,500171877
40030,500179813
40030,501159065
40030,501171877
40030,501179813
40030,502159065
40030,502171877
40030,502179813
40030,506179813
40030,508179813
40030,511179813
40030,818179813
40030,835171877
40030,836171877
40030,849171877
40030,852171877
40030,861171877
40031,100039943
40031,101039943
40031,110039943
40031,111039943
40031,113039943
40031,202039943
40031,207143001
40031,231143001
40031,233143001
40031,234039943
40031,234143001
40031,237143001
40031,246039943
40031,252039943
40031,256039943
40031,268039943
40031,272039943
40031,289039943
40031,317052091
40031,320143001
40031,811143001
40031,814039943
40031,814143001
40031,821143001
40031,825039943
40031,825143001
40031,827143001
40031,839039943
40031,846143001
40031,848039943
40031,848143001
40031,849143001
40031,861039943
40031,861143001
40031,864039943
40032,206215914
40032,211215914
40032,212215914
40032,216136113
40032,216163587
40032,216186132
40032,216204485
40032,216208830
40032,216215914
40032,217204485
40032,220215914
40032,221204485
40032,221215914
40032,230204485
40032,230208830
40032,231194365
40032,233136113
40032,233139313
40032,233163587
40032,233183130
40032,233186132
40032,233204485
40032,233208830
40032,233215914
40032,234194365
40032,234204485
40032,237165788
40032,241208830
40032,242204485
40032,242215914
40032,246136113
40032,246139313
40032,246163587
40032,246165788
40032,246183130
40032,246186132
40032,246194365
40032,246200759
40032,250208830
40032,251215914
40032,252163587
40032,252204485
40032,253163587
40032,253215914
40032,256215914
40032,258215914
40032,260204485
40032,260215914
40032,267204485
40032,272208830
40032,272215914
40032,273163587
40032,280204485
40032,289194365
40032,291200759
40032,291220633
40032,502215914
40032,503215914
40032,506215914
40032,508163587
40032,508204485
40032,508208830
40032,508215914
40032,511163587
40032,511204485
40032,511208830
40032,511215914
40032,513204485
40032,513215914
40032,515204485
40032,515215914
40032,517204485
40032,517215914
40032,802163587
40032,802183130
40032,802208830
40032,808204485
40032,814204485
40032,814215914
40032,815163587
40032,820204485
40032,820215914
40032,825204485
40032,825215914
40032,828204485
40032,828208830
40032,828215914
40032,832215914
40032,834163587
40032,839204485
40032,839215914
40032,840215914
40032,844204485
40032,844215914
40032,845204485
40032,848204485
40032,848215914
40032,852208830
40032,855204485
40032,863204485
40033,201200104
40033,206200104
40033,206202126
40033,207200104
40033,212202126
40033,215200104
40033,216202126
40033,217202126
40033,221200104
40033,221202126
40033,222200104
40033,222202126
40033,230200104
40033,234200104
40033,240200104
40033,241202126
40033,250200104
40033,250202126
40033,252200104
40033,253202126
40033,258200104
40033,259202126
40033,267200104
40033,267202126
40033,272202126
40033,273200104
40033,273202126
40033,278200104
40033,279202126
40033,280200104
40033,280202126
40033,283202126
40033,287202126
40033,289200104
40033,290200104
40033,291200104
40033,293200104
40033,295200104
40033,298200104
40033,300200104
40033,300202126
40033,500200104
40033,500202126
40033,501200104
40033,501202126
40033,502200104
40033,502202126
40033,503200104
40033,503202126
40033,506200104
40033,506202126
40033,508200104
40033,508202126
40033,511200104
40033,511202126
40033,513200104
40033,513202126
40033,515200104
40033,515202126
40033,517200104
40033,517202126
40033,596200104
40033,802202126
40033,806200104
40033,807200104
40033,807202126
40033,810202126
40033,815202126
40033,820200104
40033,820202126
40033,828200104
40033,828202126
40033,831200104
40033,832202126
40033,834202126
40033,836200104
40033,836202126
40033,839200104
40033,840200104
40033,844200104
40033,844202126
40033,846200104
40033,848200104
40033,848202126
40033,855200104
40033,855202126
40033,856202126
40033,862200104
40033,863200104
40033,863202126
40033,864200104
40033,866200104
40033,866202126
40034,100192181
40034,100214098
40034,100214100
40034,101192181
40034,101214098
40034,101214100
40034,110192181
40034,110214098
40034,110214100
40034,201192181
40034,201214098
40034,201214100
40034,207192181
40034,207214098
40034,207214100
40034,214192181
40034,214214098
40034,214214100
40034,216192181
40034,216214098
40034,216214100
40034,234214098
40034,234214100
40034,237214098
40034,237214100
40034,251192181
40034,251214098
40034,251214100
40034,252214100
40034,254214100
40034,256192181
40034,256214098
40034,256214100
40034,264214100
40034,268192181
40034,268214098
40034,268214100
40034,283214098
40034,284214098
40034,284214100
40034,825192181
40034,825214098
40034,825214100
40034,827192181
40034,827214098
40034,827214100
40034,836192181
40034,836214098
40034,836214100
40034,845192181
40034,845214098
40034,845214100
40034,850214098
40034,850214100
40034,852214100
40034,861192181
40034,861214098
40034,861214100
40034,868192181
40034,868214098
40034,868214100
40054,100005471
40054,100006975
40054,100007289
40054,100190044
40054,100214101
40054,100214649
40054,100248146
40054,110005471
40054,110006975
40054,110007289
40054,110190044
40054,110214101
40054,110214649
40054,110248146
40054,113007289
40054,113021146
40054,114007289
40054,814005471
40054,814007289
40054,814143001
40054,820224371
40054,820234378
40054,821143001
40054,825005471
40054,825007289
40054,825142754
40054,825214649
40054,826205431
40054,826245155
40054,827005471
40054,827190044
40054,827214101
40054,827214649
40054,829005471
40054,829021146
40054,829234378
40054,832234378
40054,834234378
40054,835021146
40054,836007289
40054,840005471
40054,840021146
40054,840210736
40054,840226710
40054,840229880
40054,844234378
40054,845171791
40054,845210736
40054,845225659
40054,845235844
40054,846005471
40054,848000027
40054,848005471
40054,848006975
40054,848007289
40054,848021146
40054,848142754
40054,848143001
40054,850005471
40054,850007289
40054,851224371
40054,851229880
40054,851236792
40054,851237712
40054,851245155
40054,851245336
40054,851270857
40054,852005471
40054,852190044
40054,852248146
40054,853207494
40054,854234378
40054,856234378
40054,861000027
40054,861000330
40054,861005471
40054,861006975
40054,861007289
40054,861142754
40054,861143001
40054,861190044
40054,861214649
40054,863184200
40054,863234378
40054,863235844
40054,863236792
40054,863244749
40054,863245155
40054,866226456
40054,866234378
40054,866241095
40054,866244470
40054,867000027
40054,867142754
40054,867205569
40054,867214101
40054,867214649
40054,867248146
40054,868005471
40054,868007289
40055,100001605
40055,100190053
40055,110001605
40055,110190053
40055,287206517
40055,287231677
40055,287241852
40055,808206517
40055,814000027
40055,818138412
40055,820221697
40055,820231447
40055,820236499
40055,825138412
40055,825190053
40055,825206517
40055,825231352
40055,826188377
40055,826199189
40055,826210881
40055,826229906
40055,827190053
40055,829001605
40055,829190053
40055,829233049
40055,831202811
40055,832221697
40055,834202811
40055,834210881
40055,834216393
40055,834231352
40055,834260247
40055,836000027
40055,836001605
40055,836188377
40055,836231677
40055,836233049
40055,839001605
40055,840001605
40055,840138412
40055,840152908
40055,840199189
40055,840210896
40055,840219681
40055,840219693
40055,840221660
40055,840231352
40055,840231677
40055,840236987
40055,840241464
40055,844184111
40055,844241852
40055,844258444
40055,845190053
40055,845193474
40055,845202811
40055,846138412
40055,846190053
40055,846202811
40055,846231677
40055,848000027
40055,848001605
40055,848188377
40055,848216393
40055,848220440
40055,850000027
40055,851193474
40055,851221697
40055,851260247
40055,852206517
40055,852216393
40055,852217036
40055,852233049
40055,856231677
40055,856246871
40055,858169721
40055,861000027
40055,861000330
40055,861001605
40055,861051257
40055,861190053
40055,863185427
40055,863193474
40055,863197756
40055,863200458
40055,863202811
40055,863210881
40055,863216393
40055,863227678
40055,863231447
40055,863231677
40055,863257057
40055,863258444
40055,863260247
40055,866220570
40055,867000027
40055,867138412
40055,867191972
40055,867193474
40055,867231352
40056,100007289
40056,100167198
40056,100247703
40056,101007289
40056,101167198
40056,101247703
40056,110007289
40056,110167198
40056,110247703
40056,111007289
40056,113007289
40056,114007289
40056,268007289
40056,268167198
40056,268247703
40056,272266695
40056,283000195
40056,283007289
40056,284247703
40056,287233419
40056,289000330
40056,291231936
40056,802007289
40056,802163587
40056,802247703
40056,810233419
40056,813000330
40056,813167198
40056,814007289
40056,814167198
40056,814232104
40056,815163587
40056,815244238
40056,818138412
40056,820231936
40056,825007289
40056,825138412
40056,825247703
40056,825266801
40056,826199189
40056,826221479
40056,826224294
40056,826232080
40056,826236532
40056,826237161
40056,826238744
40056,826257191
40056,827167198
40056,827247703
40056,827266695
40056,829000330
40056,829167198
40056,829231936
40056,832233419
40056,834163587
40056,834233419
40056,836007289
40056,836247703
40056,836266801
40056,839167198
40056,840138412
40056,840199189
40056,840213654
40056,840228302
40056,844192123
40056,844233419
40056,846138412
40056,846266801
40056,848007289
40056,850007289
40056,850167198
40056,851224294
40056,851233301
40056,851236532
40056,851244238
40056,851257191
40056,852167198
40056,852233419
40056,852238744
40056,852247703
40056,855233419
40056,856233419
40056,856238744
40056,856270208
40056,861000330
40056,861007289
40056,861266695
40056,861266801
40056,863192123
40056,863232999
40056,863233419
40056,863236764
40056,863236822
40056,863238744
40056,863247361
40056,866233419
40056,866238744
40056,867138412
40056,868007289
40056,868247703
40057,100000051
40057,100173731
40057,101000051
40057,101173731
40057,110000051
40057,110173731
40057,113173731
40057,267199434
40057,267203376
40057,267208722
40057,268000051
40057,273173731
40057,273203376
40057,273208722
40057,278203376
40057,279208722
40057,280208722
40057,287199434
40057,287233934
40057,290203376
40057,291203376
40057,291205569
40057,291205988
40057,291213648
40057,802000051
40057,802205569
40057,802205988
40057,807203376
40057,810203362
40057,814188942
40057,814208722
40057,815199434
40057,815203376
40057,815213648
40057,820203376
40057,820226627
40057,820242916
40057,825173731
40057,825180819
40057,825182495
40057,825199576
40057,825203376
40057,825208722
40057,826205186
40057,826205569
40057,826212811
40057,827000051
40057,827173731
40057,828203376
40057,828208722
40057,829173731
40057,829203376
40057,829208722
40057,829237985
40057,831203376
40057,834203376
40057,834226627
40057,836173731
40057,840180819
40057,840190456
40057,840205988
40057,840225782
40057,840231044
40057,840237328
40057,844203376
40057,844213648
40057,845171791
40057,845191648
40057,845208722
40057,846173731
40057,846203376
40057,846208722
40057,848173731
40057,848203376
40057,848208722
40057,851262118
40057,851270857
40057,852197891
40057,852225782
40057,854203376
40057,855213648
40057,856203376
40057,856212811
40057,856226627
40057,856237985
40057,856244915
40057,861000051
40057,861051257
40057,861173731
40057,863203376
40057,863208722
40057,863216325
40057,863225263
40057,863226093
40057,863226627
40057,863237985
40057,863244915
40057,866203376
40057,866220570
40057,867205569
40058,100034079
40058,100248146
40058,101034079
40058,101248146
40058,110034079
40058,110248146
40058,113034079
40058,272266695
40058,287244067
40058,291216549
40058,291235794
40058,291247827
40058,291259377
40058,814034079
40058,814155355
40058,814213666
40058,815241159
40058,820215223
40058,820216549
40058,825034079
40058,825229984
40058,826197756
40058,826224221
40058,826235794
40058,826236461
40058,826238216
40058,826238756
40058,826240947
40058,826251421
40058,827266695
40058,829034079
40058,829163705
40058,834215223
40058,834247827
40058,836034079
40058,836238216
40058,836247827
40058,840163705
40058,840190456
40058,840229880
40058,840232730
40058,844184111
40058,844233306
40058,844247827
40058,844258444
40058,845171791
40058,845233267
40058,848034079
40058,848216549
40058,851073374
40058,851229880
40058,851235353
40058,851235794
40058,851236461
40058,851237646
40058,851238756
40058,851240947
40058,851241159
40058,851244067
40058,851251421
40058,852034079
40058,852213991
40058,852228295
40058,852229880
40058,852232730
40058,852235353
40058,852235794
40058,852236461
40058,852237646
40058,852241159
40058,852244067
40058,852248146
40058,852250954
40058,852259240
40058,855236461
40058,855241159
40058,855247827
40058,856216549
40058,856235794
40058,856247827
40058,861034079
40058,861266695
40058,863197756
40058,863213991
40058,863216549
40058,863229880
40058,863232730
40058,863235353
40058,863235794
40058,863236461
40058,863237646
40058,863241159
40058,863247827
40058,863250954
40058,863258444
40058,864155355
40058,866247827
40058,867237646
40058,867238216
40058,867248146
40059,100000051
40059,100000388
40059,100005419
40059,100005680
40059,100247515
40059,100247703
40059,110000051
40059,110000388
40059,110005419
40059,110005680
40059,110247515
40059,110247703
40059,113000388
40059,814000388
40059,820189805
40059,825005680
40059,825138412
40059,825247703
40059,826215590
40059,826225193
40059,826233731
40059,826242964
40059,826247851
40059,827000051
40059,827005419
40059,829189805
40059,835188428
40059,836005419
40059,836005680
40059,836247703
40059,840005419
40059,840138412
40059,840204970
40059,844189805
40059,844192123
40059,844199641
40059,844233731
40059,845188428
40059,846181291
40059,848000388
40059,848186345
40059,848234742
40059,848241096
40059,851197948
40059,851198032
40059,851206085
40059,851210047
40059,851223334
40059,851234824
40059,851241096
40059,851242964
40059,851247851
40059,851254243
40059,851257470
40059,851262118
40059,852215590
40059,852225193
40059,852233731
40059,852247515
40059,852247703
40059,852254022
40059,855215590
40059,855247851
40059,856186345
40059,856198032
40059,856203841
40059,856225193
40059,856234742
40059,856242964
40059,856247851
40059,856251809
40059,861000051
40059,861000388
40059,861005419
40059,861005680
40059,861247515
40059,862180283
40059,863192123
40059,863198032
40059,863210897
40059,863225193
40059,863230977
40059,863234824
40059,863242964
40059,863247851
40059,863254022
40059,863254243
40059,864180283
40059,866204970
40059,866212228
40059,866247851
40059,867138412
40059,867191972
40059,867210047
40059,867223334
40059,867225193
40059,867241096
40059,867242964
40059,867247851
40059,868247703
40060,287255565
40060,291190765
40060,291206594
40060,291232756
40060,291239837
40060,291256079
40060,808255565
40060,810207421
40060,818138412
40060,820225863
40060,820231936
40060,820239837
40060,820241651
40060,820244176
40060,820248793
40060,820251942
40060,825138412
40060,825180819
40060,826190765
40060,826199915
40060,826232805
40060,826252042
40060,826256079
40060,829207421
40060,829208004
40060,829225863
40060,829231936
40060,830207494
40060,832241651
40060,832244176
40060,834190765
40060,834225863
40060,834239837
40060,834241651
40060,834259816
40060,836256079
40060,836262859
40060,840138412
40060,840180819
40060,840208004
40060,844192123
40060,844225863
40060,844239837
40060,844241651
40060,844256079
40060,845199005
40060,845239231
40060,845239837
40060,845260779
40060,846138412
40060,848232756
40060,848232805
40060,851186146
40060,851190765
40060,851198032
40060,851207421
40060,851237942
40060,851239231
40060,851255565
40060,851258908
40060,851262859
40060,851269181
40060,851272500
40060,853207494
40060,855236918
40060,855239231
40060,855241651
40060,855256079
40060,856198032
40060,856207421
40060,856228789
40060,856239231
40060,856239837
40060,856241651
40060,856256079
40060,863192123
40060,863198032
40060,863199005
40060,863207421
40060,863235152
40060,863237942
40060,863239231
40060,863239837
40060,863241651
40060,863251479
40060,863255434
40060,863255565
40060,863256079
40060,863257400
40060,863258498
40060,863260779
40060,863269278
40060,866186146
40060,866236918
40060,866239231
40060,866244176
40060,866252042
40060,867138412
40060,867236480
40060,867256079
40061,100248146
40061,101248146
40061,110248146
40061,213247408
40061,231150724
40061,233150724
40061,233186132
40061,238243282
40061,241195859
40061,246186132
40061,249248146
40061,250186345
40061,250206534
40061,251150724
40061,251170084
40061,253186345
40061,253188377
40061,256188377
40061,259186345
40061,259188377
40061,260188377
40061,264164468
40061,265195859
40061,268248146
40061,270256268
40061,272186345
40061,272188377
40061,273188377
40061,273225147
40061,276256268
40061,279186345
40061,280234569
40061,281051257
40061,283191076
40061,283205569
40061,284051257
40061,287186345
40061,287235619
40061,289170084
40061,291189682
40061,291202695
40061,291205569
40061,291243282
40061,802186905
40061,802189682
40061,802205569
40061,804242660
40061,804248465
40061,804248484
40061,804252793
40061,804260843
40061,804263063
40061,810188377
40061,813051257
40061,815186345
40061,815188377
40061,815220407
40061,815223689
40061,815262642
40061,815271121
40061,825188377
40061,826188377
40061,826202695
40061,826205569
40061,826223689
40061,826235405
40061,826243282
40061,827248146
40061,834188377
40061,834234569
40061,834237328
40061,834248465
40061,834262642
40061,836051257
40061,836188377
40061,840237328
40061,844192123
40061,846186345
40061,848186345
40061,848188377
40061,851202695
40061,851235405
40061,851248484
40061,852248146
40061,856186345
40061,856203841
40061,856270579
40061,861051257
40061,863192123
40061,863223689
40061,863228092
40061,863230888
40061,863231485
40061,863237440
40061,863241173
40061,863258171
40061,863260099
40061,867202695
40061,867205569
40061,867248146
40062,100005673
40062,100051539
40062,100190044
40062,100226764
40062,101190044
40062,101226764
40062,110005673
40062,110051539
40062,110190044
40062,110226764
40062,113274967
40062,287189881
40062,287216320
40062,287229391
40062,287230899
40062,289190044
40062,291215716
40062,802005673
40062,802051539
40062,802226764
40062,811030110
40062,811274967
40062,813030110
40062,813226764
40062,814180403
40062,814232104
40062,815215716
40062,815229391
40062,825005673
40062,825051539
40062,825226764
40062,825274967
40062,826192563
40062,826205186
40062,826208450
40062,826212811
40062,826222501
40062,826224221
40062,826227236
40062,826229348
40062,826229391
40062,827005673
40062,827190044
40062,827226764
40062,829030110
40062,829051539
40062,829216320
40062,829274967
40062,832230899
40062,834230899
40062,836190044
40062,836226764
40062,839226764
40062,840155897
40062,840180403
40062,840189881
40062,840213655
40062,840216266
40062,840227236
40062,840230899
40062,840241436
40062,844229348
40062,844230899
40062,845155897
40062,845204838
40062,845216320
40062,845216451
40062,846189881
40062,846274967
40062,848030110
40062,848051539
40062,848227236
40062,850226764
40062,851198032
40062,851204838
40062,851213655
40062,851224656
40062,851243057
40062,852190044
40062,852222501
40062,852274967
40062,855227236
40062,856198032
40062,856212811
40062,856229391
40062,856230899
40062,861051539
40062,861155897
40062,861190044
40062,863198032
40062,863198261
40062,863204838
40062,863216320
40062,863222501
40062,863228092
40062,863229348
40062,863277295
40062,864103133
40062,866220710
40062,867229391
40063,213138726
40063,218192505
40063,221206113
40063,225136265
40063,230192505
40063,230206113
40063,231169416
40063,231182836
40063,231197242
40063,234192505
40063,241192505
40063,246172672
40063,246183130
40063,250192505
40063,251186130
40063,251192505
40063,251197242
40063,253192505
40063,256206113
40063,259192505
40063,260192505
40063,260206113
40063,262238216
40063,265171833
40063,265206113
40063,265238216
40063,267238216
40063,270192505
40063,270238216
40063,272192505
40063,272200529
40063,273192505
40063,273197242
40063,273206113
40063,280206113
40063,280238216
40063,283169588
40063,283234742
40063,284192505
40063,287206113
40063,289192505
40063,291234742
40063,515206113
40063,517192123
40063,517192505
40063,517206085
40063,517206113
40063,517238216
40063,517260247
40063,802183130
40063,810206113
40063,811005679
40063,815192505
40063,815206113
40063,815234087
40063,815238216
40063,821005679
40063,821206113
40063,825005679
40063,825169588
40063,826192505
40063,826235405
40063,826238216
40063,827005679
40063,828192505
40063,829169588
40063,829192505
40063,834206113
40063,834238216
40063,834260247
40063,836005679
40063,836192505
40063,836238216
40063,840005679
40063,840192505
40063,840225782
40063,844192123
40063,844192505
40063,846192505
40063,848192505
40063,848206113
40063,848234742
40063,851206085
40063,851235405
40063,851260247
40063,852225782
40063,855192505
40063,856206113
40063,856222104
40063,856234742
40063,856238216
40063,861005679
40063,863192123
40063,863192505
40063,863206113
40063,863231436
40063,863248342
40063,863260247
40063,866206113
40063,867238216
40064,100247703
40064,101247703
40064,110247703
40064,218203263
40064,219220196
40064,230203263
40064,230233306
40064,231164468
40064,234247703
40064,236247703
40064,238230005
40064,241195859
40064,242188377
40064,250206534
40064,251179746
40064,253188377
40064,253203263
40064,253207557
40064,253216627
40064,253224081
40064,256188377
40064,256247703
40064,259188377
40064,260188377
40064,260203263
40064,260233306
40064,260258390
40064,262225793
40064,262233934
40064,264164468
40064,265195859
40064,265233306
40064,267233934
40064,268247703
40064,270224081
40064,270233934
40064,270246763
40064,272188377
40064,272203263
40064,273188377
40064,273203263
40064,273216627
40064,273224081
40064,273235735
40064,276233795
40064,276254470
40064,283230005
40064,284247703
40064,287233934
40064,291189682
40064,291235735
40064,291236015
40064,513188377
40064,513233934
40064,515188377
40064,515233934
40064,517233306
40064,517236015
40064,802189682
40064,802247703
40064,804236015
40064,804258930
40064,804261188
40064,804264349
40064,810188377
40064,810233934
40064,814215374
40064,815188377
40064,815203263
40064,815224081
40064,815226093
40064,825188377
40064,825247703
40064,826188377
40064,826221479
40064,826236015
40064,826262929
40064,827247703
40064,834188377
40064,834228174
40064,834235755
40064,836188377
40064,836247703
40064,840200746
40064,844233306
40064,848188377
40064,851236015
40064,851261188
40064,852228295
40064,852247703
40064,856234986
40064,863226093
40064,863228092
40064,863229901
40064,863233510
40064,863261188
40064,863277552
40064,867203263
40064,867236015
40064,868247703
40065,100190042
40065,100214649
40065,101190042
40065,110190042
40065,110214649
40065,267192387
40065,287192629
40065,287199451
40065,287241486
40065,289168651
40065,802146536
40065,802155862
40065,802184432
40065,802208421
40065,808146536
40065,808241486
40065,810198706
40065,810241486
40065,814155862
40065,814184941
40065,814212462
40065,815238581
40065,815241486
40065,818146536
40065,818155862
40065,820189805
40065,820197781
40065,820209981
40065,820241486
40065,821219693
40065,821231628
40065,825182495
40065,825184432
40065,825197781
40065,825214649
40065,826192629
40065,826205632
40065,827214649
40065,829184941
40065,829189805
40065,829193198
40065,829197781
40065,834189805
40065,834241486
40065,840178562
40065,840184432
40065,840190042
40065,840193198
40065,840199577
40065,840202651
40065,840205566
40065,840208421
40065,840209981
40065,840219693
40065,840220253
40065,840223952
40065,840224309
40065,840229752
40065,840235410
40065,840241486
40065,840245279
40065,840246785
40065,840255106
40065,844189805
40065,844197781
40065,844241486
40065,845184941
40065,845241707
40065,846197781
40065,846208421
40065,848184941
40065,848190042
40065,848197781
40065,848220440
40065,851231416
40065,851264172
40065,852190042
40065,852192387
40065,852205192
40065,852228941
40065,852241486
40065,854241486
40065,856241486
40065,856255106
40065,858077787
40065,861077787
40065,861190042
40065,861214649
40065,863185427
40065,863209981
40065,863229752
40065,863235410
40065,863238581
40065,863241486
40065,863241707
40065,863258171
40065,867192629
40065,867197781
40065,867214649
40065,867224309
40066,100001605
40066,100023174
40066,110001605
40066,110023174
40066,287231866
40066,289049072
40066,807231866
40066,810231866
40066,813049072
40066,814189513
40066,815231866
40066,818146562
40066,820216549
40066,820228813
40066,820231866
40066,820237681
40066,821023174
40066,825231866
40066,826208093
40066,826215590
40066,826257279
40066,826259197
40066,831231866
40066,832210602
40066,832257279
40066,836001605
40066,836231866
40066,839001605
40066,839049072
40066,840001605
40066,840049072
40066,840157481
40066,840189271
40066,840189513
40066,840199667
40066,840205566
40066,840208093
40066,840228302
40066,840237221
40066,844210602
40066,844215316
40066,844248165
40066,844257279
40066,845025924
40066,845049072
40066,845201143
40066,845225508
40066,845226110
40066,845226226
40066,845231866
40066,848001605
40066,848146562
40066,848189271
40066,848189513
40066,848201305
40066,848216549
40066,848224411
40066,848227236
40066,848231866
40066,851197948
40066,851235781
40066,851237681
40066,851237942
40066,851259197
40066,851262402
40066,851276295
40066,852146562
40066,852205192
40066,852215590
40066,852224179
40066,855210602
40066,855215590
40066,855227236
40066,855248165
40066,856259197
40066,861001605
40066,861023174
40066,861025924
40066,861049072
40066,863198951
40066,863201143
40066,863210602
40066,863216549
40066,863234051
40066,863237681
40066,863237942
40066,863246800
40066,863257279
40066,866210602
40066,866224179
40066,866226456
40066,866228813
40066,866264388
40066,866270728
40066,866276493
40066,867025924
40066,867157481
40066,867189513
40066,867257279
40066,868049072
40067,100045197
40067,101045197
40067,110045197
40067,287194765
40067,287222665
40067,287225193
40067,287232656
40067,289045197
40067,289194765
40067,807232656
40067,808194765
40067,808222665
40067,808237681
40067,810194765
40067,810222665
40067,810225193
40067,814204525
40067,814227127
40067,815194765
40067,815232656
40067,820194765
40067,820216549
40067,820220414
40067,820222665
40067,820232656
40067,820237681
40067,821230142
40067,821231627
40067,825045197
40067,825190584
40067,826225193
40067,826233731
40067,826235944
40067,826248148
40067,827045197
40067,828194765
40067,829045197
40067,829222665
40067,832194765
40067,832222665
40067,832232656
40067,832248148
40067,834194765
40067,834204525
40067,834222665
40067,834225193
40067,834231591
40067,836045197
40067,836233731
40067,840194765
40067,840215316
40067,844204525
40067,844215316
40067,844233731
40067,845045197
40067,845199005
40067,845233486
40067,846045197
40067,848194765
40067,848216549
40067,848224411
40067,851194765
40067,851220414
40067,851237681
40067,851241811
40067,851248148
40067,851259848
40067,852197891
40067,852205070
40067,852225193
40067,852228941
40067,852230142
40067,852233486
40067,852233731
40067,852233738
40067,852241049
40067,856194765
40067,856216549
40067,856222665
40067,856225193
40067,856248148
40067,861045197
40067,863199005
40067,863216549
40067,863222665
40067,863225193
40067,863225263
40067,863230142
40067,863232656
40067,863233486
40067,863237681
40067,863244749
40067,863248148
40067,866230142
40067,867045197
40067,867183512
40067,867225193
40067,867231591
40067,867232656
40067,867234060
40068,250205705
40068,250216594
40068,252171897
40068,252174543
40068,256174543
40068,256197781
40068,260255475
40068,264190286
40068,264210385
40068,265193601
40068,265222509
40068,265224158
40068,265226226
40068,267178086
40068,267190286
40068,267197891
40068,267216594
40068,267255475
40068,270216594
40068,273193352
40068,273226226
40068,279216594
40068,279224158
40068,279224179
40068,280247204
40068,283045186
40068,283201143
40068,283207566
40068,283235945
40068,284045186
40068,284184457
40068,284193601
40068,284198715
40068,284226456
40068,284240915
40068,287221087
40068,289171897
40068,289174543
40068,289193352
40068,291193352
40068,291207566
40068,291219932
40068,291224179
40068,291225659
40068,804252324
40068,804264432
40068,810222509
40068,810226271
40068,810252324
40068,810277537
40068,815193352
40068,815226271
40068,820197781
40068,820237034
40068,821240915
40068,825197781
40068,825198141
40068,825222509
40068,826193352
40068,826215590
40068,828197781
40068,829197781
40068,829198141
40068,834226271
40068,834247204
40068,840228302
40068,844197781
40068,845201143
40068,845207566
40068,845225659
40068,845226226
40068,845226271
40068,846197781
40068,848197781
40068,848203747
40068,851243604
40068,852193352
40068,852197891
40068,852198141
40068,852215590
40068,852217036
40068,852224179
40068,852225659
40068,852241867
40068,855215590
40068,855255475
40068,856210385
40068,856222509
40068,856226271
40068,863193352
40068,863198951
40068,863201143
40068,863219932
40068,863224158
40068,863226271
40068,863264432
40068,866224179
40068,866226456
40068,866264432
40068,867197781
40069,210184267
40069,215154472
40069,215184267
40069,216192679
40069,216208135
40069,217140233
40069,217185195
40069,218199110
40069,221185020
40069,231146758
40069,231193116
40069,231199561
40069,231207664
40069,234140233
40069,234207664
40069,237184089
40069,238237942
40069,238244206
40069,238244316
40069,238254544
40069,242199110
40069,242238857
40069,246184089
40069,246185020
40069,246238857
40069,250199110
40069,252198970
40069,253216158
40069,256204259
40069,256207664
40069,260206545
40069,260237942
40069,264210385
40069,264234178
40069,265237942
40069,267244020
40069,273216158
40069,273223283
40069,273236556
40069,273237942
40069,279201389
40069,283193116
40069,284214944
40069,284222634
40069,289140233
40069,291208450
40069,291216447
40069,291237942
40069,291244206
40069,508199110
40069,508210385
40069,508210463
40069,511199110
40069,511201389
40069,511204234
40069,511210385
40069,513140233
40069,513201389
40069,513208450
40069,513210385
40069,515199110
40069,515201389
40069,515210385
40069,515234060
40069,517216447
40069,517220383
40069,517234060
40069,517237942
40069,517242201
40069,517268889
40069,517271916
40069,802206545
40069,810221014
40069,810271916
40069,815216158
40069,815261204
40069,821140233
40069,821225161
40069,821254544
40069,826208135
40069,826208450
40069,826216447
40069,826244206
40069,829201389
40069,834268889
40069,844277581
40069,845140233
40069,851237942
40069,851242201
40069,856210385
40069,856268889
40069,863216158
40069,863237942
40069,863240311
40069,863245158
40069,863253283
40069,866242201
40069,866245158
40069,867208135
40069,867234060
40070,100190045
40070,101190045
40070,110190045
40070,206193041
40070,214190045
40070,214193041
40070,216190045
40070,218193041
40070,221193041
40070,231146758
40070,231193041
40070,234175254
40070,234182495
40070,234193041
40070,237182495
40070,237190045
40070,237193041
40070,241193041
40070,242193041
40070,246122849
40070,246137494
40070,246193041
40070,250193041
40070,250205705
40070,251190045
40070,252172316
40070,252190045
40070,256172316
40070,256182495
40070,256190045
40070,256193041
40070,260193041
40070,260205705
40070,264192227
40070,265223197
40070,268190045
40070,270223197
40070,272182495
40070,272190045
40070,272192227
40070,273182495
40070,273193041
40070,273199005
40070,273212772
40070,273236699
40070,276247328
40070,283190045
40070,284190045
40070,284198715
40070,284216189
40070,289182495
40070,289193041
40070,291213991
40070,291223197
40070,291227127
40070,291228635
40070,502193041
40070,503193041
40070,506193041
40070,508193041
40070,508199823
40070,508216475
40070,511186537
40070,511205705
40070,511216475
40070,511223197
40070,511227127
40070,513193041
40070,513223197
40070,513227127
40070,515227127
40070,515230786
40070,517227127
40070,802190045
40070,810227127
40070,814190045
40070,814223197
40070,814227127
40070,815223197
40070,815236699
40070,821214622
40070,825182495
40070,825190045
40070,825228635
40070,826228635
40070,826230786
40070,827190045
40070,836190045
40070,845199005
40070,845232120
40070,850190045
40070,851211022
40070,852213991
40070,856266039
40070,861190045
40070,863199005
40070,863213991
40070,866266039
40070,867186537
40070,868190045
40071,100001668
40071,101001668
40071,110001668
40071,113001668
40071,231168542
40071,237179844
40071,246001668
40071,247165889
40071,250192629
40071,250193408
40071,250225085
40071,250231591
40071,251168542
40071,252001668
40071,253193408
40071,254001668
40071,256001668
40071,256168542
40071,260225085
40071,261008385
40071,264168542
40071,264225085
40071,265236295
40071,267192629
40071,267238756
40071,268001668
40071,272001668
40071,273172522
40071,279192629
40071,279224179
40071,280216435
40071,280265800
40071,283168542
40071,283192629
40071,283194229
40071,283235944
40071,284171018
40071,284179844
40071,284192629
40071,284205192
40071,287173608
40071,287192629
40071,287216435
40071,287258729
40071,287261478
40071,289168542
40071,291224179
40071,291229723
40071,291230021
40071,291231591
40071,291235944
40071,291240900
40071,518263029
40071,802192629
40071,810173608
40071,810192638
40071,810216435
40071,810219985
40071,810235944
40071,814165889
40071,814192638
40071,814258729
40071,815173608
40071,815216435
40071,815229723
40071,815234102
40071,821165889
40071,826192629
40071,826216435
40071,826224415
40071,826235944
40071,826238756
40071,826240900
40071,826259694
40071,827001668
40071,834231591
40071,840199577
40071,845224574
40071,848001668
40071,848192638
40071,848216435
40071,851192638
40071,851216435
40071,851224415
40071,851236295
40071,851238756
40071,851259694
40071,852205192
40071,852224179
40071,852259694
40071,858008348
40071,861001668
40071,863220821
40071,866224179
40071,866261478
40071,867001668
40071,867008348
40071,867192629
40071,867210455
40071,867231591
40072,231162131
40072,246162131
40072,253212218
40072,253230869
40072,264162131
40072,267189575
40072,267229764
40072,273204525
40072,273212218
40072,273230869
40072,280206585
40072,280212218
40072,283189575
40072,283204525
40072,283212218
40072,283216201
40072,283225523
40072,283227950
40072,283230869
40072,284183512
40072,284190223
40072,284216189
40072,291146947
40072,291183512
40072,291190149
40072,291205157
40072,291216201
40072,291227127
40072,291240900
40072,291244675
40072,291256516
40072,517204525
40072,517244675
40072,517256516
40072,802005454
40072,802189575
40072,802190149
40072,802216201
40072,810204525
40072,810206585
40072,810227127
40072,811005454
40072,814204525
40072,814212218
40072,814227127
40072,815204525
40072,815206585
40072,815212218
40072,815230869
40072,815256516
40072,820216201
40072,820230869
40072,825005454
40072,825206585
40072,825212218
40072,826231184
40072,826239614
40072,826240900
40072,826241049
40072,826248550
40072,826256516
40072,827005454
40072,829191740
40072,832230869
40072,832256516
40072,834204525
40072,836005454
40072,836256516
40072,840005454
40072,840189575
40072,840190149
40072,840191740
40072,840206585
40072,844204525
40072,844248550
40072,844256516
40072,845005454
40072,845212218
40072,845230869
40072,845256516
40072,851216201
40072,851225201
40072,852205157
40072,852216201
40072,852225201
40072,852231184
40072,852241049
40072,852244675
40072,852248550
40072,852256516
40072,852259524
40072,852263617
40072,852263880
40072,855256516
40072,861005454
40072,863212218
40072,863216201
40072,863230869
40072,863256516
40072,867183512
40073,230189513
40073,231146758
40073,241219681
40073,246173521
40073,250202811
40073,252157481
40073,252173521
40073,252189513
40073,253198950
40073,256177644
40073,256199715
40073,256205069
40073,259202811
40073,260157481
40073,260189513
40073,265200454
40073,265223197
40073,265237681
40073,265239231
40073,265239335
40073,267197891
40073,267198950
40073,270223197
40073,270240716
40073,272201988
40073,273198950
40073,273202811
40073,279189513
40073,279202811
40073,280205069
40073,280234569
40073,280239231
40073,280240716
40073,283157481
40073,284206590
40073,291189513
40073,291206590
40073,291217940
40073,291223197
40073,291223952
40073,291226162
40073,291228635
40073,291237681
40073,515202811
40073,802189513
40073,808237681
40073,810237681
40073,810240716
40073,814189513
40073,814223197
40073,815223197
40073,820220414
40073,820237034
40073,820237681
40073,825228635
40073,826189513
40073,826228635
40073,826243032
40073,828202811
40073,829157481
40073,831202811
40073,834202811
40073,834234569
40073,836237681
40073,840157481
40073,840189513
40073,840219681
40073,840220253
40073,840223952
40073,845202811
40073,845239231
40073,846202811
40073,848189513
40073,848240716
40073,851073374
40073,851192816
40073,851220414
40073,851232665
40073,851237681
40073,851239231
40073,851240359
40073,851242201
40073,851260178
40073,851264172
40073,852197891
40073,852205070
40073,855239231
40073,856239231
40073,863202811
40073,863237681
40073,863239231
40073,863240359
40073,863240716
40073,866239231
40073,866242201
40073,867157481
40073,867189513
40073,867192816
40073,867217940
40073,867240716
40074,206177644
40074,206202651
40074,206239207
40074,210221014
40074,210223033
40074,210231640
40074,218235424
40074,218239207
40074,219223033
40074,221193171
40074,221208622
40074,221232207
40074,221239207
40074,221241686
40074,230199354
40074,230228747
40074,242202651
40074,242219391
40074,251146439
40074,256177644
40074,260261987
40074,267197891
40074,273212830
40074,283220132
40074,284177644
40074,287219522
40074,291193171
40074,291216447
40074,300202651
40074,300211348
40074,300216447
40074,300219522
40074,300224146
40074,300261987
40074,300271414
40074,318146439
40074,321210463
40074,322199354
40074,322228747
40074,323146439
40074,323239207
40074,324189472
40074,324210463
40074,500202651
40074,500239207
40074,501189709
40074,501193171
40074,501199354
40074,501202651
40074,501207732
40074,501208622
40074,501219391
40074,501239207
40074,502193171
40074,502202651
40074,502223033
40074,502229624
40074,502229788
40074,502235424
40074,502236679
40074,502239207
40074,503189472
40074,503199354
40074,503207732
40074,503210463
40074,503221014
40074,503229624
40074,503229788
40074,503239207
40074,506146439
40074,506199354
40074,506202651
40074,506239207
40074,508146439
40074,508193171
40074,508199354
40074,508202651
40074,508210463
40074,508211348
40074,508219522
40074,508234772
40074,508247131
40074,511146439
40074,511189472
40074,511193171
40074,511197891
40074,511199354
40074,511207732
40074,511211348
40074,511219522
40074,511247131
40074,513202651
40074,513219522
40074,515202651
40074,517216447
40074,810221014
40074,814193171
40074,826216447
40074,840202651
40074,852197891
40075,100045197
40075,101045197
40075,110045197
40075,206168542
40075,207168542
40075,214205069
40075,216168542
40075,216172287
40075,218162131
40075,218196889
40075,218205114
40075,218211241
40075,221205069
40075,222168542
40075,230183512
40075,231162131
40075,231168542
40075,233168542
40075,234168542
40075,237205069
40075,238239231
40075,242224309
40075,246162131
40075,246183512
40075,246205069
40075,249045197
40075,251168542
40075,256168542
40075,256205069
40075,262246785
40075,264162131
40075,264168542
40075,265239231
40075,265246785
40075,272168542
40075,276247328
40075,280205069
40075,280239231
40075,283168542
40075,284183512
40075,284196889
40075,284198715
40075,284216189
40075,284229517
40075,289045197
40075,289168542
40075,291183512
40075,297168542
40075,500168542
40075,501168542
40075,502168542
40075,503168542
40075,506168542
40075,506183512
40075,508168542
40075,508183512
40075,508205069
40075,508216475
40075,508239231
40075,511168542
40075,511183512
40075,511211241
40075,511216475
40075,511239231
40075,515183512
40075,515228813
40075,515239231
40075,517227290
40075,517228813
40075,517239231
40075,808228813
40075,810264665
40075,814166074
40075,820228813
40075,825045197
40075,826197948
40075,827045197
40075,829045197
40075,834228813
40075,836045197
40075,840211241
40075,840224309
40075,840246785
40075,845045197
40075,845239231
40075,846045197
40075,851192678
40075,851197948
40075,851239231
40075,855239231
40075,856228813
40075,856239231
40075,861045197
40075,863239231
40075,863240311
40075,866228813
40075,866239231
40075,867045197
40075,867183512
40075,867224309
40076,100161840
40076,101161840
40076,101222680
40076,110161840
40076,214161840
40076,215229668
40076,216106231
40076,216179844
40076,216192679
40076,219243952
40076,230183512
40076,231171018
40076,231179844
40076,233179844
40076,234161840
40076,237179844
40076,242229668
40076,246183512
40076,250205705
40076,250243576
40076,251161840
40076,252161840
40076,253228336
40076,256217731
40076,260205705
40076,260229668
40076,260243576
40076,265210315
40076,265223197
40076,265243576
40076,267210315
40076,267243576
40076,267244020
40076,268161840
40076,270210315
40076,270223197
40076,273226777
40076,273229010
40076,273236556
40076,273247181
40076,274161840
40076,276244915
40076,280206585
40076,280243576
40076,280243952
40076,284171018
40076,284179844
40076,284183512
40076,284190223
40076,284198715
40076,284229517
40076,291183512
40076,291223197
40076,291230021
40076,511210315
40076,513206585
40076,513223197
40076,513229668
40076,513243576
40076,515183512
40076,515243576
40076,515243952
40076,517229668
40076,517243576
40076,802161840
40076,804266253
40076,810206585
40076,810229668
40076,810243952
40076,814223197
40076,815206585
40076,815223197
40076,815228336
40076,815258396
40076,825161840
40076,825206585
40076,825243952
40076,826228336
40076,826243576
40076,827161840
40076,840206585
40076,840211241
40076,840224309
40076,851243576
40076,851259066
40076,851260178
40076,851265726
40076,856243576
40076,856244915
40076,856266253
40076,861161840
40076,863214026
40076,863241775
40076,863243576
40076,863244915
40076,863245158
40076,866245158
40076,867161840
40076,867183512
40076,867224309
40077,215168435
40077,216168435
40077,216184432
40077,221184432
40077,230228520
40077,231146758
40077,231161754
40077,231168435
40077,231169416
40077,231171579
40077,231177604
40077,233171579
40077,237161754
40077,238237942
40077,241225193
40077,242184432
40077,246161754
40077,246171579
40077,246184432
40077,250231591
40077,252184432
40077,253184432
40077,256168435
40077,259184432
40077,260184432
40077,260237942
40077,265225193
40077,265237942
40077,273184432
40077,273237942
40077,279225193
40077,280184432
40077,283225341
40077,283247495
40077,284198715
40077,284206590
40077,284208137
40077,287225193
40077,287225341
40077,291206590
40077,291208137
40077,291223790
40077,291231591
40077,291237942
40077,291243976
40077,511225193
40077,513169416
40077,513225193
40077,513225341
40077,513231591
40077,515184432
40077,515225193
40077,515225201
40077,515231591
40077,517188335
40077,517224003
40077,517225193
40077,517225201
40077,517237942
40077,802184432
40077,804258937
40077,804264432
40077,810184432
40077,810223790
40077,810225193
40077,810231591
40077,815188335
40077,815225193
40077,815225341
40077,820188335
40077,825184432
40077,826225193
40077,826239614
40077,828184432
40077,834225193
40077,834231591
40077,840184432
40077,840211241
40077,844188335
40077,846188335
40077,851192678
40077,851208137
40077,851211022
40077,851225201
40077,851234730
40077,851237942
40077,851243976
40077,851258937
40077,851259066
40077,852225193
40077,852225201
40077,856225193
40077,863188335
40077,863214026
40077,863225193
40077,863237942
40077,863264432
40077,866264432
40077,867225193
40077,867231591
40078,219233113
40078,230199354
40078,230232656
40078,237183376
40078,241173608
40078,241232656
40078,242226161
40078,246183376
40078,250205705
40078,250226161
40078,250232656
40078,253226161
40078,256220253
40078,259226161
40078,259232656
40078,260205705
40078,260226161
40078,261008385
40078,265205192
40078,265226161
40078,265232656
40078,267229764
40078,267232656
40078,273226161
40078,273232656
40078,278232656
40078,280232656
40078,283210455
40078,283228302
40078,283241049
40078,284202493
40078,284205192
40078,284221639
40078,287173608
40078,287232656
40078,291146947
40078,291190149
40078,291238900
40078,513173608
40078,513226161
40078,513232656
40078,515226161
40078,515232656
40078,517226161
40078,517232656
40078,517238900
40078,517253396
40078,802190149
40078,807232656
40078,810173608
40078,810226161
40078,810255854
40078,814226161
40078,814232656
40078,815173608
40078,815226568
40078,815232656
40078,820215565
40078,820232656
40078,820238900
40078,825232656
40078,826197948
40078,826224415
40078,826226161
40078,826238126
40078,826241049
40078,826246928
40078,832232656
40078,834226161
40078,834253396
40078,840190149
40078,840220253
40078,840224309
40078,840228302
40078,844277581
40078,848226161
40078,851192678
40078,851197948
40078,851224415
40078,851226161
40078,851238900
40078,851240953
40078,851244767
40078,852205192
40078,852238900
40078,852241049
40078,855226161
40078,856226161
40078,856253396
40078,863226161
40078,863232656
40078,863238900
40078,863253283
40078,863253396
40078,866226161
40078,866273748
40078,866276493
40078,867210455
40078,867224309
40078,867232656
40079,207191180
40079,210183899
40079,210191180
40079,215226271
40079,218215061
40079,218228941
40079,221205186
40079,221222160
40079,221223273
40079,221226271
40079,230199354
40079,231139062
40079,231191180
40079,233215334
40079,241228941
40079,246156221
40079,246191180
40079,250228941
40079,253223273
40079,253226271
40079,253228941
40079,256177644
40079,256191180
40079,260192789
40079,265223273
40079,265231628
40079,267173030
40079,272201988
40079,273205083
40079,273223273
40079,273228941
40079,280226271
40079,280228941
40079,283192789
40079,284177644
40079,284189172
40079,284194730
40079,284198715
40079,284214944
40079,284251756
40079,291208620
40079,502226271
40079,503226271
40079,506199354
40079,506208620
40079,506226271
40079,506228941
40079,508177633
40079,508191180
40079,508192789
40079,508199354
40079,508204234
40079,508226271
40079,508228941
40079,511173030
40079,511191180
40079,511199354
40079,511204234
40079,511207732
40079,511217036
40079,511222041
40079,511226271
40079,513210930
40079,513217036
40079,513228941
40079,515205186
40079,515210930
40079,515223273
40079,515226271
40079,515228941
40079,517205186
40079,517210930
40079,517223273
40079,517226271
40079,517246139
40079,810226271
40079,810246139
40079,810278923
40079,815223273
40079,815226271
40079,821231628
40079,826205186
40079,834223273
40079,834226271
40079,834246139
40079,840223273
40079,845226271
40079,848223273
40079,851264172
40079,852217036
40079,852228941
40079,856223273
40079,856226271
40079,863214026
40079,863223273
40079,863226271
40079,863231436
40079,866235522
40079,867173030
40079,867208620
40080,206194365
40080,210188554
40080,210217731
40080,210221342
40080,210229038
40080,210231640
40080,230228520
40080,231194365
40080,233194365
40080,234194365
40080,246194365
40080,250231591
40080,256217731
40080,260206590
40080,265221342
40080,265231628
40080,273230755
40080,280241811
40080,284194761
40080,284201505
40080,284206590
40080,289194365
40080,291206590
40080,291221342
40080,291227127
40080,291231591
40080,300201505
40080,300206590
40080,300224003
40080,300227127
40080,300234060
40080,300237034
40080,300240988
40080,300241811
40080,300248165
40080,321210463
40080,500194761
40080,500194879
40080,501146296
40080,501194761
40080,501194879
40080,501201505
40080,501227127
40080,502146296
40080,502191135
40080,502194879
40080,502201505
40080,502228520
40080,503191135
40080,503201505
40080,503210463
40080,503217731
40080,503227127
40080,503228520
40080,503234060
40080,506146296
40080,506228520
40080,508210463
40080,508221342
40080,508224003
40080,508227127
40080,508228520
40080,511221342
40080,511224003
40080,511227127
40080,511228520
40080,511231591
40080,511241811
40080,513227127
40080,513228520
40080,513231591
40080,515201505
40080,515221342
40080,515227127
40080,515228520
40080,515231591
40080,515234060
40080,515237034
40080,517224003
40080,517227127
40080,517234060
40080,517240988
40080,804241811
40080,810227127
40080,810231591
40080,810240988
40080,810241811
40080,814227127
40080,815240988
40080,815248165
40080,820237034
40080,821231628
40080,825241811
40080,834231591
40080,844248165
40080,851240988
40080,851241811
40080,855248165
40080,867231591
40080,867234060
40081,100191189
40081,100215732
40081,101191189
40081,101215558
40081,110191189
40081,110215732
40081,268191189
40081,272191189
40081,284188350
40081,284191189
40081,284215558
40081,287188350
40081,287192448
40081,287210324
40081,287212096
40081,287228093
40081,289191189
40081,291199503
40081,802188350
40081,802191189
40081,802192448
40081,808192448
40081,808199503
40081,808212096
40081,810177683
40081,814199503
40081,814204024
40081,814210324
40081,815199503
40081,820158625
40081,820177683
40081,820189805
40081,820199503
40081,820228093
40081,821207862
40081,825192448
40081,825213661
40081,826204497
40081,826210324
40081,826212096
40081,826214096
40081,826220876
40081,826221491
40081,826222028
40081,827191189
40081,829188350
40081,829189805
40081,829191189
40081,829192448
40081,832199503
40081,832228093
40081,834177683
40081,834189805
40081,834199503
40081,834222357
40081,834224196
40081,834229261
40081,836188350
40081,836191189
40081,840191189
40081,840199503
40081,840213661
40081,840229752
40081,844189805
40081,844199503
40081,844214096
40081,844228093
40081,844229261
40081,848158625
40081,848188350
40081,848199503
40081,848210324
40081,848245541
40081,850191189
40081,851207862
40081,851212096
40081,851222028
40081,851239367
40081,851250723
40081,852188350
40081,852191189
40081,852192448
40081,852204092
40081,852207862
40081,856177683
40081,856224196
40081,856228093
40081,861191189
40081,861215732
40081,863199503
40081,863221491
40081,863222357
40081,863224196
40081,863229752
40081,863233152
40081,863250723
40081,866199503
40081,867199503
40081,867250723
40081,868191189
40082,215183574
40082,215200610
40082,216184344
40082,218183574
40082,221184344
40082,222184344
40082,230223697
40082,231183574
40082,233158856
40082,234184344
40082,241223697
40082,242234575
40082,246158856
40082,246183556
40082,250200610
40082,250223697
40082,251184344
40082,253184344
40082,253223697
40082,253257771
40082,256184344
40082,259184344
40082,260184344
40082,260223697
40082,260247361
40082,262247819
40082,264183574
40082,267247819
40082,270230978
40082,270247361
40082,270247819
40082,273217648
40082,273247361
40082,273257771
40082,276247361
40082,280223697
40082,280244797
40082,280247819
40082,283203030
40082,284183714
40082,284184344
40082,287232658
40082,287247819
40082,289184344
40082,291203030
40082,291211999
40082,291212242
40082,291223790
40082,291227234
40082,291244390
40082,513212242
40082,513247819
40082,515201269
40082,515212242
40082,515223697
40082,515247819
40082,517201269
40082,517212242
40082,517223697
40082,517232658
40082,517244797
40082,517247819
40082,802193254
40082,806239138
40082,810212244
40082,810223790
40082,810229891
40082,810247819
40082,815223697
40082,815234728
40082,815244797
40082,815247028
40082,815257771
40082,818184344
40082,820247819
40082,826223697
40082,826229286
40082,826234575
40082,829247819
40082,834212242
40082,834229891
40082,834247819
40082,836268116
40082,840212242
40082,844247819
40082,848212242
40082,851223697
40082,851229891
40082,851232658
40082,851234575
40082,855247819
40082,856229891
40082,856247819
40082,863222475
40082,863229891
40082,863247361
40082,863247819
40082,866229891
40082,866247819
40082,867193254
40083,100121939
40083,100192190
40083,101121939
40083,101192190
40083,110121939
40083,110192190
40083,279212622
40083,283121939
40083,287212622
40083,289121939
40083,802121939
40083,808215441
40083,810205452
40083,810212622
40083,810235073
40083,814121939
40083,814150418
40083,814212622
40083,814226851
40083,815205452
40083,820205452
40083,820215441
40083,820227647
40083,820229476
40083,820235073
40083,820238900
40083,820244176
40083,820256675
40083,825121939
40083,825150418
40083,825205452
40083,825212188
40083,825226851
40083,826204497
40083,826212622
40083,826241925
40083,826250959
40083,826252259
40083,827121939
40083,829121939
40083,832205452
40083,832212622
40083,832215441
40083,832227647
40083,832235073
40083,832244176
40083,832256675
40083,834212622
40083,834215441
40083,834226851
40083,836121939
40083,836212188
40083,840192190
40083,840208574
40083,844205452
40083,844212622
40083,844215441
40083,845192190
40083,845240690
40083,846121939
40083,848121939
40083,848212188
40083,848212622
40083,848226851
40083,851216275
40083,851227647
40083,851238900
40083,851250959
40083,852150418
40083,852205452
40083,852223885
40083,852227647
40083,852238900
40083,852239340
40083,852241925
40083,852250959
40083,852251829
40083,852254022
40083,855212622
40083,855215441
40083,855227647
40083,855250959
40083,856212622
40083,856215441
40083,856254022
40083,861121939
40083,861192190
40083,863212622
40083,863229476
40083,863232487
40083,863235073
40083,863240690
40083,863254022
40083,863257504
40083,863259306
40083,866212622
40083,866215441
40083,866235073
40083,866244176
40083,866250959
40084,100011141
40084,101011141
40084,110011141
40084,240192985
40084,250192985
40084,250203483
40084,250228941
40084,256192985
40084,258192985
40084,264011141
40084,265206113
40084,267192985
40084,268011141
40084,272011141
40084,272166676
40084,272176635
40084,272192985
40084,273192985
40084,273193283
40084,273203483
40084,273206113
40084,278192985
40084,280192985
40084,280228941
40084,281166676
40084,283203483
40084,284203483
40084,287192985
40084,287205431
40084,287206113
40084,289011141
40084,289184200
40084,291192984
40084,291197031
40084,291206591
40084,291207897
40084,291226168
40084,804247679
40084,807192985
40084,810205431
40084,814184200
40084,815205431
40084,815206113
40084,815221354
40084,815231838
40084,820240451
40084,820242916
40084,820247679
40084,821206113
40084,821212626
40084,825166676
40084,825192985
40084,826197031
40084,826205431
40084,826206591
40084,826216199
40084,826226168
40084,826228336
40084,826232711
40084,826239701
40084,826258316
40084,827011141
40084,827166676
40084,828192985
40084,829011141
40084,834206113
40084,834247679
40084,836192985
40084,840166676
40084,844192984
40084,846192985
40084,848192985
40084,848206113
40084,848247679
40084,851197031
40084,851206591
40084,851216199
40084,851226168
40084,851232711
40084,851239701
40084,851261659
40084,852011141
40084,852166676
40084,852192985
40084,852228941
40084,852254022
40084,856206113
40084,856254022
40084,858025420
40084,861011141
40084,861166676
40084,863184200
40084,863192985
40084,863206113
40084,863233510
40084,863239701
40084,863254022
40084,864136553
40084,866206113
40084,867166676
40085,287173608
40085,287206113
40085,287210324
40085,287212096
40085,291190765
40085,291199439
40085,291210047
40085,291223334
40085,802197445
40085,808212096
40085,808235073
40085,810235073
40085,810236703
40085,814201942
40085,814210324
40085,814212190
40085,815199439
40085,815223671
40085,820201942
40085,820235073
40085,821206113
40085,821214622
40085,825197445
40085,825201942
40085,826190765
40085,826193698
40085,826203605
40085,826210047
40085,826210324
40085,826212096
40085,826216354
40085,826223671
40085,826223689
40085,826228336
40085,826232805
40085,826236703
40085,826250959
40085,826254117
40085,826257191
40085,829201942
40085,829220651
40085,829235073
40085,832235073
40085,834190765
40085,834206113
40085,834235073
40085,836197445
40085,836263765
40085,840201942
40085,840246618
40085,844192984
40085,844225309
40085,845201942
40085,848197445
40085,848201942
40085,848206113
40085,848210324
40085,848212190
40085,848232805
40085,851190765
40085,851210047
40085,851212096
40085,851216354
40085,851220651
40085,851223334
40085,851239367
40085,851246618
40085,851250959
40085,851257191
40085,851263765
40085,852250954
40085,852250959
40085,853213317
40085,855236703
40085,855250959
40085,856206113
40085,856223334
40085,856235073
40085,863193698
40085,863197445
40085,863199439
40085,863206113
40085,863216354
40085,863223671
40085,863232873
40085,863235073
40085,863236703
40085,863242187
40085,863244470
40085,863250954
40085,866193698
40085,866206113
40085,866216354
40085,866235073
40085,866236703
40085,866242187
40085,866244470
40085,866250959
40085,867210047
40085,867223334
40086,225200588
40086,230201922
40086,230211899
40086,239200588
40086,247182152
40086,247199266
40086,250212187
40086,251205175
40086,252189606
40086,253199439
40086,253201922
40086,253210625
40086,253213648
40086,253238581
40086,257200588
40086,265224425
40086,270205175
40086,273213648
40086,273221860
40086,273238581
40086,273251223
40086,279235073
40086,280213648
40086,280235073
40086,280257889
40086,283201982
40086,284201982
40086,284211862
40086,284212212
40086,287235073
40086,291199439
40086,291202201
40086,291211999
40086,291213648
40086,291238900
40086,511235073
40086,513205175
40086,513213648
40086,513235073
40086,513237985
40086,515199439
40086,515205175
40086,515213648
40086,515235073
40086,515237321
40086,515238900
40086,517212212
40086,517213648
40086,517235073
40086,517238900
40086,517241985
40086,804259306
40086,808235073
40086,810224425
40086,810235073
40086,810251223
40086,815199439
40086,815213648
40086,815234728
40086,815237985
40086,815238581
40086,820235073
40086,820238900
40086,821182152
40086,821199266
40086,821212187
40086,826202201
40086,826232144
40086,826233216
40086,829205175
40086,829224425
40086,829235073
40086,829237985
40086,832235073
40086,834235073
40086,834272874
40086,840257889
40086,844213648
40086,848224425
40086,851202201
40086,851236457
40086,851238900
40086,851258432
40086,852238900
40086,855213648
40086,856235073
40086,856237985
40086,863199439
40086,863235073
40086,863237985
40086,863238581
40086,863238900
40086,863253036
40086,863257889
40086,863259306
40086,863273906
40086,863274000
40086,864182152
40086,864199266
40086,866235073
40087,210212150
40087,210223033
40087,214183556
40087,216025420
40087,219223033
40087,231150516
40087,231182212
40087,231208334
40087,234025420
40087,234150516
40087,246183556
40087,251150516
40087,251208334
40087,253201122
40087,253210489
40087,261261593
40087,265224425
40087,267182212
40087,268261593
40087,270235407
40087,272150516
40087,272261593
40087,273225126
40087,280182212
40087,280235407
40087,283200316
40087,283225126
40087,284183714
40087,284200318
40087,284234727
40087,289261593
40087,291206591
40087,291225126
40087,291244390
40087,291251392
40087,508208334
40087,511182212
40087,511208334
40087,511215441
40087,511224041
40087,511224425
40087,511225126
40087,511234727
40087,511235407
40087,513195038
40087,513224425
40087,513225126
40087,515215441
40087,515225126
40087,515241925
40087,517206591
40087,517215441
40087,517224041
40087,517225126
40087,517239340
40087,517241736
40087,517244390
40087,517256942
40087,517264194
40087,801261593
40087,804252495
40087,808215441
40087,810224425
40087,810235407
40087,810241736
40087,815195038
40087,815221969
40087,815222148
40087,815235407
40087,815258396
40087,820215441
40087,821212626
40087,825261593
40087,826206591
40087,826222148
40087,826239340
40087,826241925
40087,827261593
40087,829224425
40087,829235407
40087,832215441
40087,834215441
40087,834241736
40087,840261593
40087,844215441
40087,848224425
40087,851206591
40087,852239340
40087,852241925
40087,855215441
40087,856215441
40087,856241736
40087,856252293
40087,858025420
40087,861261593
40087,863225126
40087,863235407
40087,863252293
40087,866215441
40087,867261593
40088,210183907
40088,215223113
40088,216202325
40088,221183907
40088,230211899
40088,230230065
40088,230238050
40088,231173771
40088,231173909
40088,231179846
40088,231181820
40088,231183907
40088,234179846
40088,234183907
40088,237173771
40088,237179846
40088,238236496
40088,239243061
40088,242183907
40088,246173771
40088,246179846
40088,246205193
40088,253197837
40088,253201262
40088,257243061
40088,264173909
40088,264183907
40088,265173909
40088,265224425
40088,265231416
40088,265232099
40088,267236496
40088,270232099
40088,272183907
40088,272197837
40088,273234711
40088,273236624
40088,273243656
40088,280197837
40088,280232099
40088,283205402
40088,283227647
40088,284173909
40088,284205402
40088,291206591
40088,291212242
40088,291227234
40088,293243061
40088,294243061
40088,513210021
40088,513212242
40088,515210021
40088,515212242
40088,515227647
40088,515236496
40088,517210021
40088,517212242
40088,517227647
40088,517236496
40088,517240243
40088,518243061
40088,804256115
40088,810224425
40088,810236496
40088,815190854
40088,815222148
40088,815231416
40088,815232099
40088,815234711
40088,820227647
40088,821212626
40088,821240243
40088,826206591
40088,826222148
40088,826240243
40088,826256115
40088,826256781
40088,829224425
40088,832227647
40088,834212242
40088,834256115
40088,840212242
40088,840236496
40088,844240243
40088,848212242
40088,848224425
40088,851206591
40088,851227647
40088,851231416
40088,851236496
40088,851240359
40088,852227647
40088,855227647
40088,856233800
40088,856256115
40088,856275029
40088,863212002
40088,863240243
40088,863240359
40088,867240243
40089,202140057
40089,210232639
40089,210235288
40089,210237629
40089,215229435
40089,216202325
40089,217215556
40089,219237629
40089,221202325
40089,225140057
40089,225221383
40089,250239093
40089,253220925
40089,267239093
40089,272140057
40089,279232639
40089,279239093
40089,280200159
40089,280202325
40089,283203030
40089,287239093
40089,291203030
40089,291232639
40089,300200159
40089,300202789
40089,300207725
40089,300215556
40089,300216199
40089,300232639
40089,300233125
40089,300237629
40089,300239093
40089,300239367
40089,300246836
40089,300254566
40089,324210802
40089,324229435
40089,500202325
40089,501202325
40089,501202789
40089,501220925
40089,502202325
40089,502202789
40089,502203030
40089,502221383
40089,503202325
40089,503202789
40089,503203030
40089,503215556
40089,503220925
40089,503238637
40089,504221383
40089,506192663
40089,506202789
40089,507221383
40089,508200159
40089,508202789
40089,508205878
40089,508215604
40089,508239093
40089,511202789
40089,511215604
40089,511232639
40089,511237629
40089,511239093
40089,511254566
40089,513232639
40089,513239093
40089,513254566
40089,515200159
40089,515232639
40089,515239093
40089,517216199
40089,517232639
40089,517239093
40089,596232639
40089,596239093
40089,804254566
40089,808239093
40089,810200159
40089,815215556
40089,815231786
40089,815239093
40089,815254566
40089,825200159
40089,826216199
40089,826232639
40089,829232639
40089,834215556
40089,844232639
40089,844239093
40089,851216199
40089,851239367
40089,852200159
40089,855232639
40089,862140057
40089,863232639
40089,863252873
40089,863254566
40089,864140057
40090,225221671
40090,230211899
40090,230230065
40090,246139313
40090,246183556
40090,246194365
40090,246203965
40090,247182152
40090,247199266
40090,250240709
40090,250245940
40090,252189606
40090,256183569
40090,260225711
40090,264183569
40090,264221671
40090,265236295
40090,267219733
40090,270226853
40090,270230978
40090,273210324
40090,273216158
40090,273225711
40090,280183569
40090,283198352
40090,283205402
40090,283224251
40090,283225309
40090,283236636
40090,284189410
40090,284193881
40090,284205402
40090,284212212
40090,287210324
40090,289194365
40090,291204497
40090,291223671
40090,291223790
40090,291229071
40090,291240709
40090,291251392
40090,293221671
40090,517225309
40090,802198352
40090,804245253
40090,806221671
40090,806244108
40090,810210007
40090,810223790
40090,814210324
40090,815215556
40090,815216158
40090,815216275
40090,815223671
40090,820226853
40090,821182152
40090,821199266
40090,826204497
40090,826210324
40090,826221671
40090,826223671
40090,826233216
40090,826234875
40090,826236461
40090,826236636
40090,826242453
40090,826257191
40090,834215556
40090,834219733
40090,844224251
40090,844225309
40090,848210324
40090,851073078
40090,851216275
40090,851221671
40090,851234875
40090,851236295
40090,851236461
40090,851236636
40090,851244257
40090,851257075
40090,851257191
40090,852236461
40090,855236461
40090,856245253
40090,862140057
40090,863073078
40090,863216158
40090,863216275
40090,863221671
40090,863223671
40090,863225859
40090,863236461
40090,863240709
40090,864140057
40090,864182152
40090,864191566
40090,864199266
40090,866225859
40090,867242453
40091,100045661
40091,101045661
40091,110045661
40091,267167495
40091,267197061
40091,268045661
40091,272167495
40091,272168651
40091,272176635
40091,273222492
40091,274045661
40091,280180930
40091,280183569
40091,280209658
40091,280222492
40091,283045661
40091,283167495
40091,287209658
40091,287222492
40091,287245388
40091,289045661
40091,289168651
40091,289180930
40091,291199439
40091,291206606
40091,291213648
40091,291244390
40091,518245054
40091,802045661
40091,802167495
40091,808222492
40091,810209658
40091,810222492
40091,814223885
40091,815199439
40091,815213648
40091,818167495
40091,818180930
40091,820213296
40091,820222492
40091,821240915
40091,825045661
40091,826202873
40091,826209658
40091,826229286
40091,826238744
40091,826242453
40091,827045661
40091,828167495
40091,829167495
40091,830245054
40091,834207993
40091,834209658
40091,834222357
40091,834222492
40091,834223686
40091,834226229
40091,834238744
40091,834256261
40091,836045661
40091,836167495
40091,836209658
40091,836222492
40091,839045661
40091,840207993
40091,844213648
40091,845191648
40091,848167495
40091,848180930
40091,848207993
40091,848222492
40091,851206606
40091,851260290
40091,852209658
40091,852222492
40091,852223885
40091,852238744
40091,853245054
40091,855167495
40091,855213648
40091,856167495
40091,856222492
40091,856226229
40091,856238744
40091,856256261
40091,861045661
40091,863180930
40091,863199439
40091,863209658
40091,863213296
40091,863222357
40091,863222492
40091,863233152
40091,863238743
40091,863238744
40091,863244204
40091,866238744
40091,866251377
40091,867208620
40091,867242453
40092,259209846
40092,264183574
40092,267209846
40092,267212096
40092,267247819
40092,270207862
40092,270247819
40092,279212096
40092,279232639
40092,280247819
40092,283189271
40092,283193698
40092,283199897
40092,283201982
40092,283209846
40092,284201982
40092,284207862
40092,284212096
40092,287212096
40092,287247819
40092,291193698
40092,291199439
40092,291199897
40092,291207862
40092,291207897
40092,291209846
40092,291211738
40092,291226168
40092,291232639
40092,291236532
40092,291238900
40092,517247819
40092,802193698
40092,802199897
40092,802209846
40092,804260926
40092,804260930
40092,808212096
40092,810235663
40092,810247819
40092,814189271
40092,815199439
40092,815211738
40092,815231366
40092,815232119
40092,815234171
40092,815253170
40092,820238900
40092,820240451
40092,820247819
40092,821207862
40092,826193698
40092,826199897
40092,826212096
40092,826214096
40092,826226168
40092,826232639
40092,826234875
40092,826236532
40092,826258316
40092,826262659
40092,829189117
40092,829232639
40092,829247819
40092,834235663
40092,834247819
40092,840189271
40092,844214096
40092,844232639
40092,844247819
40092,848189271
40092,851207862
40092,851212096
40092,851226168
40092,851234875
40092,851236532
40092,851238900
40092,851260290
40092,851260926
40092,852189117
40092,852207862
40092,852232119
40092,852238900
40092,855232639
40092,855247819
40092,856211738
40092,856234171
40092,856247819
40092,856259586
40092,862140057
40092,863193698
40092,863199439
40092,863231366
40092,863232639
40092,863238900
40092,863247819
40092,863276694
40092,864140057
40092,866193698
40092,866247819
40093,101001198
40093,808237383
40093,820229582
40093,820237383
40093,820240679
40093,826202024
40093,826208165
40093,826208268
40093,826208461
40093,826215333
40093,826232488
40093,826251470
40093,826266866
40093,829237383
40093,832230899
40093,832233556
40093,832237383
40093,832251470
40093,834208165
40093,834216150
40093,834230899
40093,834246875
40093,834251470
40093,834256115
40093,836247394
40093,840178005
40093,840202884
40093,840207993
40093,840208165
40093,840208268
40093,840208461
40093,840214979
40093,840216150
40093,840223273
40093,840226710
40093,840229582
40093,840230899
40093,840240679
40093,840247257
40093,840251470
40093,840259584
40093,840260697
40093,840262113
40093,840265188
40093,840266866
40093,844230899
40093,844233556
40093,844237383
40093,844241850
40093,844247257
40093,844266866
40093,845178005
40093,845230938
40093,845232488
40093,845246875
40093,848207993
40093,848208165
40093,848216150
40093,848223273
40093,848230938
40093,848237383
40093,848246875
40093,848251470
40093,848252154
40093,848259584
40093,848260697
40093,851202024
40093,851208461
40093,851223697
40093,851229582
40093,851247229
40093,851277839
40093,852202024
40093,852222501
40093,852247394
40093,855233556
40093,855237383
40093,856230899
40093,856232488
40093,856237383
40093,856251470
40093,856252154
40093,856266866
40093,863202024
40093,863214026
40093,863222501
40093,863223273
40093,863223671
40093,863230938
40093,863232488
40093,863238160
40093,863246875
40093,863251470
40093,863260697
40093,866247257
40093,866259399
40093,866278339
40093,867193082
40093,867208461
40093,867232488
40094,230199845
40094,230228251
40094,231191202
40094,237191202
40094,241189053
40094,241199845
40094,242199845
40094,250210935
40094,250241937
40094,253199845
40094,253210935
40094,253222077
40094,259222077
40094,260222077
40094,262238160
40094,264173909
40094,265210935
40094,265216409
40094,265226710
40094,265238160
40094,267210935
40094,267228251
40094,270191202
40094,270226710
40094,273253290
40094,276235842
40094,276239807
40094,279228251
40094,280199845
40094,280216409
40094,280253002
40094,283163489
40094,283224030
40094,284173909
40094,284178117
40094,284191202
40094,284193077
40094,284193881
40094,284196889
40094,284202851
40094,284210935
40094,284228251
40094,284241629
40094,287243593
40094,291198220
40094,291219932
40094,291222077
40094,291239807
40094,291240452
40094,291241629
40094,517199845
40094,805209839
40094,808210935
40094,810199845
40094,810216409
40094,810239807
40094,810253002
40094,814243593
40094,815210935
40094,815216409
40094,815222077
40094,815223143
40094,815227562
40094,815237640
40094,815238160
40094,815239807
40094,815251136
40094,815252027
40094,815252313
40094,815253002
40094,820228251
40094,821214622
40094,826216409
40094,826222077
40094,834222077
40094,834239807
40094,834270633
40094,836228251
40094,840191202
40094,840226710
40094,840228251
40094,844222077
40094,845199845
40094,845222077
40094,848191202
40094,848228251
40094,851216409
40094,851245426
40094,856199845
40094,856222077
40094,856226710
40094,863219932
40094,863238160
40094,863243526
40094,863262027
40094,863264207
40094,866222077
40094,867210935
40094,867222077
40094,867228251
40095,101001198
40095,250241937
40095,251001198
40095,253205498
40095,253239613
40095,256202135
40095,258205498
40095,260211567
40095,264178007
40095,265212153
40095,265220018
40095,265224158
40095,265236610
40095,265239613
40095,267202848
40095,268001198
40095,270220502
40095,270235172
40095,270259583
40095,272182495
40095,272220018
40095,273182495
40095,276259583
40095,277232000
40095,279224158
40095,280216816
40095,280226268
40095,280244263
40095,281026709
40095,283205343
40095,284196889
40095,284201046
40095,284226268
40095,287220502
40095,287252308
40095,289026709
40095,289182495
40095,291239613
40095,291240900
40095,291259583
40095,804247497
40095,805232000
40095,808226268
40095,810205498
40095,810220502
40095,810226268
40095,810239770
40095,810244263
40095,814205498
40095,815205498
40095,815215455
40095,815222148
40095,815223866
40095,815226268
40095,815255233
40095,815258683
40095,820226268
40095,825026709
40095,825182495
40095,825205498
40095,826222148
40095,826239613
40095,826240900
40095,826268683
40095,828205498
40095,829212153
40095,829236610
40095,830232000
40095,832226268
40095,834226268
40095,834251870
40095,834260697
40095,836236610
40095,836259583
40095,840205498
40095,840260697
40095,844220502
40095,844226268
40095,844236610
40095,844244263
40095,845026709
40095,845205498
40095,848026709
40095,848244263
40095,848260697
40095,851245426
40095,851269181
40095,855236610
40095,855244263
40095,856226268
40095,856234986
40095,856259583
40095,856260697
40095,861026709
40095,862232000
40095,863073853
40095,863224158
40095,863260697
40095,866226268
40095,867220502
40096,100001256
40096,100007518
40096,100009676
40096,100214100
40096,101000942
40096,101001256
40096,101007518
40096,101009676
40096,101214100
40096,110001256
40096,110007518
40096,110009676
40096,110214100
40096,251214100
40096,265215333
40096,267202848
40096,267212198
40096,267234236
40096,268001256
40096,268007518
40096,268009676
40096,268214100
40096,273212198
40096,279212198
40096,284159261
40096,284214100
40096,287210413
40096,289009676
40096,291173221
40096,291212198
40096,291224221
40096,802001256
40096,810232363
40096,811233700
40096,813007518
40096,813009676
40096,814001256
40096,814009676
40096,815212198
40096,815260105
40096,820188335
40096,825214100
40096,825233700
40096,826210676
40096,826212198
40096,826215333
40096,826224221
40096,826239340
40096,827007518
40096,827009676
40096,827214100
40096,827233700
40096,829232363
40096,832212198
40096,836214100
40096,840007518
40096,840173373
40096,840212198
40096,840223959
40096,840233700
40096,844188335
40096,844212198
40096,844234236
40096,844241508
40096,845009676
40096,845191648
40096,845214100
40096,846188335
40096,848009676
40096,848232363
40096,850009676
40096,850214100
40096,851210676
40096,851247888
40096,852007518
40096,852009676
40096,852170320
40096,852212198
40096,852214100
40096,852233700
40096,852239340
40096,855234236
40096,856223959
40096,856234236
40096,861007518
40096,861009676
40096,861214100
40096,861233700
40096,863188335
40096,863212198
40096,863222475
40096,863234236
40096,866212198
40096,867007518
40096,867009676
40096,867210413
40096,867212198
40096,868009676
40096,868214100
40096,868233700
40097,100001025
40097,100001114
40097,100013383
40097,100138956
40097,100156616
40097,100190046
40097,100192190
40097,100221162
40097,101001114
40097,101221162
40097,110001025
40097,110001114
40097,110013383
40097,110138956
40097,110156616
40097,110190046
40097,110192190
40097,110221162
40097,113156616
40097,801001114
40097,802138956
40097,808209331
40097,814001114
40097,814150418
40097,814235805
40097,814246430
40097,818180930
40097,820209331
40097,820246430
40097,820247103
40097,825156616
40097,825209331
40097,826235805
40097,827001114
40097,827156616
40097,828209331
40097,829156616
40097,829209331
40097,831209331
40097,832246430
40097,834209331
40097,834246430
40097,836001114
40097,839013383
40097,839156616
40097,840001114
40097,840192190
40097,840193080
40097,840223959
40097,840229582
40097,844193080
40097,844209331
40097,844236610
40097,844238095
40097,844247103
40097,845192190
40097,845230658
40097,845235805
40097,845240690
40097,846156616
40097,848138956
40097,848156616
40097,848180930
40097,848192638
40097,848204639
40097,848209331
40097,848225439
40097,848246258
40097,848278340
40097,851192638
40097,851210697
40097,851223697
40097,851229582
40097,851234112
40097,851240777
40097,852001025
40097,852013383
40097,852150418
40097,852170320
40097,852246430
40097,855209331
40097,855236610
40097,856209331
40097,856246430
40097,856247103
40097,858169721
40097,861001025
40097,861001114
40097,861013383
40097,861138956
40097,861156616
40097,861190046
40097,861192190
40097,861221162
40097,863180930
40097,863209331
40097,863224158
40097,863240690
40097,867138956
40097,867193082
40099,100166691
40099,100215732
40099,101166691
40099,101215732
40099,110166691
40099,110215732
40099,250199110
40099,250212198
40099,259212198
40099,264162131
40099,265193082
40099,265204970
40099,265215333
40099,265237942
40099,267193082
40099,267212198
40099,267216320
40099,273212198
40099,279212198
40099,280210406
40099,284159261
40099,287216320
40099,287233084
40099,289193082
40099,291173221
40099,291212198
40099,291222844
40099,291237942
40099,291244206
40099,291244238
40099,291251892
40099,291259583
40099,802120274
40099,804256115
40099,810184941
40099,810210406
40099,810212616
40099,810225116
40099,810233084
40099,814184941
40099,814193082
40099,814225439
40099,815210406
40099,815212198
40099,815244238
40099,820240091
40099,821222844
40099,826212198
40099,826215333
40099,826244206
40099,826256115
40099,828184941
40099,828212198
40099,829184941
40099,829216320
40099,832212198
40099,834193082
40099,834210406
40099,834212616
40099,834256115
40099,836238067
40099,836259583
40099,840204970
40099,840212198
40099,840214979
40099,844212198
40099,844212616
40099,845184941
40099,845212616
40099,845216320
40099,845233084
40099,848120274
40099,848184941
40099,848210406
40099,848225116
40099,848225439
40099,851237942
40099,851244238
40099,851268474
40099,852212198
40099,856210406
40099,856233084
40099,856240091
40099,856256115
40099,856259583
40099,861120274
40099,861166691
40099,861215732
40099,863212198
40099,863212616
40099,863214658
40099,863216158
40099,863216320
40099,863233084
40099,863237942
40099,866204970
40099,866210406
40099,866212198
40099,867193082
40099,867212198
40100,100007512
40100,101007512
40100,110007512
40100,241192387
40100,251186627
40100,253184344
40100,254007512
40100,256184344
40100,259184344
40100,259192387
40100,259232488
40100,261262271
40100,264173909
40100,264186627
40100,265232488
40100,267192387
40100,267212230
40100,268007512
40100,268262271
40100,270226710
40100,270232488
40100,279192387
40100,279232488
40100,280199845
40100,280216816
40100,284178117
40100,284184344
40100,284201046
40100,287212230
40100,289184344
40100,291219932
40100,804263829
40100,810192387
40100,810199845
40100,810217605
40100,814007512
40100,814225439
40100,815212207
40100,815260105
40100,818184344
40100,820257711
40100,821007512
40100,821244349
40100,825262271
40100,826201144
40100,826205632
40100,826232488
40100,826241850
40100,826244349
40100,826258966
40100,827007512
40100,829007512
40100,829172143
40100,829229636
40100,834216150
40100,834241850
40100,834257711
40100,834258966
40100,836007512
40100,840007512
40100,840190813
40100,840202651
40100,840216150
40100,840226710
40100,844225309
40100,844241850
40100,845199845
40100,845232488
40100,845235866
40100,845244349
40100,846186627
40100,848007512
40100,848216150
40100,848225439
40100,851236295
40100,851242633
40100,851244349
40100,851255001
40100,852192387
40100,852198009
40100,852258966
40100,856074483
40100,856199845
40100,856216150
40100,856226710
40100,856232488
40100,856243702
40100,856257711
40100,856258966
40100,856268802
40100,861007512
40100,863219932
40100,863222475
40100,863232488
40100,863238516
40100,863239964
40100,863241775
40100,863244349
40100,867232488
40100,868007512
40101,100001114
40101,100013383
40101,101001114
40101,101013383
40101,110001114
40101,110013383
40101,241192387
40101,250202024
40101,259192387
40101,260212404
40101,265242374
40101,267192387
40101,267231836
40101,268001114
40101,272001114
40101,273202024
40101,273240017
40101,279192387
40101,280242664
40101,283193361
40101,283228881
40101,284196889
40101,284198683
40101,284208459
40101,284210329
40101,284240915
40101,289184200
40101,291198683
40101,291223671
40101,291231207
40101,291233556
40101,291235149
40101,801001114
40101,804252021
40101,810184200
40101,810192387
40101,810232938
40101,810235149
40101,810257290
40101,814001114
40101,814184200
40101,814212404
40101,815197971
40101,815202024
40101,815223671
40101,815230936
40101,815240017
40101,815248808
40101,815257278
40101,820242280
40101,820250961
40101,820257711
40101,821231627
40101,821240915
40101,826202024
40101,826223671
40101,826258966
40101,827001114
40101,829208459
40101,832233556
40101,834235149
40101,834257711
40101,834258966
40101,836001114
40101,839013383
40101,840001114
40101,844233556
40101,848242664
40101,851202024
40101,851257278
40101,851257980
40101,851262394
40101,852013383
40101,852170320
40101,852189908
40101,852192387
40101,852202024
40101,852231207
40101,852252021
40101,852257980
40101,852258966
40101,852262394
40101,855233556
40101,856257711
40101,856258966
40101,861001114
40101,861013383
40101,863184200
40101,863202024
40101,863223671
40101,863231207
40101,863236898
40101,863242280
40101,863242664
40101,863248342
40101,863248808
40101,863257278
40101,863257980
40101,866235149
40101,866242664
40102,201139668
40102,206201939
40102,210178091
40102,210228698
40102,210231235
40102,217204614
40102,221204614
40102,221235735
40102,225221174
40102,230208141
40102,234137506
40102,238235735
40102,238241410
40102,242239613
40102,246137506
40102,246190778
40102,246208141
40102,253181318
40102,253221174
40102,253235735
40102,253239613
40102,256190778
40102,260212153
40102,265212153
40102,265215502
40102,265220477
40102,265239613
40102,273221174
40102,273235735
40102,276252060
40102,280204614
40102,280212153
40102,280252060
40102,283190778
40102,283231235
40102,284193077
40102,284201046
40102,287224987
40102,291198220
40102,291219812
40102,291233732
40102,291235735
40102,291239613
40102,291240100
40102,291240452
40102,501181318
40102,501201046
40102,501201939
40102,501204614
40102,501212153
40102,501220477
40102,502201046
40102,502204614
40102,502212153
40102,502220477
40102,502231235
40102,503137506
40102,503178091
40102,503181318
40102,503201046
40102,503214639
40102,503215502
40102,503226260
40102,506190778
40102,508190778
40102,508215502
40102,508220477
40102,508224987
40102,508225844
40102,511181318
40102,511204614
40102,511215502
40102,511224987
40102,511225844
40102,511231235
40102,513219812
40102,513239613
40102,513240452
40102,515204614
40102,515224987
40102,515239613
40102,515240452
40102,517224987
40102,517239340
40102,804265693
40102,810204614
40102,810224987
40102,810231627
40102,810265693
40102,815230936
40102,815258782
40102,821231627
40102,826239340
40102,826239613
40102,829212153
40102,834265693
40102,852239340
40102,856277327
40102,863239964
40102,866265693
40103,101000942
40103,241192387
40103,256167425
40103,256168435
40103,259192387
40103,261167425
40103,264000942
40103,265215333
40103,265225439
40103,267192387
40103,267239580
40103,268167425
40103,270239580
40103,273193352
40103,279192387
40103,279201389
40103,279239580
40103,280216816
40103,284159261
40103,284196889
40103,287239580
40103,289190547
40103,289193352
40103,291193352
40103,291219932
40103,291233732
40103,291241095
40103,291243241
40103,804241854
40103,805210544
40103,808239580
40103,810184392
40103,810192387
40103,810264699
40103,811275049
40103,813167425
40103,814167425
40103,814183855
40103,814225439
40103,814239580
40103,815189296
40103,815193352
40103,815224836
40103,815236699
40103,815243388
40103,815258782
40103,815264699
40103,820239580
40103,820252802
40103,821231627
40103,825167425
40103,826184392
40103,826193352
40103,826215333
40103,826241095
40103,826247229
40103,829184392
40103,829201389
40103,829207877
40103,832239580
40103,832243241
40103,832252802
40103,834216150
40103,834247229
40103,834252802
40103,834270141
40103,836252802
40103,840184392
40103,840198946
40103,840216150
40103,844224836
40103,844243241
40103,844252802
40103,845208596
40103,845252802
40103,845275049
40103,848216150
40103,848225439
40103,848241390
40103,851224656
40103,851225201
40103,851247229
40103,851265650
40103,852170320
40103,852192387
40103,852193352
40103,852225201
40103,852239580
40103,856216150
40103,856247229
40103,856252802
40103,861275049
40103,863193352
40103,863219932
40103,863226093
40103,863241095
40103,863252802
40103,866239580
40103,866241095
40103,867239580
40104,100001201
40104,101001201
40104,110001201
40104,216001201
40104,216178518
40104,216182493
40104,218178518
40104,219224232
40104,230178518
40104,230199254
40104,231138110
40104,231182493
40104,231189712
40104,233182493
40104,234182493
40104,237229636
40104,246229636
40104,250178086
40104,250224232
40104,251178518
40104,252182493
40104,252189712
40104,253181318
40104,253207557
40104,253224232
40104,254001201
40104,256182495
40104,256211320
40104,259224232
40104,260224232
40104,264215785
40104,265215689
40104,265224232
40104,265235813
40104,265236311
40104,265243237
40104,267178086
40104,267224232
40104,268001201
40104,272182495
40104,273182495
40104,273219985
40104,273230965
40104,279224232
40104,280216816
40104,280224232
40104,283229150
40104,284205407
40104,284210329
40104,287224232
40104,289182495
40104,291220534
40104,291235813
40104,291240100
40104,511224232
40104,513224232
40104,515224232
40104,517224232
40104,517240091
40104,808224232
40104,810216816
40104,810219985
40104,810224232
40104,810243237
40104,811275049
40104,815224232
40104,815235813
40104,815238274
40104,820240091
40104,825182495
40104,826224232
40104,826237586
40104,826247229
40104,826268683
40104,827001201
40104,828224232
40104,829224232
40104,829229636
40104,834224232
40104,834247229
40104,840001201
40104,840224232
40104,844224232
40104,845208596
40104,845224232
40104,845275049
40104,848224232
40104,851247229
40104,851247888
40104,852001201
40104,855224232
40104,856224232
40104,856240091
40104,856247229
40104,861275049
40104,863220523
40104,863230965
40104,863239964
40104,866278339
40104,867224232
40105,100001179
40105,100001183
40105,100001201
40105,100001615
40105,100004833
40105,100007512
40105,100007518
40105,100013383
40105,101001179
40105,101001183
40105,101001198
40105,101001615
40105,101004833
40105,101007512
40105,101007518
40105,110001179
40105,110001183
40105,110001201
40105,110001615
40105,110004833
40105,110007512
40105,110007518
40105,110013383
40105,111001183
40105,113001179
40105,280226268
40105,289001179
40105,289001183
40105,808226268
40105,808237383
40105,813004833
40105,813007518
40105,814001183
40105,814007512
40105,820226268
40105,820237383
40105,820250961
40105,821007512
40105,825004833
40105,826184392
40105,826247394
40105,827001179
40105,827001183
40105,827001201
40105,827001615
40105,827004833
40105,827007518
40105,827266695
40105,829001179
40105,829001183
40105,829001615
40105,829007512
40105,829237383
40105,832226268
40105,832237383
40105,835170733
40105,836001179
40105,836001183
40105,836007512
40105,836247394
40105,839013383
40105,840001179
40105,840001183
40105,840001201
40105,840001615
40105,840007512
40105,840007518
40105,840184392
40105,844226268
40105,844237383
40105,845001615
40105,845170733
40105,845200888
40105,848001179
40105,848007512
40105,848237383
40105,851210676
40105,852001179
40105,852001183
40105,852001201
40105,852007518
40105,852013383
40105,852247394
40105,855237383
40105,856226268
40105,856237383
40105,861001179
40105,861001183
40105,861001615
40105,861004833
40105,861007512
40105,861007518
40105,861013383
40105,861170733
40105,861266695
40105,863255981
40105,866226268
40105,867001183
40105,867007518
40105,868007512
40107,100001615
40107,100001620
40107,100001625
40107,100005984
40107,100020289
40107,100215732
40107,110001615
40107,110001620
40107,110001625
40107,110005984
40107,110020289
40107,110215732
40107,113001625
40107,113135455
40107,807231747
40107,814231747
40107,820225663
40107,820231747
40107,825005661
40107,831231747
40107,834216393
40107,835013940
40107,835135455
40107,835162895
40107,836162895
40107,836231747
40107,840001615
40107,840001620
40107,840001625
40107,840003622
40107,840013940
40107,840188567
40107,844229261
40107,844231747
40107,844252802
40107,844264862
40107,845001615
40107,845001620
40107,845001625
40107,845020289
40107,845135455
40107,845162895
40107,845198861
40107,845260779
40107,846001551
40107,846005661
40107,846020289
40107,846188567
40107,848001625
40107,848003622
40107,848026709
40107,848030110
40107,848135455
40107,848162895
40107,848202335
40107,848208418
40107,848209499
40107,848216393
40107,848218667
40107,848223273
40107,850001625
40107,851218667
40107,851241637
40107,851258432
40107,852188567
40107,852195864
40107,852216393
40107,852274967
40107,854231747
40107,855264862
40107,856231747
40107,856241637
40107,861001615
40107,861001620
40107,861001625
40107,861003622
40107,861005661
40107,861020289
40107,861026709
40107,861135455
40107,861162895
40107,861215732
40107,863198710
40107,863216393
40107,863218667
40107,863222357
40107,863231747
40107,863247246
40107,866188567
40107,866208418
40107,866231747
40107,866235454
40107,866241637
40107,866264862
40107,866275138
40107,867003622
40107,867135455
40107,867162895
40107,868001625
40107,868135455
40108,100048940
40108,101048940
40108,110048940
40108,284191202
40108,287190674
40108,287216320
40108,287223874
40108,287233419
40108,287243593
40108,802048940
40108,808215441
40108,808231443
40108,810231443
40108,810233419
40108,810246420
40108,810248243
40108,814048940
40108,814231612
40108,814243593
40108,820215441
40108,820231443
40108,820231612
40108,825048940
40108,825234642
40108,825248243
40108,826208135
40108,829048940
40108,829163705
40108,829212138
40108,829216320
40108,832215441
40108,832231443
40108,832233419
40108,832243631
40108,834215441
40108,834222357
40108,834224196
40108,834231443
40108,834233419
40108,834243631
40108,834246420
40108,834271421
40108,836048940
40108,836231443
40108,840048940
40108,840163705
40108,840191202
40108,840213654
40108,840255106
40108,844212401
40108,844215441
40108,844231443
40108,844233419
40108,845216320
40108,845234642
40108,848048940
40108,848191202
40108,851235353
40108,851254579
40108,851257278
40108,852048940
40108,852231443
40108,852233419
40108,852235353
40108,852248243
40108,854231443
40108,855215441
40108,855233419
40108,855271421
40108,856215441
40108,856224196
40108,856231443
40108,856233419
40108,856246420
40108,856248243
40108,856255106
40108,856271421
40108,861048940
40108,863216320
40108,863222357
40108,863224196
40108,863233419
40108,863234642
40108,863235353
40108,863240753
40108,863244261
40108,863244749
40108,863246420
40108,863257278
40108,863257946
40108,863259191
40108,863259306
40108,863264207
40108,866070415
40108,866190674
40108,866215441
40108,866223874
40108,866231443
40108,866233419
40108,867208135
40110,100222481
40110,101222481
40110,110222481
40110,215188567
40110,216159147
40110,216188567
40110,216222481
40110,222188567
40110,230177388
40110,230188567
40110,230206493
40110,231158626
40110,231159145
40110,231182212
40110,234222481
40110,246158626
40110,246170890
40110,246183556
40110,246190531
40110,250208045
40110,250225085
40110,250248695
40110,251170890
40110,251177388
40110,251222481
40110,252188567
40110,256170890
40110,256190034
40110,259177388
40110,260225085
40110,262248695
40110,264170890
40110,264225085
40110,265243715
40110,267177388
40110,267182212
40110,267243715
40110,268222481
40110,272222481
40110,273194845
40110,280188567
40110,280248695
40110,283222481
40110,284177388
40110,284184457
40110,287193476
40110,287243715
40110,289182945
40110,513243715
40110,515188567
40110,515225951
40110,515243715
40110,517188567
40110,517220876
40110,517225951
40110,517243715
40110,808243715
40110,810243715
40110,813222481
40110,814188567
40110,814216388
40110,820188567
40110,820225951
40110,820243715
40110,825204311
40110,826220876
40110,827222481
40110,828188567
40110,829222481
40110,829243715
40110,831243715
40110,832243631
40110,834193476
40110,834243631
40110,834243715
40110,834262344
40110,835170890
40110,836243715
40110,836248695
40110,840188567
40110,840222481
40110,844243715
40110,845222481
40110,846170890
40110,846188567
40110,848170890
40110,852188567
40110,852248695
40110,854243715
40110,856234986
40110,856243715
40110,856248695
40110,861170890
40110,861222481
40110,863243715
40110,863253036
40110,866188567
40110,866225951
40110,866243715
40110,868222481
40111,100001605
40111,100156616
40111,101001605
40111,101156616
40111,110001605
40111,110156616
40111,113156616
40111,215201024
40111,215208722
40111,217208722
40111,220208722
40111,222201024
40111,225007489
40111,230208722
40111,231156616
40111,231180206
40111,233208722
40111,237180206
40111,237208722
40111,241208722
40111,250193983
40111,251001605
40111,256156616
40111,256180206
40111,260208722
40111,264156616
40111,265193983
40111,267201024
40111,267208722
40111,268001605
40111,270201024
40111,270208722
40111,272001605
40111,272007489
40111,272156616
40111,273201024
40111,273204472
40111,273208722
40111,273235353
40111,279201024
40111,279208722
40111,280201024
40111,280208722
40111,513201024
40111,513208722
40111,515201024
40111,515208722
40111,517201024
40111,517208722
40111,517254551
40111,804260930
40111,813156616
40111,814201024
40111,814208722
40111,815203581
40111,820201024
40111,825156616
40111,825208722
40111,827156616
40111,828201024
40111,828208722
40111,829001605
40111,829156616
40111,829208722
40111,834275138
40111,836001605
40111,836259868
40111,836275138
40111,839001605
40111,839156616
40111,840001605
40111,845201024
40111,845208722
40111,846156616
40111,846208722
40111,848001605
40111,848156616
40111,848208722
40111,851235353
40111,852235353
40111,856259868
40111,861001605
40111,861156616
40111,862007489
40111,863201024
40111,863208722
40111,863225293
40111,863225859
40111,863231150
40111,863235353
40111,863235565
40111,863259868
40111,863268805
40111,863275138
40111,864007489
40111,866201024
40111,866225859
40111,866229236
40111,866275138
40111,867201024
40112,250201535
40112,250216320
40112,250239093
40112,253203486
40112,256190034
40112,256201535
40112,265201455
40112,265204970
40112,265253444
40112,267214097
40112,267216320
40112,267231652
40112,267239093
40112,270193105
40112,272201535
40112,272203486
40112,273201535
40112,276260407
40112,279216320
40112,279239093
40112,283235454
40112,284198348
40112,287204883
40112,287216320
40112,287227232
40112,287236804
40112,287239093
40112,287243580
40112,291240452
40112,291242619
40112,802201535
40112,804243580
40112,804252059
40112,804255106
40112,804260843
40112,808204883
40112,808239093
40112,808243580
40112,810238463
40112,810243580
40112,814198861
40112,814201535
40112,814216388
40112,814229705
40112,815204883
40112,815212138
40112,815237985
40112,815239093
40112,815243580
40112,820231652
40112,820236804
40112,820243580
40112,825201535
40112,829201955
40112,829204883
40112,829212138
40112,829216320
40112,829220837
40112,829221284
40112,829227232
40112,829236804
40112,829237985
40112,829243580
40112,832243580
40112,834201955
40112,834204105
40112,834259816
40112,834262344
40112,836260407
40112,840204970
40112,840255106
40112,844239093
40112,845198861
40112,845199005
40112,845216320
40112,851243580
40112,852238463
40112,856212934
40112,856222227
40112,856237985
40112,856243580
40112,856255106
40112,856277031
40112,863199005
40112,863212491
40112,863216320
40112,863222227
40112,863229705
40112,863235456
40112,863237985
40112,863246688
40112,863252059
40112,863262745
40112,863277031
40112,866204970
40112,866208787
40112,866229236
40112,866235454
40112,866239342
40112,866258601
40113,206201454
40113,207182212
40113,210213296
40113,215225085
40113,215226110
40113,216219733
40113,216226110
40113,217183256
40113,217226861
40113,218226110
40113,221201454
40113,221224069
40113,221228509
40113,231182212
40113,238228509
40113,238242641
40113,250225085
40113,260225085
40113,264225085
40113,267182212
40113,267219733
40113,270256476
40113,273203736
40113,273208295
40113,273211381
40113,273223283
40113,273224069
40113,273233642
40113,273261084
40113,276256476
40113,280182212
40113,291230107
40113,501201454
40113,501224069
40113,501226110
40113,502182212
40113,502201454
40113,502213296
40113,502219792
40113,502224069
40113,502225085
40113,502226110
40113,503184190
40113,503219792
40113,503223898
40113,503224069
40113,503225085
40113,506219792
40113,506222515
40113,506223898
40113,506225085
40113,506226110
40113,508184190
40113,508219733
40113,508223898
40113,508224444
40113,508225085
40113,508226110
40113,508226789
40113,511178160
40113,511182212
40113,511211381
40113,511213388
40113,511219733
40113,511223898
40113,511224069
40113,511226110
40113,511226789
40113,511229158
40113,511236454
40113,513219733
40113,517225085
40113,517226110
40113,517234824
40113,517242641
40113,804255125
40113,815238945
40113,820213296
40113,826234824
40113,834219733
40113,834233061
40113,834259816
40113,836242641
40113,845226110
40113,845242179
40113,846226110
40113,851234824
40113,851242641
40113,856234824
40113,856242641
40113,863213296
40113,863220621
40113,863228591
40113,863234824
40113,863236316
40113,863242179
40113,863242641
40113,863255125
40113,866070415
40113,866239342
40114,100167198
40114,100222481
40114,101167198
40114,101222481
40114,101222680
40114,110167198
40114,110222481
40114,215193983
40114,215205686
40114,216178509
40114,216222481
40114,230205686
40114,231178509
40114,231183285
40114,233153260
40114,233178509
40114,233181560
40114,234178509
40114,234222481
40114,237183177
40114,242178509
40114,242224196
40114,246183285
40114,246203280
40114,249167198
40114,250193983
40114,250209519
40114,251178509
40114,251222481
40114,252167198
40114,256167198
40114,256183177
40114,260215316
40114,265193983
40114,267205686
40114,267209519
40114,267215316
40114,268167198
40114,268222481
40114,272178509
40114,272222481
40114,273194845
40114,273225126
40114,276260407
40114,279178509
40114,280178509
40114,283183285
40114,283206306
40114,283222481
40114,283225126
40114,283252541
40114,284193983
40114,284205686
40114,287193476
40114,287227232
40114,289178509
40114,291178509
40114,291224196
40114,291225126
40114,515178509
40114,515225126
40114,517178509
40114,517215316
40114,517224196
40114,810224196
40114,813167198
40114,813222481
40114,814167198
40114,814178509
40114,815178509
40114,818178509
40114,820178509
40114,820205686
40114,825178509
40114,827167198
40114,827222481
40114,829167198
40114,829222481
40114,829227232
40114,834193476
40114,834224196
40114,834226166
40114,836260407
40114,839167198
40114,840210896
40114,840215316
40114,840222481
40114,844215316
40114,845222481
40114,848178509
40114,850167198
40114,852167198
40114,852178509
40114,856224196
40114,861222481
40114,863224196
40114,863225126
40114,863253036
40114,863259191
40114,868222481
40115,216159175
40115,216206493
40115,216233265
40115,216234642
40115,217234642
40115,221222160
40115,230206493
40115,230220421
40115,230241727
40115,231197242
40115,234197242
40115,234201143
40115,242234642
40115,246198200
40115,251197242
40115,259234642
40115,260234642
40115,260246242
40115,262229942
40115,264201143
40115,267219789
40115,270227236
40115,270257289
40115,273197242
40115,273209620
40115,273227236
40115,273232905
40115,273234642
40115,273241727
40115,273246242
40115,276257289
40115,280227236
40115,280257289
40115,283201143
40115,284206506
40115,287219789
40115,287247463
40115,291235036
40115,291246242
40115,506199393
40115,506241727
40115,508199393
40115,508206493
40115,508219789
40115,508234642
40115,508241727
40115,511193683
40115,511206493
40115,511219789
40115,511227236
40115,511232905
40115,511234642
40115,511241727
40115,511246242
40115,511257289
40115,513219789
40115,513229942
40115,513234642
40115,513246242
40115,515219789
40115,515227236
40115,515246242
40115,517227236
40115,517235633
40115,517246242
40115,517257289
40115,804247463
40115,810219789
40115,810227236
40115,810244472
40115,814234642
40115,815235036
40115,820263908
40115,825234642
40115,826227236
40115,834201143
40115,834267702
40115,836247463
40115,840227236
40115,844257289
40115,845201143
40115,845234642
40115,845246242
40115,845277178
40115,848227236
40115,851246242
40115,855227236
40115,856247463
40115,856257289
40115,863178363
40115,863201143
40115,863228505
40115,863232905
40115,863234642
40115,863235634
40115,863243923
40115,863253036
40115,863257289
40115,863258575
40115,863277178
40116,100001668
40116,100156616
40116,101001668
40116,101156616
40116,110001668
40116,110156616
40116,113001668
40116,113156616
40116,214156616
40116,216001668
40116,230200110
40116,230204105
40116,230217699
40116,231156616
40116,233001668
40116,234001668
40116,234156616
40116,237001668
40116,241219681
40116,246001668
40116,250209519
40116,251001668
40116,252001668
40116,254001668
40116,256001668
40116,256156616
40116,261191972
40116,264156616
40116,267209519
40116,267219733
40116,267233486
40116,268001668
40116,268191972
40116,272001668
40116,272156616
40116,283252541
40116,284198348
40116,284205377
40116,291227234
40116,291233486
40116,513233486
40116,515231612
40116,515233486
40116,517220876
40116,517233486
40116,810233486
40116,813156616
40116,813191972
40116,814213868
40116,814229705
40116,814231612
40116,814251380
40116,815215556
40116,815233486
40116,820230020
40116,820231612
40116,820263908
40116,825156616
40116,826197948
40116,826220876
40116,827001668
40116,827156616
40116,827191972
40116,829156616
40116,829201955
40116,832243631
40116,834200110
40116,834201955
40116,834204105
40116,834215410
40116,834215556
40116,834219733
40116,834230020
40116,834231612
40116,834233061
40116,834235413
40116,834237960
40116,834243631
40116,834244480
40116,834259816
40116,834261495
40116,834262344
40116,834267702
40116,839156616
40116,840219681
40116,845233486
40116,846156616
40116,848001668
40116,848156616
40116,851197948
40116,851231089
40116,852233486
40116,856233486
40116,861001668
40116,861156616
40116,863225293
40116,863229705
40116,863233486
40116,867001668
40116,867191972
40117,250239093
40117,251186561
40117,264186627
40117,265193983
40117,265235569
40117,267182212
40117,267209519
40117,267215223
40117,267225863
40117,267239093
40117,267243715
40117,272167948
40117,279167948
40117,283199189
40117,287239093
40117,287243715
40117,287245388
40117,289167948
40117,289176550
40117,290240833
40117,802163587
40117,802167948
40117,802186561
40117,804240833
40117,808158625
40117,808239093
40117,808243715
40117,810215223
40117,810225863
40117,810243715
40117,811139869
40117,814198861
40117,814216388
40117,814244892
40117,814247246
40117,815163587
40117,820158625
40117,820215223
40117,820225863
40117,820230020
40117,820243715
40117,825139869
40117,826199189
40117,826212811
40117,826220876
40117,827139869
40117,828167948
40117,829225863
40117,829235134
40117,829243715
40117,831243715
40117,834163587
40117,834215223
40117,834225863
40117,834230020
40117,834243715
40117,834247246
40117,836139869
40117,836167948
40117,836243715
40117,836260407
40117,840199189
40117,840210896
40117,840219681
40117,844225863
40117,844239093
40117,844243715
40117,844258444
40117,845198861
40117,845216451
40117,845226110
40117,846186627
40117,846226110
40117,848158625
40117,848167948
40117,851234730
40117,851254579
40117,851257980
40117,852139869
40117,852257980
40117,854243715
40117,856212811
40117,856243715
40117,856247246
40117,861139869
40117,863220621
40117,863236920
40117,863240753
40117,863243715
40117,863247246
40117,863252059
40117,863252711
40117,863253157
40117,863257980
40117,863258444
40117,863269164
40117,863274536
40117,866235454
40117,866243715
40117,867139869
40118,202136361
40118,207176600
40118,207177358
40118,215204105
40118,216176600
40118,216197813
40118,216204105
40118,216219733
40118,216235042
40118,217229984
40118,221176600
40118,221236786
40118,225136361
40118,230204105
40118,231176600
40118,231177358
40118,234180739
40118,242229984
40118,246176600
40118,256176600
40118,260229984
40118,261008385
40118,262243854
40118,264176600
40118,265236786
40118,267219733
40118,267236786
40118,273180739
40118,273203736
40118,273212219
40118,276245630
40118,279236786
40118,280229984
40118,280243854
40118,280269003
40118,283236636
40118,284176600
40118,503210896
40118,506210896
40118,508176600
40118,508219733
40118,508229984
40118,511199641
40118,511219733
40118,511229984
40118,511236786
40118,513199641
40118,513208787
40118,513219733
40118,513225951
40118,513229984
40118,513236786
40118,513243854
40118,513245630
40118,515225951
40118,515236786
40118,515243854
40118,515245630
40118,515269626
40118,517199641
40118,517225951
40118,517245630
40118,517258437
40118,517278455
40118,804255125
40118,804255434
40118,804272829
40118,804273018
40118,810243854
40118,815199641
40118,815229984
40118,815245630
40118,820225951
40118,820243854
40118,825229984
40118,826236636
40118,834204105
40118,834219733
40118,834245630
40118,834261495
40118,840210896
40118,844199641
40118,844243854
40118,844258437
40118,844273018
40118,851231089
40118,851236636
40118,855258437
40118,856273018
40118,863212219
40118,863225293
40118,863235456
40118,863255125
40118,863255434
40118,863274559
40118,863275208
40118,866208787
40118,866225951
40118,866243854
40118,866273748
40119,100001116
40119,100001668
40119,101001116
40119,101001668
40119,110001116
40119,110001668
40119,113001668
40119,216001116
40119,216001668
40119,230177388
40119,230219693
40119,233001668
40119,234001116
40119,237001116
40119,237001668
40119,242198031
40119,246001668
40119,250193983
40119,250198031
40119,251001116
40119,251177388
40119,251183394
40119,251184255
40119,251197242
40119,252001116
40119,252001668
40119,254001116
40119,254001668
40119,256001116
40119,256001668
40119,259177388
40119,264216643
40119,265193983
40119,267177388
40119,267231691
40119,268001116
40119,268001668
40119,270237679
40119,272001116
40119,272001668
40119,273197242
40119,273216643
40119,276231691
40119,279237679
40119,280201325
40119,280237679
40119,280269003
40119,283183394
40119,283189271
40119,283199482
40119,283223874
40119,283231235
40119,284177388
40119,284193983
40119,284231098
40119,287193476
40119,287223874
40119,287237679
40119,289001116
40119,517237679
40119,804270390
40119,806244108
40119,808237679
40119,810237679
40119,814189271
40119,814213868
40119,814229705
40119,814231102
40119,814264422
40119,815188537
40119,815237679
40119,820215565
40119,821219693
40119,827001668
40119,828237679
40119,829220837
40119,834193476
40119,834237679
40119,836273123
40119,840189271
40119,840219693
40119,844258444
40119,845001116
40119,845191173
40119,848001668
40119,848189271
40119,850001116
40119,851231089
40119,856237679
40119,861001116
40119,861001668
40119,863222875
40119,863229705
40119,863251532
40119,863254247
40119,863258444
40119,866208787
40119,866223874
40119,867001116
40119,867001668
40120,218200726
40120,218219809
40120,225242888
40120,231153244
40120,231165229
40120,231176571
40120,231176600
40120,233204884
40120,233219809
40120,237199069
40120,237204884
40120,238236496
40120,241209889
40120,242204884
40120,242209889
40120,246176600
40120,246199069
40120,246219809
40120,250209889
40120,251153244
40120,251165229
40120,251209889
40120,252199069
40120,253209889
40120,256176600
40120,256212811
40120,260230918
40120,262242656
40120,264153244
40120,264176600
40120,267236496
40120,270230918
40120,273197756
40120,273199069
40120,273242794
40120,273261084
40120,276230918
40120,280209889
40120,280230918
40120,283176571
40120,283189271
40120,283197756
40120,284150477
40120,284176600
40120,284198348
40120,287209889
40120,287243593
40120,291197756
40120,511209889
40120,513189271
40120,513209889
40120,513225951
40120,513243593
40120,515209889
40120,515225951
40120,515236496
40120,517225951
40120,517230918
40120,517234824
40120,517236496
40120,517243593
40120,804246350
40120,804265552
40120,810209889
40120,810236496
40120,811001551
40120,814189271
40120,814209889
40120,814243593
40120,814246350
40120,815206003
40120,815209889
40120,820225951
40120,825001551
40120,826197756
40120,826212811
40120,826234824
40120,827001551
40120,829001551
40120,829209889
40120,834209889
40120,836001551
40120,840189271
40120,840236496
40120,844212401
40120,846001551
40120,848189271
40120,851234824
40120,851236496
40120,851258432
40120,852209889
40120,856209889
40120,856212811
40120,856230918
40120,856234824
40120,863197756
40120,863212401
40120,863234824
40120,863245410
40120,866225951
40123,100010264
40123,100168473
40123,100215732
40123,101010264
40123,101168473
40123,101215732
40123,110010264
40123,110168473
40123,110215732
40123,258200104
40123,267200104
40123,267208128
40123,267208574
40123,268010264
40123,272183907
40123,273200104
40123,278200104
40123,280183569
40123,280208128
40123,287208128
40123,289200104
40123,290200104
40123,291199439
40123,291200104
40123,291208574
40123,802139720
40123,802207791
40123,805209839
40123,806200104
40123,806226380
40123,807200104
40123,810208128
40123,811139720
40123,814186569
40123,814208128
40123,815199439
40123,815208128
40123,815257057
40123,820200104
40123,820208128
40123,820213331
40123,821212626
40123,821222844
40123,826201144
40123,826210697
40123,826226380
40123,827010264
40123,828200104
40123,829208128
40123,831200104
40123,832208128
40123,832213331
40123,834208128
40123,834213331
40123,834257057
40123,835028765
40123,836168473
40123,836200104
40123,839200104
40123,840200104
40123,840208574
40123,840213331
40123,844200104
40123,844213331
40123,845028765
40123,845168473
40123,846139720
40123,846200104
40123,848200104
40123,848207791
40123,848213331
40123,851210697
40123,852010264
40123,852028765
40123,852168473
40123,852208128
40123,852213331
40123,855200104
40123,855213331
40123,856208128
40123,856213331
40123,861010264
40123,861028765
40123,861139720
40123,861168473
40123,861215732
40123,862200104
40123,863199439
40123,863200104
40123,863208128
40123,863213331
40123,863226380
40123,863257057
40123,864200104
40123,864226380
40123,866200104
40123,866213331
40123,866275192
40123,867208128
40123,868168473
40124,100000051
40124,101000051
40124,101000195
40124,110000051
40124,201000051
40124,201000195
40124,206185431
40124,206187936
40124,206194957
40124,207000051
40124,207000195
40124,207182212
40124,207194957
40124,207207599
40124,210183465
40124,210185431
40124,210186405
40124,210194957
40124,213051336
40124,216000051
40124,216000195
40124,217207599
40124,231182212
40124,231187936
40124,233000051
40124,234000051
40124,236000195
40124,239207645
40124,242205193
40124,242254588
40124,246205193
40124,251000051
40124,251000195
40124,260265459
40124,262225748
40124,264185422
40124,264187084
40124,267182212
40124,268000051
40124,268000195
40124,272194957
40124,273189462
40124,276233795
40124,277207645
40124,280182212
40124,280246174
40124,283000051
40124,283000195
40124,291205990
40124,291220901
40124,501185422
40124,501185431
40124,501187936
40124,501192622
40124,501194957
40124,501195202
40124,501205193
40124,501207599
40124,502182212
40124,502185422
40124,502185431
40124,502192622
40124,502205193
40124,502207599
40124,503185422
40124,503192622
40124,503198719
40124,503205193
40124,506187936
40124,507201208
40124,507207645
40124,511182212
40124,511220901
40124,513220901
40124,515220901
40124,517220901
40124,517259240
40124,802000051
40124,804246174
40124,804252793
40124,810220901
40124,815198904
40124,826247649
40124,827000051
40124,829220901
40124,834220901
40124,836246174
40124,836247649
40124,851220901
40124,851258908
40124,852259240
40124,855220901
40124,856220901
40124,856222104
40124,858008348
40124,861000051
40124,863198904
40124,863257400
40124,866220901
40124,867008348
40125,207189157
40125,210201508
40125,210203965
40125,210205989
40125,210213956
40125,210225719
40125,216186537
40125,217164477
40125,217208461
40125,217234777
40125,221208461
40125,225136553
40125,230213956
40125,231136553
40125,231164477
40125,231189680
40125,233175932
40125,234136553
40125,234164477
40125,234164505
40125,234207624
40125,237165735
40125,237203965
40125,242193290
40125,242208461
40125,242234777
40125,246164477
40125,246203965
40125,250206534
40125,251146439
40125,253193290
40125,253201122
40125,253208461
40125,253213956
40125,253225147
40125,256203965
40125,260234777
40125,262230084
40125,270243702
40125,273221354
40125,273225147
40125,273236998
40125,276254470
40125,284208461
40125,287247463
40125,291232080
40125,501186537
40125,502192678
40125,502201508
40125,502213956
40125,503201508
40125,503208461
40125,503213956
40125,506146439
40125,506208461
40125,506213956
40125,508146439
40125,508206534
40125,508208461
40125,508213956
40125,511146439
40125,511186537
40125,511193290
40125,511205346
40125,511213956
40125,511218659
40125,511232080
40125,511232284
40125,511242181
40125,513230084
40125,515208461
40125,517208461
40125,517260247
40125,802216464
40125,804247463
40125,804258930
40125,810070035
40125,810219466
40125,815193290
40125,815208461
40125,815221354
40125,815231786
40125,826208461
40125,826232080
40125,834208461
40125,834260247
40125,836247463
40125,840208461
40125,845205347
40125,851192678
40125,851208461
40125,851260247
40125,856208461
40125,856243702
40125,856247463
40125,863260247
40125,863266815
40125,864136553
40125,867186537
40125,867208461
40126,100005419
40126,101005419
40126,110005419
40126,111005419
40126,213247425
40126,216005419
40126,218184200
40126,231163155
40126,231164477
40126,231164769
40126,231172962
40126,231176993
40126,231187936
40126,231189963
40126,231193348
40126,234005419
40126,234193348
40126,236005419
40126,237176993
40126,237193348
40126,241173608
40126,242183569
40126,242204311
40126,246164477
40126,246172962
40126,246193348
40126,251005419
40126,251179746
40126,251184716
40126,251186130
40126,252199767
40126,253184200
40126,253184716
40126,253193348
40126,253209532
40126,256183569
40126,256193348
40126,264183569
40126,264187084
40126,268005419
40126,270246763
40126,272199550
40126,273183569
40126,273184716
40126,273193348
40126,277209210
40126,280183569
40126,280238516
40126,281051257
40126,283005419
40126,283199550
40126,284051257
40126,287173608
40126,289184200
40126,289193348
40126,291240660
40126,513173608
40126,513184200
40126,515184200
40126,802189615
40126,804242908
40126,804243585
40126,804248484
40126,804252793
40126,805209210
40126,810173608
40126,810183569
40126,810184200
40126,810238516
40126,813051257
40126,814005419
40126,814184200
40126,814193348
40126,814215374
40126,815173608
40126,815184200
40126,815193348
40126,815216325
40126,815255409
40126,825193348
40126,825204311
40126,826252483
40126,827005419
40126,834228174
40126,834259816
40126,836005419
40126,836051257
40126,836259031
40126,840005419
40126,851248484
40126,856259031
40126,861005419
40126,861051257
40126,863184200
40126,863216325
40126,863229901
40126,863231485
40126,863238516
40126,863241643
40126,866234249
40127,100009676
40127,101009676
40127,110009676
40127,247180283
40127,249009676
40127,250208093
40127,250220651
40127,256009676
40127,256206652
40127,256220834
40127,259208093
40127,260208093
40127,264009676
40127,265237942
40127,267173030
40127,268009676
40127,273209989
40127,273237942
40127,277180283
40127,280220834
40127,283206652
40127,283209989
40127,284171018
40127,284202648
40127,284208093
40127,287243780
40127,289009676
40127,289180283
40127,291193171
40127,291205157
40127,291208620
40127,291221342
40127,291223710
40127,291228805
40127,291237681
40127,291237942
40127,518180283
40127,805180283
40127,806243780
40127,808208093
40127,808237681
40127,808243780
40127,810237681
40127,810243780
40127,813009676
40127,814009676
40127,814180283
40127,814193171
40127,814243780
40127,820188335
40127,820237034
40127,820237681
40127,821180283
40127,826198451
40127,826208093
40127,826223710
40127,827009676
40127,828208093
40127,829220651
40127,829220834
40127,830180283
40127,834223686
40127,834243780
40127,836220834
40127,836237681
40127,836243780
40127,840208093
40127,844188335
40127,845009676
40127,846188335
40127,848009676
40127,850009676
40127,851202648
40127,851219585
40127,851220651
40127,851223710
40127,851228805
40127,851237681
40127,851237942
40127,851245426
40127,851255566
40127,852009676
40127,852205157
40127,852217036
40127,856243780
40127,861009676
40127,862180283
40127,862243780
40127,863188335
40127,863214026
40127,863237681
40127,863237942
40127,863243780
40127,864180283
40127,866223710
40127,866235522
40127,867009676
40127,867173030
40127,867208620
40127,868009676
40128,100000250
40128,100013743
40128,100034079
40128,100041236
40128,100156353
40128,101000250
40128,101013743
40128,101034079
40128,101041236
40128,101156353
40128,110000250
40128,110013743
40128,110034079
40128,110041236
40128,110156353
40128,113013743
40128,113034079
40128,264041236
40128,265041236
40128,267188350
40128,268000250
40128,268013743
40128,268034079
40128,274000250
40128,283000250
40128,283013743
40128,283034079
40128,284041236
40128,284188350
40128,287188350
40128,289000250
40128,289000330
40128,289007743
40128,289013743
40128,289034079
40128,289138161
40128,289178224
40128,802000250
40128,802013743
40128,802188350
40128,810188350
40128,811039386
40128,813000330
40128,813039386
40128,813156353
40128,814000250
40128,814000330
40128,814013743
40128,814034079
40128,825000250
40128,825013743
40128,825034079
40128,825182495
40128,827000250
40128,827013743
40128,829000330
40128,829007743
40128,829013743
40128,829034079
40128,829188350
40128,829212478
40128,836000250
40128,836000330
40128,836013743
40128,836034079
40128,836188350
40128,839000250
40128,840013743
40128,844242816
40128,845007743
40128,845039386
40128,845156353
40128,845190560
40128,845191648
40128,845191694
40128,845201447
40128,846000250
40128,846013743
40128,848034079
40128,848041236
40128,848188350
40128,850013743
40128,852013743
40128,852034079
40128,852188350
40128,861000250
40128,861000330
40128,861007743
40128,861013743
40128,861034079
40128,861039386
40128,861041236
40128,861156353
40128,861191694
40128,862138161
40128,863259568
40128,864138161
40128,866233400
40128,867000250
40128,867041236
40129,100001025
40129,100214101
40129,100242519
40129,101242519
40129,110001025
40129,110214101
40129,110242519
40129,807239818
40129,813242519
40129,820183898
40129,820210035
40129,820229188
40129,820240451
40129,825218667
40129,825239818
40129,825242519
40129,826210514
40129,826218667
40129,827214101
40129,827242519
40129,831210035
40129,832183898
40129,832239818
40129,834192366
40129,834210035
40129,834272834
40129,839184943
40129,840184943
40129,840190972
40129,840191202
40129,840200389
40129,840208268
40129,840210035
40129,840211575
40129,840221660
40129,844192366
40129,844210035
40129,844210514
40129,844229188
40129,844243245
40129,844258580
40129,844272834
40129,845025924
40129,845171791
40129,845183898
40129,845192366
40129,845204838
40129,845211575
40129,845230767
40129,845247090
40129,846184943
40129,846210514
40129,846242519
40129,848191202
40129,848200389
40129,848210035
40129,848210257
40129,848210514
40129,848218667
40129,848224411
40129,848239818
40129,850242519
40129,851204838
40129,851218667
40129,851230872
40129,851231416
40129,852001025
40129,852211575
40129,855200389
40129,855210035
40129,855230872
40129,855272834
40129,856210035
40129,856239818
40129,856250753
40129,856268889
40129,856272834
40129,858010959
40129,861001025
40129,861025924
40129,861184943
40129,861242519
40129,863192366
40129,863204838
40129,863210514
40129,863218667
40129,863239818
40129,863242444
40129,863247090
40129,863253072
40129,863272834
40129,866210035
40129,866229188
40129,866230872
40129,866231913
40129,866242444
40129,866247090
40129,867025924
40129,867214101
40129,868242519
40130,100031432
40130,100156616
40130,100166124
40130,101031432
40130,101156616
40130,101166124
40130,110031432
40130,110156616
40130,110166124
40130,111031432
40130,113031432
40130,113156616
40130,280186942
40130,287222492
40130,287232293
40130,289031432
40130,289166124
40130,802175943
40130,808186942
40130,808201153
40130,808222492
40130,808232293
40130,810186942
40130,810222492
40130,811139869
40130,813031432
40130,813156616
40130,814031432
40130,814212462
40130,818167397
40130,818175943
40130,820186942
40130,820222492
40130,820252802
40130,825031432
40130,825139869
40130,825156616
40130,825186942
40130,825201153
40130,825266801
40130,827031432
40130,827139869
40130,827156616
40130,827166124
40130,829031432
40130,829156616
40130,829212138
40130,829220651
40130,832252802
40130,834186942
40130,834252802
40130,834258580
40130,836139869
40130,836222492
40130,836266801
40130,839156616
40130,840031432
40130,840166124
40130,840220793
40130,840223959
40130,844239380
40130,844252802
40130,844258580
40130,845216451
40130,845252802
40130,846031432
40130,846156616
40130,846266801
40130,848031432
40130,848156616
40130,848186942
40130,848222492
40130,848232293
40130,851220651
40130,852031432
40130,852139869
40130,852186942
40130,852222492
40130,856212811
40130,856220793
40130,856222492
40130,856226300
40130,856229905
40130,856232293
40130,856252802
40130,861031432
40130,861139869
40130,861156616
40130,861166124
40130,861266801
40130,863198951
40130,863220793
40130,863222492
40130,863226300
40130,863229905
40130,863252802
40130,863254247
40130,863258580
40130,867031432
40130,867139869
40131,100215732
40131,101215732
40131,110215732
40131,259239085
40131,267208722
40131,267239085
40131,270239085
40131,273208722
40131,279208722
40131,279239085
40131,280208722
40131,280239085
40131,287239085
40131,290239085
40131,291229071
40131,291236772
40131,807239085
40131,810204923
40131,810225375
40131,810233195
40131,810239085
40131,814204923
40131,814208722
40131,814239085
40131,815229558
40131,815236772
40131,820226627
40131,820239085
40131,825208722
40131,825239085
40131,826226380
40131,826232805
40131,826233195
40131,826239701
40131,828208722
40131,828239085
40131,829208722
40131,832185122
40131,832239085
40131,834225375
40131,834226627
40131,834229558
40131,834236772
40131,834239085
40131,834251852
40131,836229558
40131,836239085
40131,836260592
40131,844185122
40131,844229558
40131,844239085
40131,845208722
40131,845277178
40131,846208722
40131,848195365
40131,848204923
40131,848208722
40131,848232805
40131,848239085
40131,851233301
40131,851236772
40131,851239701
40131,851260592
40131,852204092
40131,852225375
40131,852236772
40131,852238463
40131,854239085
40131,856204923
40131,856225375
40131,856226627
40131,856229558
40131,856236772
40131,856239085
40131,856239364
40131,856251852
40131,856257345
40131,861215732
40131,863075533
40131,863204923
40131,863208722
40131,863215522
40131,863225263
40131,863225375
40131,863226380
40131,863226627
40131,863229558
40131,863233195
40131,863238370
40131,863239085
40131,863239701
40131,863247124
40131,863247361
40131,863251852
40131,863257876
40131,863277178
40131,864226380
40131,866229558
40131,866236772
40131,866239085
40132,100007826
40132,100052241
40132,100167680
40132,100190045
40132,100214100
40132,101007826
40132,101052241
40132,101167680
40132,101190045
40132,101214100
40132,110007826
40132,110052241
40132,110167680
40132,110190045
40132,110214100
40132,268007826
40132,268190045
40132,272007826
40132,272190045
40132,283190045
40132,284007826
40132,284015723
40132,284190045
40132,284214100
40132,287235973
40132,287243245
40132,287247103
40132,289007826
40132,289015723
40132,802190045
40132,814007826
40132,814190045
40132,815247103
40132,820226853
40132,820243245
40132,820247103
40132,820248793
40132,820251806
40132,825052241
40132,825167680
40132,825181291
40132,825190045
40132,825214100
40132,827007826
40132,827167680
40132,827190045
40132,827214100
40132,829181291
40132,829198176
40132,829202652
40132,834070726
40132,834198176
40132,834231913
40132,834243245
40132,834245152
40132,834263640
40132,834271400
40132,836190045
40132,836202652
40132,836214100
40132,839052241
40132,840052241
40132,844243245
40132,844244728
40132,844247103
40132,845167680
40132,845214100
40132,845245152
40132,846044897
40132,846181291
40132,848198176
40132,848202652
40132,850190045
40132,850214100
40132,852007826
40132,852214100
40132,852251829
40132,856247103
40132,858010704
40132,861007826
40132,861015723
40132,861044897
40132,861052241
40132,861167680
40132,861190045
40132,861214100
40132,861269603
40132,863224158
40132,863228010
40132,863243245
40132,863245152
40132,863252162
40132,864033730
40132,866231913
40132,866246826
40132,866252162
40132,867167680
40132,868052241
40132,868190045
40132,868214100
40133,207190483
40133,207192883
40133,210190483
40133,214180403
40133,214190483
40133,215135507
40133,217180403
40133,218192883
40133,218231969
40133,219247641
40133,221135507
40133,221180403
40133,221190483
40133,221227813
40133,231135507
40133,231180403
40133,231192883
40133,234135507
40133,234142902
40133,234180403
40133,234192883
40133,234200641
40133,237135507
40133,237176483
40133,237180403
40133,237190483
40133,237213432
40133,238236632
40133,242135507
40133,242227813
40133,246135507
40133,246180403
40133,246190483
40133,252135507
40133,253187754
40133,253206413
40133,253206414
40133,253227813
40133,253229528
40133,253231969
40133,253237109
40133,256135507
40133,256227813
40133,260135507
40133,260209297
40133,260227813
40133,264188081
40133,264192883
40133,264200641
40133,270227813
40133,270236632
40133,273209297
40133,280192883
40133,280236632
40133,280246340
40133,287227813
40133,287236632
40133,297135507
40133,502135507
40133,503135507
40133,503190483
40133,503192883
40133,506180403
40133,506190483
40133,506231969
40133,508135507
40133,508192883
40133,508209297
40133,508231969
40133,511192883
40133,511201119
40133,511227813
40133,511231969
40133,513192883
40133,513231969
40133,513234112
40133,515192883
40133,515236632
40133,517192883
40133,517236632
40133,804246340
40133,804250753
40133,810192883
40133,810227813
40133,814180403
40133,814246340
40133,815246340
40133,815259913
40133,820192883
40133,829227813
40133,834192883
40133,834250753
40133,840180403
40133,840192883
40133,840209297
40133,851192883
40133,851234112
40133,856192883
40133,856250753
40133,856259913
40134,240192985
40134,250192985
40134,256192985
40134,258192985
40134,260192119
40134,267192119
40134,267192985
40134,267201024
40134,267223848
40134,270201024
40134,272192119
40134,272192985
40134,273192985
40134,273201024
40134,273223848
40134,274192119
40134,278192119
40134,278192985
40134,279201024
40134,279223848
40134,280192119
40134,280192985
40134,287192985
40134,287223848
40134,289192119
40134,291192984
40134,291222501
40134,291223197
40134,291230021
40134,807192985
40134,808223848
40134,810207421
40134,814201024
40134,814223197
40134,814223848
40134,815207421
40134,815223848
40134,815234678
40134,820201024
40134,820223848
40134,820239763
40134,825192119
40134,825192985
40134,826222501
40134,826229906
40134,826234678
40134,828192119
40134,828192985
40134,829192119
40134,829207421
40134,832239763
40134,834192119
40134,834200110
40134,834207421
40134,834239763
40134,836192985
40134,836223848
40134,840192119
40134,844184111
40134,844192119
40134,844192984
40134,844223848
40134,845199005
40134,845201024
40134,846192119
40134,846192985
40134,848192119
40134,848192985
40134,851207421
40134,851237646
40134,852192985
40134,852222501
40134,852226790
40134,852231207
40134,852237646
40134,855192119
40134,856192119
40134,856207421
40134,856222263
40134,863192119
40134,863192985
40134,863199005
40134,863201024
40134,863207421
40134,863222501
40134,863222875
40134,863228092
40134,863231207
40134,863232905
40134,863237646
40134,863243646
40134,863246055
40134,863248712
40134,863257504
40134,866192119
40134,866201024
40134,866258378
40134,867201024
40134,867223848
40134,867237646
40136,100006235
40136,100048940
40136,101006235
40136,101048940
40136,110006235
40136,110048940
40136,207006235
40136,207048940
40136,214006235
40136,214048940
40136,216006235
40136,216190875
40136,231189963
40136,233006235
40136,234006235
40136,237006235
40136,238246618
40136,251006235
40136,251048940
40136,252006235
40136,252048940
40136,253188038
40136,253204120
40136,253226592
40136,253234236
40136,254048940
40136,256006235
40136,256048940
40136,265234236
40136,267234236
40136,268006235
40136,268048940
40136,270246618
40136,273212830
40136,273246055
40136,287247103
40136,289048940
40136,511234236
40136,513234236
40136,515234236
40136,517234236
40136,517246618
40136,517247103
40136,801006235
40136,802008473
40136,802048940
40136,811008473
40136,814048940
40136,815204121
40136,815212207
40136,815220407
40136,815221909
40136,815227562
40136,815246618
40136,815246919
40136,815247103
40136,815252064
40136,815257536
40136,815263287
40136,815270046
40136,820247103
40136,825048940
40136,826203605
40136,827006235
40136,827048940
40136,829006235
40136,829048940
40136,834234236
40136,834242948
40136,834247103
40136,835013940
40136,836048940
40136,839008473
40136,840006235
40136,840008473
40136,840013940
40136,840048940
40136,840242948
40136,840246618
40136,844234236
40136,844247103
40136,848048940
40136,850006235
40136,851246618
40136,852006235
40136,852048940
40136,855234236
40136,856234236
40136,856247103
40136,861006235
40136,861008473
40136,861048940
40136,863199323
40136,863230991
40136,863234236
40136,863242948
40136,863246055
40136,863252064
40136,863256970
40136,867006235
40137,100013128
40137,101013128
40137,110013128
40137,111013128
40137,201013128
40137,201178007
40137,206178416
40137,206193738
40137,206194794
40137,206199206
40137,207013128
40137,207194794
40137,210225931
40137,214013128
40137,216013128
40137,217187132
40137,230199354
40137,231177392
40137,233193738
40137,234013128
40137,234178007
40137,234186648
40137,234188770
40137,234189060
40137,234193738
40137,234194794
40137,234199206
40137,237013128
40137,237178416
40137,237193738
40137,238245131
40137,251178007
40137,252013128
40137,253188770
40137,253194794
40137,253199206
40137,253206544
40137,253220948
40137,253237109
40137,253240309
40137,253240702
40137,253244368
40137,253244369
40137,253244374
40137,253244380
40137,253244385
40137,253258781
40137,254013128
40137,260240702
40137,264178007
40137,268013128
40137,272199206
40137,276244380
40137,280240702
40137,289013128
40137,289199206
40137,291244380
40137,300242458
40137,500189060
40137,501188770
40137,501189060
40137,501194794
40137,501199354
40137,502178007
40137,502188770
40137,502194794
40137,503178007
40137,503188770
40137,503199354
40137,506178007
40137,506199354
40137,508178007
40137,508199354
40137,511178007
40137,511199354
40137,511244380
40137,513244369
40137,515242458
40137,515244369
40137,517242458
40137,517244369
40137,517258781
40137,804258781
40137,814013128
40137,815199206
40137,815225997
40137,815244380
40137,820242458
40137,825013128
40137,826244369
40137,826244380
40137,827013128
40137,832242458
40137,839013128
40137,850013128
40137,851242458
40137,851244380
40137,856258781
40137,861013128
40137,868013128
40138,100005479
40138,100214101
40138,101005479
40138,110005479
40138,110214101
40138,113005479
40138,287240130
40138,802005479
40138,810239482
40138,810255253
40138,814200145
40138,815234577
40138,818120533
40138,818164240
40138,818167397
40138,820156519
40138,820189805
40138,820210897
40138,820216466
40138,820255253
40138,825003622
40138,825005479
40138,825199304
40138,825200145
40138,825240130
40138,826241084
40138,827005479
40138,827214101
40138,829005479
40138,829189805
40138,829199304
40138,829200145
40138,832234577
40138,832255253
40138,834192366
40138,834241084
40138,834241788
40138,834255253
40138,834261050
40138,836005479
40138,839241084
40138,840003622
40138,840219693
40138,844189805
40138,844192366
40138,844234577
40138,844251615
40138,844255253
40138,844277581
40138,845003622
40138,845005479
40138,845162347
40138,845177553
40138,845192366
40138,845200145
40138,845216320
40138,845216451
40138,848003622
40138,848200145
40138,851234574
40138,851234575
40138,851241084
40138,851256612
40138,852228941
40138,852234574
40138,852240130
40138,854255253
40138,855241084
40138,856192366
40138,856240130
40138,856241084
40138,856255253
40138,856261050
40138,858020775
40138,861003622
40138,861005479
40138,861020775
40138,861214101
40138,863192366
40138,863198710
40138,863200145
40138,863210897
40138,863216320
40138,863224293
40138,863234577
40138,863241084
40138,863241788
40138,863255253
40138,866200145
40138,866220570
40138,866224293
40138,866235454
40138,866241084
40138,866255253
40138,866265693
40138,866279015
40138,867003622
40138,867020775
40138,867200145
40138,867214101
40139,100214649
40139,101214649
40139,110214649
40139,256177003
40139,260177003
40139,267177003
40139,267216352
40139,267244261
40139,267251517
40139,272177003
40139,272199206
40139,273177003
40139,274177003
40139,278177003
40139,279216352
40139,279251517
40139,280177003
40139,280226754
40139,287177003
40139,287232580
40139,289177003
40139,291216354
40139,802177003
40139,808177003
40139,810177003
40139,810207410
40139,810232580
40139,810244263
40139,810251517
40139,814216352
40139,815177003
40139,815207410
40139,815216352
40139,815216354
40139,815241671
40139,815241673
40139,815251517
40139,815256325
40139,818177003
40139,820232580
40139,821244260
40139,825177003
40139,825207410
40139,825214649
40139,826201144
40139,826216354
40139,827214649
40139,828177003
40139,829177003
40139,829216352
40139,829232580
40139,832251517
40139,834177003
40139,834232580
40139,834244260
40139,834251517
40139,835181783
40139,836177003
40139,836251517
40139,840207410
40139,840241673
40139,840257889
40139,844232580
40139,844244263
40139,844256325
40139,845226754
40139,845244260
40139,846177003
40139,848177003
40139,848181783
40139,848216352
40139,848226754
40139,848244263
40139,851216354
40139,851251517
40139,855232580
40139,855244263
40139,856232580
40139,856244260
40139,856251517
40139,856276278
40139,861181783
40139,861214649
40139,863177003
40139,863216354
40139,863225974
40139,863232580
40139,863241671
40139,863244261
40139,863251517
40139,863253036
40139,863256325
40139,863257889
40139,863276278
40139,866177003
40139,866216354
40139,866232580
40139,867181783
40139,867214649
40139,867216352
40140,101222257
40140,201222257
40140,207222257
40140,210203965
40140,221193283
40140,234199005
40140,234222257
40140,237199852
40140,237200108
40140,237203965
40140,242144429
40140,242193283
40140,246200108
40140,246203965
40140,251222257
40140,252134744
40140,252222257
40140,253181343
40140,253193283
40140,253200108
40140,253201943
40140,253207557
40140,253212678
40140,253241522
40140,256200108
40140,256203965
40140,273134744
40140,273193283
40140,273198335
40140,273199005
40140,273212883
40140,276241522
40140,280240833
40140,283229150
40140,290240833
40140,291244669
40140,501193283
40140,502193283
40140,503199005
40140,503207557
40140,506193283
40140,506199005
40140,508193283
40140,513240833
40140,513259399
40140,515241522
40140,517228383
40140,517232711
40140,517240988
40140,517241522
40140,517241985
40140,517259399
40140,517262088
40140,804240833
40140,804259399
40140,804259762
40140,810200108
40140,810201303
40140,810201943
40140,810203362
40140,810204017
40140,810207554
40140,810208564
40140,810217605
40140,810219466
40140,810222562
40140,810224389
40140,810224841
40140,810225974
40140,810228383
40140,810231390
40140,810240833
40140,810240988
40140,810263672
40140,810265195
40140,810265600
40140,810269186
40140,810274952
40140,815225974
40140,815225997
40140,815240988
40140,815241522
40140,815259399
40140,815259762
40140,826232711
40140,826241522
40140,826259399
40140,834244669
40140,844244669
40140,845199005
40140,851232711
40140,851240988
40140,851241522
40140,856244669
40140,863199005
40140,863225974
40140,863259680
40140,863263672
40140,866259399
40140,866279015
40141,246168651
40141,250209331
40141,252168651
40141,253193348
40141,253199503
40141,256168651
40141,259209331
40141,260209331
40141,265209331
40141,267209331
40141,272168651
40141,273193348
40141,273222357
40141,279209331
40141,280209331
40141,280229237
40141,283205402
40141,284168651
40141,284184457
40141,284205402
40141,287209331
40141,289168651
40141,289193348
40141,289199503
40141,291199503
40141,291210047
40141,515209331
40141,517209331
40141,808199503
40141,808209331
40141,810177683
40141,810203362
40141,810229237
40141,814193348
40141,814199503
40141,815193348
40141,815199503
40141,815210047
40141,815210537
40141,815229237
40141,815231786
40141,815233139
40141,815254840
40141,815262642
40141,820177683
40141,820199503
40141,820209331
40141,820239763
40141,820257711
40141,825193348
40141,825209331
40141,825229237
40141,826210047
40141,828209331
40141,829209331
40141,829229237
40141,831209331
40141,832199503
40141,832239763
40141,834177683
40141,834199503
40141,834209331
40141,834222357
40141,834229237
40141,834239763
40141,834257711
40141,834262642
40141,835188428
40141,840199503
40141,844199503
40141,844209331
40141,845188428
40141,848199503
40141,848209331
40141,851210047
40141,851240359
40141,851247888
40141,851257980
40141,851276295
40141,852229237
40141,852257980
40141,855209331
40141,856177683
40141,856209331
40141,856229237
40141,856257711
40141,863199503
40141,863209331
40141,863216158
40141,863222357
40141,863229237
40141,863233884
40141,863240359
40141,863257980
40141,863273906
40141,864191566
40141,866199503
40141,866229237
40141,867199503
40141,867210047
40143,100000240
40143,100006975
40143,100052241
40143,100247699
40143,100248146
40143,101000240
40143,101006975
40143,101052241
40143,101247699
40143,101248146
40143,110000240
40143,110006975
40143,110052241
40143,110247699
40143,110248146
40143,267203376
40143,268247699
40143,273203376
40143,278203376
40143,287253149
40143,289000330
40143,289052241
40143,290203376
40143,291203376
40143,802000240
40143,802163587
40143,802247699
40143,807203376
40143,807253149
40143,810203362
40143,813000330
40143,813006975
40143,814180283
40143,814188942
40143,815163587
40143,815203376
40143,820203376
40143,820253149
40143,821214622
40143,825000240
40143,825052241
40143,825203376
40143,825247699
40143,826213884
40143,827000240
40143,827247699
40143,828203376
40143,829000240
40143,829000330
40143,829203376
40143,830180283
40143,831203376
40143,832253149
40143,834163587
40143,834203376
40143,834211093
40143,834235755
40143,834239977
40143,834246991
40143,834255742
40143,834256107
40143,834272874
40143,839052241
40143,839247699
40143,840052241
40143,840253149
40143,844203376
40143,844253149
40143,846203376
40143,848000240
40143,848006975
40143,848203376
40143,848253149
40143,851211378
40143,852248146
40143,852253149
40143,854203376
40143,856203376
40143,861000240
40143,861000330
40143,861006975
40143,861052241
40143,861247699
40143,862140057
40143,862180283
40143,863203376
40143,863211378
40143,863213884
40143,863224258
40143,863241496
40143,863243646
40143,863248712
40143,863264191
40143,863266815
40143,864140057
40143,864180283
40143,866203376
40143,867000240
40143,867248146
40143,868052241
40144,100004202
40144,101004202
40144,101177845
40144,101222257
40144,110004202
40144,207177845
40144,207222257
40144,210186561
40144,214004202
40144,216004202
40144,216138110
40144,216177845
40144,219240060
40144,230222262
40144,231050542
40144,231138110
40144,231186561
40144,234004202
40144,234050542
40144,234138110
40144,234177845
40144,234186561
40144,234222257
40144,237138110
40144,238240017
40144,242186561
40144,246004202
40144,246177845
40144,251177845
40144,251186561
40144,251222257
40144,252151508
40144,252177845
40144,252195479
40144,252222257
40144,253186561
40144,253210625
40144,256177845
40144,262225748
40144,262252037
40144,264186561
40144,265236498
40144,268004202
40144,270239881
40144,272004202
40144,273186561
40144,273240017
40144,280213917
40144,280240017
40144,283177845
40144,287216860
40144,291230107
40144,517241436
40144,517256853
40144,802004202
40144,802186561
40144,804241436
40144,804254088
40144,804257896
40144,810213917
40144,810231627
40144,810256853
40144,811039386
40144,813039386
40144,815216860
40144,815226568
40144,815233139
40144,815237640
40144,815240017
40144,815241673
40144,815257896
40144,821231627
40144,825004202
40144,827004202
40144,834256853
40144,834259816
40144,836254088
40144,840200746
40144,840213654
40144,840231044
40144,840241436
40144,840241673
40144,844247447
40144,844256853
40144,845039386
40144,845191173
40144,852004202
40144,856252037
40144,856256853
40144,861004202
40144,861039386
40144,863212516
40144,863216860
40144,863226677
40144,863239810
40144,863244204
40144,863254088
40144,863256853
40144,863259185
40144,867004202
40145,201176635
40145,206158963
40145,206176635
40145,206197965
40145,206205678
40145,207176635
40145,210176635
40145,210178091
40145,210189681
40145,210208330
40145,214053050
40145,214143745
40145,214152554
40145,214176635
40145,214189681
40145,215197965
40145,215223113
40145,216176635
40145,217197965
40145,219235889
40145,221189681
40145,221207948
40145,221216643
40145,230197965
40145,231143745
40145,231176635
40145,231177134
40145,231189681
40145,231200529
40145,233143745
40145,233183284
40145,234143745
40145,234158963
40145,234166706
40145,234176635
40145,237143745
40145,237152554
40145,237158810
40145,237172049
40145,237183284
40145,246143745
40145,246172049
40145,251124635
40145,251143745
40145,251152554
40145,251176481
40145,251176635
40145,252143745
40145,252182670
40145,253200529
40145,260197965
40145,264216643
40145,270235889
40145,272158963
40145,272176635
40145,272200529
40145,272208330
40145,273202157
40145,273216643
40145,500176635
40145,501158963
40145,501176635
40145,501207948
40145,501208330
40145,501235889
40145,502158963
40145,502176635
40145,502189681
40145,502207948
40145,502208330
40145,502216643
40145,502223113
40145,502226078
40145,502235889
40145,503178091
40145,503208330
40145,503216643
40145,503223113
40145,503232097
40145,506208330
40145,506216643
40145,506223113
40145,508208330
40145,508216643
40145,508223113
40145,802182670
40145,802205678
40145,815190113
40145,815210521
40145,815225403
40145,815235889
40145,815258580
40145,821212626
40145,829207948
40145,834258580
40145,836208330
40145,844258580
40145,863080304
40145,863239964
40145,863258580
40146,100005589
40146,100190053
40146,100214098
40146,100214101
40146,110005589
40146,110190053
40146,110214098
40146,110214101
40146,807020801
40146,814005589
40146,820020801
40146,820241651
40146,820241721
40146,825005589
40146,825020801
40146,825214098
40146,826212198
40146,826229391
40146,827005589
40146,828020801
40146,829005589
40146,829020801
40146,829190053
40146,832020801
40146,832212198
40146,832233419
40146,832241651
40146,834233419
40146,834241651
40146,834252145
40146,834253124
40146,836020801
40146,839005589
40146,839020801
40146,840193198
40146,840212198
40146,844020801
40146,844208919
40146,844212198
40146,844233419
40146,844241651
40146,844244669
40146,844244778
40146,844252145
40146,844257179
40146,845020801
40146,845162347
40146,845178005
40146,845190053
40146,845207566
40146,845214098
40146,846020801
40146,848005589
40146,848020801
40146,848202335
40146,848203747
40146,848241721
40146,850005589
40146,850214098
40146,851241721
40146,851243576
40146,851270857
40146,852212198
40146,852233419
40146,854252145
40146,855020801
40146,855233419
40146,855241651
40146,856210385
40146,856241651
40146,856243576
40146,856244778
40146,856252145
40146,858020775
40146,861005589
40146,861020775
40146,861190053
40146,861214098
40146,863020801
40146,863212198
40146,863220380
40146,863233419
40146,863243576
40146,863252145
40146,863253306
40146,863254262
40146,866020801
40146,866212198
40146,866233419
40146,866244778
40146,866245158
40146,866252145
40146,866254817
40146,867005589
40146,867020775
40146,867212198
40146,867214101
40146,867229391
40146,868005589
40146,868214098
40147,219220196
40147,219222357
40147,219223033
40147,219224232
40147,219224949
40147,219225100
40147,219225116
40147,219225439
40147,219226166
40147,219226380
40147,219226491
40147,219226754
40147,219227503
40147,219228413
40147,219228819
40147,219229261
40147,219230899
40147,219231352
40147,219231447
40147,219231448
40147,219231478
40147,219231485
40147,219231633
40147,219232293
40147,219232411
40147,219232488
40147,219232938
40147,219232999
40147,219233064
40147,219233113
40147,219233419
40147,219233556
40147,219233731
40147,219233927
40147,219234045
40147,219234378
40147,219234396
40147,219234574
40147,219234612
40147,219234711
40147,219234742
40147,219234943
40147,219234986
40147,219235173
40147,219235353
40147,219235569
40147,219235805
40147,219235866
40147,219235883
40147,219235889
40147,219235944
40147,219236355
40147,219236403
40147,219236477
40147,219236593
40147,219236610
40147,219236772
40147,219236935
40147,219236987
40147,219237221
40147,219237383
40147,219237424
40147,219237629
40147,219237678
40147,219237681
40147,219237995
40147,219238067
40147,219238074
40147,219238227
40147,219238744
40147,219239053
40147,219239085
40147,219239817
40147,219239890
40147,219239970
40147,219240060
40147,219240243
40147,219240740
40147,219241096
40147,219241390
40147,219241461
40147,219241486
40147,219241721
40147,219241852
40147,219242236
40147,219242444
40147,219242816
40147,219243576
40147,219243630
40147,219243715
40147,219243780
40147,219243812
40147,219243952
40147,219244260
40147,219244269
40147,219245279
40147,219245388
40147,219246172
40147,219246419
40147,219251573
40148,238222077
40148,238225782
40148,238225953
40148,238227796
40148,238228092
40148,238228093
40148,238228509
40148,238230005
40148,238231521
40148,238232104
40148,238232756
40148,238235619
40148,238235735
40148,238236496
40148,238236600
40148,238236632
40148,238237238
40148,238237692
40148,238237942
40148,238238095
40148,238238359
40148,238238476
40148,238238616
40148,238239231
40148,238239744
40148,238240017
40148,238240130
40148,238240787
40148,238241410
40148,238241470
40148,238242374
40148,238242434
40148,238242641
40148,238242879
40148,238243014
40148,238243057
40148,238243237
40148,238243245
40148,238243282
40148,238243414
40148,238244206
40148,238244316
40148,238244675
40148,238245037
40148,238245131
40148,238245155
40148,238245371
40148,238245426
40148,238245541
40148,238245992
40148,238246104
40148,238246147
40148,238246420
40148,238246469
40148,238246618
40148,238246646
40148,238246669
40148,238246877
40148,238247204
40148,238247229
40148,238247263
40148,238247394
40148,238247851
40148,238247888
40148,238248243
40148,238248874
40148,238251566
40148,238251804
40148,238251854
40148,238252000
40148,238252027
40148,238252961
40148,238253004
40148,238254544
40148,238255891
40149,221020801
40149,221135507
40149,221143076
40149,221155862
40149,221158023
40149,221164240
40149,221165153
40149,221167495
40149,221167664
40149,221175943
40149,221176580
40149,221176676
40149,221177413
40149,221177610
40149,221178603
40149,221180403
40149,221181458
40149,221182521
40149,221183277
40149,221183898
40149,221183907
40149,221184344
40149,221184432
40149,221185020
40149,221185122
40149,221186153
40149,221186942
40149,221188545
40149,221189242
40149,221189509
40149,221189513
40149,221189596
40149,221190871
40149,221191043
40149,221191740
40149,221192774
40149,221192985
40149,221193041
40149,221193474
40149,221198219
40149,221198329
40149,221198950
40149,221199482
40149,221199556
40149,221199914
40149,221200104
40149,221200145
40149,221200389
40149,221200647
40149,221201024
40149,221201305
40149,221201399
40149,221202126
40149,221202371
40149,221202556
40149,221202652
40149,221203376
40149,221204485
40149,221204923
40149,221205069
40149,221205498
40149,221206113
40149,221207410
40149,221207865
40149,221208448
40149,221208722
40149,221209331
40149,221209499
40149,221209658
40149,221209989
40149,221211110
40149,221211688
40149,221212188
40149,221212194
40149,221212622
40149,221212831
40149,221213345
40149,221215914
40149,221216643
40149,221219683
40149,221223273
40149,221224221
40149,221225850
40149,221226271
40149,221227796
40149,221228702
40149,221229558
40149,221230658
40149,221230666
40149,221231352
40149,221231747
40149,221231866
40149,221233049
40149,221234396
40149,221234906
40149,221235212
40149,221239085
40149,221242444
40149,221243812
40149,221244260
40150,239155355
40150,239184900
40150,239189224
40150,239199231
40150,239199236
40150,239200577
40150,239200588
40150,239200601
40150,239202994
40150,239205156
40150,239205565
40150,239207645
40150,239210941
40150,239211004
40150,239212432
40150,239212439
40150,239212778
40150,239218471
40150,239221875
40150,239221912
40150,239222734
40150,239223994
40150,239225733
40150,239227790
40150,239228861
40150,239229694
40150,239232857
40150,239232985
40150,239233018
40150,239234186
40150,239234264
40150,239237098
40150,239238097
40150,239238354
40150,239238570
40150,239238576
40150,239243061
40150,239244582
40150,239244723
40150,239244800
40150,239245400
40150,239246937
40150,239247686
40150,239248188
40150,239254814
40151,217020801
40151,217120533
40151,217135507
40151,217140233
40151,217153079
40151,217155887
40151,217158023
40151,217164240
40151,217168609
40151,217169595
40151,217170370
40151,217171791
40151,217171897
40151,217176237
40151,217178005
40151,217180403
40151,217181291
40151,217181872
40151,217183427
40151,217183711
40151,217183898
40151,217184881
40151,217184941
40151,217185195
40151,217188377
40151,217189242
40151,217189712
40151,217189944
40151,217190815
40151,217191043
40151,217192045
40151,217193061
40151,217193158
40151,217193348
40151,217193474
40151,217193532
40151,217193601
40151,217198962
40151,217199042
40151,217199189
40151,217199503
40151,217199987
40151,217200145
40151,217200888
40151,217201024
40151,217201818
40151,217201942
40151,217201956
40151,217201976
40151,217202126
40151,217202556
40151,217202652
40151,217203263
40151,217203299
40151,217203376
40151,217203574
40151,217204485
40151,217204838
40151,217204935
40151,217206655
40151,217207439
40151,217207494
40151,217207566
40151,217207865
40151,217208461
40151,217208722
40151,217208808
40151,217209889
40151,217210257
40151,217211110
40151,217211117
40151,217211256
40151,217212198
40151,217212616
40151,217212831
40151,217213629
40151,217213655
40151,217215699
40151,217215785
40151,217218667
40151,217221363
40151,217222123
40151,217226226
40151,217226754
40151,217227796
40151,217227928
40151,217228702
40151,217229237
40151,217229906
40151,217230658
40151,217230666
40151,217231281
40151,217231677
40151,217231943
40151,217233049
40151,217233096
40151,217234642
40151,217234777
40151,217235243
40151,217241746
40152,210054050
40152,210153079
40152,210158023
40152,210162895
40152,210164859
40152,210168651
40152,210169416
40152,210170368
40152,210171833
40152,210172879
40152,210173731
40152,210176571
40152,210176635
40152,210176676
40152,210178088
40152,210179696
40152,210180175
40152,210180206
40152,210182521
40152,210183277
40152,210183285
40152,210183898
40152,210183907
40152,210184267
40152,210184941
40152,210185431
40152,210186547
40152,210186561
40152,210186627
40152,210189242
40152,210189461
40152,210189509
40152,210189511
40152,210189513
40152,210189575
40152,210189596
40152,210189805
40152,210190460
40152,210190483
40152,210190813
40152,210190972
40152,210191180
40152,210192119
40152,210192318
40152,210192505
40152,210192620
40152,210193080
40152,210193130
40152,210193301
40152,210193747
40152,210194765
40152,210195864
40152,210197445
40152,210197781
40152,210198329
40152,210198710
40152,210198784
40152,210199503
40152,210199556
40152,210201399
40152,210201535
40152,210202652
40152,210203747
40152,210204639
40152,210204884
40152,210204970
40152,210205175
40152,210205632
40152,210205995
40152,210207410
40152,210207865
40152,210208333
40152,210208418
40152,210208421
40152,210209331
40152,210210008
40152,210210935
40152,210211117
40152,210211300
40152,210212218
40152,210213331
40152,210213661
40152,210215716
40152,210216393
40152,210220814
40152,210222492
40152,210222737
40152,210223848
40152,210228687
40152,210229906
40152,210230142
40152,210230621
40152,210230666
40152,210230767
40152,210231443
40152,210231677
40152,210231691
40152,210231747
40152,210235243
40152,210237715
40153,216000001
40153,216000051
40153,216000195
40153,216000240
40153,216000246
40153,216000488
40153,216001025
40153,216001040
40153,216001041
40153,216001075
40153,216001088
40153,216001109
40153,216001114
40153,216001116
40153,216001183
40153,216001198
40153,216001201
40153,216001256
40153,216001419
40153,216001620
40153,216001625
40153,216001668
40153,216003647
40153,216004000
40153,216004202
40153,216005419
40153,216005467
40153,216005471
40153,216005589
40153,216006235
40153,216007289
40153,216007512
40153,216010264
40153,216013038
40153,216013128
40153,216013743
40153,216020801
40153,216028130
40153,216037576
40153,216045661
40153,216052241
40153,216053769
40153,216106231
40153,216136113
40153,216138956
40153,216143076
40153,216152729
40153,216153079
40153,216155862
40153,216158023
40153,216159147
40153,216162835
40153,216164240
40153,216165153
40153,216166120
40153,216166906
40153,216167397
40153,216167495
40153,216168542
40153,216173731
40153,216175943
40153,216176635
40153,216176676
40153,216177003
40153,216177845
40153,216178088
40153,216178509
40153,216178518
40153,216179813
40153,216180930
40153,216182493
40153,216183277
40153,216183898
40153,216188350
40153,216188567
40153,216189596
40153,216190042
40153,216190045
40153,216190871
40153,216191189
40153,216191208
40153,216192181
40153,216192985
40153,216193301
40153,216194765
40153,216198219
40153,216200389
40153,216201024
40153,216202126
40153,216208830
40153,216209331
40153,216214098
40153,216214100
40153,216214101
40153,216214267
40153,216215558
40153,216215914
40153,216216594
40153,216222481
40153,216242519
40154,101000041
40154,101000051
40154,101000240
40154,101000246
40154,101000250
40154,101000488
40154,101000942
40154,101001025
40154,101001040
40154,101001041
40154,101001075
40154,101001088
40154,101001109
40154,101001114
40154,101001179
40154,101001183
40154,101001198
40154,101001238
40154,101001256
40154,101001397
40154,101001419
40154,101001615
40154,101001625
40154,101001668
40154,101003647
40154,101004000
40154,101004231
40154,101004833
40154,101005003
40154,101005419
40154,101005471
40154,101005479
40154,101005589
40154,101005680
40154,101006235
40154,101007289
40154,101007512
40154,101007763
40154,101007826
40154,101009676
40154,101010264
40154,101010535
40154,101011141
40154,101013038
40154,101013128
40154,101013743
40154,101020289
40154,101028130
40154,101031432
40154,101037576
40154,101039943
40154,101041236
40154,101045197
40154,101045661
40154,101048940
40154,101049369
40154,101054050
40154,101121939
40154,101121944
40154,101138449
40154,101138956
40154,101156616
40154,101161840
40154,101166124
40154,101166149
40154,101166691
40154,101166906
40154,101167135
40154,101167198
40154,101167680
40154,101168473
40154,101173731
40154,101176676
40154,101182521
40154,101190042
40154,101190043
40154,101190044
40154,101190045
40154,101190046
40154,101190048
40154,101190053
40154,101191189
40154,101191208
40154,101191695
40154,101192181
40154,101192190
40154,101214098
40154,101214100
40154,101214267
40154,101221162
40154,101222481
40154,101226764
40154,101230025
40154,101238380
40154,101242519
40154,101247553
40154,101247699
40154,101247703
40154,101254642
40154,101268513
40156,234001025
40156,234001040
40156,234001041
40156,234001075
40156,234001088
40156,234001109
40156,234001114
40156,234001116
40156,234001179
40156,234001183
40156,234001198
40156,234001397
40156,234001419
40156,234001620
40156,234001625
40156,234003647
40156,234004000
40156,234004202
40156,234004231
40156,234004833
40156,234005099
40156,234005419
40156,234005471
40156,234005589
40156,234005673
40156,234005984
40156,234006235
40156,234010264
40156,234011141
40156,234013038
40156,234013128
40156,234013743
40156,234020801
40156,234028130
40156,234031432
40156,234037576
40156,234039943
40156,234041236
40156,234045661
40156,234051539
40156,234052241
40156,234054050
40156,234120533
40156,234139068
40156,234142754
40156,234146562
40156,234150516
40156,234152729
40156,234153079
40156,234155862
40156,234158023
40156,234161840
40156,234162347
40156,234162895
40156,234164240
40156,234166120
40156,234166124
40156,234166906
40156,234167495
40156,234167948
40156,234168542
40156,234171877
40156,234172871
40156,234176580
40156,234176635
40156,234177003
40156,234177845
40156,234178224
40156,234178509
40156,234179813
40156,234180930
40156,234181872
40156,234182493
40156,234182521
40156,234183277
40156,234183898
40156,234183907
40156,234184941
40156,234188545
40156,234189511
40156,234189596
40156,234190042
40156,234190043
40156,234190044
40156,234190053
40156,234190871
40156,234191189
40156,234191208
40156,234192505
40156,234192985
40156,234194765
40156,234195864
40156,234214098
40156,234214100
40156,234214267
40156,234222000
40156,234222481
40156,234238380
40156,234242519
40156,234247553
40157,213051336
40157,213138726
40157,213247396
40157,213247408
40157,213247422
40157,213247425
40157,213247432
40158,233000051
40158,233001041
40158,233001088
40158,233001668
40158,233005471
40158,233005589
40158,233005984
40158,233006235
40158,233007518
40158,233013383
40158,233020209
40158,233031432
40158,233136113
40158,233138412
40158,233139313
40158,233143001
40158,233143121
40158,233143745
40158,233148569
40158,233150724
40158,233153079
40158,233153260
40158,233158626
40158,233158856
40158,233162347
40158,233163587
40158,233163705
40158,233164959
40158,233165788
40158,233167397
40158,233168542
40158,233168609
40158,233171018
40158,233171579
40158,233173818
40158,233175932
40158,233176687
40158,233177326
40158,233177525
40158,233178509
40158,233179696
40158,233179844
40158,233179846
40158,233180930
40158,233181098
40158,233181291
40158,233181560
40158,233182493
40158,233183130
40158,233183256
40158,233183277
40158,233183284
40158,233183711
40158,233184087
40158,233185103
40158,233186132
40158,233186627
40158,233188145
40158,233189272
40158,233190042
40158,233190502
40158,233190547
40158,233190854
40158,233192119
40158,233193474
40158,233193475
40158,233193738
40158,233193747
40158,233194365
40158,233197756
40158,233198200
40158,233200759
40158,233201042
40158,233201942
40158,233203280
40158,233203376
40158,233204485
40158,233204639
40158,233204884
40158,233208722
40158,233208830
40158,233209331
40158,233209499
40158,233210972
40158,233213565
40158,233215334
40158,233215792
40158,233215914
40158,233216460
40158,233218667
40158,233219809
40158,233220633
40158,233222481
40158,233225711
40158,233227873
40158,233229011
40158,233229712
40158,233231281
40158,233231747
40158,233235888
40159,237000240
40159,237001040
40159,237001116
40159,237001179
40159,237001256
40159,237001397
40159,237001419
40159,237001620
40159,237001625
40159,237001668
40159,237003647
40159,237004000
40159,237004231
40159,237004833
40159,237005589
40159,237005673
40159,237005680
40159,237005681
40159,237005740
40159,237005984
40159,237006235
40159,237006975
40159,237007512
40159,237007518
40159,237010264
40159,237013128
40159,237020170
40159,237020775
40159,237020801
40159,237028130
40159,237031432
40159,237037576
40159,237041236
40159,237045674
40159,237051539
40159,237053769
40159,237120533
40159,237135507
40159,237138449
40159,237142707
40159,237142754
40159,237143001
40159,237152729
40159,237156432
40159,237162347
40159,237162895
40159,237164240
40159,237165153
40159,237166149
40159,237167397
40159,237167664
40159,237167680
40159,237170481
40159,237174543
40159,237176580
40159,237176676
40159,237177003
40159,237179813
40159,237179844
40159,237179846
40159,237180206
40159,237180930
40159,237181291
40159,237181872
40159,237182521
40159,237183177
40159,237183277
40159,237183898
40159,237186452
40159,237188545
40159,237189362
40159,237189509
40159,237190042
40159,237190043
40159,237190045
40159,237190053
40159,237190483
40159,237190871
40159,237191189
40159,237191202
40159,237192119
40159,237192366
40159,237192985
40159,237193165
40159,237196144
40159,237196432
40159,237203376
40159,237208722
40159,237209331
40159,237209499
40159,237210257
40159,237212462
40159,237212831
40159,237214098
40159,237214100
40159,237218667
40159,237221992
40159,237222000
40159,237235243
40159,237247699
40160,201000001
40160,201000051
40160,201000195
40160,201000240
40160,201000246
40160,201000388
40160,201000488
40160,201000570
40160,201000805
40160,201000942
40160,201001025
40160,201001040
40160,201001041
40160,201001075
40160,201001109
40160,201001116
40160,201001179
40160,201001256
40160,201001419
40160,201001605
40160,201001620
40160,201001625
40160,201003647
40160,201004000
40160,201004231
40160,201004833
40160,201005003
40160,201005099
40160,201005419
40160,201005479
40160,201005589
40160,201005661
40160,201005740
40160,201005984
40160,201006235
40160,201006975
40160,201007289
40160,201007512
40160,201007743
40160,201009014
40160,201010264
40160,201013038
40160,201013128
40160,201013940
40160,201020801
40160,201028130
40160,201037576
40160,201045186
40160,201045661
40160,201048940
40160,201049369
40160,201053302
40160,201053769
40160,201139720
40160,201146530
40160,201146562
40160,201152729
40160,201156616
40160,201158023
40160,201161840
40160,201165153
40160,201166120
40160,201166124
40160,201167495
40160,201167664
40160,201172871
40160,201173909
40160,201176580
40160,201176635
40160,201178603
40160,201179784
40160,201179846
40160,201179944
40160,201183277
40160,201184087
40160,201189362
40160,201189511
40160,201189596
40160,201190042
40160,201190043
40160,201190044
40160,201190053
40160,201190871
40160,201191208
40160,201191695
40160,201192181
40160,201192505
40160,201192985
40160,201193041
40160,201195864
40160,201198710
40160,201214098
40160,201214100
40160,201214267
40160,201214649
40160,201215732
40160,201222257
40160,201222481
40160,201238380
40160,201238899
40161,218020775
40161,218156616
40161,218162131
40161,218167397
40161,218168609
40161,218173909
40161,218177604
40161,218178518
40161,218178603
40161,218179783
40161,218179944
40161,218183277
40161,218183574
40161,218184200
40161,218184941
40161,218185221
40161,218185239
40161,218186345
40161,218186627
40161,218189068
40161,218189242
40161,218189250
40161,218189805
40161,218190813
40161,218192505
40161,218192598
40161,218192774
40161,218192883
40161,218193041
40161,218193474
40161,218194765
40161,218196889
40161,218199110
40161,218199451
40161,218199987
40161,218200726
40161,218201144
40161,218201377
40161,218201399
40161,218201400
40161,218203263
40161,218203486
40161,218203757
40161,218204277
40161,218205070
40161,218205114
40161,218205686
40161,218205693
40161,218207421
40161,218208808
40161,218210514
40161,218210625
40161,218211241
40161,218211748
40161,218212194
40161,218212814
40161,218213655
40161,218213874
40161,218214947
40161,218215061
40161,218215316
40161,218216258
40161,218216388
40161,218216594
40161,218219809
40161,218220018
40161,218220651
40161,218220814
40161,218221087
40161,218221992
40161,218222509
40161,218222665
40161,218222943
40161,218223334
40161,218224179
40161,218224221
40161,218224232
40161,218225126
40161,218226110
40161,218226226
40161,218226456
40161,218228702
40161,218228819
40161,218228941
40161,218229880
40161,218231691
40161,218231866
40161,218231887
40161,218231969
40161,218232381
40161,218232432
40161,218233419
40161,218235353
40161,218235374
40161,218235424
40161,218235569
40161,218236610
40161,218239207
40161,218240130
40161,218242444
40162,225007489
40162,225019580
40162,225033730
40162,225034666
40162,225044786
40162,225136246
40162,225136253
40162,225136265
40162,225136285
40162,225136293
40162,225136299
40162,225136306
40162,225136360
40162,225136361
40162,225136363
40162,225136391
40162,225136454
40162,225136553
40162,225136590
40162,225136594
40162,225136600
40162,225136606
40162,225136686
40162,225136705
40162,225136717
40162,225138161
40162,225139410
40162,225139417
40162,225139420
40162,225139440
40162,225139443
40162,225139449
40162,225140053
40162,225140057
40162,225155339
40162,225155355
40162,225155361
40162,225155624
40162,225155625
40162,225155634
40162,225165888
40162,225165889
40162,225165894
40162,225165903
40162,225176346
40162,225176348
40162,225176368
40162,225176403
40162,225180283
40162,225180287
40162,225184334
40162,225184336
40162,225184337
40162,225184900
40162,225189224
40162,225191910
40162,225192270
40162,225192949
40162,225193847
40162,225194135
40162,225198874
40162,225199183
40162,225199231
40162,225199236
40162,225200577
40162,225200588
40162,225200601
40162,225202305
40162,225202676
40162,225202748
40162,225202994
40162,225205156
40162,225205565
40162,225206472
40162,225207753
40162,225211004
40162,225211927
40162,225212260
40162,225212432
40162,225212791
40162,225213317
40162,225221467
40162,225221671
40162,225221875
40162,225225733
40162,225229694
40162,225232985
40162,225237086
40162,225237484
40162,225238224
40162,225241684
40162,225242737
40162,225242878
40162,225242881
40162,225242886
40162,225242887
40162,225242888
40162,225242890
40162,225252433
40162,225254318
40163,202007489
40163,202019580
40163,202032743
40163,202033730
40163,202034666
40163,202039943
40163,202044786
40163,202103133
40163,202136265
40163,202136285
40163,202136299
40163,202136306
40163,202136361
40163,202136391
40163,202136445
40163,202136454
40163,202136590
40163,202136594
40163,202136600
40163,202136606
40163,202136686
40163,202136705
40163,202136717
40163,202136743
40163,202138161
40163,202139417
40163,202139440
40163,202139449
40163,202139456
40163,202139500
40163,202140053
40163,202140057
40163,202155630
40163,202155634
40163,202156392
40163,202191208
40163,202241684
40163,202242878
40163,202242881
40163,202242885
40163,202242886
40163,202242887
40163,202242888
40163,202242889
40163,202242890
40163,202242891
40163,202242892
40164,207000051
40164,207000388
40164,207000570
40164,207000805
40164,207000942
40164,207001025
40164,207001040
40164,207001088
40164,207001116
40164,207001183
40164,207001198
40164,207001201
40164,207001256
40164,207001419
40164,207001605
40164,207001620
40164,207001625
40164,207003647
40164,207004000
40164,207004231
40164,207004833
40164,207005419
40164,207005589
40164,207005661
40164,207005680
40164,207005681
40164,207005984
40164,207006235
40164,207007289
40164,207007512
40164,207007518
40164,207007743
40164,207009014
40164,207010264
40164,207013128
40164,207020801
40164,207028130
40164,207037576
40164,207045186
40164,207048940
40164,207051539
40164,207053769
40164,207150418
40164,207153079
40164,207156353
40164,207164240
40164,207166120
40164,207167397
40164,207167495
40164,207167664
40164,207168542
40164,207173731
40164,207176580
40164,207176635
40164,207177003
40164,207177388
40164,207177509
40164,207177845
40164,207178088
40164,207178518
40164,207178603
40164,207179813
40164,207179844
40164,207180206
40164,207181872
40164,207182521
40164,207183277
40164,207184344
40164,207186942
40164,207188567
40164,207189242
40164,207190042
40164,207190043
40164,207190044
40164,207190053
40164,207190483
40164,207190871
40164,207191189
40164,207191208
40164,207191695
40164,207192181
40164,207192318
40164,207192505
40164,207192883
40164,207192985
40164,207195864
40164,207198710
40164,207203376
40164,207204485
40164,207214098
40164,207214100
40164,207214101
40164,207214267
40164,207214649
40164,207215558
40164,207215732
40164,207222000
40164,207222257
40164,207222481
40164,207231747
40165,206009014
40165,206020801
40165,206053302
40165,206106231
40165,206120533
40165,206138956
40165,206143076
40165,206146530
40165,206152729
40165,206153079
40165,206155862
40165,206156616
40165,206158023
40165,206164169
40165,206165153
40165,206167397
40165,206167495
40165,206167664
40165,206167948
40165,206168542
40165,206168609
40165,206168651
40165,206171877
40165,206172871
40165,206172879
40165,206173731
40165,206175943
40165,206176580
40165,206176635
40165,206176676
40165,206177003
40165,206177388
40165,206177610
40165,206178518
40165,206178603
40165,206179813
40165,206179844
40165,206180206
40165,206180403
40165,206180930
40165,206181458
40165,206182493
40165,206182521
40165,206183277
40165,206183900
40165,206183907
40165,206184267
40165,206184432
40165,206184941
40165,206186561
40165,206186627
40165,206186942
40165,206187961
40165,206188350
40165,206188377
40165,206188545
40165,206188567
40165,206189242
40165,206189332
40165,206189509
40165,206189511
40165,206189596
40165,206190460
40165,206190547
40165,206190871
40165,206191043
40165,206191202
40165,206192119
40165,206192366
40165,206192387
40165,206192448
40165,206192505
40165,206192629
40165,206192774
40165,206192985
40165,206193041
40165,206193080
40165,206193301
40165,206194765
40165,206195864
40165,206197781
40165,206198219
40165,206198710
40165,206199556
40165,206200104
40165,206200145
40165,206200389
40165,206201024
40165,206202126
40165,206202166
40165,206208722
40165,206209331
40165,206211110
40165,206211300
40165,206212622
40165,206213565
40165,206215914
40165,206218667
40165,206223848
40165,206231747
40166,214000240
40166,214000241
40166,214000246
40166,214001025
40166,214001040
40166,214001041
40166,214001075
40166,214001088
40166,214001109
40166,214001116
40166,214001179
40166,214001198
40166,214001256
40166,214001625
40166,214001668
40166,214003647
40166,214004202
40166,214004231
40166,214004833
40166,214005471
40166,214005479
40166,214005589
40166,214005673
40166,214005680
40166,214005681
40166,214006235
40166,214007289
40166,214007512
40166,214007518
40166,214009014
40166,214010264
40166,214013038
40166,214013128
40166,214013743
40166,214020801
40166,214024630
40166,214028130
40166,214034079
40166,214037576
40166,214045661
40166,214048940
40166,214051539
40166,214053769
40166,214054050
40166,214120533
40166,214121944
40166,214138412
40166,214146530
40166,214150418
40166,214152729
40166,214155862
40166,214156616
40166,214158023
40166,214161840
40166,214162895
40166,214165153
40166,214166124
40166,214166906
40166,214167495
40166,214173731
40166,214176580
40166,214176635
40166,214176676
40166,214177003
40166,214177610
40166,214178088
40166,214178603
40166,214182493
40166,214182521
40166,214183898
40166,214183907
40166,214188545
40166,214189332
40166,214189505
40166,214189511
40166,214189596
40166,214190045
40166,214190483
40166,214190871
40166,214191189
40166,214192181
40166,214192318
40166,214192448
40166,214193041
40166,214194765
40166,214197445
40166,214198710
40166,214200145
40166,214200389
40166,214201535
40166,214201942
40166,214204963
40166,214208722
40166,214209331
40166,214212622
40166,214213565
40166,214214098
40166,214222481
40166,214226764
40166,214242519
40167,231001179
40167,231024630
40167,231041236
40167,231045186
40167,231050542
40167,231054050
40167,231120533
40167,231135507
40167,231138110
40167,231138412
40167,231138956
40167,231139068
40167,231142707
40167,231142754
40167,231143001
40167,231146536
40167,231146748
40167,231146758
40167,231148803
40167,231149184
40167,231150516
40167,231150724
40167,231152908
40167,231152999
40167,231153244
40167,231156616
40167,231157481
40167,231158625
40167,231158626
40167,231159145
40167,231159261
40167,231162131
40167,231162240
40167,231162895
40167,231163925
40167,231164376
40167,231164468
40167,231164859
40167,231164994
40167,231165229
40167,231167397
40167,231167495
40167,231167664
40167,231168435
40167,231168542
40167,231168609
40167,231168651
40167,231169416
40167,231170733
40167,231171579
40167,231171877
40167,231172871
40167,231173221
40167,231173731
40167,231173771
40167,231173909
40167,231175943
40167,231176266
40167,231176600
40167,231176635
40167,231176676
40167,231176944
40167,231177003
40167,231177610
40167,231178088
40167,231178224
40167,231178509
40167,231179844
40167,231179846
40167,231179847
40167,231179944
40167,231180206
40167,231180403
40167,231180819
40167,231180930
40167,231181820
40167,231181872
40167,231182212
40167,231182493
40167,231182836
40167,231183574
40167,231183907
40167,231184111
40167,231184484
40167,231184941
40167,231185103
40167,231186561
40167,231186627
40167,231189358
40167,231189963
40167,231191180
40167,231191202
40167,231192883
40167,231193041
40167,231193080
40167,231193301
40167,231193348
40167,231198710
40167,231199561
40167,231207664
40168,242020801
40168,242143076
40168,242144429
40168,242155862
40168,242158023
40168,242164240
40168,242165153
40168,242167495
40168,242177003
40168,242177413
40168,242178509
40168,242178603
40168,242182521
40168,242183277
40168,242183898
40168,242183907
40168,242184432
40168,242186942
40168,242187072
40168,242188377
40168,242188545
40168,242189242
40168,242189596
40168,242189805
40168,242190871
40168,242191043
40168,242192387
40168,242192985
40168,242193041
40168,242193082
40168,242193290
40168,242194765
40168,242198031
40168,242198706
40168,242199304
40168,242199845
40168,242200145
40168,242201095
40168,242201153
40168,242202652
40168,242203486
40168,242204311
40168,242205452
40168,242205498
40168,242206467
40168,242207865
40168,242208165
40168,242208618
40168,242208722
40168,242209331
40168,242209499
40168,242209658
40168,242210008
40168,242210411
40168,242210514
40168,242210897
40168,242212188
40168,242212190
40168,242212622
40168,242212831
40168,242213345
40168,242215330
40168,242215333
40168,242215914
40168,242216460
40168,242220093
40168,242220651
40168,242220814
40168,242221491
40168,242222492
40168,242224196
40168,242224334
40168,242225100
40168,242226161
40168,242227796
40168,242228093
40168,242229237
40168,242231443
40168,242231747
40168,242231866
40168,242232411
40168,242232488
40168,242233049
40168,242233064
40168,242234575
40168,242234642
40168,242234943
40168,242235243
40168,242235410
40168,242235790
40168,242235805
40168,242237692
40168,242238074
40168,242239085
40168,242239818
40168,242241461
40168,242242434
40168,242242444
40168,242251528
40168,242253004
40175,249000250
40175,249007763
40175,249007826
40175,249009676
40175,249010535
40175,249020289
40175,249023174
40175,249045197
40175,249049369
40175,249117106
40175,249121939
40175,249140601
40175,249167135
40175,249167198
40175,249190048
40175,249243781
40175,249248146
40175,249254642
40175,249268513
40176,246001041
40176,246001620
40176,246001668
40176,246001845
40176,246004202
40176,246005681
40176,246007518
40176,246039943
40176,246052241
40176,246120533
40176,246135507
40176,246136113
40176,246137494
40176,246138412
40176,246139313
40176,246143745
40176,246146536
40176,246158625
40176,246158626
40176,246158856
40176,246162131
40176,246162240
40176,246162347
40176,246163083
40176,246163587
40176,246164994
40176,246168609
40176,246168651
40176,246170890
40176,246171579
40176,246172049
40176,246172672
40176,246172862
40176,246172962
40176,246173521
40176,246173771
40176,246177610
40176,246177845
40176,246178224
40176,246178319
40176,246179846
40176,246180403
40176,246183280
40176,246183556
40176,246184087
40176,246184432
40176,246185103
40176,246186132
40176,246186452
40176,246186456
40176,246186569
40176,246186942
40176,246188152
40176,246188943
40176,246189332
40176,246189505
40176,246189511
40176,246190483
40176,246191180
40176,246192362
40176,246192638
40176,246193082
40176,246193105
40176,246193158
40176,246194022
40176,246194365
40176,246195363
40176,246198006
40176,246198329
40176,246199069
40176,246199564
40176,246200724
40176,246200949
40176,246201942
40176,246203888
40176,246203965
40176,246204366
40176,246204963
40176,246205995
40176,246207410
40176,246208333
40176,246208618
40176,246209499
40176,246209658
40176,246211256
40176,246212190
40176,246212755
40176,246219683
40176,246219809
40176,246221363
40176,246221660
40176,246223061
40176,246225850
40176,246226226
40176,246226851
40176,246227535
40176,246228687
40176,246229636
40176,246239053
40176,246243781
40177,100000041
40177,100010535
40177,101000041
40177,101010535
40177,110000041
40177,110010535
40177,201000041
40177,201189511
40177,206189511
40177,210189511
40177,214189511
40177,215189511
40177,216189511
40177,221189511
40177,234189511
40177,242189511
40177,246189511
40177,249010535
40177,251010535
40177,251189511
40177,252010535
40177,253189511
40177,256010535
40177,256189511
40177,264010535
40177,268010535
40177,272010535
40177,272189511
40177,273189511
40177,283010535
40177,283189511
40177,289010535
40177,289189511
40177,300189511
40177,317000041
40177,500189511
40177,501189511
40177,502189511
40177,503189511
40177,506189511
40177,508189511
40177,511189511
40177,513189511
40177,515189511
40177,517189511
40177,802010535
40177,802189511
40177,814189511
40177,820189511
40177,821010535
40177,825010535
40177,825189511
40177,827010535
40177,828189511
40177,829010535
40177,829189511
40177,836189511
40177,845010535
40177,845189511
40177,848000041
40177,848010535
40177,848189511
40177,852000041
40177,852010535
40177,852189511
40177,861000041
40177,861010535
40178,100182521
40178,101182521
40178,110182521
40178,206182521
40178,210182521
40178,211177003
40178,212177003
40178,214177003
40178,214182521
40178,214200145
40178,216177003
40178,221182521
40178,221200145
40178,222177003
40178,230182521
40178,231177003
40178,234177003
40178,234182521
40178,237177003
40178,237182521
40178,241182521
40178,242177003
40178,242182521
40178,242200145
40178,250182521
40178,250200145
40178,251177003
40178,251182521
40178,253177003
40178,253182521
40178,256177003
40178,256182521
40178,256200145
40178,259177003
40178,259200145
40178,260177003
40178,260182521
40178,260200145
40178,267177003
40178,272177003
40178,272182521
40178,273177003
40178,273200145
40178,274177003
40178,274182521
40178,278177003
40178,279182521
40178,279200145
40178,280177003
40178,280182521
40178,283182521
40178,287177003
40178,287200145
40178,289177003
40178,289182521
40178,506177003
40178,506182521
40178,506200145
40178,508177003
40178,508182521
40178,508200145
40178,511177003
40178,511182521
40178,511200145
40178,513177003
40178,513182521
40178,513200145
40178,515177003
40178,515200145
40178,517177003
40178,802177003
40178,802182521
40178,807182521
40178,808177003
40178,810177003
40178,810182521
40178,814200145
40178,815177003
40178,818177003
40178,820182521
40178,825177003
40178,825200145
40178,828177003
40178,828200145
40178,829177003
40178,829200145
40178,834177003
40178,836177003
40178,845200145
40178,846177003
40178,848177003
40178,848182521
40178,848200145
40178,852182521
40178,861182521
40178,863177003
40178,863200145
40178,866177003
40178,866200145
40178,867200145
40179,100001075
40179,100005984
40179,101001075
40179,101005984
40179,110001075
40179,110005984
40179,111001075
40179,201001075
40179,201005984
40179,207001075
40179,207005984
40179,214001075
40179,214005984
40179,216001075
40179,233005984
40179,234001075
40179,234005984
40179,237005984
40179,251001075
40179,251005984
40179,252001075
40179,256001075
40179,256005984
40179,268001075
40179,268005984
40179,272001075
40179,272005984
40179,801001075
40179,801005984
40179,802001075
40179,802005984
40179,813005984
40179,825001075
40179,827001075
40179,829001075
40179,836001075
40179,840001075
40179,852001075
40179,861001075
40180,100001088
40180,100001109
40180,100005003
40180,101001088
40180,101001109
40180,101005003
40180,110001088
40180,110001109
40180,110005003
40180,113001088
40180,201001088
40180,201001109
40180,201005003
40180,201005740
40180,207001088
40180,207005003
40180,207005740
40180,214001088
40180,214001109
40180,216001088
40180,216001109
40180,233001088
40180,234001088
40180,234001109
40180,237005003
40180,237005740
40180,251001088
40180,251001109
40180,251005740
40180,252001088
40180,252001109
40180,252005003
40180,256001109
40180,256005740
40180,264001088
40180,268001088
40180,268001109
40180,268005003
40180,268005740
40180,272001088
40180,272001109
40180,272005003
40180,272005740
40180,283001088
40180,283001109
40180,289001109
40180,289005003
40180,802001088
40180,802001109
40180,814001088
40180,825001088
40180,825001109
40180,825005003
40180,827001088
40180,827001109
40180,827005003
40180,827005740
40180,829001088
40180,829005003
40180,835005740
40180,836001109
40180,840001088
40180,845005003
40180,846005740
40180,848005740
40180,849005740
40180,850001109
40180,850005003
40180,852001088
40180,861001088
40180,861001109
40180,861005003
40180,861005740
40180,867001088
40180,868001109
40181,100191189
40181,101166120
40181,101191189
40181,110191189
40181,201166120
40181,201191189
40181,207166120
40181,207191189
40181,214191189
40181,216166120
40181,216191189
40181,234166120
40181,234191189
40181,237166120
40181,237191189
40181,251166120
40181,251191189
40181,252166120
40181,252191189
40181,256191189
40181,268166120
40181,268191189
40181,272191189
40181,284191189
40181,289191189
40181,802191189
40181,827191189
40181,829191189
40181,836191189
40181,840191189
40181,850191189
40181,852191189
40181,861191189
40181,868191189
40182,207190871
40182,210183898
40182,210231747
40182,211190871
40182,211231747
40182,214183898
40182,214190871
40182,215183898
40182,215190871
40182,215231747
40182,216183898
40182,216190871
40182,217183898
40182,220231747
40182,221183898
40182,221190871
40182,221231747
40182,222190871
40182,230183898
40182,230190871
40182,230231747
40182,233231747
40182,234183898
40182,234190871
40182,237183898
40182,237190871
40182,240231747
40182,241183898
40182,241190871
40182,242183898
40182,242190871
40182,242231747
40182,250183898
40182,250190871
40182,250231747
40182,252190871
40182,253231747
40182,256183898
40182,256190871
40182,256231747
40182,258231747
40182,259190871
40182,260183898
40182,260190871
40182,260231747
40182,265231747
40182,267190871
40182,267231747
40182,270183898
40182,272183898
40182,272231747
40182,273183898
40182,273190871
40182,273231747
40182,278231747
40182,279190871
40182,280190871
40182,280231747
40182,287231747
40182,289183898
40182,502190871
40182,503190871
40182,503231747
40182,506190871
40182,506231747
40182,508183898
40182,508190871
40182,508231747
40182,511190871
40182,511231747
40182,513190871
40182,513231747
40182,515190871
40182,515231747
40182,517231747
40182,807231747
40182,810231747
40182,814190871
40182,814231747
40182,815231747
40182,820183898
40182,820190871
40182,820231747
40182,821190871
40182,825190871
40182,828190871
40182,828231747
40182,829190871
40182,831231747
40182,832183898
40182,834183898
40182,834231747
40182,836231747
40182,844231747
40182,845183898
40182,854231747
40182,856231747
40182,863190871
40182,863231747
40182,866231747
40183,100000246
40183,100005471
40183,100013743
40183,101000246
40183,101005471
40183,101013743
40183,110000246
40183,110005471
40183,110013743
40183,113013743
40183,201000246
40183,214000246
40183,214005471
40183,214013743
40183,216000246
40183,216005471
40183,216013743
40183,233005471
40183,234000246
40183,234005471
40183,234013743
40183,236013743
40183,251000246
40183,251005471
40183,251013743
40183,252005471
40183,252013743
40183,254005471
40183,256000246
40183,256005471
40183,264005471
40183,264013743
40183,268000246
40183,268005471
40183,268013743
40183,283000246
40183,283005471
40183,283013743
40183,289005471
40183,289013743
40183,802000246
40183,802005471
40183,802013743
40183,814005471
40183,814013743
40183,825000246
40183,825005471
40183,825013743
40183,827005471
40183,827013743
40183,829000246
40183,829005471
40183,829013743
40183,836005471
40183,836013743
40183,840005471
40183,840013743
40183,846005471
40183,846013743
40183,848000246
40183,848005471
40183,850005471
40183,850013743
40183,852000246
40183,852005471
40183,852013743
40183,861000246
40183,861005471
40183,861013743
40183,868005471
40184,100000246
40184,100000250
40184,101000241
40184,101000244
40184,101000246
40184,101000250
40184,110000246
40184,110000250
40184,201000244
40184,201000246
40184,214000241
40184,214000246
40184,216000244
40184,216000246
40184,234000241
40184,234000244
40184,234000246
40184,249000250
40184,251000244
40184,251000246
40184,251000250
40184,252000241
40184,252000244
40184,252000250
40184,256000241
40184,256000244
40184,256000246
40184,256000250
40184,268000241
40184,268000246
40184,268000250
40184,274000250
40184,283000244
40184,283000246
40184,283000250
40184,289000250
40184,802000246
40184,802000250
40184,814000250
40184,825000246
40184,825000250
40184,827000250
40184,829000246
40184,836000250
40184,839000250
40184,846000250
40184,848000246
40184,852000246
40184,861000246
40184,861000250
40184,867000250
40185,100001668
40185,100005471
40185,100031432
40185,100048940
40185,101001668
40185,101005471
40185,101031432
40185,101048940
40185,110001668
40185,110005471
40185,110031432
40185,110048940
40185,111031432
40185,113001668
40185,113031432
40185,216001668
40185,216005471
40185,233001668
40185,233005471
40185,233031432
40185,234005471
40185,234031432
40185,237001668
40185,237031432
40185,246001668
40185,251005471
40185,251048940
40185,252001668
40185,252005471
40185,252031432
40185,252048940
40185,254001668
40185,254005471
40185,254031432
40185,254048940
40185,256001668
40185,256005471
40185,256031432
40185,256048940
40185,264005471
40185,264031432
40185,268001668
40185,268005471
40185,268031432
40185,268048940
40185,272001668
40185,272003622
40185,281003622
40185,283005471
40185,284031432
40185,289005471
40185,289031432
40185,289048940
40185,802005471
40185,802048940
40185,813003622
40185,813031432
40185,814005471
40185,814031432
40185,814048940
40185,825003622
40185,825005471
40185,825031432
40185,825048940
40185,827001668
40185,827003622
40185,827005471
40185,827031432
40185,827048940
40185,829003622
40185,829005471
40185,829031432
40185,829048940
40185,836005471
40185,836048940
40185,840003622
40185,840005471
40185,840031432
40185,840048940
40185,845003622
40185,846005471
40185,846031432
40185,848001668
40185,848003622
40185,848005471
40185,848031432
40185,848048940
40185,850005471
40185,852005471
40185,852031432
40185,852048940
40185,861001668
40185,861003622
40185,861005471
40185,861031432
40185,861048940
40185,867001668
40185,867003622
40185,867031432
40185,868005471
40186,100005419
40186,100005467
40186,100013743
40186,100247515
40186,100247699
40186,100247703
40186,101000195
40186,101005419
40186,101005467
40186,101013743
40186,101247515
40186,101247699
40186,101247703
40186,110005419
40186,110005467
40186,110013743
40186,110247515
40186,110247699
40186,110247703
40186,111005419
40186,113013743
40186,201000195
40186,201005419
40186,207000195
40186,207005419
40186,214005419
40186,214013743
40186,216000195
40186,216005419
40186,216005467
40186,216013743
40186,234005419
40186,234013743
40186,234247703
40186,236000195
40186,236005419
40186,236005467
40186,236013743
40186,236247515
40186,236247699
40186,236247703
40186,237247699
40186,251000195
40186,251005419
40186,251013743
40186,252013743
40186,256247699
40186,256247703
40186,264013743
40186,268000195
40186,268005419
40186,268005467
40186,268013743
40186,268247699
40186,268247703
40186,272247515
40186,283000195
40186,283005419
40186,283005467
40186,283013743
40186,284247703
40186,289013743
40186,289247699
40186,802013743
40186,802247515
40186,802247699
40186,802247703
40186,814005419
40186,814013743
40186,825013743
40186,825247699
40186,825247703
40186,827005419
40186,827013743
40186,827247515
40186,827247699
40186,827247703
40186,829013743
40186,836005419
40186,836005467
40186,836013743
40186,836247515
40186,836247703
40186,839247699
40186,840005419
40186,840005467
40186,840013743
40186,846005467
40186,846013743
40186,850013743
40186,852013743
40186,852247515
40186,852247703
40186,861005419
40186,861005467
40186,861013743
40186,861247515
40186,861247699
40186,868247703
40187,213051336
40187,213138726
40187,213247396
40187,213247408
40187,213247422
40187,213247425
40187,213247432
40187,216138726
40187,216247396
40187,216247432
40188,100000240
40188,100000246
40188,100000250
40188,100001845
40188,100190053
40188,101000240
40188,101000241
40188,101000244
40188,101000246
40188,101000250
40188,101000393
40188,101001845
40188,101190053
40188,110000240
40188,110000246
40188,110000250
40188,110001845
40188,110190053
40188,214000241
40188,216000240
40188,216000246
40188,234000241
40188,234000246
40188,234190053
40188,237000240
40188,237005740
40188,237190053
40188,246001845
40188,249000250
40188,251000244
40188,251000246
40188,251000250
40188,251000393
40188,251005740
40188,251190053
40188,252000240
40188,252000241
40188,252000244
40188,252000250
40188,252190053
40188,256000240
40188,256000241
40188,256000244
40188,256000246
40188,256000250
40188,256000393
40188,256001845
40188,256005740
40188,256190053
40188,261001845
40188,268000240
40188,268000241
40188,268000246
40188,268000250
40188,268000393
40188,268005740
40188,272005740
40188,274000250
40188,283000244
40188,283000246
40188,283000250
40188,284000393
40188,289000250
40188,289190053
40188,802000240
40188,802000246
40188,802000250
40188,802001845
40188,814000250
40188,825000240
40188,825000246
40188,825000250
40188,825001845
40188,825190053
40188,827000240
40188,827000250
40188,827005740
40188,827190053
40188,829000240
40188,829000246
40188,829190053
40188,835005740
40188,836000250
40188,839000250
40188,845190053
40188,846000250
40188,846001845
40188,846005740
40188,846190053
40188,848000240
40188,848000246
40188,848005740
40188,852000246
40188,861000240
40188,861000246
40188,861000250
40188,861005740
40188,861190053
40188,867000240
40188,867000250
40189,100121939
40189,100121944
40189,100156616
40189,100182521
40189,101121939
40189,101121944
40189,101156616
40189,101182521
40189,110121939
40189,110121944
40189,110156616
40189,110182521
40189,113121944
40189,113156616
40189,267189596
40189,272121939
40189,272182521
40189,272189596
40189,274182521
40189,279182521
40189,280182521
40189,283121939
40189,283121944
40189,283150418
40189,283167495
40189,283182521
40189,283189596
40189,283197445
40189,289121939
40189,289121944
40189,289182521
40189,802121939
40189,802121944
40189,802167495
40189,802182521
40189,802189596
40189,802197445
40189,807182521
40189,808158625
40189,810182521
40189,813156616
40189,814121939
40189,814121944
40189,814150418
40189,814193348
40189,815193348
40189,815197445
40189,818167495
40189,820158625
40189,820182521
40189,825121939
40189,825121944
40189,825150418
40189,825156616
40189,825193348
40189,825197445
40189,827121939
40189,827156616
40189,828167495
40189,828189596
40189,829121939
40189,829121944
40189,829156616
40189,829167495
40189,829208333
40189,834189596
40189,834208333
40189,835181783
40189,836121939
40189,836121944
40189,836167495
40189,836197445
40189,839156616
40189,840208333
40189,846121939
40189,846156616
40189,848121939
40189,848121944
40189,848156616
40189,848158625
40189,848167495
40189,848181783
40189,848182521
40189,848197445
40189,852121944
40189,852150418
40189,852182521
40189,852189596
40189,852208333
40189,855167495
40189,856167495
40189,858025420
40189,861121939
40189,861121944
40189,861156616
40189,861181783
40189,861182521
40189,863197445
40189,867181783
40189,867208333
40190,258188545
40190,264188545
40190,267188545
40190,267189596
40190,267212622
40190,272167495
40190,272181458
40190,272189596
40190,273188545
40190,279188545
40190,279212622
40190,280212622
40190,283167495
40190,283189596
40190,283197445
40190,287188545
40190,287206113
40190,287209658
40190,287212622
40190,287234396
40190,289181458
40190,289188545
40190,802167495
40190,802189596
40190,802197445
40190,808188545
40190,810188545
40190,810209658
40190,810212622
40190,810213345
40190,810234396
40190,814188545
40190,814212190
40190,814212622
40190,814226851
40190,815181458
40190,815188545
40190,815197445
40190,818167495
40190,820188545
40190,821206113
40190,825188545
40190,825197445
40190,825226851
40190,826209658
40190,826212622
40190,828167495
40190,828188545
40190,828189596
40190,829167495
40190,829212190
40190,832188545
40190,832212622
40190,834188545
40190,834189596
40190,834206113
40190,834209658
40190,834212622
40190,834213345
40190,834226851
40190,834234396
40190,836167495
40190,836188545
40190,836197445
40190,836209658
40190,836234396
40190,840220814
40190,844188545
40190,844212622
40190,844219683
40190,844234396
40190,846188545
40190,848167495
40190,848188545
40190,848197445
40190,848206113
40190,848212190
40190,848212622
40190,848213345
40190,848226851
40190,848234396
40190,852188545
40190,852189596
40190,852209658
40190,855167495
40190,855188545
40190,855212622
40190,855219683
40190,856167495
40190,856206113
40190,856212622
40190,863181458
40190,863197445
40190,863206113
40190,863209658
40190,863212622
40190,863234396
40190,866206113
40190,866212622
40190,866219683
40191,100000041
40191,100001625
40191,100009676
40191,100010535
40191,100013038
40191,100020289
40191,101000041
40191,101001625
40191,101009676
40191,101010535
40191,110000041
40191,110001625
40191,110009676
40191,110010535
40191,110013038
40191,110020289
40191,111001625
40191,113001625
40191,113013038
40191,278158023
40191,283010535
40191,283158023
40191,287158023
40191,289001625
40191,289009676
40191,289010535
40191,289013038
40191,289158023
40191,802010535
40191,802013038
40191,802189511
40191,807158023
40191,813009676
40191,814001625
40191,814158023
40191,820158023
40191,821010535
40191,825001625
40191,825010535
40191,825013038
40191,825020289
40191,825026709
40191,825158023
40191,825189505
40191,825189511
40191,827001625
40191,827009676
40191,827010535
40191,828158023
40191,829010535
40191,829013038
40191,829158023
40191,829189505
40191,829189511
40191,832158023
40191,836001625
40191,836158023
40191,836189511
40191,840001625
40191,840189505
40191,844158023
40191,845001625
40191,845009676
40191,845010535
40191,845013038
40191,845020289
40191,845026709
40191,845158023
40191,845189511
40191,846020289
40191,848000041
40191,848001625
40191,848009676
40191,848010535
40191,848013038
40191,848026709
40191,848158023
40191,848189505
40191,848189511
40191,850001625
40191,850009676
40191,852000041
40191,852009676
40191,852010535
40191,852158023
40191,852189505
40191,852189511
40191,855158023
40191,861000041
40191,861001625
40191,861009676
40191,861010535
40191,861013038
40191,861020289
40191,861026709
40191,863158023
40191,866158023
40191,867009676
40191,868001625
40191,868009676
40192,100000041
40192,100010535
40192,101000041
40192,101010535
40192,110000041
40192,110010535
40192,258158023
40192,272158023
40192,278158023
40192,279190871
40192,281142754
40192,283010535
40192,283158023
40192,283189511
40192,287158023
40192,287192448
40192,289010535
40192,289142754
40192,289158023
40192,289168651
40192,289189511
40192,802010535
40192,802189332
40192,802189511
40192,802192448
40192,807158023
40192,808192448
40192,814158023
40192,814189511
40192,814190871
40192,820158023
40192,820189332
40192,820189511
40192,820190871
40192,821010535
40192,821142754
40192,821190871
40192,825010535
40192,825142754
40192,825158023
40192,825176580
40192,825189332
40192,825189505
40192,825189511
40192,825190871
40192,825192448
40192,825198141
40192,825199564
40192,827010535
40192,828158023
40192,828176580
40192,828190871
40192,829010535
40192,829142754
40192,829158023
40192,829176580
40192,829189332
40192,829189505
40192,829189511
40192,829190871
40192,829192448
40192,829199564
40192,832158023
40192,836158023
40192,836189511
40192,840189505
40192,844158023
40192,844176580
40192,844189332
40192,845010535
40192,845158023
40192,845176580
40192,845189332
40192,845189511
40192,846199564
40192,848000041
40192,848010535
40192,848142754
40192,848158023
40192,848176580
40192,848189332
40192,848189505
40192,848189511
40192,852000041
40192,852010535
40192,852158023
40192,852176580
40192,852189332
40192,852189505
40192,852189511
40192,852192448
40192,852198141
40192,855158023
40192,861000041
40192,861010535
40192,861142754
40192,863158023
40192,863190871
40192,866158023
40192,867142754
40193,100001041
40193,100001419
40193,100009676
40193,101001041
40193,101001419
40193,101009676
40193,110001041
40193,110001419
40193,110009676
40193,113135455
40193,237001419
40193,246001041
40193,249009676
40193,251001419
40193,251186627
40193,252001041
40193,252001419
40193,256001041
40193,256001419
40193,256009676
40193,256016619
40193,256177844
40193,261016619
40193,261262271
40193,264009676
40193,264186627
40193,268001041
40193,268001419
40193,268009676
40193,268262271
40193,272001419
40193,272177844
40193,281107715
40193,289001041
40193,289001419
40193,289009676
40193,289107715
40193,802001041
40193,802001419
40193,802016619
40193,811139869
40193,813009676
40193,813107715
40193,814001419
40193,814009676
40193,814107715
40193,821001041
40193,825001041
40193,825107715
40193,825139869
40193,825262271
40193,827001419
40193,827009676
40193,827107715
40193,827135455
40193,827139869
40193,829001419
40193,829107715
40193,835135455
40193,835138123
40193,836001419
40193,836139869
40193,840001041
40193,840001419
40193,845001419
40193,845009676
40193,845016619
40193,845135455
40193,846186627
40193,848001041
40193,848001419
40193,848009676
40193,848016619
40193,848135455
40193,850001419
40193,850009676
40193,852001041
40193,852001419
40193,852009676
40193,852138123
40193,852139869
40193,858020775
40193,861001041
40193,861001419
40193,861009676
40193,861020775
40193,861107715
40193,861135455
40193,861138123
40193,861139869
40193,867001419
40193,867009676
40193,867016619
40193,867020775
40193,867135455
40193,867139869
40193,868001419
40193,868009676
40193,868107715
40193,868135455
40194,100173731
40194,100176676
40194,100182521
40194,110173731
40194,110176676
40194,110182521
40194,113173731
40194,278165153
40194,287165153
40194,289020801
40194,802155862
40194,802165153
40194,802177003
40194,802182521
40194,807020801
40194,807182521
40194,808165153
40194,810182521
40194,810204963
40194,814020801
40194,814155862
40194,814165153
40194,814200145
40194,818120533
40194,818155862
40194,818165153
40194,818177003
40194,820020801
40194,820182521
40194,820197781
40194,820204963
40194,825020801
40194,825165153
40194,825173731
40194,825177003
40194,825197781
40194,825199304
40194,825200145
40194,825200724
40194,825201535
40194,825204963
40194,825207410
40194,825208618
40194,828020801
40194,828165153
40194,828177003
40194,829020801
40194,829165153
40194,829173731
40194,829177003
40194,829197781
40194,829199304
40194,829200145
40194,829204963
40194,831204963
40194,832020801
40194,836020801
40194,836165153
40194,836173731
40194,839020801
40194,840207410
40194,844020801
40194,844165153
40194,844197781
40194,845020801
40194,845200145
40194,845200724
40194,845204963
40194,846020801
40194,846165153
40194,846173731
40194,846177003
40194,846197781
40194,848020801
40194,848165153
40194,848173731
40194,848176676
40194,848177003
40194,848182521
40194,848197781
40194,848200145
40194,848204963
40194,852176676
40194,852182521
40194,855020801
40194,855165153
40194,861173731
40194,861176676
40194,861182521
40194,863020801
40194,863177003
40194,863198710
40194,863200145
40194,866020801
40194,866177003
40194,866200145
40194,867176676
40194,867197781
40194,867200145
40194,867204963
40195,100039943
40195,101039943
40195,110039943
40195,111039943
40195,113034666
40195,113039943
40195,202034666
40195,202039943
40195,225034666
40195,234039943
40195,246039943
40195,252039943
40195,256039943
40195,268039943
40195,272034666
40195,272039943
40195,289034666
40195,289039943
40195,814039943
40195,825039943
40195,839039943
40195,848039943
40195,861039943
40195,862034666
40195,864034666
40195,864039943
40196,225155355
40196,225180283
40196,231155355
40196,234155355
40196,239155355
40196,247180283
40196,252180283
40196,257180283
40196,264180283
40196,265180283
40196,277155355
40196,277180283
40196,289180283
40196,295155355
40196,295180283
40196,298155355
40196,298180283
40196,300155355
40196,300180283
40196,501180283
40196,502180283
40196,507155355
40196,507180283
40196,510155355
40196,510180283
40196,512155355
40196,512180283
40196,514180283
40196,516180283
40196,518180283
40196,805180283
40196,814155355
40196,814180283
40196,821180283
40196,830180283
40196,862180283
40196,864155355
40196,864180283
40197,100191208
40197,101191208
40197,110191208
40197,201191208
40197,202140057
40197,202191208
40197,207191208
40197,216191208
40197,225140057
40197,234191208
40197,268191208
40197,272140057
40197,289191208
40197,840191208
40197,850191208
40197,852191208
40197,861191208
40197,862140057
40197,864140057
40197,868191208
40198,100039943
40198,100191208
40198,101039943
40198,101191208
40198,110039943
40198,110191208
40198,111039943
40198,113039943
40198,201191208
40198,201200104
40198,202039943
40198,202191208
40198,206200104
40198,207191208
40198,207200104
40198,215200104
40198,216191208
40198,221200104
40198,222200104
40198,230200104
40198,234039943
40198,234191208
40198,234200104
40198,240200104
40198,246039943
40198,250200104
40198,252039943
40198,252200104
40198,256039943
40198,258200104
40198,267200104
40198,268039943
40198,268191208
40198,272039943
40198,273200104
40198,278200104
40198,280200104
40198,289039943
40198,289191208
40198,289200104
40198,290200104
40198,291200104
40198,293200104
40198,295200104
40198,298200104
40198,300200104
40198,500200104
40198,501200104
40198,502200104
40198,503200104
40198,506200104
40198,508200104
40198,511200104
40198,513200104
40198,515200104
40198,517200104
40198,596200104
40198,806200104
40198,807200104
40198,814039943
40198,820200104
40198,825039943
40198,828200104
40198,831200104
40198,836200104
40198,839039943
40198,839200104
40198,840191208
40198,840200104
40198,844200104
40198,846200104
40198,848039943
40198,848200104
40198,850191208
40198,852191208
40198,855200104
40198,861039943
40198,861191208
40198,862200104
40198,863200104
40198,864039943
40198,864200104
40198,866200104
40198,868191208
40199,215200577
40199,225136553
40199,225176346
40199,225199183
40199,225200577
40199,225200588
40199,225202305
40199,225202966
40199,225202994
40199,225213317
40199,225221859
40199,225221875
40199,225232691
40199,225232985
40199,225238570
40199,225248487
40199,231136553
40199,234136553
40199,239200577
40199,239200588
40199,239202994
40199,239207645
40199,239221875
40199,239232985
40199,239238570
40199,239247686
40199,247199183
40199,252187447
40199,257199183
40199,257200588
40199,257202305
40199,257202994
40199,257208153
40199,257222729
40199,257224794
40199,257238570
40199,273200577
40199,273213317
40199,273247686
40199,277207645
40199,277208153
40199,277213317
40199,277238570
40199,277247686
40199,293200577
40199,293213317
40199,293221875
40199,293247686
40199,294238570
40199,295176346
40199,295199183
40199,295200577
40199,295213317
40199,295221875
40199,504199183
40199,504200588
40199,507199183
40199,507200577
40199,507200588
40199,507202305
40199,507202994
40199,507207645
40199,507208153
40199,507222729
40199,507224794
40199,510199183
40199,510200588
40199,510202305
40199,510202994
40199,510208153
40199,510224794
40199,510232985
40199,512199183
40199,512200588
40199,512202994
40199,512208153
40199,512213317
40199,512222729
40199,512224794
40199,512247686
40199,514200588
40199,514213317
40199,514221859
40199,516200577
40199,516213317
40199,516238570
40199,518213317
40199,518221859
40199,518238570
40199,802176346
40199,802202994
40199,806213317
40199,806247686
40199,821199183
40199,853213317
40199,853238570
40199,863247686
40199,864136553
40199,864200577
40199,864247686
40200,215189224
40200,215199236
40200,225155355
40200,225176403
40200,225184336
40200,225189224
40200,225191566
40200,225199231
40200,225199236
40200,225200601
40200,225202986
40200,225205565
40200,225208047
40200,225227790
40200,225245054
40200,231155355
40200,234155355
40200,234176403
40200,239155355
40200,239189224
40200,239199231
40200,239199236
40200,239200601
40200,239205565
40200,239227790
40200,239254814
40200,247203002
40200,252202986
40200,257199231
40200,257200601
40200,257202986
40200,257203002
40200,257205565
40200,257245054
40200,277155355
40200,277199231
40200,277202986
40200,277205565
40200,277254980
40200,293199231
40200,293199236
40200,293227790
40200,293245054
40200,294245054
40200,294254814
40200,294254980
40200,295155355
40200,295199236
40200,295227790
40200,504189224
40200,507155355
40200,507200601
40200,507202986
40200,510155355
40200,510200601
40200,510202986
40200,510205565
40200,510227790
40200,512155355
40200,512199231
40200,512199236
40200,512200601
40200,512202986
40200,512203002
40200,512205565
40200,512227790
40200,514199236
40200,514200601
40200,514202986
40200,514203002
40200,514245054
40200,514254814
40200,514254980
40200,516199236
40200,516200601
40200,516233568
40200,516245054
40200,518199231
40200,518200601
40200,518208047
40200,518227790
40200,518233568
40200,518245054
40200,805200601
40200,805203002
40200,805254980
40200,806199231
40200,806227790
40200,806254980
40200,814155355
40200,830200601
40200,830233568
40200,830245054
40200,853199231
40200,853245054
40200,862199236
40200,863254980
40200,864155355
40200,864176403
40200,864191566
40238,201171877
40238,201179813
40238,206171877
40238,206179813
40238,207179813
40238,215179813
40238,216179813
40238,221179813
40238,231171877
40238,234171877
40238,234179813
40238,237179813
40238,252171877
40238,256179813
40238,260179813
40238,264179813
40238,265179813
40238,272179813
40238,273179813
40238,289179813
40238,300179813
40238,322171877
40238,500171877
40238,500179813
40238,501171877
40238,501179813
40238,502171877
40238,502179813
40238,506179813
40238,508179813
40238,511179813
40238,818179813
40238,835171877
40238,836171877
40238,849171877
40238,852171877
40238,861171877
40239,201198219
40239,206175943
40239,206185020
40239,206198219
40239,215175943
40239,216175943
40239,216198219
40239,221175943
40239,221185020
40239,221198219
40239,230198219
40239,231175943
40239,234175943
40239,241198219
40239,246185020
40239,250175943
40239,250198219
40239,251175943
40239,251198219
40239,252198219
40239,253175943
40239,253198219
40239,259198219
40239,267198219
40239,272175943
40239,289175943
40239,300198219
40239,323185020
40239,324175943
40239,324198219
40239,500175943
40239,500185020
40239,501175943
40239,501185020
40239,501198219
40239,502175943
40239,502185020
40239,502198219
40239,503175943
40239,503198219
40239,506175943
40239,506185020
40239,506198219
40239,508175943
40239,508185020
40239,508198219
40239,513198219
40239,515198219
40239,802175943
40239,802198219
40239,814198219
40239,818175943
40239,828175943
40239,836198219
40239,845198219
40240,100001075
40240,100001179
40240,100005984
40240,100006235
40240,100138956
40240,101001075
40240,101001179
40240,101005984
40240,101006235
40240,101138956
40240,110001075
40240,110001179
40240,110005984
40240,110006235
40240,110138956
40240,111001075
40240,113001179
40240,113173210
40240,214001075
40240,214001179
40240,214006235
40240,215138956
40240,216001075
40240,216006235
40240,216138956
40240,231001179
40240,231138956
40240,233006235
40240,234001075
40240,234001179
40240,234005984
40240,234006235
40240,234138956
40240,237001179
40240,237005984
40240,237006235
40240,251001075
40240,251001179
40240,251005984
40240,251006235
40240,252001075
40240,252001179
40240,252006235
40240,252138956
40240,253138956
40240,256001075
40240,256001179
40240,256005984
40240,256006235
40240,256138956
40240,259138956
40240,268001075
40240,268005984
40240,268006235
40240,272001075
40240,272001179
40240,272005984
40240,281173210
40240,283173210
40240,284001179
40240,289001179
40240,289138956
40240,508138956
40240,513138956
40240,801001075
40240,801005984
40240,801006235
40240,801173210
40240,802001075
40240,802005984
40240,802138956
40240,802173210
40240,813005984
40240,825001075
40240,827001075
40240,827001179
40240,827006235
40240,829001075
40240,829001179
40240,829006235
40240,836001075
40240,836001179
40240,840001075
40240,840001179
40240,840006235
40240,848001179
40240,848138956
40240,848173210
40240,850006235
40240,852001075
40240,852001179
40240,852006235
40240,861001075
40240,861001179
40240,861006235
40240,861138956
40240,861173210
40240,867006235
40240,867138956
40240,867173210
40241,100138956
40241,101138956
40241,110138956
40241,201138956
40241,201184344
40241,206138956
40241,206184344
40241,207184344
40241,212184344
40241,214138956
40241,214184344
40241,215138956
40241,216138956
40241,216184344
40241,221184344
40241,222184344
40241,231138956
40241,234138956
40241,234184344
40241,242138956
40241,242184344
40241,251184344
40241,252138956
40241,253138956
40241,253184344
40241,256138956
40241,256184344
40241,259138956
40241,259184344
40241,260138956
40241,260184344
40241,284184344
40241,289138956
40241,289184344
40241,323138956
40241,323184344
40241,500138956
40241,500184344
40241,501138956
40241,501184344
40241,502138956
40241,502184344
40241,503184344
40241,506138956
40241,506184344
40241,508138956
40241,508184344
40241,511184344
40241,513138956
40241,513184344
40241,802138956
40241,818184344
40241,848138956
40241,861138956
40241,867138956
40242,206188350
40242,206188545
40242,207192318
40242,210192318
40242,214188350
40242,214188545
40242,214192318
40242,215188350
40242,215188545
40242,216188350
40242,221188350
40242,221188545
40242,221192318
40242,222188350
40242,222188545
40242,230188350
40242,230188545
40242,234188545
40242,234192318
40242,237188545
40242,240188545
40242,242188350
40242,242188545
40242,250188545
40242,251188350
40242,251188545
40242,251192318
40242,252188350
40242,252188545
40242,256188545
40242,256192318
40242,258188545
40242,260188545
40242,264188545
40242,264192318
40242,267188350
40242,267188545
40242,270192318
40242,272192318
40242,273188545
40242,279188545
40242,280188350
40242,280192318
40242,283192318
40242,284188350
40242,284192318
40242,287188350
40242,287188545
40242,289188545
40242,291192318
40242,500188350
40242,500188545
40242,501188350
40242,501188545
40242,502188350
40242,502188545
40242,502192318
40242,503188350
40242,503188545
40242,506188350
40242,506188545
40242,508188350
40242,508188545
40242,511188350
40242,511188545
40242,511192318
40242,513188350
40242,513188545
40242,513192318
40242,515188350
40242,515188545
40242,515192318
40242,517188350
40242,517188545
40242,802188350
40242,808188545
40242,810188350
40242,810188545
40242,814188545
40242,814192318
40242,815188545
40242,820188545
40242,825188545
40242,828188545
40242,828192318
40242,829188350
40242,829192318
40242,832188545
40242,834188545
40242,836188350
40242,836188545
40242,844188545
40242,846188545
40242,848188350
40242,848188545
40242,848192318
40242,852188350
40242,852188545
40242,855188545
40242,856188545
40243,201178603
40243,201183556
40243,206173771
40243,206178603
40243,206188802
40243,207178603
40243,214173771
40243,214178603
40243,214183556
40243,214188802
40243,218178603
40243,221173771
40243,221178603
40243,221188802
40243,222178603
40243,230178603
40243,231173771
40243,234173771
40243,234178603
40243,237173771
40243,241178603
40243,242173771
40243,242178603
40243,246173771
40243,246183556
40243,246188802
40243,250178603
40243,251178603
40243,252188802
40243,253178603
40243,256178603
40243,256188802
40243,259178603
40243,272178603
40243,280178603
40243,284178603
40243,320173771
40243,320183556
40243,321188802
40243,324178603
40243,500173771
40243,500183556
40243,501173771
40243,501178603
40243,501183556
40243,501188802
40243,502173771
40243,502178603
40243,502183556
40243,503178603
40243,503183556
40243,506173771
40243,506178603
40243,508178603
40243,511178603
40243,513178603
40243,802178603
40243,808178603
40243,810178603
40243,814178603
40243,815178603
40244,100007512
40244,100013128
40244,100138449
40244,101007512
40244,101013128
40244,101138449
40244,110007512
40244,110013128
40244,110138449
40244,111013128
40244,111138449
40244,113138449
40244,201007512
40244,201013128
40244,207007512
40244,207013128
40244,214007512
40244,214013128
40244,216007512
40244,216013128
40244,234007512
40244,234013128
40244,237007512
40244,237013128
40244,237138449
40244,252013128
40244,254007512
40244,254013128
40244,256007512
40244,264138449
40244,268007512
40244,268013128
40244,268138449
40244,272138449
40244,274138449
40244,284138449
40244,289013128
40244,814007512
40244,814013128
40244,814138449
40244,821007512
40244,825013128
40244,825138449
40244,827007512
40244,827013128
40244,827138449
40244,829007512
40244,829138449
40244,836007512
40244,839013128
40244,840007512
40244,848007512
40244,850013128
40244,850138449
40244,861007512
40244,861013128
40244,861138449
40244,868007512
40244,868013128
40244,868138449
40245,100004202
40245,100007763
40245,101004202
40245,101007763
40245,110004202
40245,110007763
40245,201004202
40245,207004202
40245,214004202
40245,216004202
40245,234004202
40245,246004202
40245,249007763
40245,251004202
40245,251007763
40245,256007763
40245,264007763
40245,268004202
40245,268007763
40245,272004202
40245,272007763
40245,289007763
40245,801007763
40245,802004202
40245,802007763
40245,814007763
40245,821007763
40245,825004202
40245,825007763
40245,827004202
40245,827007763
40245,850007763
40245,852004202
40245,861004202
40245,861007763
40245,867004202
40246,206203574
40246,207203574
40246,210203574
40246,215203574
40246,217203574
40246,217239818
40246,221203574
40246,230239818
40246,242203574
40246,242239818
40246,246203574
40246,250203574
40246,250239818
40246,253203574
40246,253239818
40246,256203574
40246,258239818
40246,260203574
40246,260239818
40246,267239818
40246,272203574
40246,273203574
40246,273239818
40246,279239818
40246,280203574
40246,280239818
40246,287239818
40246,297203574
40246,300203574
40246,300239818
40246,500203574
40246,501203574
40246,502203574
40246,506239818
40246,508203574
40246,508239818
40246,511239818
40246,513203574
40246,513239818
40246,515203574
40246,515239818
40246,517203574
40246,517239818
40246,807239818
40246,808203574
40246,810203574
40246,810239818
40246,815203574
40246,815239818
40246,825203574
40246,825239818
40246,828239818
40246,832239818
40246,834203574
40246,834239818
40246,836239818
40246,848203574
40246,848239818
40246,856203574
40246,856239818
40246,863239818
40247,201192505
40247,206192505
40247,207192505
40247,210192505
40247,216192505
40247,217231478
40247,218192505
40247,219231478
40247,230192505
40247,230231478
40247,234192505
40247,241192505
40247,250192505
40247,250231478
40247,251192505
40247,253192505
40247,259192505
40247,259231478
40247,260192505
40247,260231478
40247,267231478
40247,270192505
40247,272192505
40247,273192505
40247,273231478
40247,279231478
40247,280192505
40247,280231478
40247,284192505
40247,287231478
40247,289192505
40247,300192505
40247,300231478
40247,501192505
40247,501231478
40247,502192505
40247,502231478
40247,503192505
40247,503231478
40247,506192505
40247,506231478
40247,508192505
40247,508231478
40247,511192505
40247,511231478
40247,513231478
40247,515192505
40247,515231478
40247,517192505
40247,517231478
40247,596192505
40247,596231478
40247,808231478
40247,810231478
40247,815192505
40247,820231478
40247,826192505
40247,828192505
40247,828231478
40247,829192505
40247,829231478
40247,832231478
40247,834231478
40247,836192505
40247,836231478
40247,840192505
40247,844192505
40247,845231478
40247,846192505
40247,848192505
40247,848231478
40247,855192505
40247,855231478
40247,856231478
40247,863192505
40247,863231478
40247,866231478
40248,100005471
40248,100031432
40248,101005471
40248,101031432
40248,110005471
40248,110031432
40248,111031432
40248,113031432
40248,214005471
40248,216005471
40248,233005471
40248,233031432
40248,234005471
40248,234031432
40248,237031432
40248,251005471
40248,252005471
40248,252031432
40248,254005471
40248,254031432
40248,256005471
40248,256031432
40248,264005471
40248,264031432
40248,268005471
40248,268031432
40248,283005471
40248,284031432
40248,289005471
40248,289031432
40248,802005471
40248,813031432
40248,814005471
40248,814031432
40248,825005471
40248,825031432
40248,827005471
40248,827031432
40248,829005471
40248,829031432
40248,836005471
40248,840005471
40248,840031432
40248,846005471
40248,846031432
40248,848005471
40248,848031432
40248,850005471
40248,852005471
40248,852031432
40248,861005471
40248,861031432
40248,867031432
40248,868005471
40249,201188427
40249,206165109
40249,216188427
40249,234188427
40249,242165109
40249,242188427
40249,320188427
40249,322165109
40249,501165109
40249,501188427
40249,502165109
40249,502188427
40249,503165109
40249,503188427
40250,206192387
40250,206198706
40250,206223848
40250,207192387
40250,210223848
40250,216192387
40250,230192387
40250,230198706
40250,230223848
40250,241192387
40250,241198706
40250,242192387
40250,242198706
40250,242223848
40250,250192387
40250,250223848
40250,251192387
40250,253192387
40250,259192387
40250,267192387
40250,267223848
40250,273223848
40250,279192387
40250,279223848
40250,287223848
40250,300192387
40250,300223848
40250,323198706
40250,500192387
40250,500198706
40250,500223848
40250,501192387
40250,501198706
40250,501223848
40250,502192387
40250,502198706
40250,502223848
40250,503192387
40250,503198706
40250,503223848
40250,506192387
40250,506198706
40250,506223848
40250,508192387
40250,508198706
40250,508223848
40250,511192387
40250,511198706
40250,511223848
40250,513223848
40250,515223848
40250,517223848
40250,808223848
40250,810192387
40250,810198706
40250,814223848
40250,815223848
40250,820223848
40250,836223848
40250,844223848
40250,852192387
40250,867223848
40251,206199110
40251,206200647
40251,215200647
40251,215215333
40251,216200647
40251,218199110
40251,221199110
40251,221200647
40251,221215333
40251,230200647
40251,234200647
40251,242199110
40251,242200647
40251,242215333
40251,250199110
40251,265215333
40251,300199110
40251,300215333
40251,321200647
40251,500199110
40251,500200647
40251,500215333
40251,501199110
40251,501200647
40251,501215333
40251,502199110
40251,502200647
40251,502215333
40251,503199110
40251,503200647
40251,506200647
40251,506215333
40251,508199110
40251,508200647
40251,508215333
40251,511199110
40251,511215333
40251,515199110
40251,515215333
40251,517215333
40251,826215333
40253,100138956
40253,101138956
40253,110138956
40253,258205498
40253,258230621
40253,267192387
40253,267198219
40253,267210935
40253,267224232
40253,279192387
40253,280217870
40253,280237383
40253,283230621
40253,284210935
40253,287199556
40253,287217870
40253,287224232
40253,289138956
40253,289184344
40253,290235805
40253,291222077
40253,291239613
40253,802138956
40253,802198219
40253,808210935
40253,808217870
40253,808224232
40253,808235805
40253,808237383
40253,810192387
40253,810217870
40253,810224232
40253,814198219
40253,814205498
40253,814212404
40253,814235805
40253,815230621
40253,818184344
40253,820230621
40253,820237383
40253,825205498
40253,825210736
40253,826208268
40253,826210736
40253,826217870
40253,826222077
40253,826224232
40253,826235805
40253,828205498
40253,828230621
40253,829224232
40253,829237383
40253,832230621
40253,832237383
40253,834222077
40253,834224232
40253,834230621
40253,836230621
40253,836237383
40253,840202884
40253,840205498
40253,840208268
40253,840210736
40253,840224232
40253,844217870
40253,844222077
40253,844224232
40253,844237383
40253,845198219
40253,845199845
40253,845205498
40253,845208596
40253,845210736
40253,845217870
40253,845222077
40253,845224232
40253,845230621
40253,845235805
40253,848138956
40253,848217870
40253,848224232
40253,848225116
40253,848237383
40253,852192387
40253,854230621
40253,855224232
40253,855237383
40253,856199845
40253,856222077
40253,856224232
40253,856230621
40253,856237383
40253,861138956
40253,866222077
40253,866230621
40253,867138956
40253,867210935
40253,867217870
40253,867222077
40253,867224232
40254,210223197
40254,210231777
40254,215124375
40254,216207790
40254,218231887
40254,219235889
40254,219239890
40254,221238160
40254,230232119
40254,234124375
40254,238243245
40254,242238160
40254,242239890
40254,250124375
40254,250224490
40254,260124375
40254,260208128
40254,260224490
40254,262238160
40254,264208128
40254,265223197
40254,265238160
40254,267208128
40254,267243245
40254,270223197
40254,270235889
40254,280208128
40254,283243245
40254,287208128
40254,287243245
40254,291223197
40254,300208128
40254,501205201
40254,501208128
40254,501235889
40254,502205201
40254,502207790
40254,502208128
40254,502224490
40254,502231887
40254,502235889
40254,503207790
40254,503208128
40254,503223197
40254,503232119
40254,503239890
40254,506124375
40254,506208128
40254,506224490
40254,508124375
40254,508208128
40254,508224490
40254,508231887
40254,508232119
40254,511208128
40254,511223197
40254,511224490
40254,511231887
40254,511238160
40254,513208128
40254,513223197
40254,515208128
40254,517208128
40254,810208128
40254,814208128
40254,814223197
40254,815190113
40254,815208128
40254,815223197
40254,815224490
40254,815225403
40254,815226300
40254,815232119
40254,815235889
40254,815238160
40254,815243245
40254,815258580
40254,820208128
40254,820243245
40254,829208128
40254,832208128
40254,834208128
40254,834243245
40254,834258580
40254,840224490
40254,844243245
40254,844258580
40254,848224490
40254,852208128
40254,852232119
40254,856208128
40254,856226300
40254,863208128
40254,863224490
40254,863226300
40254,863238160
40254,863243245
40254,863243526
40254,863258580
40254,867208128
40255,100173731
40255,101173731
40255,110173731
40255,113173731
40255,206173731
40255,206186561
40255,206205923
40255,207173731
40255,210173731
40255,210186561
40255,214173731
40255,216170084
40255,216173731
40255,219220196
40255,221173731
40255,221186561
40255,221205923
40255,231170084
40255,231173731
40255,231186561
40255,234170084
40255,234173731
40255,234184716
40255,234186561
40255,238232104
40255,238235735
40255,238243057
40255,242186561
40255,242243057
40255,251170084
40255,251173731
40255,251173752
40255,251184716
40255,251186561
40255,251205923
40255,251207998
40255,253173731
40255,253173752
40255,253184716
40255,253186561
40255,253205923
40255,253207998
40255,253216627
40255,253220196
40255,253220677
40255,253220710
40255,253225147
40255,253228815
40255,253229266
40255,253232104
40255,253233201
40255,253235735
40255,253243057
40255,253243349
40255,256173731
40255,260173731
40255,264186561
40255,273173731
40255,273184716
40255,273186561
40255,273205923
40255,273207998
40255,273216627
40255,273220677
40255,273220710
40255,273225147
40255,273229266
40255,273232104
40255,273233201
40255,273235735
40255,273243057
40255,280205923
40255,289170084
40255,291235735
40255,500173731
40255,501173731
40255,501186561
40255,502173731
40255,502186561
40255,503232104
40255,506173731
40255,506186561
40255,508173731
40255,508232104
40255,511186561
40255,511207998
40255,511220196
40255,802186561
40255,802205923
40255,804248687
40255,814232104
40255,825173731
40255,827173731
40255,829173731
40255,836173731
40255,846173731
40255,848173731
40255,851243057
40255,861173731
40255,866220710
40256,250193408
40256,250202024
40256,253190059
40256,253193348
40256,253193408
40256,253199503
40256,253202024
40256,253222357
40256,253229237
40256,256193348
40256,273193348
40256,273193352
40256,273202024
40256,273216158
40256,273221491
40256,273222357
40256,273229237
40256,273229261
40256,279235073
40256,280229237
40256,280229752
40256,280235073
40256,287235073
40256,289193348
40256,289193352
40256,289199503
40256,291193352
40256,291199503
40256,291210047
40256,291221491
40256,291229752
40256,515235073
40256,517235073
40256,808199503
40256,808235073
40256,810177683
40256,810229237
40256,810235073
40256,814193348
40256,814199503
40256,815177683
40256,815193348
40256,815193352
40256,815199503
40256,815202024
40256,815210047
40256,815215556
40256,815221491
40256,815229237
40256,815229261
40256,815238581
40256,820177683
40256,820199503
40256,820235073
40256,825193348
40256,825229237
40256,826193352
40256,826202024
40256,826210047
40256,826221491
40256,829229237
40256,829235073
40256,832199503
40256,832235073
40256,834177683
40256,834199503
40256,834215556
40256,834222357
40256,834229237
40256,834229261
40256,834235073
40256,840199503
40256,840229752
40256,844199503
40256,844229261
40256,848199503
40256,851202024
40256,851210047
40256,852193352
40256,852202024
40256,852229237
40256,856177683
40256,856229237
40256,856235073
40256,863193352
40256,863199503
40256,863202024
40256,863216158
40256,863221491
40256,863222357
40256,863229237
40256,863229261
40256,863229752
40256,863235073
40256,863238581
40256,866199503
40256,866229237
40256,866235073
40256,867199503
40256,867210047
40257,215190460
40257,216163587
40257,216190460
40257,216207791
40257,221224221
40257,222190460
40257,231179645
40257,233163587
40257,234190460
40257,242193290
40257,246163587
40257,246228687
40257,252163587
40257,252179645
40257,253163587
40257,253172522
40257,253179645
40257,253193133
40257,253193283
40257,253193290
40257,253202849
40257,253207791
40257,253213648
40257,253213661
40257,253228687
40257,253234678
40257,253241508
40257,256190460
40257,256200108
40257,259179645
40257,260213661
40257,262241508
40257,270190460
40257,273163587
40257,273172522
40257,273179645
40257,273193133
40257,273193283
40257,273207791
40257,273210697
40257,273213648
40257,273213661
40257,273224221
40257,273234678
40257,273240017
40257,273241508
40257,276241522
40257,280179645
40257,280213648
40257,280240017
40257,283190460
40257,289179645
40257,289190460
40257,291213648
40257,291224221
40257,291229723
40257,513190460
40257,513213648
40257,513213661
40257,515201269
40257,515213648
40257,515213661
40257,515241522
40257,517201269
40257,517213648
40257,517234678
40257,517241522
40257,802163587
40257,802207791
40257,810207791
40257,810213661
40257,815163587
40257,815179645
40257,815190460
40257,815193133
40257,815193290
40257,815207791
40257,815210697
40257,815213648
40257,815213661
40257,815224221
40257,815229723
40257,815234678
40257,815240017
40257,815241508
40257,815241522
40257,825213661
40257,826210697
40257,826224221
40257,826234678
40257,826241522
40257,834163587
40257,840213661
40257,844213648
40257,844241508
40257,846190460
40257,848207791
40257,851210697
40257,851241522
40257,855213648
40258,230190941
40258,234190362
40258,234190941
40258,241190941
40258,264190941
40258,289190362
40258,300190362
40258,300190941
40258,300199904
40258,300207593
40258,300213654
40258,300213763
40258,300220165
40258,300221486
40258,300228312
40258,300230055
40258,300234291
40258,300234298
40258,300234300
40258,300234889
40258,300239944
40258,300241523
40258,300245685
40258,300258599
40258,317234300
40258,319245685
40258,321164858
40258,321216273
40258,322157734
40258,322198479
40258,322245685
40258,323194163
40258,323208018
40258,323230055
40258,324172232
40258,324241475
40258,501190941
40258,502190362
40258,502190941
40258,503190362
40258,503190941
40258,503199904
40258,506190941
40258,508190362
40258,508190941
40258,511190941
40258,513190941
40258,515190941
40258,517190941
40258,834190941
40258,840213654
40258,848190941
40259,113183277
40259,114183277
40259,240192985
40259,258192985
40259,259192505
40259,260192119
40259,267192985
40259,272172871
40259,272183277
40259,272192505
40259,272192985
40259,272202371
40259,273192505
40259,273192985
40259,278192119
40259,278192985
40259,280192119
40259,280192985
40259,283183277
40259,284208418
40259,287192985
40259,289172871
40259,289177413
40259,289192119
40259,289192505
40259,802175943
40259,807192985
40259,810177413
40259,810207421
40259,810246420
40259,814177413
40259,814208418
40259,815192505
40259,815216393
40259,815246420
40259,818175943
40259,825192119
40259,825192985
40259,826177413
40259,826192505
40259,826222501
40259,827183277
40259,828192119
40259,828192505
40259,828192985
40259,829177413
40259,829192119
40259,829192505
40259,829207421
40259,834173426
40259,834192119
40259,834200155
40259,834202371
40259,834207421
40259,834216393
40259,834246420
40259,835183277
40259,836183277
40259,836192505
40259,836192985
40259,840183277
40259,840192119
40259,840192505
40259,844184111
40259,844192119
40259,844192505
40259,844199641
40259,846183277
40259,846192119
40259,846192505
40259,846192985
40259,848183277
40259,848192119
40259,848192505
40259,848192985
40259,848208418
40259,848216393
40259,851207421
40259,852192985
40259,852216393
40259,852222501
40259,855192119
40259,855192505
40259,856192119
40259,856200155
40259,856207421
40259,856246420
40259,861183277
40259,863192119
40259,863192505
40259,863192985
40259,863200155
40259,863202371
40259,863207421
40259,863216393
40259,863222501
40259,863246420
40259,866192119
40259,866208418
40259,868183277
40261,287186345
40261,287202126
40261,287231677
40261,287246669
40261,287252371
40261,290252371
40261,802202126
40261,807202126
40261,807252371
40261,808206517
40261,808246669
40261,810202126
40261,810234378
40261,810237692
40261,810246669
40261,810252371
40261,815246669
40261,815252371
40261,820202126
40261,820231936
40261,820234378
40261,820237692
40261,820246669
40261,820252371
40261,825203574
40261,825206517
40261,825229984
40261,825233064
40261,825238074
40261,825252371
40261,826188377
40261,829183711
40261,829202652
40261,829233049
40261,829234378
40261,829246669
40261,829252371
40261,831252371
40261,832202126
40261,832234378
40261,832237692
40261,832246669
40261,834202126
40261,834234378
40261,834237692
40261,834246669
40261,834252371
40261,836202126
40261,836202652
40261,836233049
40261,836233064
40261,836237692
40261,836246669
40261,836252371
40261,839246669
40261,840205988
40261,840231677
40261,844202126
40261,844233306
40261,844234378
40261,844246669
40261,844252371
40261,846186345
40261,846231677
40261,848186345
40261,848188377
40261,848202126
40261,848202652
40261,848203574
40261,848237692
40261,848252371
40261,851204935
40261,852183711
40261,852206517
40261,852233049
40261,852237692
40261,854234378
40261,855202126
40261,855252371
40261,856186345
40261,856202126
40261,856231677
40261,856234378
40261,856237692
40261,856238074
40261,856246669
40261,856252371
40261,863202126
40261,863204935
40261,863231677
40261,863234378
40261,863237692
40261,863238074
40261,863246669
40261,863252371
40261,866202126
40261,866234378
40261,866238074
40261,867203263
40261,867252371
40262,250216354
40262,256177003
40262,256207410
40262,259177003
40262,260177003
40262,265181458
40262,265216352
40262,267177003
40262,267216352
40262,267251517
40262,270181458
40262,270251517
40262,272177003
40262,272181458
40262,272199206
40262,272216352
40262,272220018
40262,273177003
40262,273181458
40262,273207410
40262,273216352
40262,273216354
40262,273223273
40262,273251517
40262,274177003
40262,278177003
40262,279181458
40262,279216352
40262,279251517
40262,280177003
40262,280181458
40262,280207410
40262,280216352
40262,280251517
40262,287177003
40262,289177003
40262,289181458
40262,289199206
40262,291216354
40262,291241095
40262,802177003
40262,808177003
40262,810177003
40262,810207410
40262,810251517
40262,814216352
40262,815177003
40262,815181458
40262,815207410
40262,815216352
40262,815216354
40262,815223273
40262,815241671
40262,815241673
40262,815251517
40262,815252931
40262,815257771
40262,818177003
40262,820188335
40262,825177003
40262,825207410
40262,826201144
40262,826216354
40262,826241095
40262,828177003
40262,828251517
40262,829177003
40262,829216352
40262,832251517
40262,834177003
40262,834223273
40262,834251517
40262,836177003
40262,836251517
40262,840207410
40262,840223273
40262,840241673
40262,844188335
40262,846177003
40262,846188335
40262,848177003
40262,848216352
40262,848223273
40262,851216354
40262,851251517
40262,856223273
40262,856251517
40262,863177003
40262,863181458
40262,863188335
40262,863216354
40262,863223273
40262,863225263
40262,863241095
40262,863241671
40262,863251517
40262,866177003
40262,866216354
40262,866241095
40262,867216352
40263,218184200
40263,221204923
40263,230201922
40263,230204923
40263,241204923
40263,242197445
40263,250204923
40263,252189606
40263,253184200
40263,253197445
40263,253199439
40263,253201922
40263,253204923
40263,253209532
40263,253223724
40263,253225375
40263,253228336
40263,253233195
40263,253242187
40263,256197445
40263,259197445
40263,260169324
40263,260197445
40263,262242187
40263,264197445
40263,267197445
40263,270233195
40263,280197445
40263,280233195
40263,283197445
40263,283242187
40263,289184200
40263,291199439
40263,291223671
40263,291229071
40263,291242187
40263,511197445
40263,513184200
40263,513197445
40263,513204923
40263,513225375
40263,513233195
40263,515184200
40263,515197445
40263,515204923
40263,515225375
40263,515231366
40263,515233195
40263,515242187
40263,517197445
40263,517204923
40263,517225375
40263,517231366
40263,517233195
40263,802193254
40263,802197445
40263,810184200
40263,810197445
40263,810204923
40263,810225375
40263,810233195
40263,810242187
40263,814184200
40263,814204923
40263,815184200
40263,815197445
40263,815199439
40263,815204923
40263,815215522
40263,815223671
40263,815225375
40263,815228336
40263,815231366
40263,815233195
40263,815239901
40263,815242187
40263,825197445
40263,826223671
40263,826228336
40263,826233195
40263,834204923
40263,834225375
40263,836197445
40263,848197445
40263,848204923
40263,852225375
40263,856204923
40263,856225375
40263,863184200
40263,863197445
40263,863199439
40263,863204923
40263,863215522
40263,863223671
40263,863225375
40263,863231366
40263,863233195
40263,863242187
40263,866242187
40263,867193254
40264,214137506
40264,219241390
40264,221241390
40264,234137506
40264,246137506
40264,280241390
40264,300206006
40264,300211348
40264,300237239
40264,300241390
40264,300251545
40264,318205138
40264,319255410
40264,320205138
40264,320223568
40264,320245707
40264,320251452
40264,320258798
40264,321137506
40264,322204350
40264,324204350
40264,324205965
40264,324216350
40264,501237239
40264,502237239
40264,503137506
40264,503237239
40264,508211348
40264,511211348
40264,515241390
40264,810241390
40264,848241390
40265,250202556
40265,264202556
40265,267242516
40265,267246104
40265,272002147
40265,272181291
40265,272190815
40265,272198176
40265,273202556
40265,273228702
40265,279242516
40265,280235243
40265,283181291
40265,283190815
40265,283198176
40265,283242516
40265,284190815
40265,284203483
40265,287235243
40265,289190815
40265,291228702
40265,802190815
40265,810189805
40265,810198176
40265,810208920
40265,810231447
40265,810233096
40265,815198176
40265,815208920
40265,815223689
40265,815231447
40265,815233096
40265,815242516
40265,820189805
40265,820231447
40265,820240679
40265,825181291
40265,825208920
40265,826190815
40265,826208461
40265,826223689
40265,828228702
40265,828235243
40265,829181291
40265,829189805
40265,829198176
40265,829208004
40265,829231447
40265,829233096
40265,829242516
40265,834189805
40265,834198176
40265,834200110
40265,834208461
40265,834208920
40265,834228702
40265,834233096
40265,834240679
40265,834242516
40265,834246104
40265,834251805
40265,836228702
40265,836235243
40265,836246104
40265,836251805
40265,840190815
40265,840208004
40265,840208461
40265,840235243
40265,840240679
40265,844189805
40265,844233096
40265,844246104
40265,846181291
40265,848198176
40265,851208461
40265,851251805
40265,852190815
40265,852228702
40265,855228702
40265,855233096
40265,855246104
40265,856208461
40265,856228702
40265,856233096
40265,856240679
40265,856242516
40265,856246104
40265,856251805
40265,863202556
40265,863208920
40265,863223689
40265,863228702
40265,863231447
40265,863233096
40265,863242516
40265,863246104
40265,863251805
40265,866251805
40265,867208461
40266,206142902
40266,206187754
40266,206194794
40266,206206413
40266,207194794
40266,210206414
40266,218231969
40266,221227813
40266,221231969
40266,234142902
40266,234194794
40266,234206413
40266,242227813
40266,242231969
40266,253187754
40266,253194794
40266,253206413
40266,253206414
40266,253206544
40266,253213928
40266,253220948
40266,253227813
40266,253229528
40266,253231969
40266,253237109
40266,253240309
40266,253240702
40266,253244368
40266,253244369
40266,253244374
40266,253244380
40266,253244385
40266,253258781
40266,256227813
40266,260227813
40266,260240702
40266,270227813
40266,276244380
40266,280240702
40266,287227813
40266,291244380
40266,297227813
40266,300194794
40266,300206413
40266,300220948
40266,300227813
40266,300229528
40266,300231969
40266,300237055
40266,300237109
40266,300240702
40266,300242458
40266,300244369
40266,300244374
40266,300244380
40266,300244385
40266,300245132
40266,300250753
40266,300258308
40266,300258781
40266,300259913
40266,319244368
40266,321187754
40266,321206544
40266,321240309
40266,322142902
40266,322244368
40266,501194794
40266,502194794
40266,502227813
40266,502231969
40266,503227813
40266,506231969
40266,508231969
40266,511227813
40266,511231969
40266,511244380
40266,513231969
40266,513244369
40266,515242458
40266,515244369
40266,517242458
40266,517244369
40266,517258781
40266,804250753
40266,804258781
40266,810227813
40266,815244380
40266,815259913
40266,820242458
40266,826244369
40266,826244380
40266,829227813
40266,832242458
40266,834250753
40266,851242458
40266,851244380
40266,856250753
40266,856258781
40266,856259913
40267,214216267
40267,215207807
40267,215216267
40267,219226491
40267,220216267
40267,221216267
40267,230216267
40267,238237238
40267,238245992
40267,241216267
40267,242216267
40267,242245992
40267,260216267
40267,260237238
40267,270245992
40267,280216267
40267,283237238
40267,291210881
40267,291216267
40267,300210881
40267,300211093
40267,300213884
40267,300216267
40267,300226093
40267,300237238
40267,500216267
40267,501207807
40267,501216267
40267,502207807
40267,502216267
40267,502237238
40267,503189177
40267,503202282
40267,503210881
40267,503216267
40267,503226491
40267,503237238
40267,506216267
40267,506226491
40267,506237238
40267,508216267
40267,508226491
40267,508245992
40267,511210881
40267,511216267
40267,511225316
40267,511226093
40267,513216267
40267,513226491
40267,515210881
40267,515216267
40267,515237238
40267,517210881
40267,517237238
40267,802189456
40267,804257896
40267,810225974
40267,810226491
40267,815198904
40267,815202282
40267,815210881
40267,815211093
40267,815213884
40267,815216267
40267,815225316
40267,815225974
40267,815226093
40267,815226491
40267,815226508
40267,815237238
40267,815245992
40267,815247279
40267,815257896
40267,825216267
40267,826210881
40267,826213884
40267,829216267
40267,834210881
40267,834211093
40267,834216267
40267,834226508
40267,840237238
40267,844237238
40267,846216267
40267,846237238
40267,848216267
40267,852237238
40267,855237238
40267,856216267
40267,863198904
40267,863210881
40267,863213884
40267,863216267
40267,863225974
40267,863226093
40267,863226491
40267,863237238
40267,863245992
40267,863247279
40267,866237238
40268,206201262
40268,214234236
40268,221234236
40268,234201262
40268,238246618
40268,242204120
40268,250236792
40268,251184290
40268,251201262
40268,253184290
40268,253188038
40268,253198331
40268,253201122
40268,253201262
40268,253203605
40268,253204120
40268,253204121
40268,253204125
40268,253205478
40268,253226592
40268,253234236
40268,253236791
40268,253236792
40268,253243007
40268,253244470
40268,253246618
40268,253247028
40268,253247030
40268,253251116
40268,265234236
40268,265236792
40268,267234236
40268,270246618
40268,291236792
40268,300234236
40268,300236792
40268,300245209
40268,300246618
40268,300251116
40268,300255687
40268,500200332
40268,500203605
40268,500204120
40268,501201262
40268,501203605
40268,501204120
40268,501234236
40268,501236791
40268,502200332
40268,502201262
40268,502203605
40268,502204120
40268,502234236
40268,502236791
40268,503201262
40268,503203605
40268,503204120
40268,503234236
40268,503236791
40268,506203605
40268,506204120
40268,508201262
40268,508203605
40268,508234236
40268,508236791
40268,508236792
40268,511201262
40268,511203605
40268,511234236
40268,511236791
40268,511236792
40268,511244470
40268,511246618
40268,513234236
40268,513236791
40268,515234236
40268,517234236
40268,517246618
40268,815204121
40268,815236792
40268,815244470
40268,815246618
40268,815247028
40268,815251116
40268,815255687
40268,826203605
40268,826236792
40268,834234236
40268,840246618
40268,844234236
40268,851236792
40268,851246618
40268,855234236
40268,856234236
40268,863234236
40268,863236792
40268,863244470
40268,863245209
40268,863251116
40268,866244470
40269,206188545
40269,214188545
40269,215188545
40269,221186153
40269,221188545
40269,221210406
40269,222188545
40269,230186153
40269,230188545
40269,231164835
40269,231197242
40269,233190547
40269,234188545
40269,234190547
40269,237188545
40269,240188545
40269,242186153
40269,242188545
40269,250186153
40269,250188545
40269,251164835
40269,251188545
40269,251190547
40269,251197242
40269,252188545
40269,256186153
40269,256188545
40269,258188545
40269,260186153
40269,260188545
40269,264188545
40269,265186153
40269,267188545
40269,273186153
40269,273188545
40269,273190547
40269,273197242
40269,273199763
40269,273210406
40269,273212138
40269,273220570
40269,273239778
40269,276239778
40269,279186153
40269,279188545
40269,280210406
40269,283186153
40269,287186153
40269,287188545
40269,289188545
40269,289190547
40269,502188545
40269,503188545
40269,506186153
40269,506188545
40269,508186153
40269,508188545
40269,511164835
40269,511186153
40269,511188545
40269,511210406
40269,513186153
40269,513188545
40269,513189908
40269,515188545
40269,515189908
40269,515210406
40269,515212138
40269,517188545
40269,801186153
40269,808186153
40269,808188545
40269,810188545
40269,810210406
40269,814188545
40269,815188545
40269,815210406
40269,815212138
40269,820186153
40269,820188545
40269,825188545
40269,828188545
40269,829212138
40269,832188545
40269,834188545
40269,834210406
40269,836188545
40269,844188545
40269,846164835
40269,846188545
40269,848188545
40269,848210406
40269,852186153
40269,852188545
40269,852189908
40269,855188545
40269,856188545
40269,856210406
40269,866210406
40269,866220570
40270,201171877
40270,206171877
40270,207232363
40270,216190875
40270,221216435
40270,222232363
40270,231171877
40270,233190854
40270,234171877
40270,234190875
40270,237190854
40270,250232363
40270,252171877
40270,259232363
40270,260232363
40270,267232363
40270,280216435
40270,280232363
40270,287216435
40270,287247103
40270,300209232
40270,300216435
40270,300219585
40270,300220407
40270,300222148
40270,300222951
40270,300227562
40270,300232363
40270,300234728
40270,300240988
40270,300244791
40270,300247103
40270,300255233
40270,317198193
40270,319198193
40270,321190875
40270,322171877
40270,500171877
40270,500232363
40270,501171877
40270,501190875
40270,501216435
40270,501220407
40270,501232363
40270,502171877
40270,502190875
40270,502216435
40270,502220407
40270,502222148
40270,502232363
40270,503190875
40270,503216435
40270,503220407
40270,503232363
40270,506220407
40270,506232363
40270,508220407
40270,508232363
40270,511232363
40270,513232363
40270,515216435
40270,515232363
40270,517216435
40270,517240988
40270,517247103
40270,810216435
40270,810232363
40270,810240988
40270,815190854
40270,815198193
40270,815209232
40270,815216435
40270,815220407
40270,815222148
40270,815227562
40270,815232363
40270,815234728
40270,815240988
40270,815244791
40270,815247103
40270,815255233
40270,815255409
40270,815263287
40270,820247103
40270,826216435
40270,826222148
40270,829232363
40270,834247103
40270,835171877
40270,836171877
40270,844247103
40270,848216435
40270,848232363
40270,849171877
40270,851216435
40270,851219585
40270,851240988
40270,852171877
40270,856247103
40270,861171877
40271,280231866
40271,283189511
40271,287211688
40271,287231866
40271,287251854
40271,289189511
40271,802189332
40271,802189511
40271,802193747
40271,807231866
40271,808201153
40271,808208093
40271,808211688
40271,808251854
40271,810201153
40271,810231866
40271,814189511
40271,814212218
40271,814226161
40271,815212218
40271,815226271
40271,815231866
40271,820189332
40271,820189511
40271,820230869
40271,820231866
40271,821230142
40271,821244260
40271,821245037
40271,821251854
40271,825184432
40271,825189332
40271,825189511
40271,825201153
40271,825212218
40271,825231866
40271,826208093
40271,826226161
40271,828231866
40271,829189332
40271,829189511
40271,831231866
40271,832230869
40271,832251854
40271,834226161
40271,834226271
40271,834244260
40271,834251854
40271,836189511
40271,836231866
40271,836251854
40271,840184432
40271,840193080
40271,840193747
40271,840208093
40271,840241464
40271,844189332
40271,844193080
40271,844251854
40271,845189332
40271,845189511
40271,845212218
40271,845226271
40271,845230869
40271,845231866
40271,845244260
40271,846193747
40271,848189332
40271,848189511
40271,848211688
40271,848226161
40271,848231866
40271,851226161
40271,852189332
40271,852189511
40271,852230142
40271,852241461
40271,852251854
40271,854251854
40271,855226161
40271,856226161
40271,856226271
40271,856228789
40271,856231866
40271,856241461
40271,856244260
40271,856251854
40271,863212218
40271,863226161
40271,863226271
40271,863230142
40271,863230869
40271,863231866
40271,863241461
40271,863251854
40271,866226161
40271,866230142
40271,866245037
40271,866251854
40271,867211688
40272,206181318
40272,206190120
40272,206207555
40272,206207650
40272,206208448
40272,206212678
40272,207221660
40272,210233731
40272,219233731
40272,221208448
40272,234156713
40272,234164459
40272,234176942
40272,238247394
40272,242208448
40272,242247394
40272,246221660
40272,250233731
40272,253164459
40272,253176733
40272,253176942
40272,253177448
40272,253181318
40272,253181343
40272,253206114
40272,253207555
40272,253207557
40272,253207650
40272,253208440
40272,253208448
40272,253208451
40272,253212678
40272,253221660
40272,253233731
40272,253244472
40272,253247394
40272,260221660
40272,265247394
40272,276228946
40272,279247394
40272,280208448
40272,280247394
40272,291247394
40272,300208448
40272,300221660
40272,300228946
40272,300233731
40272,300247394
40272,500221660
40272,501181318
40272,501207557
40272,501208448
40272,501221660
40272,502207557
40272,502208448
40272,502208451
40272,502221660
40272,503181318
40272,503207557
40272,503208448
40272,503208451
40272,503233731
40272,503247394
40272,506208448
40272,506247394
40272,508194201
40272,508208448
40272,508233731
40272,508247394
40272,511181318
40272,511208448
40272,511233731
40272,511247394
40272,513208448
40272,513233731
40272,513247394
40272,515208448
40272,515233731
40272,515247394
40272,517208448
40272,517233731
40272,517247394
40272,810207554
40272,810224389
40272,810244472
40272,826233731
40272,826247394
40272,836208448
40272,836233731
40272,836247394
40272,840221660
40272,844208448
40272,844233731
40272,846221660
40272,848208448
40272,852233731
40272,852247394
40272,856233731
40272,863221660
40272,863233731
40273,206204638
40273,221185122
40273,221204638
40273,231184789
40273,234184789
40273,242185122
40273,242204638
40273,280185122
40273,280204638
40273,291204638
40273,300185122
40273,300188537
40273,300204638
40273,300221610
40273,300230718
40273,300230936
40273,300234171
40273,300238277
40273,300239377
40273,300247026
40273,300253170
40273,300263233
40273,318184585
40273,318201707
40273,318230718
40273,319184585
40273,319194945
40273,319231493
40273,320246141
40273,321194945
40273,321201549
40273,321258452
40273,322184585
40273,322184789
40273,322210129
40273,322239377
40273,322258590
40273,322261999
40273,323201707
40273,323223207
40273,323239952
40273,323253077
40273,324201707
40273,324231493
40273,500185122
40273,500204638
40273,501184789
40273,501185122
40273,501204638
40273,502184789
40273,502185122
40273,502204638
40273,503185122
40273,506185122
40273,508185122
40273,508204638
40273,508234171
40273,511185122
40273,511204638
40273,513204638
40273,513238277
40273,515185122
40273,515204638
40273,517185122
40273,517204638
40273,810185122
40273,810204638
40273,815188537
40273,815201707
40273,815204638
40273,815221610
40273,815223207
40273,815230718
40273,815230936
40273,815234171
40273,815238277
40273,815253170
40273,815263233
40273,832185122
40273,844185122
40273,852204638
40273,856234171
40274,258239818
40274,267020801
40274,273020801
40274,280239818
40274,284020801
40274,287209889
40274,287229391
40274,287239818
40274,287240950
40274,289020801
40274,291212198
40274,807020801
40274,807239818
40274,808218667
40274,810218667
40274,810239818
40274,810242444
40274,814020801
40274,814209889
40274,814224293
40274,815020801
40274,815212198
40274,815218667
40274,815229391
40274,815239818
40274,818120533
40274,820020801
40274,820120533
40274,820216547
40274,820224293
40274,820240950
40274,825020801
40274,825218667
40274,825239818
40274,826212198
40274,826218667
40274,826229391
40274,826234574
40274,828020801
40274,828218667
40274,829020801
40274,829209889
40274,832020801
40274,832212198
40274,832239818
40274,834209889
40274,834240950
40274,834252145
40274,836020801
40274,836218667
40274,836242444
40274,836252145
40274,839020801
40274,840178005
40274,840212198
40274,844020801
40274,844212198
40274,844252145
40274,845020801
40274,845162347
40274,845171791
40274,845178005
40274,845200888
40274,845207566
40274,845230767
40274,846020801
40274,848020801
40274,848218667
40274,848224411
40274,848239818
40274,851218667
40274,851234574
40274,852209889
40274,852212198
40274,852228941
40274,852234574
40274,854252145
40274,855020801
40274,856209889
40274,856210385
40274,856218667
40274,856229391
40274,856239818
40274,856240950
40274,856252145
40274,863020801
40274,863212198
40274,863218667
40274,863224293
40274,863227928
40274,863239818
40274,863242444
40274,863252145
40274,866020801
40274,866212198
40274,866224293
40274,866242444
40274,866252145
40274,867212198
40274,867229391
40275,278165153
40275,278231747
40275,287165153
40275,287194765
40275,287228093
40275,287231747
40275,287241486
40275,289194765
40275,802165153
40275,807231747
40275,808165153
40275,808194765
40275,808231443
40275,808241486
40275,810194765
40275,810231443
40275,810231747
40275,814165153
40275,814231747
40275,815215698
40275,815231747
40275,818165153
40275,818178509
40275,820178509
40275,820194765
40275,820228093
40275,820231443
40275,820231747
40275,820241486
40275,825165153
40275,825201535
40275,825215914
40275,825226851
40275,828165153
40275,828194765
40275,828231747
40275,829165153
40275,831231747
40275,832194765
40275,832215698
40275,832215914
40275,832228093
40275,832231443
40275,834194765
40275,834215698
40275,834226851
40275,834231443
40275,834231747
40275,834241486
40275,836165153
40275,836167948
40275,836231443
40275,836231747
40275,839215914
40275,840194765
40275,840215914
40275,840220814
40275,840241486
40275,844165153
40275,844210008
40275,844215914
40275,844219683
40275,844228093
40275,844231443
40275,844231747
40275,844241486
40275,846165153
40275,848165153
40275,848167948
40275,848178509
40275,848194765
40275,848213345
40275,848215914
40275,848220440
40275,848226851
40275,851194765
40275,852178509
40275,852195864
40275,852231443
40275,852241486
40275,854231443
40275,854231747
40275,854241486
40275,855165153
40275,855219683
40275,856194765
40275,856228093
40275,856231443
40275,856231747
40275,856241486
40275,863200458
40275,863215698
40275,863231747
40275,863241486
40275,866210008
40275,866215698
40275,866219683
40275,866231443
40275,866231747
40275,867210008
40276,100182521
40276,101182521
40276,110182521
40276,283189596
40276,287210324
40276,287212622
40276,287256790
40276,289182521
40276,802167495
40276,802182521
40276,802189596
40276,807182521
40276,808186942
40276,808222492
40276,808256790
40276,810178603
40276,810182521
40276,810186942
40276,810205452
40276,810209658
40276,810212622
40276,810222492
40276,810256790
40276,814178603
40276,814210324
40276,814212622
40276,815205452
40276,818167495
40276,820182521
40276,820186942
40276,820205452
40276,820222492
40276,820256790
40276,821206113
40276,825186942
40276,825205452
40276,825212188
40276,825235790
40276,826209658
40276,826210324
40276,826212622
40276,826235790
40276,828167495
40276,828189596
40276,829167495
40276,829235790
40276,832205452
40276,832212622
40276,832256790
40276,834186942
40276,834208333
40276,834212622
40276,834235790
40276,834256790
40276,836167495
40276,836209658
40276,836212188
40276,836235790
40276,836256790
40276,840188943
40276,840208333
40276,844205452
40276,844212622
40276,844256790
40276,848167495
40276,848182521
40276,848186942
40276,848206113
40276,848210324
40276,848212188
40276,848212190
40276,848212622
40276,848222492
40276,851207862
40276,851223697
40276,851236532
40276,852182521
40276,852186942
40276,852189596
40276,852205452
40276,852207862
40276,852208333
40276,852209658
40276,852222492
40276,855167495
40276,855212622
40276,855256790
40276,856167495
40276,856206113
40276,856212622
40276,856222492
40276,861182521
40276,863206113
40276,863209658
40276,863212622
40276,863222492
40276,866206113
40276,866212622
40276,867208333
40276,867235790
40277,201164240
40277,206164240
40277,206207865
40277,207164240
40277,207207865
40277,210207865
40277,215164240
40277,215207865
40277,216164240
40277,217164240
40277,217207865
40277,221164240
40277,221207865
40277,222164240
40277,222207865
40277,230164240
40277,230207865
40277,234164240
40277,237164240
40277,241164240
40277,241207865
40277,242164240
40277,242207865
40277,250207865
40277,252164240
40277,252207865
40277,256164240
40277,256207865
40277,258207865
40277,260164240
40277,260207865
40277,267207865
40277,273164240
40277,273207865
40277,279164240
40277,279207865
40277,280164240
40277,280207865
40277,287207865
40277,289164240
40277,300164240
40277,300207865
40277,323164240
40277,500164240
40277,500207865
40277,501164240
40277,501207865
40277,502164240
40277,502207865
40277,503164240
40277,503207865
40277,506164240
40277,506207865
40277,508164240
40277,508207865
40277,511164240
40277,511207865
40277,513164240
40277,513207865
40277,515207865
40277,517207865
40277,808207865
40277,810207865
40277,818164240
40277,821164240
40277,828207865
40277,829207865
40277,832207865
40277,834207865
40277,836207865
40277,844207865
40277,845207865
40277,855207865
40277,856207865
40277,863207865
40278,219226380
40278,219239085
40278,221226627
40278,221239085
40278,230239085
40278,237226627
40278,241239085
40278,242226380
40278,242239085
40278,250239085
40278,259239085
40278,260226627
40278,267239085
40278,270226627
40278,270239085
40278,273226380
40278,273226627
40278,279239085
40278,280239085
40278,287239085
40278,290239085
40278,293226380
40278,295226380
40278,298226380
40278,300226380
40278,300226627
40278,300239085
40278,503226627
40278,503239085
40278,506226380
40278,506239085
40278,508226380
40278,508239085
40278,511226380
40278,511226627
40278,511239085
40278,513239085
40278,515226627
40278,515239085
40278,517226627
40278,517239085
40278,596226380
40278,596239085
40278,806226380
40278,807239085
40278,810239085
40278,814239085
40278,820226627
40278,820239085
40278,825239085
40278,826226380
40278,828239085
40278,832239085
40278,834226627
40278,834239085
40278,836239085
40278,844239085
40278,848239085
40278,854239085
40278,856226627
40278,856239085
40278,863226380
40278,863226627
40278,863239085
40278,864226380
40278,866239085
40279,210231281
40279,214216267
40279,214231281
40279,215216267
40279,215231281
40279,217231281
40279,220216267
40279,220231281
40279,221216267
40279,221231281
40279,230216267
40279,230231281
40279,233231281
40279,240231281
40279,241216267
40279,242216267
40279,242231281
40279,259231281
40279,260216267
40279,260231281
40279,267231281
40279,272231281
40279,280216267
40279,280231281
40279,283231281
40279,291216267
40279,291231281
40279,300216267
40279,300231281
40279,500216267
40279,500231281
40279,501216267
40279,501231281
40279,502216267
40279,502231281
40279,503216267
40279,503231281
40279,506216267
40279,506231281
40279,508216267
40279,508231281
40279,511216267
40279,511231281
40279,513216267
40279,513231281
40279,515216267
40279,515231281
40279,517231281
40279,807231281
40279,815216267
40279,815231281
40279,820231281
40279,825216267
40279,825231281
40279,828231281
40279,829216267
40279,829231281
40279,832231281
40279,834216267
40279,834231281
40279,836231281
40279,844231281
40279,846216267
40279,846231281
40279,848216267
40279,848231281
40279,856216267
40279,863216267
40280,113183277
40280,114183277
40280,201183277
40280,206183277
40280,206203486
40280,207183277
40280,210183277
40280,214183277
40280,215183277
40280,215203486
40280,216183277
40280,218183277
40280,218203486
40280,221183277
40280,221203486
40280,222183277
40280,233183277
40280,234183277
40280,237183277
40280,242183277
40280,242203486
40280,251183277
40280,252183277
40280,253183277
40280,253203486
40280,260183277
40280,272183277
40280,272203486
40280,280183277
40280,283183277
40280,300203486
40280,322183277
40280,500183277
40280,500203486
40280,501183277
40280,501203486
40280,502183277
40280,502203486
40280,503203486
40280,506183277
40280,506203486
40280,508183277
40280,508203486
40280,513203486
40280,827183277
40280,835183277
40280,836183277
40280,840183277
40280,846183277
40280,848183277
40280,849183277
40280,861183277
40280,868183277
40281,210220814
40281,210232656
40281,214220814
40281,218220814
40281,221220814
40281,230232656
40281,241232656
40281,242220814
40281,246220814
40281,250232656
40281,253220814
40281,256220814
40281,259232656
40281,260220814
40281,265232656
40281,267232656
40281,272220814
40281,273232656
40281,278232656
40281,280220814
40281,280232656
40281,287232656
40281,300220814
40281,300232656
40281,500220814
40281,501220814
40281,501232656
40281,502220814
40281,502232656
40281,503232656
40281,506220814
40281,506232656
40281,508232656
40281,511220814
40281,511232656
40281,513220814
40281,513232656
40281,515220814
40281,515232656
40281,517220814
40281,517232656
40281,807232656
40281,810220814
40281,814232656
40281,815220814
40281,815232656
40281,820232656
40281,825232656
40281,832232656
40281,840220814
40281,863232656
40281,867232656
40282,100222000
40282,101222000
40282,101222257
40282,110222000
40282,201222000
40282,201222257
40282,207222000
40282,207222257
40282,214222000
40282,234222000
40282,234222257
40282,237222000
40282,251222000
40282,251222257
40282,252222257
40282,256222000
40282,289222000
40282,814222000
40282,825222000
40282,827222000
40282,852222000
40282,861222000
40283,201182493
40283,206168609
40283,206182493
40283,214168609
40283,214182493
40283,216182493
40283,217168609
40283,218168609
40283,231168609
40283,231182493
40283,233168609
40283,233182493
40283,234168609
40283,234182493
40283,237168609
40283,246168609
40283,252182493
40283,320168609
40283,322182493
40283,500182493
40283,501168609
40283,501182493
40283,502168609
40283,502182493
40283,503182493
40283,506182493
40283,508182493
40284,201193747
40284,206193747
40284,206208421
40284,210193747
40284,210208421
40284,214193747
40284,214208421
40284,216193747
40284,221193747
40284,221208421
40284,230208421
40284,233193747
40284,242193747
40284,242208421
40284,252193747
40284,253193747
40284,260193747
40284,260208421
40284,273193747
40284,283193747
40284,283208421
40284,291193747
40284,300193747
40284,324208421
40284,500193747
40284,501193747
40284,501208421
40284,502193747
40284,502208421
40284,503193747
40284,503208421
40284,506193747
40284,506208421
40284,508193747
40284,508208421
40284,513193747
40284,513208421
40284,515193747
40284,517193747
40284,802193747
40284,802208421
40284,810193747
40284,810208421
40284,826193747
40284,828193747
40284,834193747
40284,840193747
40284,840208421
40284,846193747
40284,846208421
40284,856193747
40285,100023174
40285,101023174
40285,110023174
40285,201158023
40285,206158023
40285,210158023
40285,211158023
40285,212158023
40285,214158023
40285,215158023
40285,216158023
40285,217158023
40285,220158023
40285,221158023
40285,230158023
40285,234158023
40285,241158023
40285,242158023
40285,249023174
40285,250158023
40285,252158023
40285,256158023
40285,258158023
40285,260158023
40285,264158023
40285,267158023
40285,272158023
40285,273158023
40285,278158023
40285,280158023
40285,283158023
40285,287158023
40285,289158023
40285,300158023
40285,500158023
40285,501158023
40285,502158023
40285,503158023
40285,506158023
40285,508158023
40285,511158023
40285,515158023
40285,517158023
40285,596158023
40285,802023174
40285,807158023
40285,814158023
40285,820158023
40285,821023174
40285,825158023
40285,827023174
40285,828158023
40285,829158023
40285,832158023
40285,836158023
40285,844158023
40285,845158023
40285,848158023
40285,852158023
40285,855158023
40285,861023174
40285,863158023
40285,866158023
40286,100001025
40286,100005589
40286,101001025
40286,101005589
40286,101053769
40286,101117106
40286,110001025
40286,110005589
40286,111005589
40286,207020801
40286,211020801
40286,212020801
40286,214005589
40286,214020801
40286,214053769
40286,215020801
40286,216001025
40286,216005589
40286,216020801
40286,216053769
40286,217020801
40286,222020801
40286,230020801
40286,233005589
40286,234001025
40286,234005589
40286,234020801
40286,237001025
40286,237005589
40286,237020801
40286,237053769
40286,240020801
40286,242020801
40286,249117106
40286,250020801
40286,251001025
40286,251005589
40286,251020801
40286,251053769
40286,251117106
40286,252001025
40286,252005589
40286,252020801
40286,253020801
40286,254053769
40286,256005589
40286,256020801
40286,256053769
40286,259020801
40286,260020801
40286,264005589
40286,267020801
40286,268005589
40286,268053769
40286,272005589
40286,272020801
40286,272053769
40286,272117106
40286,273020801
40286,274005589
40286,284020801
40286,289005589
40286,289020801
40286,503020801
40286,506020801
40286,508020801
40286,511020801
40286,513020801
40286,515020801
40286,517020801
40286,807020801
40286,814005589
40286,814020801
40286,815020801
40286,820020801
40286,825005589
40286,825020801
40286,827001025
40286,827005589
40286,828020801
40286,829005589
40286,829020801
40286,832020801
40286,836020801
40286,839005589
40286,839020801
40286,844020801
40286,845020801
40286,846020801
40286,848005589
40286,848020801
40286,850005589
40286,852001025
40286,855020801
40286,861001025
40286,861005589
40286,863020801
40286,866020801
40286,867005589
40286,868005589
40287,294211927
40287,294212260
40287,294212912
40287,294227659
40287,294233770
40287,294234264
40287,294236586
40287,294237778
40287,294238089
40287,294238570
40287,294238574
40287,294238576
40287,294242082
40287,294243061
40287,294243780
40287,294245054
40287,294245981
40287,294246937
40287,294248188
40287,294254814
40287,294254980
40287,294255919
40288,247165889
40288,247176368
40288,247176389
40288,247180283
40288,247182152
40288,247191909
40288,247191924
40288,247191980
40288,247193144
40288,247199183
40288,247199266
40288,247200592
40288,247201528
40288,247203002
40288,247207730
40288,247211002
40288,247211003
40288,247232626
40289,251000001
40289,251000051
40289,251000246
40289,251000250
40289,251000388
40289,251000393
40289,251001025
40289,251001088
40289,251001109
40289,251001116
40289,251001179
40289,251001183
40289,251001198
40289,251001256
40289,251001397
40289,251001419
40289,251001625
40289,251003647
40289,251004000
40289,251005099
40289,251005419
40289,251005471
40289,251005589
40289,251005680
40289,251005681
40289,251005740
40289,251005984
40289,251006235
40289,251007763
40289,251010264
40289,251010535
40289,251011141
40289,251013038
40289,251013743
40289,251020170
40289,251020801
40289,251045661
40289,251049369
40289,251051539
40289,251052241
40289,251053769
40289,251120533
40289,251121939
40289,251121944
40289,251139068
40289,251143745
40289,251148119
40289,251150516
40289,251150724
40289,251152729
40289,251155862
40289,251162347
40289,251162895
40289,251164994
40289,251165229
40289,251166120
40289,251167495
40289,251167680
40289,251167948
40289,251168542
40289,251170890
40289,251171791
40289,251173731
40289,251176635
40289,251177388
40289,251177845
40289,251178005
40289,251178509
40289,251178518
40289,251178603
40289,251182521
40289,251183277
40289,251184255
40289,251184716
40289,251186561
40289,251186627
40289,251189332
40289,251189511
40289,251189596
40289,251190044
40289,251190045
40289,251190053
40289,251191189
40289,251192181
40289,251192505
40289,251192985
40289,251194765
40289,251195864
40289,251201118
40289,251202166
40289,251209889
40289,251212622
40289,251214098
40289,251214100
40289,251214649
40289,251215558
40289,251215732
40289,251222257
40289,251222481
40289,251230767
40290,253020801
40290,253138956
40290,253163587
40290,253165153
40290,253172871
40290,253173731
40290,253177003
40290,253178603
40290,253179645
40290,253181291
40290,253181458
40290,253182521
40290,253183277
40290,253184200
40290,253184344
40290,253184432
40290,253186345
40290,253186561
40290,253188377
40290,253189332
40290,253189511
40290,253190059
40290,253192119
40290,253192387
40290,253192505
40290,253192985
40290,253193283
40290,253193290
40290,253193348
40290,253193352
40290,253193408
40290,253193747
40290,253194765
40290,253194794
40290,253195864
40290,253197445
40290,253198219
40290,253198950
40290,253199503
40290,253199556
40290,253199845
40290,253201122
40290,253201153
40290,253202024
40290,253202126
40290,253202371
40290,253202556
40290,253202652
40290,253202849
40290,253202884
40290,253203263
40290,253203486
40290,253203574
40290,253204923
40290,253204935
40290,253205498
40290,253205988
40290,253206517
40290,253207791
40290,253208448
40290,253210736
40290,253210935
40290,253212218
40290,253213648
40290,253213661
40290,253215914
40290,253217870
40290,253221491
40290,253222077
40290,253222357
40290,253223697
40290,253223724
40290,253224081
40290,253224232
40290,253227813
40290,253228687
40290,253228702
40290,253229237
40290,253229528
40290,253230621
40290,253230869
40290,253233064
40290,253233096
40290,253234236
40290,253234378
40290,253234678
40290,253235790
40290,253235805
40290,253236792
40290,253239613
40290,253240702
40290,253241461
40290,253241464
40290,253241508
40290,253244260
40290,253244470
40290,253246669
40290,253251116
40290,253251854
40290,253258781
40296,256000027
40296,256000240
40296,256000241
40296,256000244
40296,256000246
40296,256000250
40296,256001041
40296,256001075
40296,256001109
40296,256001179
40296,256001183
40296,256001397
40296,256001668
40296,256003647
40296,256004231
40296,256004833
40296,256005471
40296,256005479
40296,256005589
40296,256006235
40296,256007289
40296,256007763
40296,256009676
40296,256010264
40296,256010535
40296,256020801
40296,256028130
40296,256045661
40296,256045674
40296,256048940
40296,256051539
40296,256053769
40296,256054050
40296,256121944
40296,256135507
40296,256138956
40296,256140601
40296,256152729
40296,256153079
40296,256155862
40296,256158023
40296,256164240
40296,256165153
40296,256166149
40296,256166906
40296,256167198
40296,256167397
40296,256167495
40296,256167664
40296,256167680
40296,256168542
40296,256168651
40296,256173731
40296,256176580
40296,256176676
40296,256177003
40296,256178603
40296,256179813
40296,256180206
40296,256181872
40296,256182521
40296,256184344
40296,256186942
40296,256188377
40296,256188545
40296,256189332
40296,256189509
40296,256189511
40296,256189596
40296,256190045
40296,256190053
40296,256190871
40296,256191189
40296,256192181
40296,256192448
40296,256192985
40296,256193041
40296,256195864
40296,256197445
40296,256197781
40296,256199556
40296,256200145
40296,256200724
40296,256201535
40296,256202652
40296,256204963
40296,256207410
40296,256208618
40296,256210257
40296,256211110
40296,256214098
40296,256215914
40296,256218667
40296,256222000
40296,256222492
40296,256231747
40296,256242519
40296,256247699
40296,256247703
40296,256254642
40297,252000001
40297,252000240
40297,252000250
40297,252000388
40297,252001025
40297,252001041
40297,252001075
40297,252001088
40297,252001109
40297,252001116
40297,252001179
40297,252001183
40297,252001256
40297,252001397
40297,252001419
40297,252001668
40297,252003647
40297,252004000
40297,252004833
40297,252005003
40297,252005471
40297,252005589
40297,252005673
40297,252006235
40297,252007289
40297,252010535
40297,252011141
40297,252013038
40297,252013128
40297,252013743
40297,252020170
40297,252020801
40297,252028130
40297,252031432
40297,252039943
40297,252045661
40297,252048940
40297,252051539
40297,252052241
40297,252121939
40297,252138161
40297,252138956
40297,252140053
40297,252140601
40297,252146536
40297,252155862
40297,252158023
40297,252161840
40297,252162835
40297,252164240
40297,252166120
40297,252166124
40297,252166906
40297,252167135
40297,252167198
40297,252167397
40297,252167495
40297,252167680
40297,252167948
40297,252168651
40297,252171791
40297,252171877
40297,252171897
40297,252172871
40297,252173521
40297,252174543
40297,252176580
40297,252176794
40297,252177845
40297,252181291
40297,252182493
40297,252183277
40297,252183711
40297,252184432
40297,252186452
40297,252188350
40297,252188545
40297,252188567
40297,252189712
40297,252189805
40297,252190043
40297,252190044
40297,252190045
40297,252190053
40297,252190871
40297,252191189
40297,252193747
40297,252197655
40297,252198219
40297,252198710
40297,252199069
40297,252199434
40297,252200104
40297,252207865
40297,252212198
40297,252214100
40297,252215558
40297,252230142
40297,252235243
40297,252242519
40298,202140053
40298,219243780
40298,221243780
40298,225140053
40298,252140053
40298,264243780
40298,272140053
40298,287243780
40298,289140053
40298,294243780
40298,295243780
40298,300243780
40298,503243780
40298,506243780
40298,508243780
40298,511243780
40298,513243780
40298,515243780
40298,517243780
40298,596243780
40298,806243780
40298,808243780
40298,810243780
40298,812243780
40298,814243780
40298,834243780
40298,836243780
40298,856243780
40298,862243780
40298,863243780
40298,864140053
40299,100001256
40299,100005673
40299,100005680
40299,100051539
40299,100214098
40299,101001256
40299,101005673
40299,101005680
40299,101005681
40299,101051539
40299,101177845
40299,101214098
40299,110001256
40299,110005673
40299,110005680
40299,110051539
40299,110214098
40299,111051539
40299,201001256
40299,207001256
40299,207005680
40299,207005681
40299,207051539
40299,207214098
40299,214001256
40299,214005673
40299,214005680
40299,214005681
40299,214051539
40299,214214098
40299,216001256
40299,216177845
40299,216214098
40299,234001256
40299,234005673
40299,234005680
40299,234005681
40299,234051539
40299,234177845
40299,234214098
40299,237001256
40299,237005673
40299,237005680
40299,237005681
40299,237051539
40299,237214098
40299,246005681
40299,246177845
40299,251001256
40299,251005680
40299,251005681
40299,251051539
40299,251177845
40299,251214098
40299,252001256
40299,252005673
40299,252051539
40299,252177845
40299,256001256
40299,256005673
40299,256005680
40299,256005681
40299,256051539
40299,256177845
40299,256214098
40299,268001256
40299,268005680
40299,268051539
40299,268214098
40299,272001256
40299,272005680
40299,272051539
40299,283177845
40299,283214098
40299,284214098
40299,289005673
40299,289051539
40299,802001256
40299,802005673
40299,802051539
40299,813005673
40299,814001256
40299,825005673
40299,825005680
40299,825051539
40299,825214098
40299,827005673
40299,827005680
40299,827051539
40299,827214098
40299,829051539
40299,836005680
40299,836214098
40299,845214098
40299,848051539
40299,850214098
40299,861005680
40299,861051539
40299,861214098
40299,868214098
40300,100000250
40300,100001040
40300,100001397
40300,100001668
40300,100005479
40300,100005589
40300,100037576
40300,100045661
40300,101000250
40300,101001040
40300,101001397
40300,101005479
40300,101005589
40300,101037576
40300,101045661
40300,110000250
40300,110001040
40300,110001397
40300,110001668
40300,110005479
40300,110005589
40300,110037576
40300,110045661
40300,111005589
40300,113001668
40300,113005479
40300,289000250
40300,289001397
40300,289005589
40300,801001397
40300,802000250
40300,802001040
40300,802005479
40300,802045661
40300,813001040
40300,814000250
40300,814005589
40300,814037576
40300,821001040
40300,821037576
40300,825000250
40300,825001040
40300,825001397
40300,825005479
40300,825005589
40300,825045661
40300,827000250
40300,827001040
40300,827001397
40300,827005479
40300,827005589
40300,827037576
40300,827045661
40300,829001397
40300,829005479
40300,829005589
40300,835009593
40300,836000250
40300,836001397
40300,836005479
40300,836009593
40300,836037576
40300,836045661
40300,839000250
40300,839005589
40300,839045661
40300,840001397
40300,840037576
40300,845001040
40300,845001397
40300,845005479
40300,845037576
40300,846000250
40300,848001397
40300,848001668
40300,848005589
40300,848037576
40300,850001040
40300,850001397
40300,850005589
40300,850037576
40300,852037576
40300,858008348
40300,861000250
40300,861001040
40300,861001397
40300,861001668
40300,861005479
40300,861005589
40300,861037576
40300,861045661
40300,867000250
40300,867001040
40300,867001668
40300,867005589
40300,867008348
40300,867009593
40300,868001397
40300,868005589
40300,868037576
40301,100000250
40301,100001040
40301,100001183
40301,100005479
40301,100010264
40301,100037576
40301,100045661
40301,100176676
40301,101000250
40301,101001040
40301,101001183
40301,101005479
40301,101010264
40301,101037576
40301,101045661
40301,101176676
40301,110000250
40301,110001040
40301,110001183
40301,110005479
40301,110010264
40301,110037576
40301,110045661
40301,110176676
40301,111001183
40301,113005479
40301,272037576
40301,283000250
40301,283005479
40301,283045661
40301,289000250
40301,289001040
40301,289001183
40301,289005479
40301,289045661
40301,802000250
40301,802001040
40301,802005479
40301,802045661
40301,802155862
40301,813001040
40301,814000250
40301,814001183
40301,814037576
40301,814155862
40301,818155862
40301,821001040
40301,821037576
40301,825000250
40301,825001040
40301,825005479
40301,825045661
40301,827000250
40301,827001040
40301,827001183
40301,827005479
40301,827010264
40301,827037576
40301,827045661
40301,829001183
40301,829005479
40301,835009593
40301,836000250
40301,836001183
40301,836005479
40301,836009593
40301,836037576
40301,836045661
40301,839000250
40301,839045661
40301,840001183
40301,840037576
40301,845001040
40301,845005479
40301,845037576
40301,846000250
40301,848037576
40301,848176676
40301,850001040
40301,850037576
40301,852001183
40301,852010264
40301,852037576
40301,852176676
40301,858008348
40301,861000250
40301,861001040
40301,861001183
40301,861005479
40301,861010264
40301,861037576
40301,861045661
40301,861176676
40301,867000250
40301,867001040
40301,867001183
40301,867008348
40301,867009593
40301,867176676
40301,868037576
40302,257179947
40302,257180283
40302,257191657
40302,257193847
40302,257199183
40302,257199231
40302,257200588
40302,257200601
40302,257202305
40302,257202978
40302,257202986
40302,257202994
40302,257203002
40302,257203004
40302,257204725
40302,257205401
40302,257205565
40302,257208153
40302,257209449
40302,257211635
40302,257212066
40302,257212432
40302,257213189
40302,257218471
40302,257221467
40302,257221789
40302,257221912
40302,257222582
40302,257222729
40302,257222734
40302,257222798
40302,257224794
40302,257225733
40302,257226114
40302,257228007
40302,257228464
40302,257228861
40302,257233018
40302,257233410
40302,257234222
40302,257237424
40302,257238097
40302,257238570
40302,257238576
40302,257242737
40302,257243061
40302,257244798
40302,257245054
40302,257247667
40302,257260485
40303,260020801
40303,260158023
40303,260164240
40303,260165153
40303,260167495
40303,260171791
40303,260172871
40303,260177003
40303,260178213
40303,260180930
40303,260181458
40303,260181872
40303,260182521
40303,260183711
40303,260184344
40303,260186942
40303,260188545
40303,260189509
40303,260189513
40303,260189596
40303,260190815
40303,260191043
40303,260192119
40303,260192366
40303,260192985
40303,260193080
40303,260194765
40303,260197061
40303,260197445
40303,260197655
40303,260198176
40303,260199434
40303,260199556
40303,260200145
40303,260200260
40303,260202652
40303,260203376
40303,260204485
40303,260204963
40303,260205452
40303,260205693
40303,260206113
40303,260206517
40303,260207865
40303,260208093
40303,260208670
40303,260208722
40303,260209331
40303,260209499
40303,260209658
40303,260210514
40303,260211110
40303,260211990
40303,260212188
40303,260212198
40303,260212404
40303,260212616
40303,260212622
40303,260213345
40303,260215316
40303,260216267
40303,260216352
40303,260216531
40303,260218667
40303,260220814
40303,260222492
40303,260225085
40303,260226851
40303,260228618
40303,260229391
40303,260229558
40303,260230666
40303,260231281
40303,260231747
40303,260231866
40303,260232363
40303,260233301
40303,260234396
40303,260235790
40303,260235805
40303,260236045
40303,260236276
40303,260236401
40303,260237678
40303,260237692
40303,260238074
40303,260238794
40303,260239301
40303,260240130
40303,260240950
40303,260241084
40303,260241464
40303,260242530
40303,260243630
40303,260243812
40303,260246104
40303,260251852
40303,260253072
40303,260253124
40303,260255475
40304,262222665
40304,262225748
40304,262225793
40304,262226710
40304,262229942
40304,262230084
40304,262231410
40304,262233866
40304,262233934
40304,262234078
40304,262234906
40304,262235794
40304,262236499
40304,262237329
40304,262238160
40304,262238216
40304,262238463
40304,262238794
40304,262239301
40304,262239380
40304,262240273
40304,262240679
40304,262240690
40304,262240709
40304,262240753
40304,262240950
40304,262241042
40304,262241159
40304,262241202
40304,262241508
40304,262241637
40304,262242187
40304,262242418
40304,262242516
40304,262242578
40304,262242656
40304,262242664
40304,262243388
40304,262243854
40304,262244067
40304,262244257
40304,262244778
40304,262244892
40304,262246191
40304,262246430
40304,262246764
40304,262246785
40304,262246875
40304,262247257
40304,262247819
40304,262247827
40304,262248148
40304,262248695
40304,262251470
40304,262251517
40304,262251570
40304,262251805
40304,262251809
40304,262251852
40304,262252037
40304,262252145
40304,262252371
40304,262253002
40304,262253072
40304,262253124
40304,262253149
40304,262254796
40304,262255475
40304,262256035
40304,262256630
40304,262256790
40304,262259233
40304,262259377
40304,262259868
40304,262262118
40306,264000388
40306,264000570
40306,264000942
40306,264001088
40306,264003647
40306,264005471
40306,264005589
40306,264007763
40306,264007826
40306,264009676
40306,264010264
40306,264010535
40306,264011141
40306,264013743
40306,264028130
40306,264031432
40306,264041236
40306,264049369
40306,264054050
40306,264121944
40306,264138412
40306,264138449
40306,264140601
40306,264146530
40306,264146536
40306,264146748
40306,264153244
40306,264156519
40306,264156616
40306,264158023
40306,264158121
40306,264162131
40306,264164468
40306,264167397
40306,264168542
40306,264170368
40306,264170890
40306,264172871
40306,264173909
40306,264176600
40306,264178007
40306,264178562
40306,264179813
40306,264180283
40306,264180819
40306,264181291
40306,264181872
40306,264183569
40306,264183574
40306,264183907
40306,264184881
40306,264184941
40306,264185422
40306,264186351
40306,264186561
40306,264186627
40306,264187084
40306,264188081
40306,264188545
40306,264188942
40306,264189125
40306,264189251
40306,264189505
40306,264189725
40306,264190286
40306,264190941
40306,264192227
40306,264192318
40306,264192883
40306,264193886
40306,264194932
40306,264195864
40306,264197061
40306,264197445
40306,264198176
40306,264200215
40306,264200641
40306,264202371
40306,264202556
40306,264204639
40306,264205566
40306,264207993
40306,264208128
40306,264208333
40306,264209658
40306,264210008
40306,264210372
40306,264210385
40306,264210864
40306,264212623
40306,264212814
40306,264214100
40306,264216643
40306,264220883
40306,264221671
40306,264225085
40306,264230621
40306,264241721
40306,264243780
40306,264245037
40307,265041236
40307,265171833
40307,265179813
40307,265180283
40307,265181458
40307,265186153
40307,265189242
40307,265192119
40307,265193082
40307,265193601
40307,265193983
40307,265195859
40307,265198329
40307,265198717
40307,265200454
40307,265201400
40307,265201455
40307,265202884
40307,265204024
40307,265204529
40307,265204838
40307,265204970
40307,265205192
40307,265206113
40307,265206225
40307,265207494
40307,265208268
40307,265208574
40307,265209331
40307,265210315
40307,265210514
40307,265210935
40307,265211575
40307,265212153
40307,265213135
40307,265213345
40307,265215333
40307,265215502
40307,265215689
40307,265216352
40307,265216393
40307,265216409
40307,265220018
40307,265220477
40307,265220651
40307,265221342
40307,265222509
40307,265222665
40307,265223197
40307,265223273
40307,265224158
40307,265224232
40307,265224411
40307,265224425
40307,265225116
40307,265225439
40307,265226161
40307,265226226
40307,265226710
40307,265227055
40307,265228413
40307,265230938
40307,265231410
40307,265231416
40307,265231628
40307,265231747
40307,265232099
40307,265232432
40307,265232488
40307,265232656
40307,265232756
40307,265233306
40307,265234102
40307,265234236
40307,265235212
40307,265235569
40307,265235805
40307,265235813
40307,265236295
40307,265236498
40307,265236610
40307,265236792
40307,265237681
40307,265237942
40307,265238160
40307,265238216
40307,265239231
40307,265239335
40307,265239613
40307,265242000
40307,265242374
40307,265243237
40307,265243576
40307,265243715
40307,265244263
40307,265245279
40307,265246785
40307,265247257
40307,265247394
40307,265253444
40341,201153079
40341,201186627
40341,206153079
40341,206180930
40341,206186627
40341,207153079
40341,207180930
40341,207186627
40341,210153079
40341,210186627
40341,214153079
40341,214180930
40341,214186627
40341,215153079
40341,216153079
40341,216180930
40341,217153079
40341,218186627
40341,221153079
40341,222153079
40341,230153079
40341,231180930
40341,231186627
40341,233153079
40341,233180930
40341,233186627
40341,234153079
40341,234180930
40341,237180930
40341,237186627
40341,242153079
40341,251186627
40341,256153079
40341,256186627
40341,260180930
40341,264186627
40341,280180930
40341,289180930
40341,297153079
40341,300180930
40341,319186627
40341,321153079
40341,322186627
40341,323186627
40341,324186627
40341,500153079
40341,500180930
40341,500186627
40341,501153079
40341,501180930
40341,501186627
40341,502153079
40341,502180930
40341,502186627
40341,503153079
40341,503180930
40341,503186627
40341,506153079
40341,506180930
40341,508153079
40341,508180930
40341,511180930
40341,517180930
40341,818180930
40341,828180930
40341,846186627
40341,848180930
40341,863180930
40342,100045661
40342,101045661
40342,110045661
40342,201005661
40342,201045661
40342,207005661
40342,207045661
40342,214045661
40342,216045661
40342,234045661
40342,251045661
40342,252045661
40342,256045661
40342,261005661
40342,268005661
40342,268045661
40342,274045661
40342,283045661
40342,289045661
40342,802045661
40342,825005661
40342,825045661
40342,827005661
40342,827045661
40342,836005661
40342,836045661
40342,839045661
40342,846005661
40342,849005661
40342,861005661
40342,861045661
40343,100247699
40343,100247703
40343,101247699
40343,101247703
40343,110247699
40343,110247703
40343,234247703
40343,236247699
40343,236247703
40343,237247699
40343,256247699
40343,256247703
40343,268247699
40343,268247703
40343,284247703
40343,289247699
40343,802247699
40343,802247703
40343,825247699
40343,825247703
40343,827247699
40343,827247703
40343,836247703
40343,839247699
40343,852247703
40343,861247699
40343,868247703
40344,268000027
40344,268000051
40344,268000195
40344,268000240
40344,268000241
40344,268000246
40344,268000250
40344,268000393
40344,268001040
40344,268001041
40344,268001075
40344,268001088
40344,268001109
40344,268001114
40344,268001116
40344,268001183
40344,268001198
40344,268001201
40344,268001256
40344,268001397
40344,268001419
40344,268001605
40344,268001620
40344,268001625
40344,268001668
40344,268003647
40344,268004000
40344,268004202
40344,268004231
40344,268005003
40344,268005419
40344,268005467
40344,268005471
40344,268005479
40344,268005589
40344,268005661
40344,268005680
40344,268005740
40344,268005984
40344,268006235
40344,268006975
40344,268007289
40344,268007512
40344,268007518
40344,268007763
40344,268007826
40344,268009676
40344,268010264
40344,268010535
40344,268011141
40344,268013038
40344,268013128
40344,268013743
40344,268028130
40344,268031432
40344,268034079
40344,268037576
40344,268039943
40344,268045661
40344,268045674
40344,268048940
40344,268049369
40344,268051539
40344,268053769
40344,268054050
40344,268121939
40344,268121944
40344,268138449
40344,268140601
40344,268150418
40344,268161840
40344,268166120
40344,268166149
40344,268166906
40344,268167198
40344,268167425
40344,268167680
40344,268190044
40344,268190045
40344,268191189
40344,268191208
40344,268191695
40344,268191972
40344,268192181
40344,268214098
40344,268214100
40344,268222481
40344,268226764
40344,268242519
40344,268247699
40344,268247703
40344,268248146
40344,268254642
40344,268261593
40344,268262271
40345,270181458
40345,270183898
40345,270190460
40345,270191202
40345,270192318
40345,270192505
40345,270195093
40345,270201024
40345,270202652
40345,270205175
40345,270205452
40345,270207862
40345,270208722
40345,270210315
40345,270212190
40345,270213135
40345,270213565
40345,270215223
40345,270215330
40345,270216594
40345,270220440
40345,270220502
40345,270223197
40345,270224081
40345,270224411
40345,270226627
40345,270226710
40345,270227236
40345,270227813
40345,270230666
40345,270230918
40345,270230978
40345,270231943
40345,270232099
40345,270232293
40345,270232411
40345,270232488
40345,270232756
40345,270233195
40345,270233419
40345,270233500
40345,270233848
40345,270233934
40345,270234378
40345,270234577
40345,270235173
40345,270235243
40345,270235805
40345,270235889
40345,270236276
40345,270236401
40345,270236480
40345,270236632
40345,270236703
40345,270236988
40345,270237086
40345,270237679
40345,270238041
40345,270238074
40345,270238216
40345,270238794
40345,270239085
40345,270239301
40345,270239580
40345,270240273
40345,270240716
40345,270241084
40345,270241096
40345,270241637
40345,270241721
40345,270241852
40345,270242964
40345,270243812
40345,270245992
40345,270246104
40345,270246430
40345,270246618
40345,270247819
40345,270251517
40345,270251566
40345,270251805
40345,270251852
40345,270252145
40345,270252371
40345,270253072
40345,270253124
40345,270253163
40345,270255253
40345,270255654
40345,270256268
40345,270256630
40345,270256790
40345,270256958
40345,270257289
40345,270257470
40345,270259377
40345,270259583
40345,270262138
40345,270263781
40345,270264240
40348,273020801
40348,273158023
40348,273162347
40348,273164240
40348,273165153
40348,273172522
40348,273173731
40348,273177003
40348,273181291
40348,273181458
40348,273183898
40348,273184432
40348,273186561
40348,273186942
40348,273188545
40348,273189511
40348,273189596
40348,273190815
40348,273190871
40348,273191043
40348,273192366
40348,273192505
40348,273192985
40348,273193283
40348,273193348
40348,273193747
40348,273194765
40348,273195864
40348,273198176
40348,273199304
40348,273199434
40348,273200104
40348,273200145
40348,273200155
40348,273200260
40348,273201024
40348,273202126
40348,273202371
40348,273202556
40348,273202652
40348,273203263
40348,273203376
40348,273203483
40348,273204838
40348,273205452
40348,273206113
40348,273207410
40348,273207439
40348,273207494
40348,273207865
40348,273208418
40348,273208574
40348,273208722
40348,273209297
40348,273209499
40348,273209658
40348,273210008
40348,273210324
40348,273210406
40348,273210514
40348,273212188
40348,273212190
40348,273212198
40348,273212218
40348,273212616
40348,273212622
40348,273213345
40348,273213648
40348,273213661
40348,273215716
40348,273216352
40348,273216354
40348,273216460
40348,273218667
40348,273221491
40348,273222357
40348,273222492
40348,273223273
40348,273223848
40348,273224081
40348,273224334
40348,273226226
40348,273227535
40348,273228702
40348,273231478
40348,273231747
40348,273231866
40348,273231943
40348,273233064
40348,273233419
40348,273233927
40348,273234378
40348,273235243
40348,273235790
40348,273237692
40348,273239053
40348,273240017
40348,273241461
40348,273246430
40348,273251517
40349,272001040
40349,272001109
40349,272001114
40349,272001116
40349,272001179
40349,272001183
40349,272001397
40349,272001419
40349,272001620
40349,272001625
40349,272001668
40349,272002147
40349,272003622
40349,272003647
40349,272004000
40349,272004231
40349,272004833
40349,272005003
40349,272005099
40349,272005479
40349,272005589
40349,272005680
40349,272005740
40349,272005984
40349,272007489
40349,272007763
40349,272007826
40349,272010535
40349,272011141
40349,272013038
40349,272015723
40349,272020801
40349,272025924
40349,272028130
40349,272034666
40349,272037576
40349,272039943
40349,272044786
40349,272049072
40349,272121939
40349,272121944
40349,272138161
40349,272140053
40349,272142754
40349,272150516
40349,272152729
40349,272155862
40349,272156616
40349,272158023
40349,272166676
40349,272167135
40349,272167495
40349,272167664
40349,272167948
40349,272168651
40349,272172871
40349,272175943
40349,272176635
40349,272177003
40349,272177413
40349,272178509
40349,272178603
40349,272179813
40349,272181291
40349,272181458
40349,272182521
40349,272183277
40349,272183898
40349,272183907
40349,272186345
40349,272188377
40349,272189511
40349,272189596
40349,272190043
40349,272190045
40349,272190815
40349,272191189
40349,272192119
40349,272192505
40349,272192985
40349,272194765
40349,272195864
40349,272198176
40349,272199206
40349,272201535
40349,272202126
40349,272202371
40349,272202652
40349,272203263
40349,272203574
40349,272207494
40349,272214267
40349,272215914
40349,272220814
40349,272222481
40349,272226851
40349,272231747
40349,272242519
40349,272247553
40349,272266695
40350,293191655
40350,293199231
40350,293199236
40350,293200104
40350,293200577
40350,293201528
40350,293211003
40350,293211927
40350,293212260
40350,293212432
40350,293212778
40350,293212912
40350,293213317
40350,293221671
40350,293221875
40350,293222734
40350,293226380
40350,293227659
40350,293227790
40350,293228010
40350,293232595
40350,293234222
40350,293234748
40350,293237086
40350,293237424
40350,293238097
40350,293239138
40350,293243061
40350,293244798
40350,293244800
40350,293245054
40350,293246937
40350,293247686
40350,293248188
40353,258158023
40353,278158023
40353,283158023
40353,287158023
40353,287211110
40353,287231478
40353,289158023
40353,807158023
40353,808231478
40353,810246191
40353,814158023
40353,820158023
40353,820183898
40353,820211110
40353,820231478
40353,820231521
40353,820239837
40353,820246191
40353,825158023
40353,825246191
40353,826205632
40353,826232488
40353,828158023
40353,829158023
40353,829231478
40353,831202811
40353,832158023
40353,832183898
40353,832211110
40353,832231478
40353,834192366
40353,834202811
40353,834231478
40353,834239837
40353,834246191
40353,836158023
40353,836211110
40353,836246191
40353,840211110
40353,840214997
40353,840215316
40353,840231521
40353,840237221
40353,844158023
40353,844192366
40353,844211110
40353,844212616
40353,844215316
40353,844239837
40353,844246191
40353,845158023
40353,845183898
40353,845192366
40353,845202811
40353,845207439
40353,845211256
40353,845212616
40353,845225659
40353,845226226
40353,845231478
40353,845232488
40353,845233084
40353,845239301
40353,845239837
40353,845240690
40353,845246191
40353,846202811
40353,846211110
40353,846214997
40353,848158023
40353,848211110
40353,848231478
40353,848231521
40353,852158023
40353,852211110
40353,852225659
40353,855158023
40353,855231478
40353,855246191
40353,856192366
40353,856231478
40353,856232488
40353,856239837
40353,856246191
40353,863158023
40353,863192366
40353,863202811
40353,863207439
40353,863211256
40353,863212616
40353,863231478
40353,863232488
40353,863233084
40353,863239837
40353,863240690
40353,863246191
40353,866158023
40353,866231478
40353,866246191
40353,867232488
40354,201195033
40354,206194958
40354,206199005
40354,225202676
40354,234195033
40354,234199005
40354,273192241
40354,273195033
40354,273199005
40354,273202157
40354,273203225
40354,273211378
40354,273212830
40354,273229585
40354,273237647
40354,300183244
40354,300192241
40354,300195033
40354,300199000
40354,300199005
40354,300202157
40354,300202676
40354,300209885
40354,300209888
40354,300210389
40354,300211378
40354,300212830
40354,300215412
40354,300229585
40354,300229901
40354,300231582
40354,300233487
40354,300236890
40354,300237647
40354,300240648
40354,300241861
40354,300243473
40354,300246009
40354,318243473
40354,322194958
40354,322198810
40354,322199000
40354,322207928
40354,322209885
40354,322229585
40354,322243473
40354,323181481
40354,323189225
40354,323212232
40354,324189225
40354,324203225
40354,324236890
40354,500194958
40354,501194958
40354,501199005
40354,501202676
40354,502199005
40354,502202676
40354,503194958
40354,503199005
40354,504202676
40354,506199005
40354,845199005
40354,851211378
40354,863199005
40354,863209888
40354,863211378
40354,863229901
40355,113183277
40355,114183277
40355,258192985
40355,267192985
40355,272183277
40355,272192505
40355,272192985
40355,278192119
40355,278192985
40355,280192119
40355,280192985
40355,283183277
40355,287192985
40355,289192119
40355,802175943
40355,807192985
40355,810207421
40355,810246420
40355,814177413
40355,814208418
40355,815192505
40355,818175943
40355,825192119
40355,825192985
40355,825213135
40355,826177413
40355,826192505
40355,826222501
40355,826251470
40355,827183277
40355,828192119
40355,828192985
40355,829177413
40355,829192119
40355,829192505
40355,829207421
40355,832251470
40355,834173426
40355,834192119
40355,834202371
40355,834216393
40355,834246420
40355,834251470
40355,835183277
40355,836183277
40355,836192505
40355,836192985
40355,836251470
40355,840183277
40355,840192119
40355,840192505
40355,840213135
40355,840251470
40355,844184111
40355,844192119
40355,844192505
40355,844192984
40355,846183277
40355,846192119
40355,846192505
40355,846192985
40355,846213135
40355,848183277
40355,848192119
40355,848192505
40355,848192985
40355,848208418
40355,848216393
40355,848242664
40355,848251470
40355,851207421
40355,851231416
40355,851257278
40355,852192985
40355,852216393
40355,852222501
40355,855192119
40355,855192505
40355,856192119
40355,856200155
40355,856207421
40355,856246420
40355,856251470
40355,861183277
40355,863192119
40355,863192505
40355,863192985
40355,863200155
40355,863202371
40355,863207421
40355,863216393
40355,863222501
40355,863242664
40355,863246420
40355,863251470
40355,863257278
40355,866192119
40355,866208418
40355,866242664
40355,868183277
40356,287238794
40356,807212831
40356,808207865
40356,808238794
40356,810238794
40356,810243812
40356,814190871
40356,818164240
40356,820236499
40356,820238794
40356,820239580
40356,821190871
40356,821231943
40356,825190871
40356,825200145
40356,825201942
40356,825210257
40356,825212831
40356,825238794
40356,825240130
40356,825243812
40356,826240243
40356,826243812
40356,826247851
40356,828190871
40356,829190871
40356,829199304
40356,829200145
40356,829201942
40356,829212831
40356,831238794
40356,832207865
40356,832233419
40356,832239580
40356,834207865
40356,834212831
40356,834233419
40356,834238794
40356,836238794
40356,836251566
40356,840201942
40356,840209297
40356,844207865
40356,844233419
40356,844238794
40356,844240243
40356,844247257
40356,845200145
40356,845201942
40356,845207865
40356,845212831
40356,845230666
40356,846212831
40356,846243812
40356,848200145
40356,848201942
40356,848209499
40356,848210257
40356,848212831
40356,848230666
40356,848238794
40356,851247851
40356,851251566
40356,852230666
40356,852233419
40356,852239580
40356,852240130
40356,852243812
40356,855207865
40356,855212831
40356,855233419
40356,855238794
40356,855247851
40356,855255475
40356,856207865
40356,856212831
40356,856233419
40356,856238794
40356,856240130
40356,856243812
40356,856247851
40356,856251566
40356,863190871
40356,863200145
40356,863207865
40356,863212831
40356,863233419
40356,863238794
40356,863243812
40356,863247851
40356,866200145
40356,866233419
40356,866239580
40356,866247257
40356,866247851
40356,867200145
40356,867238794
40356,867239580
40356,867240243
40356,867247851
40357,206199069
40357,215226753
40357,221183569
40357,221224069
40357,222226753
40357,230226753
40357,234199069
40357,237199069
40357,242183569
40357,246183569
40357,246199069
40357,252199069
40357,256183569
40357,260183569
40357,260221323
40357,260226753
40357,264183569
40357,270227236
40357,273183569
40357,273199069
40357,273203736
40357,273213868
40357,273224069
40357,273226753
40357,273227236
40357,273231138
40357,273232183
40357,273236556
40357,273236690
40357,273236998
40357,273237469
40357,280183569
40357,280226753
40357,280227236
40357,300183569
40357,300221323
40357,300224069
40357,300226753
40357,300227236
40357,300228732
40357,300231138
40357,300236556
40357,300236690
40357,300237469
40357,300237626
40357,300240728
40357,300241130
40357,300243235
40357,300245017
40357,300255934
40357,318228827
40357,320226753
40357,322203736
40357,322232183
40357,322235996
40357,322236998
40357,323183569
40357,323203736
40357,323220906
40357,323228827
40357,323241093
40357,323244727
40357,324199069
40357,324203736
40357,324213868
40357,324221323
40357,324224069
40357,501183569
40357,501224069
40357,501231138
40357,502183569
40357,502224069
40357,502231138
40357,503203736
40357,503213868
40357,503224069
40357,503227236
40357,508183569
40357,511224069
40357,511227236
40357,513183569
40357,513226753
40357,515226753
40357,515227236
40357,517227236
40357,810183569
40357,810227236
40357,814213868
40357,826226753
40357,826227236
40357,828226753
40357,829226753
40357,840226753
40357,840227236
40357,845231138
40357,848227236
40357,855227236
40358,219234396
40358,219243630
40358,221234396
40358,230234396
40358,240234396
40358,242234396
40358,250234396
40358,252134744
40358,256234396
40358,259234396
40358,259243630
40358,260234396
40358,260243630
40358,267234396
40358,273134744
40358,273189462
40358,273192528
40358,273213439
40358,273220028
40358,273226777
40358,273232081
40358,273234396
40358,273238922
40358,273242380
40358,273243630
40358,273246800
40358,273247648
40358,273256107
40358,279234396
40358,280234396
40358,280242380
40358,280246800
40358,287234396
40358,287243630
40358,300189462
40358,300205211
40358,300213092
40358,300213439
40358,300213536
40358,300226777
40358,300232081
40358,300233045
40358,300234396
40358,300240925
40358,300242380
40358,300243009
40358,300243630
40358,300246800
40358,300247228
40358,300247648
40358,300255956
40358,300256107
40358,300264207
40358,322134744
40358,322189462
40358,322205211
40358,322213095
40358,323192528
40358,324192528
40358,324258361
40358,503234396
40358,504201208
40358,506234396
40358,506243630
40358,507201208
40358,508234396
40358,508243630
40358,511234396
40358,511243630
40358,513213439
40358,513234396
40358,513243630
40358,515234396
40358,515243630
40358,517234396
40358,517243630
40358,517246800
40358,810234396
40358,810242380
40358,810246800
40358,820243630
40358,832243630
40358,834234396
40358,834243630
40358,834256107
40358,836234396
40358,836243630
40358,844234396
40358,844243630
40358,848234396
40358,856234396
40358,856243630
40358,863234396
40358,863242380
40358,863243630
40358,863246800
40358,863247228
40358,863256107
40358,863264207
40358,866247228
40359,201193041
40359,206193041
40359,206212772
40359,214193041
40359,218193041
40359,221193041
40359,231193041
40359,234193041
40359,234212772
40359,237193041
40359,241193041
40359,242193041
40359,246193041
40359,250193041
40359,256193041
40359,260193041
40359,273193041
40359,273198335
40359,273212772
40359,273213064
40359,273227911
40359,273230755
40359,273232230
40359,273251387
40359,289193041
40359,300213064
40359,300227911
40359,300229881
40359,317227911
40359,318229881
40359,322230755
40359,322232230
40359,322247580
40359,322267799
40359,323193041
40359,323198335
40359,323212772
40359,323213064
40359,323251387
40359,323262858
40359,324193041
40359,324251387
40359,324268709
40359,501193041
40359,502193041
40359,503193041
40359,506193041
40359,508193041
40359,513193041
40360,256177003
40360,256207410
40360,259177003
40360,260177003
40360,265216352
40360,267177003
40360,267216352
40360,267244261
40360,267251517
40360,270181458
40360,270251517
40360,272177003
40360,272181458
40360,272199206
40360,272216352
40360,273177003
40360,273181458
40360,273207410
40360,273216352
40360,273251517
40360,274177003
40360,278177003
40360,279181458
40360,279216352
40360,279251517
40360,280177003
40360,280181458
40360,280207410
40360,280251517
40360,287177003
40360,289177003
40360,289181458
40360,291216354
40360,291241095
40360,802177003
40360,808177003
40360,810177003
40360,810207410
40360,810251517
40360,814216352
40360,815177003
40360,815181458
40360,815207410
40360,815216352
40360,815216354
40360,815223273
40360,815241671
40360,815241673
40360,815244261
40360,815250955
40360,815251517
40360,818177003
40360,820188335
40360,825177003
40360,825207410
40360,826201144
40360,826216354
40360,826241095
40360,828177003
40360,829177003
40360,829216352
40360,832251517
40360,834177003
40360,834223273
40360,834251517
40360,836177003
40360,836251517
40360,840207410
40360,840223273
40360,840241673
40360,840250955
40360,840257889
40360,844188335
40360,846177003
40360,846188335
40360,848177003
40360,848216352
40360,848223273
40360,851216354
40360,851251517
40360,856223273
40360,856250955
40360,856251517
40360,863177003
40360,863181458
40360,863188335
40360,863216354
40360,863223273
40360,863225263
40360,863238370
40360,863241095
40360,863241671
40360,863244261
40360,863250955
40360,863251517
40360,863257889
40360,866177003
40360,866216354
40360,866241095
40360,867216352
40361,215190460
40361,216190460
40361,216207791
40361,221224221
40361,222190460
40361,231179645
40361,233163587
40361,234190460
40361,242193290
40361,246163587
40361,246228687
40361,252163587
40361,252179645
40361,253163587
40361,253172522
40361,253179645
40361,253193133
40361,253193283
40361,253193290
40361,253202849
40361,253207791
40361,253213648
40361,253213661
40361,253228687
40361,253234678
40361,253241508
40361,256190460
40361,256200108
40361,259179645
40361,260213661
40361,260233301
40361,262241508
40361,270190460
40361,273163587
40361,273172522
40361,273179645
40361,273193133
40361,273193283
40361,273207791
40361,273210697
40361,273213648
40361,273213661
40361,273224221
40361,273234678
40361,273240017
40361,273241508
40361,276241522
40361,280179645
40361,280213648
40361,280240017
40361,283190460
40361,289179645
40361,289190460
40361,291213648
40361,291224221
40361,291229723
40361,513190460
40361,513213648
40361,513213661
40361,515201269
40361,515213648
40361,515213661
40361,517201269
40361,517213648
40361,517241522
40361,802163587
40361,802207791
40361,810207791
40361,810213661
40361,815163587
40361,815179645
40361,815190460
40361,815193133
40361,815193290
40361,815207791
40361,815210697
40361,815213648
40361,815213661
40361,815224221
40361,815229723
40361,815233301
40361,815234678
40361,815240017
40361,815241508
40361,815241522
40361,825213661
40361,826210697
40361,826224221
40361,826234678
40361,826241522
40361,834163587
40361,840213661
40361,844213648
40361,844241508
40361,846190460
40361,848207791
40361,851210697
40361,851233301
40361,851241522
40361,855213648
40362,234220295
40362,238237942
40362,260237942
40362,265237942
40362,273220295
40362,273221860
40362,273237942
40362,273246055
40362,273246406
40362,273247181
40362,273256079
40362,273256197
40362,276256197
40362,291237942
40362,291256079
40362,300220295
40362,300237942
40362,300246055
40362,300246058
40362,300247181
40362,300253568
40362,300254039
40362,300255137
40362,300256079
40362,300256197
40362,300260740
40362,300263522
40362,318246055
40362,322208504
40362,322220295
40362,322245689
40362,322246057
40362,322246058
40362,322247181
40362,322254039
40362,322260740
40362,323245065
40362,323246057
40362,323254069
40362,323255137
40362,324221860
40362,324246406
40362,324254069
40362,324260740
40362,503237942
40362,511237942
40362,511247181
40362,511256197
40362,515256079
40362,515256197
40362,517237942
40362,517256079
40362,517256197
40362,804256079
40362,826256079
40362,834256197
40362,836256079
40362,840256197
40362,844256079
40362,844256197
40362,851237942
40362,855256079
40362,856256079
40362,863237942
40362,863246055
40362,863256079
40362,863256197
40362,867256079
40363,287186345
40363,287202126
40363,287246669
40363,287252371
40363,290252371
40363,807202126
40363,807231281
40363,807252371
40363,808206517
40363,810202126
40363,810237692
40363,810252371
40363,815252371
40363,820202126
40363,820231281
40363,820234378
40363,820237692
40363,820246669
40363,820252371
40363,825203574
40363,825206517
40363,825231281
40363,825252371
40363,826238216
40363,829183711
40363,829202652
40363,829231281
40363,829233049
40363,829234378
40363,829246669
40363,829252371
40363,831252371
40363,832202126
40363,832231281
40363,832234378
40363,832237692
40363,832246669
40363,834202126
40363,834234378
40363,834237692
40363,834246669
40363,834252371
40363,836202126
40363,836202652
40363,836231281
40363,836233049
40363,836233064
40363,836237692
40363,836246669
40363,836252371
40363,839246669
40363,840205988
40363,840231352
40363,844202126
40363,844231281
40363,844234378
40363,844246669
40363,844252371
40363,846231281
40363,848186345
40363,848188377
40363,848202126
40363,848202652
40363,848203574
40363,848231281
40363,848232756
40363,848237692
40363,848252371
40363,851204935
40363,852183711
40363,852206517
40363,852233049
40363,852237692
40363,853207494
40363,854234378
40363,855202126
40363,855252371
40363,856186345
40363,856202126
40363,856203841
40363,856234378
40363,856237692
40363,856238074
40363,856246669
40363,856252371
40363,863202126
40363,863204935
40363,863234378
40363,863237692
40363,863238074
40363,863246669
40363,863252371
40363,866202126
40363,866234378
40363,866238074
40363,867203263
40363,867205569
40363,867231352
40363,867238216
40363,867252371
40364,278165153
40364,278231747
40364,287165153
40364,287194765
40364,287231747
40364,289194765
40364,802165153
40364,807231747
40364,807232656
40364,808165153
40364,808194765
40364,810194765
40364,810231443
40364,810231747
40364,814165153
40364,814231747
40364,815231747
40364,818165153
40364,820178509
40364,820194765
40364,820231443
40364,820231747
40364,820232656
40364,820241486
40364,825165153
40364,825201535
40364,825215914
40364,828165153
40364,828194765
40364,828231747
40364,829165153
40364,831231747
40364,832194765
40364,832215698
40364,832215914
40364,832231443
40364,832232656
40364,834194765
40364,834229558
40364,834231443
40364,834231747
40364,834241486
40364,836165153
40364,836167948
40364,836231443
40364,836231747
40364,839215914
40364,840194765
40364,840215914
40364,840220814
40364,840241486
40364,844165153
40364,844210008
40364,844215914
40364,844229558
40364,844231443
40364,844231747
40364,844241486
40364,844241852
40364,846165153
40364,848165153
40364,848167948
40364,848178509
40364,848194765
40364,848213345
40364,848215914
40364,848226851
40364,848228618
40364,851194765
40364,851236496
40364,851241637
40364,852178509
40364,852195864
40364,852231443
40364,852241486
40364,854231443
40364,854231747
40364,854241486
40364,855165153
40364,856194765
40364,856229558
40364,856231443
40364,856231747
40364,856241486
40364,856241637
40364,863200458
40364,863215698
40364,863229558
40364,863231747
40364,863232656
40364,863241486
40364,863241637
40364,866210008
40364,866215698
40364,866229558
40364,866231443
40364,866231747
40364,866241637
40364,867210008
40364,867232656
40365,287212622
40365,808186942
40365,810186942
40365,810209658
40365,810212622
40365,810247819
40365,810256790
40365,814212622
40365,818167495
40365,820186942
40365,820205452
40365,820213331
40365,820222492
40365,820247819
40365,820256630
40365,820256790
40365,821206113
40365,825186942
40365,825205452
40365,825235790
40365,826209658
40365,826210324
40365,826212622
40365,826235790
40365,826236703
40365,828167495
40365,829188350
40365,832205452
40365,832212622
40365,832213331
40365,832256630
40365,832256790
40365,834212622
40365,834235790
40365,834247819
40365,834256630
40365,834256790
40365,836167495
40365,836188350
40365,836212188
40365,836256630
40365,836256790
40365,840208333
40365,840213331
40365,840256630
40365,844205452
40365,844212622
40365,844213331
40365,844247819
40365,844256630
40365,844256790
40365,848167495
40365,848186942
40365,848188350
40365,848206113
40365,848210324
40365,848212188
40365,848212190
40365,848212622
40365,848213331
40365,848222492
40365,848256630
40365,851207862
40365,851223697
40365,852186942
40365,852188350
40365,852189596
40365,852192448
40365,852205452
40365,852208333
40365,852209658
40365,852213331
40365,852222492
40365,852256630
40365,855167495
40365,855212622
40365,855213331
40365,855236703
40365,855247819
40365,855256790
40365,856206113
40365,856212622
40365,856222492
40365,856247819
40365,856251852
40365,856256630
40365,863206113
40365,863209658
40365,863212622
40365,863213331
40365,863222492
40365,863236703
40365,863256630
40365,866206113
40365,866212622
40365,866213331
40365,866236703
40365,866247819
40365,867208333
40365,867235790
40366,201188337
40366,206216201
40366,210176571
40366,214209989
40366,216216201
40366,221209989
40366,231176571
40366,233197756
40366,233200759
40366,233212883
40366,234176571
40366,234197756
40366,238245155
40366,246200759
40366,252198970
40366,260245155
40366,262242418
40366,262256035
40366,273197756
40366,273208052
40366,273209620
40366,273209989
40366,273212219
40366,273212883
40366,273230653
40366,273244112
40366,273245155
40366,273245598
40366,273256035
40366,273265187
40366,276244915
40366,280185349
40366,283176571
40366,283197756
40366,283209989
40366,283216201
40366,287245155
40366,291197756
40366,291200759
40366,291216201
40366,291230021
40366,300209989
40366,300212219
40366,300216201
40366,300241236
40366,300244915
40366,300245155
40366,500209989
40366,500216201
40366,501209989
40366,501212219
40366,501216201
40366,502209989
40366,502212219
40366,502216201
40366,503197756
40366,503209989
40366,503212219
40366,503216201
40366,503244915
40366,503245598
40366,506209989
40366,506212219
40366,506216201
40366,508209989
40366,508216201
40366,511209989
40366,511216201
40366,511242418
40366,511244112
40366,513216201
40366,515216201
40366,515245155
40366,517216201
40366,517241236
40366,517245155
40366,596241236
40366,802216201
40366,820216201
40366,826197756
40366,826241236
40366,826245155
40366,851216201
40366,851241236
40366,851245155
40366,852216201
40366,856241236
40366,856244915
40366,856245155
40366,863197756
40366,863212219
40366,863216201
40366,863241236
40366,863244915
40366,863245155
40366,863247124
40366,863257946
40366,863267680
40366,866241236
40366,867241236
40367,267203376
40367,272190815
40367,272198176
40367,273202556
40367,273203376
40367,278203376
40367,280235243
40367,284190815
40367,287199987
40367,287225953
40367,287235243
40367,289190815
40367,290203376
40367,291203376
40367,291216266
40367,291228702
40367,802190815
40367,807203376
40367,815198176
40367,815203376
40367,815208920
40367,815233096
40367,815242516
40367,820189805
40367,820203376
40367,820231447
40367,820240679
40367,825181291
40367,825203376
40367,825208920
40367,826190815
40367,826208461
40367,826223689
40367,828203376
40367,829181291
40367,829189805
40367,829198176
40367,829199987
40367,829203376
40367,829225953
40367,829231447
40367,829233096
40367,829242516
40367,831203376
40367,834189805
40367,834198176
40367,834203376
40367,834208461
40367,834233096
40367,834239380
40367,834240679
40367,834242516
40367,834246104
40367,834251805
40367,836228702
40367,836235243
40367,836246104
40367,840190815
40367,840208461
40367,840216266
40367,840221363
40367,840235243
40367,840240679
40367,844189805
40367,844203376
40367,844233096
40367,844239380
40367,844246104
40367,846181291
40367,846203376
40367,846225953
40367,848198176
40367,848203376
40367,851208461
40367,851251805
40367,852190815
40367,852228702
40367,854203376
40367,855228702
40367,855233096
40367,855246104
40367,856203376
40367,856228702
40367,856233096
40367,856240679
40367,856242516
40367,856246104
40367,856251805
40367,863202556
40367,863203376
40367,863208920
40367,863228702
40367,863231447
40367,863233096
40367,863242516
40367,863246104
40367,863251805
40367,866203376
40367,866251805
40367,867208461
40368,230241788
40368,242241788
40368,250241788
40368,267241788
40368,273213955
40368,273215871
40368,273233218
40368,273241788
40368,273243549
40368,273243551
40368,273244259
40368,280241788
40368,287241788
40368,289194354
40368,300215871
40368,300237419
40368,300241788
40368,300241793
40368,300243549
40368,300243551
40368,300251575
40368,317194354
40368,318231949
40368,318244259
40368,319251575
40368,322237419
40368,322268846
40368,323213955
40368,323215871
40368,323231949
40368,323233218
40368,323259094
40368,324194354
40368,324215871
40368,324244259
40368,501215871
40368,511213955
40368,515241788
40368,808241788
40368,810241788
40368,834241788
40368,856241788
40368,863241788
40368,863243551
40369,206191648
40369,206232883
40369,210232639
40369,219232938
40369,219237681
40369,221226627
40369,234180739
40369,234191648
40369,234217648
40369,237226627
40369,250232730
40369,250233152
40369,260226627
40369,265237681
40369,270226627
40369,273180739
40369,273191648
40369,273217648
40369,273226627
40369,273232487
40369,273232599
40369,273232610
40369,273232905
40369,273232938
40369,273236764
40369,273242087
40369,273245538
40369,279232639
40369,279232730
40369,280232730
40369,287255565
40369,291232487
40369,291232639
40369,291237681
40369,300226627
40369,300232487
40369,300232639
40369,300232730
40369,300237681
40369,300242087
40369,300246321
40369,300252162
40369,300255565
40369,502232938
40369,503226627
40369,503232730
40369,503232938
40369,503237681
40369,506232487
40369,508232487
40369,511191648
40369,511226627
40369,511232487
40369,511232639
40369,511232905
40369,511233152
40369,513232639
40369,513237681
40369,513255565
40369,515226627
40369,515232639
40369,515232730
40369,515237681
40369,517226627
40369,517232639
40369,517237681
40369,517255565
40369,808237681
40369,808255565
40369,810232730
40369,810232938
40369,810237681
40369,820226627
40369,820237681
40369,826232639
40369,829232639
40369,834226627
40369,834242087
40369,834246321
40369,834255742
40369,836237681
40369,840232730
40369,844232639
40369,845191648
40369,851237681
40369,851255565
40369,852232730
40369,855232639
40369,856226627
40369,863226627
40369,863232487
40369,863232639
40369,863232730
40369,863232905
40369,863233152
40369,863236764
40369,863237681
40369,863252162
40369,863255565
40369,866252162
40370,240200104
40370,250200104
40370,252200104
40370,258200104
40370,267200104
40370,270237086
40370,273200104
40370,277201528
40370,277212432
40370,277213317
40370,277246937
40370,277247686
40370,277260397
40370,278200104
40370,280200104
40370,280237086
40370,287237086
40370,287243780
40370,289200104
40370,290200104
40370,291200104
40370,518201528
40370,518212432
40370,518212778
40370,518212912
40370,518227659
40370,518238570
40370,518245054
40370,518248188
40370,805201528
40370,805212432
40370,805232595
40370,805238097
40370,805248188
40370,806200104
40370,806221671
40370,806226380
40370,806228010
40370,806237086
40370,806243780
40370,807200104
40370,807237086
40370,808243780
40370,810237086
40370,810243780
40370,814237086
40370,814243780
40370,820200104
40370,826221671
40370,826226380
40370,828200104
40370,828237086
40370,830212432
40370,830227659
40370,830232595
40370,830245054
40370,830248188
40370,831200104
40370,834228010
40370,834237086
40370,834243780
40370,836200104
40370,836243780
40370,839200104
40370,840200104
40370,844200104
40370,844237086
40370,846200104
40370,848200104
40370,848237086
40370,851221671
40370,853199231
40370,853212432
40370,853213317
40370,853227659
40370,853232595
40370,853238570
40370,853245054
40370,855200104
40370,856237086
40370,856243780
40370,862199236
40370,862200104
40370,862212432
40370,862237086
40370,862243780
40370,863200104
40370,863212432
40370,863221671
40370,863226380
40370,863228010
40370,863237086
40370,863237424
40370,863243780
40370,863247686
40370,864200104
40370,864200577
40370,864226380
40370,864247686
40370,866200104
40371,206171897
40371,206173432
40371,215156519
40371,216171897
40371,217140233
40371,217171897
40371,217173432
40371,217192041
40371,217204838
40371,217210761
40371,217220854
40371,217226045
40371,217235389
40371,217235844
40371,218221992
40371,219237995
40371,221156519
40371,221221992
40371,230193165
40371,230204838
40371,234140233
40371,234156519
40371,234171897
40371,234204838
40371,237193165
40371,237204838
40371,237221992
40371,242156519
40371,242193165
40371,246171897
40371,246204838
40371,250193165
40371,250221992
40371,252171897
40371,252220854
40371,256171897
40371,260156519
40371,260235844
40371,264156519
40371,265204838
40371,273156519
40371,273193165
40371,273204838
40371,273221992
40371,273233493
40371,273235844
40371,280221992
40371,287235844
40371,289140233
40371,289156519
40371,289171897
40371,501171897
40371,501173432
40371,502156519
40371,502171897
40371,502204838
40371,502221992
40371,503156519
40371,503171897
40371,503192041
40371,503204838
40371,506156519
40371,506204838
40371,506221992
40371,508204838
40371,508221992
40371,513140233
40371,513156519
40371,513235844
40371,515156519
40371,515235844
40371,517221992
40371,517245152
40371,804245152
40371,810221992
40371,810233493
40371,820156519
40371,821140233
40371,821229980
40371,821244349
40371,826244349
40371,829221992
40371,834245152
40371,845140233
40371,845204838
40371,845224574
40371,845235844
40371,845244349
40371,845245152
40371,851204838
40371,851244349
40371,863204838
40371,863221992
40371,863226045
40371,863229980
40371,863233260
40371,863233493
40371,863235844
40371,863244349
40371,863245152
40372,206205083
40372,206209981
40372,210220253
40372,210235212
40372,210235410
40372,210236624
40372,221235212
40372,230235212
40372,242209981
40372,242220253
40372,242235410
40372,256220253
40372,258235212
40372,260235212
40372,265224158
40372,265235212
40372,270244749
40372,273205083
40372,273208295
40372,273209981
40372,273211381
40372,273224158
40372,273225410
40372,273228639
40372,273229010
40372,273235212
40372,273236624
40372,273238490
40372,273242794
40372,273243586
40372,273244749
40372,278235212
40372,279209981
40372,279224158
40372,280235212
40372,300205083
40372,300208295
40372,300209981
40372,300211381
40372,300223573
40372,300224158
40372,300225410
40372,300229010
40372,300233483
40372,300235212
40372,300235410
40372,300238490
40372,300241775
40372,300242794
40372,300243586
40372,300244749
40372,300248564
40372,300255125
40372,300262473
40372,300264348
40372,322243586
40372,324220253
40372,500205083
40372,501205083
40372,501208295
40372,501209981
40372,501211381
40372,501220253
40372,501235212
40372,501243586
40372,502211381
40372,502220253
40372,502235212
40372,502235410
40372,503220253
40372,503224158
40372,503233767
40372,503235212
40372,503235410
40372,503242794
40372,506235212
40372,508209981
40372,508235212
40372,511209981
40372,511211381
40372,511235212
40372,513209981
40372,513224158
40372,513235410
40372,515209981
40372,517209981
40372,804255125
40372,820209981
40372,828209981
40372,840209981
40372,840220253
40372,840235410
40372,856243586
40372,863209981
40372,863224158
40372,863235410
40372,863241775
40372,863243586
40372,863244749
40372,863255125
40373,214188545
40373,215188545
40373,215223113
40373,221186153
40373,221188545
40373,222188545
40373,230186153
40373,230188545
40373,231197242
40373,233190547
40373,234188545
40373,237188545
40373,240188545
40373,242188545
40373,250186153
40373,250188545
40373,251188545
40373,251190547
40373,251197242
40373,251205175
40373,252188545
40373,256186153
40373,256188545
40373,258188545
40373,260186153
40373,260188545
40373,264188545
40373,265186153
40373,265215502
40373,267188545
40373,270205175
40373,273186153
40373,273188545
40373,273190547
40373,273197242
40373,273199763
40373,273210406
40373,273212138
40373,273220570
40373,273227174
40373,273239778
40373,276235973
40373,276239778
40373,279186153
40373,279188545
40373,280210406
40373,283186153
40373,287186153
40373,287188545
40373,287235973
40373,289188545
40373,289190547
40373,503188545
40373,506188545
40373,508188545
40373,511186153
40373,511188545
40373,511210406
40373,513186153
40373,513188545
40373,513205175
40373,515188545
40373,515189908
40373,515205175
40373,515210406
40373,517188545
40373,801186153
40373,804252495
40373,808186153
40373,808188545
40373,810188545
40373,810210406
40373,814188545
40373,815188545
40373,815210406
40373,815212138
40373,820186153
40373,820188545
40373,825188545
40373,828188545
40373,829205175
40373,829212138
40373,832188545
40373,834188545
40373,834210406
40373,834227174
40373,836188545
40373,840262113
40373,844188545
40373,846188545
40373,848188545
40373,848210406
40373,852186153
40373,852188545
40373,852189908
40373,855188545
40373,856188545
40373,856210406
40373,866210406
40373,866220570
40374,258239818
40374,280239818
40374,287209889
40374,287239818
40374,287241721
40374,289020801
40374,291212198
40374,807020801
40374,807239818
40374,808218667
40374,808241721
40374,810210514
40374,810239818
40374,814020801
40374,815210514
40374,815212198
40374,815234577
40374,818120533
40374,820020801
40374,820120533
40374,820224293
40374,820234577
40374,820241721
40374,825020801
40374,825210514
40374,825218667
40374,825239818
40374,826210514
40374,826212198
40374,826218667
40374,826229391
40374,828020801
40374,829020801
40374,829209889
40374,832020801
40374,832212198
40374,832234577
40374,832239818
40374,834241721
40374,834252145
40374,834253124
40374,836020801
40374,836218667
40374,836242444
40374,839020801
40374,839238616
40374,840178005
40374,840212198
40374,844020801
40374,844210514
40374,844212198
40374,844234577
40374,844252145
40374,845020801
40374,845162347
40374,845171791
40374,845178005
40374,845200888
40374,845207566
40374,845230767
40374,846020801
40374,846210514
40374,848020801
40374,848210514
40374,848218667
40374,848224411
40374,848239818
40374,848241721
40374,851218667
40374,851234574
40374,851238616
40374,851241721
40374,852209889
40374,852212198
40374,852228941
40374,852234574
40374,854252145
40374,855020801
40374,856229391
40374,856239818
40374,856252145
40374,856253124
40374,863020801
40374,863210514
40374,863212198
40374,863218667
40374,863224293
40374,863227928
40374,863234577
40374,863238616
40374,863239818
40374,863242444
40374,863252145
40374,866020801
40374,866212198
40374,866224293
40374,866242444
40374,866252145
40374,867212198
40374,867229391
40375,300180548
40375,300180561
40375,300215911
40375,300234051
40375,300238878
40375,300239861
40375,300239878
40375,300268771
40375,300268772
40375,300268775
40375,300268776
40375,300268778
40375,300268779
40375,300268780
40375,300268781
40375,300268782
40375,300268783
40375,300268877
40375,300268985
40375,300268986
40375,322239861
40375,322268773
40375,322268878
40375,322268978
40375,322268980
40375,322268985
40375,323239878
40375,323268785
40375,324268773
40375,324268774
40375,324268775
40375,324268779
40375,324268784
40375,324268878
40375,324268978
40375,324268985
40375,863234051
40375,863238878
40375,863268771
40375,863268772
40375,863268775
40375,863268776
40375,863268781
40375,863268783
40376,252191269
40376,273191269
40376,273210602
40376,273210603
40376,273210923
40376,273211173
40376,273229851
40376,273230713
40376,273232477
40376,273238545
40376,273241197
40376,273242863
40376,300191269
40376,300208949
40376,300208974
40376,300210602
40376,300210603
40376,300210923
40376,300211173
40376,300213901
40376,300221370
40376,300221658
40376,300221772
40376,300224962
40376,300229851
40376,300230713
40376,300232477
40376,300233961
40376,300237721
40376,300238043
40376,300238545
40376,300241197
40376,300241938
40376,300242117
40376,300242223
40376,300242863
40376,300245751
40376,300246688
40376,300248498
40376,300253440
40376,322208949
40376,323191269
40376,323208974
40376,324210140
40376,324210923
40376,324210926
40376,515210602
40376,517210602
40376,802210602
40376,802210603
40376,820210602
40376,832210602
40376,844210602
40376,855210602
40376,863210602
40376,863211173
40376,863229851
40376,863238545
40376,863241938
40376,863245751
40376,863246688
40376,866210602
40377,215201024
40377,215208722
40377,216193474
40377,216201024
40377,217201024
40377,217208722
40377,220208722
40377,221201024
40377,221208722
40377,222201024
40377,230193474
40377,230208722
40377,233208722
40377,234208722
40377,237208722
40377,241208722
40377,242208722
40377,242234642
40377,246193474
40377,259234642
40377,260193474
40377,260208722
40377,260225711
40377,260234642
40377,267201024
40377,267208722
40377,270201024
40377,270208722
40377,273186801
40377,273193474
40377,273198861
40377,273201024
40377,273204472
40377,273208722
40377,273223283
40377,273225711
40377,273234642
40377,273235353
40377,273246242
40377,273261084
40377,276241707
40377,279201024
40377,279208722
40377,280201024
40377,280208722
40377,280225711
40377,291193474
40377,291246242
40377,503208722
40377,506208722
40377,508208722
40377,511201024
40377,511208722
40377,513201024
40377,513208722
40377,513234642
40377,515201024
40377,515208722
40377,517201024
40377,517208722
40377,517246242
40377,814198861
40377,814201024
40377,814208722
40377,814234642
40377,820201024
40377,825208722
40377,825234642
40377,828201024
40377,828208722
40377,829193474
40377,829208722
40377,834259816
40377,836259868
40377,845193474
40377,845198861
40377,845201024
40377,845208722
40377,845234642
40377,845241707
40377,845246242
40377,846208722
40377,848208722
40377,851193474
40377,851235353
40377,851246242
40377,852235353
40377,856259868
40377,863193474
40377,863201024
40377,863208722
40377,863225293
40377,863234642
40377,863235353
40377,863238227
40377,863241707
40377,863259868
40377,866201024
40377,867193474
40377,867201024
40378,215199434
40378,215208574
40378,222199434
40378,230199434
40378,230208574
40378,230223848
40378,230241727
40378,238238095
40378,250199434
40378,250208574
40378,250223848
40378,252199434
40378,259199434
40378,259208574
40378,259246430
40378,260199434
40378,262246430
40378,265208574
40378,265232099
40378,265232432
40378,265258683
40378,267199434
40378,267208574
40378,267223848
40378,267246430
40378,270232099
40378,270246430
40378,273199434
40378,273208574
40378,273212127
40378,273215716
40378,273221354
40378,273223848
40378,273232432
40378,273236699
40378,273238095
40378,273241727
40378,273243656
40378,273246430
40378,273254840
40378,276258683
40378,279208574
40378,279223848
40378,279246430
40378,284193881
40378,287199434
40378,287223848
40378,291193198
40378,291208574
40378,291215716
40378,513208574
40378,513223848
40378,513246430
40378,515208574
40378,515215716
40378,515223848
40378,515246430
40378,517208574
40378,517223848
40378,517230872
40378,517246430
40378,808223848
40378,814223848
40378,814246430
40378,815193198
40378,815193881
40378,815199434
40378,815208574
40378,815215716
40378,815221354
40378,815221969
40378,815223848
40378,815232099
40378,815236699
40378,815238095
40378,815239433
40378,815246430
40378,815254840
40378,815258683
40378,820223848
40378,820246430
40378,825232432
40378,828199434
40378,828246430
40378,829193198
40378,832246430
40378,834246430
40378,834254840
40378,836223848
40378,836246430
40378,840193198
40378,840208574
40378,844223848
40378,844238095
40378,851230872
40378,852246430
40378,855230872
40378,856246430
40378,866230872
40378,867223848
40379,280231866
40379,283189511
40379,287231866
40379,287251854
40379,289189511
40379,802155862
40379,802189511
40379,802193747
40379,807231866
40379,808201153
40379,808251854
40379,810204963
40379,810231866
40379,814155862
40379,814212218
40379,814226161
40379,815212218
40379,815231866
40379,818155862
40379,820189332
40379,820189511
40379,820204963
40379,820230869
40379,820231866
40379,821244260
40379,821251854
40379,825184432
40379,825189332
40379,825189511
40379,825204963
40379,825231866
40379,826208093
40379,826243576
40379,829189511
40379,829204963
40379,831204963
40379,831231866
40379,832230869
40379,832251854
40379,834204525
40379,834226161
40379,834244260
40379,834251854
40379,836189511
40379,836231866
40379,836251854
40379,840157481
40379,840184432
40379,840193080
40379,840193747
40379,840208093
40379,840241464
40379,840245279
40379,844189332
40379,844193080
40379,844204525
40379,844251854
40379,845189332
40379,845189511
40379,845204963
40379,845212218
40379,845230869
40379,845231866
40379,845244260
40379,846193747
40379,848189332
40379,848189511
40379,848204963
40379,848211688
40379,848226161
40379,848231866
40379,851226161
40379,851243576
40379,852189332
40379,852189511
40379,852241461
40379,852251854
40379,854251854
40379,855226161
40379,856226161
40379,856228789
40379,856231866
40379,856241461
40379,856243576
40379,856244260
40379,856251854
40379,863212218
40379,863226161
40379,863230869
40379,863231866
40379,863241461
40379,863243576
40379,863251854
40379,866226161
40379,866226456
40379,866245037
40379,866251854
40379,867157481
40379,867204963
40379,867211688
40380,250193408
40380,250202024
40380,253190059
40380,253193348
40380,253193408
40380,253199503
40380,253222357
40380,253229237
40380,256193348
40380,260242530
40380,273193348
40380,273193352
40380,273202024
40380,273221491
40380,273222357
40380,273229237
40380,279235073
40380,280229237
40380,287235073
40380,289193348
40380,289193352
40380,289199503
40380,291193352
40380,291199503
40380,291210047
40380,291221491
40380,291229752
40380,515235073
40380,517235073
40380,808199503
40380,808235073
40380,810177683
40380,810229237
40380,810235073
40380,814193348
40380,814199503
40380,815177683
40380,815193348
40380,815193352
40380,815199503
40380,815202024
40380,815210047
40380,815210537
40380,815215556
40380,815221491
40380,815229237
40380,815229261
40380,815233139
40380,815238581
40380,815242530
40380,820177683
40380,820199503
40380,820235073
40380,825193348
40380,825229237
40380,826193352
40380,826202024
40380,826210047
40380,826221491
40380,829229237
40380,829235073
40380,832199503
40380,832235073
40380,834177683
40380,834199503
40380,834215556
40380,834222357
40380,834229237
40380,834229261
40380,834235073
40380,840199503
40380,840229752
40380,844199503
40380,844229261
40380,848199503
40380,851202024
40380,851210047
40380,852193352
40380,852202024
40380,852229237
40380,856177683
40380,856229237
40380,856235073
40380,863193352
40380,863199503
40380,863202024
40380,863216158
40380,863221491
40380,863222357
40380,863229237
40380,863229261
40380,863229752
40380,863235073
40380,863236898
40380,863238581
40380,866199503
40380,866229237
40380,866235073
40380,867199503
40380,867210047
40381,206194845
40381,206205257
40381,206225126
40381,206237548
40381,215194845
40381,217194845
40381,217225126
40381,217235565
40381,217237548
40381,218225126
40381,234194845
40381,273194845
40381,273205257
40381,273225126
40381,273233642
40381,273235565
40381,273242041
40381,273255210
40381,273258171
40381,283225126
40381,291225126
40381,300220029
40381,300225126
40381,300235565
40381,300242041
40381,300245410
40381,300252711
40381,300255210
40381,300256383
40381,300258171
40381,300263432
40381,319242683
40381,320245410
40381,322205257
40381,322220029
40381,322235236
40381,322242683
40381,322256383
40381,323233642
40381,323237548
40381,323241750
40381,324194845
40381,324241750
40381,500194845
40381,501194845
40381,501225126
40381,502194845
40381,502225126
40381,503194845
40381,503225126
40381,508194845
40381,508225126
40381,511194845
40381,511225126
40381,513225126
40381,515225126
40381,517225126
40381,863225126
40381,863235565
40381,863245410
40381,863252711
40381,863258171
40382,210227796
40382,217212591
40382,217217714
40382,217226807
40382,217227796
40382,217234777
40382,217237000
40382,217238744
40382,219232999
40382,219238744
40382,221227796
40382,221232999
40382,234212722
40382,238227796
40382,238245541
40382,238251804
40382,242227796
40382,242234777
40382,242238744
40382,242245541
40382,242251804
40382,260227796
40382,260234777
40382,260238744
40382,260241496
40382,260247361
40382,270233267
40382,270247361
40382,273212591
40382,273212722
40382,273213209
40382,273227796
40382,273229348
40382,273232999
40382,273233267
40382,273237255
40382,273241496
40382,273247361
40382,273251223
40382,273253177
40382,276241496
40382,276247361
40382,276253177
40382,280227796
40382,280245541
40382,280251804
40382,291229348
40382,502204082
40382,502227796
40382,503227796
40382,503234777
40382,506227796
40382,508227796
40382,508238744
40382,508245541
40382,511229348
40382,513190780
40382,513227796
40382,513245541
40382,515227796
40382,517227796
40382,804242075
40382,810251223
40382,810251804
40382,820227796
40382,820251804
40382,825227796
40382,826229348
40382,826238744
40382,829226807
40382,832227796
40382,834227796
40382,834238744
40382,834241496
40382,834253177
40382,836227796
40382,844227796
40382,844229348
40382,845201447
40382,845213209
40382,845217714
40382,845226807
40382,845233267
40382,845237255
40382,845242332
40382,848245541
40382,852238744
40382,852250954
40382,855227796
40382,856238744
40382,863227796
40382,863229348
40382,863232999
40382,863238744
40382,863241496
40382,863247361
40382,863250954
40382,863251804
40382,866226807
40382,866238744
40383,231182493
40383,233182493
40383,237179813
40383,246227535
40383,246239053
40383,250197655
40383,252182493
40383,252197655
40383,256179813
40383,256227535
40383,260197655
40383,260239053
40383,260253072
40383,264179813
40383,265179813
40383,267197655
40383,267253072
40383,267253163
40383,270240716
40383,270253072
40383,270253163
40383,272179813
40383,272182494
40383,272182495
40383,273179813
40383,273182494
40383,273182495
40383,273216460
40383,273223959
40383,273227535
40383,273230965
40383,273239053
40383,273253163
40383,273253290
40383,276253163
40383,279239053
40383,279253072
40383,280227535
40383,280239053
40383,280240716
40383,280253072
40383,287197655
40383,287239053
40383,287253306
40383,289179813
40383,289182494
40383,289182495
40383,513239053
40383,515239053
40383,517239053
40383,802182494
40383,807239053
40383,810216460
40383,810219985
40383,810239053
40383,810240716
40383,810253163
40383,810253306
40383,818179813
40383,820239053
40383,820253163
40383,825182495
40383,825239053
40383,826253072
40383,828253072
40383,829229636
40383,832239053
40383,834216460
40383,834239053
40383,834253072
40383,836253072
40383,840216460
40383,840223959
40383,844239053
40383,846216460
40383,848227535
40383,848239053
40383,848240716
40383,851192816
40383,851232665
40383,852253163
40383,855239053
40383,856216460
40383,856223959
40383,856227535
40383,856239053
40383,856253163
40383,863216460
40383,863227535
40383,863230965
40383,863239053
40383,863240716
40383,863253072
40383,863253163
40383,863253283
40383,863253306
40383,866239053
40383,867192816
40383,867227535
40383,867240716
40384,100173731
40384,101173731
40384,110173731
40384,113173731
40384,206173731
40384,206186561
40384,207173731
40384,210173731
40384,210186561
40384,214173731
40384,216170084
40384,216173731
40384,221173731
40384,221186561
40384,221205923
40384,231170084
40384,231173731
40384,231186561
40384,234170084
40384,234173731
40384,234184716
40384,234186561
40384,238232104
40384,238235735
40384,238243057
40384,242186561
40384,242243057
40384,251170084
40384,251173731
40384,251173752
40384,251184716
40384,251186561
40384,251205923
40384,251207998
40384,253173731
40384,253173752
40384,253184716
40384,253186561
40384,253205923
40384,253207998
40384,253216627
40384,253220677
40384,253220710
40384,253225147
40384,253228815
40384,253229266
40384,253232104
40384,253233201
40384,253235735
40384,253243057
40384,256173731
40384,260173731
40384,264186561
40384,273173731
40384,273184716
40384,273186561
40384,273205923
40384,273207998
40384,273216627
40384,273220677
40384,273220710
40384,273225147
40384,273229266
40384,273232104
40384,273233201
40384,273235735
40384,273243057
40384,273251421
40384,276251421
40384,280205923
40384,289170084
40384,291235735
40384,500173731
40384,501173731
40384,501186561
40384,502173731
40384,502186561
40384,506173731
40384,506186561
40384,508173731
40384,508232104
40384,511186561
40384,511207998
40384,517251421
40384,802186561
40384,802205923
40384,804248687
40384,814232104
40384,825173731
40384,826251421
40384,827173731
40384,829173731
40384,836173731
40384,836251421
40384,846173731
40384,848173731
40384,851243057
40384,851251421
40384,861173731
40384,866220710
40385,277155355
40385,277180283
40385,277199231
40385,277201528
40385,277202749
40385,277202970
40385,277202986
40385,277203004
40385,277205156
40385,277205401
40385,277205565
40385,277207645
40385,277208153
40385,277208636
40385,277209210
40385,277209449
40385,277211635
40385,277212066
40385,277212432
40385,277213189
40385,277213317
40385,277221467
40385,277222229
40385,277222582
40385,277225733
40385,277226652
40385,277228007
40385,277228009
40385,277232000
40385,277232065
40385,277232269
40385,277232811
40385,277233018
40385,277237424
40385,277238351
40385,277238394
40385,277238570
40385,277238576
40385,277241970
40385,277242924
40385,277243673
40385,277244582
40385,277245981
40385,277246937
40385,277247686
40385,277248712
40385,277254894
40385,277254980
40385,277260397
40385,277263845
40386,276228946
40386,276230918
40386,276231691
40386,276233500
40386,276233795
40386,276234577
40386,276235842
40386,276235973
40386,276235997
40386,276236572
40386,276236920
40386,276236988
40386,276238041
40386,276239360
40386,276239368
40386,276239778
40386,276239807
40386,276239956
40386,276240947
40386,276241187
40386,276241496
40386,276241522
40386,276241707
40386,276241928
40386,276242238
40386,276242530
40386,276242619
40386,276242964
40386,276243606
40386,276244380
40386,276244915
40386,276245630
40386,276245637
40386,276245741
40386,276246352
40386,276246923
40386,276247090
40386,276247182
40386,276247246
40386,276247328
40386,276247361
40386,276247635
40386,276248550
40386,276248808
40386,276250723
40386,276251421
40386,276251530
40386,276252042
40386,276252060
40386,276252339
40386,276253163
40386,276253177
40386,276253306
40386,276253444
40386,276253473
40386,276254470
40386,276255069
40386,276255223
40386,276255253
40386,276255654
40386,276256197
40386,276256268
40386,276256476
40386,276256516
40386,276256612
40386,276256725
40386,276256769
40386,276256903
40386,276256958
40386,276257179
40386,276257278
40386,276257289
40386,276257290
40386,276257470
40386,276257876
40386,276258683
40386,276258775
40386,276259307
40386,276259583
40386,276259849
40386,276260407
40386,276262138
40386,276263781
40386,276264240
40386,276264698
40391,280155862
40391,280158023
40391,280164240
40391,280165153
40391,280177003
40391,280178509
40391,280180930
40391,280181458
40391,280182521
40391,280183569
40391,280186942
40391,280188567
40391,280190871
40391,280192119
40391,280192366
40391,280192883
40391,280192985
40391,280199556
40391,280199845
40391,280200104
40391,280201024
40391,280202126
40391,280203574
40391,280204485
40391,280204963
40391,280205452
40391,280207410
40391,280208128
40391,280208722
40391,280209331
40391,280209658
40391,280210035
40391,280210257
40391,280210406
40391,280210411
40391,280210514
40391,280212194
40391,280212204
40391,280212622
40391,280212814
40391,280213345
40391,280213648
40391,280216435
40391,280216547
40391,280216816
40391,280217870
40391,280218667
40391,280220834
40391,280222492
40391,280224232
40391,280225116
40391,280226268
40391,280226753
40391,280226754
40391,280226851
40391,280227236
40391,280228941
40391,280229237
40391,280229558
40391,280229984
40391,280231281
40391,280231478
40391,280231747
40391,280231866
40391,280232223
40391,280232411
40391,280232656
40391,280233096
40391,280234396
40391,280234569
40391,280234577
40391,280235243
40391,280236401
40391,280236632
40391,280237086
40391,280237383
40391,280237692
40391,280238074
40391,280238794
40391,280239053
40391,280239085
40391,280239482
40391,280239818
40391,280241096
40391,280241721
40391,280241788
40391,280242380
40391,280242664
40391,280243812
40391,280243854
40391,280244263
40391,280245235
40391,280246191
40391,280247090
40391,280247635
40391,280252371
40391,280253002
40391,280253072
40391,280255654
40391,280270086
40394,284000027
40394,284000393
40394,284001183
40394,284003647
40394,284004833
40394,284007826
40394,284015723
40394,284020801
40394,284025924
40394,284031432
40394,284041236
40394,284045186
40394,284049369
40394,284051257
40394,284054050
40394,284138449
40394,284146536
40394,284150418
40394,284159261
40394,284162895
40394,284168651
40394,284171018
40394,284176600
40394,284177388
40394,284178117
40394,284178562
40394,284178603
40394,284179844
40394,284183512
40394,284184344
40394,284184457
40394,284188350
40394,284189172
40394,284189288
40394,284189332
40394,284190045
40394,284190223
40394,284190456
40394,284190584
40394,284190813
40394,284190815
40394,284191189
40394,284191202
40394,284192318
40394,284192505
40394,284192629
40394,284193061
40394,284193301
40394,284193601
40394,284195365
40394,284195864
40394,284196889
40394,284198683
40394,284198715
40394,284198717
40394,284200215
40394,284200223
40394,284200318
40394,284200424
40394,284201046
40394,284201153
40394,284201505
40394,284201982
40394,284201995
40394,284202316
40394,284202648
40394,284202851
40394,284203483
40394,284204963
40394,284205192
40394,284205402
40394,284205407
40394,284205686
40394,284206590
40394,284207862
40394,284208093
40394,284208137
40394,284208418
40394,284208459
40394,284208461
40394,284210329
40394,284210935
40394,284211862
40394,284212096
40394,284212188
40394,284214098
40394,284214100
40394,284215558
40394,284225953
40394,284226268
40394,284226456
40394,284227537
40394,284228251
40394,284229517
40394,284231866
40394,284234727
40394,284238014
40394,284247703
40394,284251806
40394,284251810
40395,283000027
40395,283000051
40395,283000195
40395,283000244
40395,283000246
40395,283000250
40395,283000388
40395,283000524
40395,283001088
40395,283001109
40395,283001625
40395,283004000
40395,283005419
40395,283005467
40395,283005471
40395,283005479
40395,283007289
40395,283010535
40395,283013038
40395,283013743
40395,283034079
40395,283045186
40395,283045661
40395,283049369
40395,283050752
40395,283121939
40395,283121944
40395,283146536
40395,283150418
40395,283157481
40395,283158023
40395,283162347
40395,283166906
40395,283167495
40395,283168542
40395,283169588
40395,283173210
40395,283176571
40395,283177845
40395,283178213
40395,283181291
40395,283182521
40395,283183277
40395,283183285
40395,283186153
40395,283189271
40395,283189511
40395,283189575
40395,283189596
40395,283190045
40395,283190460
40395,283190584
40395,283190815
40395,283191695
40395,283192318
40395,283192448
40395,283192629
40395,283193116
40395,283193301
40395,283193747
40395,283194765
40395,283197061
40395,283197445
40395,283198077
40395,283198176
40395,283199189
40395,283199564
40395,283200724
40395,283201982
40395,283202126
40395,283203483
40395,283203551
40395,283204102
40395,283204525
40395,283205569
40395,283207494
40395,283208421
40395,283209989
40395,283210008
40395,283211688
40395,283212218
40395,283214098
40395,283216201
40395,283219683
40395,283221363
40395,283222481
40395,283230142
40395,283230621
40395,283231281
40395,283231677
40395,283233064
40395,283234153
40395,283234378
40395,283234742
40395,283235805
40395,283237692
40395,283240679
40395,283242516
40395,283243245
40395,283246669
40396,100005467
40396,100013743
40396,100045197
40396,101005467
40396,101013743
40396,101045197
40396,110005467
40396,110013743
40396,110045197
40396,113013743
40396,113274967
40396,214013743
40396,216005467
40396,216013743
40396,234013743
40396,236005467
40396,236013743
40396,249045197
40396,251013743
40396,252013743
40396,261044897
40396,264013743
40396,268005467
40396,268013743
40396,281266801
40396,283005467
40396,283013743
40396,289013743
40396,289045197
40396,802013743
40396,811274967
40396,813274967
40396,814013743
40396,825013743
40396,825045197
40396,825266801
40396,825274967
40396,827013743
40396,827045197
40396,829013743
40396,829045197
40396,829274967
40396,836005467
40396,836013743
40396,836045197
40396,836266801
40396,840005467
40396,840013743
40396,845045197
40396,846005467
40396,846013743
40396,846044897
40396,846045197
40396,846266801
40396,846274967
40396,849044897
40396,849266801
40396,849274967
40396,850013743
40396,852013743
40396,852274967
40396,861005467
40396,861013743
40396,861044897
40396,861045197
40396,861266801
40396,867045197
40397,100013743
40397,100045197
40397,101013743
40397,101045197
40397,110013743
40397,110045197
40397,113013743
40397,201142754
40397,207142754
40397,214013743
40397,216013743
40397,231142754
40397,234013743
40397,234142754
40397,236013743
40397,237142754
40397,249045197
40397,251013743
40397,252013743
40397,264013743
40397,268013743
40397,272142754
40397,281142754
40397,283013743
40397,289013743
40397,289045197
40397,289142754
40397,320142754
40397,501142754
40397,502142754
40397,802013743
40397,814013743
40397,821142754
40397,825013743
40397,825045197
40397,825142754
40397,827013743
40397,827045197
40397,827142754
40397,829013743
40397,829045197
40397,829142754
40397,836013743
40397,836045197
40397,840013743
40397,845045197
40397,846013743
40397,846045197
40397,848142754
40397,849142754
40397,850013743
40397,852013743
40397,861013743
40397,861045197
40397,861142754
40397,867045197
40397,867142754
40398,100190043
40398,100247553
40398,101190043
40398,101247553
40398,110190043
40398,110247553
40398,201190043
40398,207190043
40398,234190043
40398,234247553
40398,237190043
40398,252190043
40398,272190043
40398,272247553
40398,802190043
40398,861190043
40398,861247553
40399,100000041
40399,100000051
40399,100000250
40399,100000488
40399,100001040
40399,100001088
40399,100001109
40399,100001114
40399,100001179
40399,100001183
40399,100001238
40399,100001397
40399,100001625
40399,100004000
40399,100004231
40399,100005003
40399,100005479
40399,100005589
40399,100007763
40399,100009676
40399,100010264
40399,100010535
40399,100013128
40399,100028130
40399,100031432
40399,100037576
40399,100041236
40399,100054050
40399,100138449
40399,100166149
40399,100166691
40399,100166906
40399,100167198
40399,100168473
40399,100190042
40399,100190043
40399,100190045
40399,100190048
40399,100191189
40399,100192181
40399,100214098
40399,100214100
40399,100221162
40399,100226764
40399,100230025
40399,100238380
40399,100242519
40399,100247553
40399,100254642
40399,100268513
40399,110000041
40399,110000051
40399,110000250
40399,110000488
40399,110001040
40399,110001088
40399,110001109
40399,110001114
40399,110001179
40399,110001183
40399,110001238
40399,110001397
40399,110001625
40399,110004000
40399,110004231
40399,110005003
40399,110005479
40399,110005589
40399,110007763
40399,110009676
40399,110010264
40399,110010535
40399,110013128
40399,110028130
40399,110031432
40399,110037576
40399,110041236
40399,110054050
40399,110138449
40399,110166149
40399,110166691
40399,110166906
40399,110167198
40399,110168473
40399,110190042
40399,110190043
40399,110190045
40399,110190048
40399,110191189
40399,110192181
40399,110214098
40399,110214100
40399,110221162
40399,110226764
40399,110230025
40399,110238380
40399,110242519
40399,110247553
40399,110254642
40399,110268513
40443,278192985
40443,287192985
40443,287231866
40443,287239085
40443,290239085
40443,807192985
40443,807231866
40443,807239085
40443,807239818
40443,808186942
40443,808206517
40443,808218667
40443,810186942
40443,810231866
40443,810237692
40443,810239085
40443,814239085
40443,815231866
40443,820186942
40443,820231866
40443,820237692
40443,820239085
40443,820246191
40443,820257534
40443,825186942
40443,825192985
40443,825203574
40443,825204485
40443,825206517
40443,825210257
40443,825218667
40443,825231866
40443,825239085
40443,825239818
40443,826218667
40443,828192985
40443,828239085
40443,831231866
40443,831257534
40443,832237692
40443,832239085
40443,832239818
40443,834237692
40443,834239085
40443,834246191
40443,836192985
40443,836218667
40443,836231866
40443,836237692
40443,836239085
40443,836257534
40443,839204485
40443,844204485
40443,844239085
40443,844246191
40443,844257534
40443,845204485
40443,845212218
40443,845231866
40443,845246191
40443,846192985
40443,848186942
40443,848188377
40443,848192985
40443,848203574
40443,848204485
40443,848210257
40443,848218667
40443,848231866
40443,848237692
40443,848239085
40443,848239818
40443,851218667
40443,851241811
40443,852186942
40443,852192985
40443,852200159
40443,852206517
40443,852229237
40443,852237692
40443,854239085
40443,855204485
40443,855246191
40443,855257534
40443,856237692
40443,856239085
40443,856239818
40443,856246191
40443,863192985
40443,863204485
40443,863212218
40443,863218667
40443,863229237
40443,863237692
40443,863239085
40443,863239818
40443,863246191
40443,866229237
40443,866239085
40443,866246191
40444,250221992
40444,253217870
40444,265216409
40444,265235569
40444,267217870
40444,270227236
40444,270232293
40444,270237086
40444,270240716
40444,273210406
40444,273221992
40444,273237086
40444,276247635
40444,279232293
40444,280210406
40444,280216435
40444,280216816
40444,280217870
40444,280225116
40444,280227236
40444,280232293
40444,280237086
40444,280244263
40444,280247635
40444,280253002
40444,287216435
40444,287217870
40444,287232293
40444,287237086
40444,287247635
40444,806237086
40444,807237086
40444,808217870
40444,808232293
40444,808247635
40444,810210406
40444,810216409
40444,810216435
40444,810217870
40444,810221992
40444,810225116
40444,810227236
40444,810232293
40444,810237086
40444,810240716
40444,810244263
40444,810247635
40444,810253002
40444,814237086
40444,815210406
40444,815216435
40444,815217870
40444,815247635
40444,815253002
40444,826216409
40444,826216435
40444,826217870
40444,826227236
40444,826247635
40444,828232293
40444,828237086
40444,828247635
40444,829221992
40444,832247635
40444,834210406
40444,834237086
40444,834247635
40444,840227236
40444,844217870
40444,844237086
40444,844244263
40444,845217870
40444,848210406
40444,848216435
40444,848217870
40444,848225116
40444,848227236
40444,848232293
40444,848237086
40444,848240716
40444,848241390
40444,848244263
40444,848247635
40444,851216409
40444,851216435
40444,855227236
40444,855244263
40444,855247635
40444,856210406
40444,856232293
40444,856237086
40444,856247635
40444,862237086
40444,863221992
40444,863237086
40444,863240716
40444,866210406
40444,866247635
40444,867217870
40444,867240716
40455,201192985
40455,206192985
40455,207192985
40455,211192985
40455,212192985
40455,214192985
40455,216192985
40455,219239085
40455,220192985
40455,221192985
40455,221239085
40455,230192985
40455,230239085
40455,234192985
40455,237192985
40455,240192985
40455,241239085
40455,242192985
40455,242239085
40455,250192985
40455,250239085
40455,251192985
40455,253192985
40455,256192985
40455,258192985
40455,259239085
40455,260192985
40455,267192985
40455,267239085
40455,270239085
40455,272192985
40455,273192985
40455,278192985
40455,279239085
40455,280192985
40455,280239085
40455,287192985
40455,287239085
40455,290239085
40455,297192985
40455,300192985
40455,300239085
40455,501192985
40455,502192985
40455,503192985
40455,503239085
40455,506192985
40455,506239085
40455,508192985
40455,508239085
40455,511192985
40455,511239085
40455,513192985
40455,513239085
40455,515192985
40455,515239085
40455,517192985
40455,517239085
40455,596239085
40455,807192985
40455,807239085
40455,810192985
40455,810239085
40455,814239085
40455,815192985
40455,820239085
40455,825192985
40455,825239085
40455,828192985
40455,828239085
40455,832239085
40455,834192985
40455,834239085
40455,836192985
40455,836239085
40455,844239085
40455,846192985
40455,848192985
40455,848239085
40455,852192985
40455,854239085
40455,856239085
40455,863192985
40455,863239085
40455,866239085
40465,289000250
40465,289000330
40465,289001040
40465,289001041
40465,289001109
40465,289001116
40465,289001179
40465,289001183
40465,289001397
40465,289001419
40465,289001625
40465,289005003
40465,289005471
40465,289005479
40465,289005589
40465,289005673
40465,289007743
40465,289007763
40465,289007826
40465,289009676
40465,289010535
40465,289011141
40465,289013038
40465,289013128
40465,289013743
40465,289015723
40465,289020289
40465,289020801
40465,289026709
40465,289031432
40465,289034079
40465,289034666
40465,289039943
40465,289045197
40465,289045661
40465,289048940
40465,289049072
40465,289049369
40465,289051412
40465,289051539
40465,289052241
40465,289054050
40465,289107715
40465,289121939
40465,289121944
40465,289138161
40465,289138956
40465,289140053
40465,289140233
40465,289142754
40465,289155897
40465,289156519
40465,289158023
40465,289162895
40465,289164240
40465,289166124
40465,289167397
40465,289167948
40465,289168542
40465,289168651
40465,289171897
40465,289172871
40465,289174543
40465,289175943
40465,289176550
40465,289177003
40465,289177413
40465,289178224
40465,289178509
40465,289179645
40465,289179813
40465,289180930
40465,289181458
40465,289182494
40465,289182495
40465,289182521
40465,289182945
40465,289183898
40465,289184087
40465,289184344
40465,289188545
40465,289189511
40465,289190044
40465,289190053
40465,289190460
40465,289190815
40465,289191189
40465,289191208
40465,289192119
40465,289192505
40465,289193041
40465,289193082
40465,289193348
40465,289193352
40465,289194765
40465,289199503
40465,289200104
40465,289222000
40465,289247699
40465,289261593
40466,291178509
40466,291183512
40466,291189513
40466,291189682
40466,291190765
40466,291193747
40466,291197031
40466,291197756
40466,291198032
40466,291199304
40466,291199439
40466,291199503
40466,291200104
40466,291202695
40466,291203030
40466,291203376
40466,291204497
40466,291204638
40466,291205569
40466,291205988
40466,291206511
40466,291206591
40466,291206594
40466,291206606
40466,291207566
40466,291207862
40466,291208450
40466,291208574
40466,291210047
40466,291210881
40466,291212198
40466,291212242
40466,291213648
40466,291213655
40466,291215716
40466,291216201
40466,291216266
40466,291216267
40466,291216354
40466,291216549
40466,291219932
40466,291220697
40466,291220901
40466,291221491
40466,291222077
40466,291223197
40466,291223334
40466,291223671
40466,291223710
40466,291223790
40466,291224196
40466,291224371
40466,291225126
40466,291225539
40466,291225659
40466,291228702
40466,291229071
40466,291229723
40466,291230666
40466,291230977
40466,291231281
40466,291231591
40466,291231936
40466,291232487
40466,291232639
40466,291232756
40466,291233556
40466,291234378
40466,291234742
40466,291235790
40466,291235794
40466,291235944
40466,291236499
40466,291236772
40466,291236792
40466,291237329
40466,291237681
40466,291237712
40466,291237942
40466,291238717
40466,291239613
40466,291239837
40466,291240452
40466,291240709
40466,291241095
40466,291242187
40466,291243014
40466,291243282
40466,291243812
40466,291244675
40466,291246242
40466,291246923
40466,291247827
40466,291250723
40466,291251892
40466,291256079
40466,291256516
40466,291258648
40466,291259377
40466,291264240
40472,211158023
40472,216158023
40472,220158023
40472,220231747
40472,221158023
40472,221231747
40472,230158023
40472,230190871
40472,230231747
40472,233231747
40472,234158023
40472,234190871
40472,237190871
40472,240231747
40472,241158023
40472,241190871
40472,242158023
40472,242190871
40472,242231747
40472,250158023
40472,250190871
40472,250231747
40472,252158023
40472,252190871
40472,256158023
40472,256190871
40472,256231747
40472,258158023
40472,258231747
40472,259190871
40472,260158023
40472,260190871
40472,260231747
40472,264158023
40472,265231747
40472,267158023
40472,267190871
40472,267231747
40472,272158023
40472,272231747
40472,273158023
40472,273190871
40472,273231747
40472,278158023
40472,278231747
40472,279190871
40472,280158023
40472,280190871
40472,280231747
40472,283158023
40472,287158023
40472,287231747
40472,289158023
40472,502158023
40472,506158023
40472,511158023
40472,511231747
40472,513190871
40472,513231747
40472,515158023
40472,515190871
40472,515231747
40472,517158023
40472,517231747
40472,807158023
40472,807231747
40472,810231747
40472,814158023
40472,814190871
40472,814231747
40472,815231747
40472,820158023
40472,820190871
40472,820231747
40472,821190871
40472,825158023
40472,825190871
40472,828158023
40472,828190871
40472,828231747
40472,829158023
40472,829190871
40472,831231747
40472,832158023
40472,834231747
40472,836158023
40472,836231747
40472,844158023
40472,844231747
40472,845158023
40472,848158023
40472,852158023
40472,854231747
40472,855158023
40472,856231747
40472,863158023
40472,863190871
40472,863231747
40472,866158023
40472,866231747
40478,290200104
40478,290203376
40478,290206517
40478,290235805
40478,290238794
40478,290239085
40478,290240833
40478,290247090
40478,290252371
40480,802000051
40480,802000194
40480,802000240
40480,802000246
40480,802000250
40480,802000388
40480,802000524
40480,802001040
40480,802001041
40480,802001075
40480,802001088
40480,802001109
40480,802001256
40480,802001419
40480,802001620
40480,802001845
40480,802004000
40480,802004202
40480,802005454
40480,802005471
40480,802005479
40480,802005673
40480,802005984
40480,802007289
40480,802007763
40480,802008473
40480,802010535
40480,802013038
40480,802013743
40480,802016619
40480,802023174
40480,802040898
40480,802045661
40480,802048940
40480,802050752
40480,802051539
40480,802054050
40480,802120274
40480,802121939
40480,802121944
40480,802138956
40480,802139720
40480,802146536
40480,802155862
40480,802161840
40480,802163587
40480,802165153
40480,802166906
40480,802167495
40480,802167948
40480,802173210
40480,802175943
40480,802177003
40480,802178603
40480,802180216
40480,802181098
40480,802182521
40480,802183130
40480,802183711
40480,802184432
40480,802186561
40480,802186905
40480,802188350
40480,802189332
40480,802189511
40480,802189513
40480,802189575
40480,802189596
40480,802190043
40480,802190045
40480,802190048
40480,802190815
40480,802191189
40480,802191695
40480,802192448
40480,802192629
40480,802193747
40480,802197445
40480,802198077
40480,802198219
40480,802198717
40480,802199564
40480,802200389
40480,802200724
40480,802201535
40480,802202126
40480,802204963
40480,802205569
40480,802205988
40480,802206511
40480,802206545
40480,802207791
40480,802208421
40480,802208830
40480,802211688
40480,802216201
40480,802226764
40480,802247515
40480,802247699
40480,802247703
40481,804233049
40481,804236015
40481,804239250
40481,804240507
40481,804240833
40481,804241436
40481,804241811
40481,804241854
40481,804242075
40481,804242660
40481,804242908
40481,804243133
40481,804243580
40481,804245152
40481,804245253
40481,804245367
40481,804246174
40481,804246258
40481,804246340
40481,804246350
40481,804246863
40481,804247172
40481,804247463
40481,804247497
40481,804247679
40481,804247729
40481,804248465
40481,804248484
40481,804248687
40481,804248793
40481,804250753
40481,804250955
40481,804251445
40481,804251810
40481,804251954
40481,804252021
40481,804252059
40481,804252324
40481,804252495
40481,804252793
40481,804252802
40481,804254088
40481,804254566
40481,804255009
40481,804255106
40481,804255125
40481,804255434
40481,804256008
40481,804256079
40481,804256115
40481,804256261
40481,804256325
40481,804256402
40481,804257057
40481,804257279
40481,804257534
40481,804257896
40481,804258906
40481,804258930
40481,804258937
40481,804259197
40481,804259306
40481,804259399
40481,804259608
40481,804260592
40481,804260815
40481,804260843
40481,804260908
40481,804260926
40481,804260930
40481,804261188
40481,804261299
40481,804262621
40481,804262859
40481,804263578
40481,804263620
40481,804263829
40481,804264309
40481,804264432
40481,804264453
40481,804264652
40481,804264701
40481,804265552
40481,804265693
40481,804266032
40481,804266253
40481,804268421
40481,804268438
40481,804268802
40481,804269312
40481,804269495
40481,804270086
40481,804270531
40481,804270673
40481,804271421
40481,804271574
40481,804272829
40481,804272834
40481,804273106
40481,804273463
40482,261000027
40482,261000330
40482,261000524
40482,261001845
40482,261005661
40482,261006975
40482,261008385
40482,261016619
40482,261044897
40482,261051412
40482,261120274
40482,261150418
40482,261155897
40482,261167425
40482,261168886
40482,261191694
40482,261191972
40482,261261593
40482,261262271
40482,281003622
40482,281007743
40482,281015723
40482,281025924
40482,281026709
40482,281040898
40482,281049072
40482,281050752
40482,281051257
40482,281107715
40482,281142754
40482,281166676
40482,281167134
40482,281173210
40482,281266694
40482,281266695
40482,281266801
40482,281269603
40482,811000194
40482,811001551
40482,811005454
40482,811005679
40482,811008473
40482,811030110
40482,811039386
40482,811139720
40482,811139869
40482,811143001
40482,811184943
40482,811233700
40482,811274967
40482,811275049
40482,835005740
40482,835009593
40482,835013940
40482,835016254
40482,835021146
40482,835028765
40482,835047390
40482,835135455
40482,835137186
40482,835138123
40482,835162895
40482,835168880
40482,835170733
40482,835170890
40482,835171877
40482,835176944
40482,835181783
40482,835183277
40482,835188428
40482,858008348
40482,858010704
40482,858010959
40482,858020775
40482,858025420
40482,858053302
40482,858077787
40482,858081644
40482,858169721
40483,805179947
40483,805180283
40483,805193847
40483,805200601
40483,805201528
40483,805203002
40483,805205401
40483,805207730
40483,805207753
40483,805208063
40483,805208073
40483,805209210
40483,805209449
40483,805209839
40483,805210544
40483,805210941
40483,805211004
40483,805211786
40483,805212066
40483,805212432
40483,805212791
40483,805213189
40483,805221759
40483,805222052
40483,805225733
40483,805227788
40483,805232000
40483,805232065
40483,805232595
40483,805238097
40483,805238098
40483,805238354
40483,805238763
40483,805241970
40483,805242924
40483,805243422
40483,805243673
40483,805248188
40483,805251162
40483,805252662
40483,805254886
40483,805254980
40483,805255500
40483,805255917
40483,805256370
40483,805257386
40483,805260474
40483,805260492
40483,805263034
40483,805263845
40483,805266751
40483,805266789
40483,805267825
40483,805268313
40483,805272733
40486,810120533
40486,810173608
40486,810177413
40486,810177683
40486,810178603
40486,810182521
40486,810186942
40486,810188545
40486,810192387
40486,810192883
40486,810193747
40486,810194765
40486,810198176
40486,810198706
40486,810200389
40486,810200724
40486,810201153
40486,810201995
40486,810202126
40486,810203362
40486,810204923
40486,810204963
40486,810205431
40486,810205452
40486,810206517
40486,810207421
40486,810207865
40486,810208128
40486,810208920
40486,810209658
40486,810210406
40486,810210514
40486,810212194
40486,810212622
40486,810213345
40486,810216409
40486,810217605
40486,810217870
40486,810218667
40486,810222492
40486,810222665
40486,810224232
40486,810225193
40486,810225375
40486,810227236
40486,810228579
40486,810229237
40486,810229558
40486,810229668
40486,810230142
40486,810230666
40486,810231443
40486,810231478
40486,810231747
40486,810231866
40486,810232580
40486,810233084
40486,810233195
40486,810233419
40486,810234378
40486,810234396
40486,810235073
40486,810235944
40486,810236703
40486,810237086
40486,810237692
40486,810238794
40486,810238896
40486,810239053
40486,810239085
40486,810239482
40486,810239818
40486,810241486
40486,810241788
40486,810242444
40486,810243580
40486,810243812
40486,810244263
40486,810245367
40486,810246191
40486,810246420
40486,810246669
40486,810247635
40486,810247819
40486,810248243
40486,810251445
40486,810251517
40486,810251566
40486,810252371
40486,810253109
40486,810253124
40486,810253163
40486,810255253
40486,810256612
40486,810256790
40486,810262138
40486,810265450
40486,810270673
40486,810271574
40486,810277537
40504,813000330
40504,813000570
40504,813001040
40504,813003622
40504,813004231
40504,813004833
40504,813005673
40504,813005984
40504,813006975
40504,813007518
40504,813009676
40504,813020289
40504,813025924
40504,813028130
40504,813030110
40504,813031432
40504,813039386
40504,813045674
40504,813049072
40504,813051257
40504,813107715
40504,813156353
40504,813156616
40504,813166149
40504,813167134
40504,813167198
40504,813167425
40504,813191972
40504,813214101
40504,813222481
40504,813226764
40504,813242519
40504,813268513
40504,813274967
40505,814000027
40505,814000250
40505,814000388
40505,814000570
40505,814001088
40505,814001114
40505,814001183
40505,814001256
40505,814001419
40505,814001625
40505,814005471
40505,814005589
40505,814007289
40505,814007512
40505,814007763
40505,814007826
40505,814009676
40505,814013128
40505,814013743
40505,814020801
40505,814031432
40505,814034079
40505,814037576
40505,814039943
40505,814048940
40505,814049369
40505,814054050
40505,814121939
40505,814121944
40505,814138449
40505,814143001
40505,814150418
40505,814155355
40505,814155862
40505,814158023
40505,814165153
40505,814166149
40505,814167198
40505,814167425
40505,814178509
40505,814178603
40505,814180283
40505,814180403
40505,814184200
40505,814184941
40505,814188545
40505,814188567
40505,814188942
40505,814189511
40505,814189513
40505,814190045
40505,814190871
40505,814192318
40505,814193171
40505,814193348
40505,814198219
40505,814198861
40505,814199503
40505,814200145
40505,814201024
40505,814201535
40505,814201942
40505,814204024
40505,814204485
40505,814204525
40505,814204923
40505,814206058
40505,814208128
40505,814208418
40505,814208722
40505,814209499
40505,814210324
40505,814210635
40505,814212190
40505,814212218
40505,814212404
40505,814212462
40505,814212622
40505,814215914
40505,814216352
40505,814216388
40505,814222000
40505,814223848
40505,814224293
40505,814226161
40505,814226851
40505,814227127
40505,814230938
40505,814231612
40505,814231747
40505,814235790
40505,814235805
40505,814237086
40505,814239085
40505,814239580
40505,814243593
40505,814243780
40505,814246430
40505,814247246
40505,814258729
40507,815020801
40507,815163587
40507,815177003
40507,815181458
40507,815188545
40507,815190460
40507,815192505
40507,815193348
40507,815193352
40507,815194765
40507,815197445
40507,815198176
40507,815199434
40507,815199439
40507,815199503
40507,815200389
40507,815200888
40507,815202024
40507,815202126
40507,815203263
40507,815203376
40507,815204923
40507,815204935
40507,815204963
40507,815205452
40507,815208128
40507,815208165
40507,815208920
40507,815210008
40507,815210514
40507,815210881
40507,815212138
40507,815212198
40507,815212218
40507,815213345
40507,815213648
40507,815215698
40507,815215716
40507,815216267
40507,815216352
40507,815216354
40507,815216435
40507,815218667
40507,815222148
40507,815223671
40507,815225193
40507,815226271
40507,815229237
40507,815229391
40507,815229558
40507,815230621
40507,815231281
40507,815231747
40507,815231866
40507,815232656
40507,815233096
40507,815233195
40507,815234171
40507,815234378
40507,815234577
40507,815234678
40507,815235889
40507,815236510
40507,815236772
40507,815236792
40507,815237238
40507,815237383
40507,815237640
40507,815237678
40507,815238160
40507,815238581
40507,815239807
40507,815239818
40507,815241159
40507,815241278
40507,815241486
40507,815241522
40507,815241637
40507,815241671
40507,815242187
40507,815242516
40507,815243000
40507,815244238
40507,815244380
40507,815245367
40507,815246669
40507,815247103
40507,815247635
40507,815251116
40507,815251136
40507,815251517
40507,815252371
40507,815256325
40507,815256516
40507,815256630
40507,815257057
40507,815259399
40507,815260105
40507,815262642
40507,815264240
40508,221208165
40508,221210864
40508,234189296
40508,234210864
40508,242208165
40508,242212151
40508,250208165
40508,264210864
40508,280264699
40508,283212151
40508,300189296
40508,300203581
40508,300208165
40508,300210864
40508,300212151
40508,300237184
40508,300237640
40508,300238692
40508,300243787
40508,300251446
40508,300258782
40508,300261204
40508,300264699
40508,318210521
40508,318243787
40508,319254886
40508,320243787
40508,323189296
40508,323210521
40508,324254886
40508,500212151
40508,501189296
40508,501210864
40508,501212151
40508,502210864
40508,502212151
40508,503189296
40508,503208165
40508,503212151
40508,503238692
40508,506212151
40508,508189296
40508,508203581
40508,508210864
40508,508212151
40508,511203581
40508,511212151
40508,511237640
40508,512254886
40508,514254886
40508,516254886
40508,517208165
40508,804264699
40508,805254886
40508,810210864
40508,810264699
40508,815189296
40508,815203581
40508,815208165
40508,815210521
40508,815210864
40508,815212151
40508,815237184
40508,815237640
40508,815238692
40508,815243787
40508,815251446
40508,815254886
40508,815258782
40508,815261204
40508,815264699
40508,826208165
40508,834208165
40508,834264699
40508,840208165
40508,848208165
40508,856208165
40509,221204923
40509,230204923
40509,241204923
40509,250204923
40509,253184200
40509,253197445
40509,253199439
40509,253204923
40509,253225375
40509,253233195
40509,253242187
40509,256197445
40509,259197445
40509,260197445
40509,260231838
40509,260257876
40509,262242187
40509,264197445
40509,267197445
40509,270233195
40509,276257876
40509,280197445
40509,280233195
40509,283197445
40509,283242187
40509,289184200
40509,291199439
40509,291223671
40509,291242187
40509,513197445
40509,513225375
40509,515197445
40509,515204923
40509,515225375
40509,515231366
40509,517197445
40509,517204923
40509,517225375
40509,517231366
40509,517233195
40509,802197445
40509,804254566
40509,810184200
40509,810197445
40509,810204923
40509,810225375
40509,810233195
40509,810242187
40509,810257876
40509,814184200
40509,814204923
40509,815184200
40509,815195038
40509,815197445
40509,815199439
40509,815204923
40509,815215522
40509,815216275
40509,815223671
40509,815225375
40509,815228336
40509,815231366
40509,815231838
40509,815233195
40509,815237985
40509,815239901
40509,815242187
40509,815254566
40509,815257876
40509,815257877
40509,825197445
40509,826223671
40509,826228336
40509,826233195
40509,829237985
40509,834204923
40509,834225375
40509,836197445
40509,848197445
40509,848204923
40509,851216275
40509,852225375
40509,856204923
40509,856225375
40509,856237985
40509,863184200
40509,863197445
40509,863199439
40509,863204923
40509,863215522
40509,863216275
40509,863223671
40509,863225375
40509,863231366
40509,863233195
40509,863237985
40509,863242187
40509,863254566
40509,863257876
40509,866242187
40510,240192985
40510,258192985
40510,259192505
40510,260192119
40510,267192119
40510,267192985
40510,272172871
40510,272192505
40510,272192985
40510,273192505
40510,273192985
40510,278192119
40510,278192985
40510,280192119
40510,280192985
40510,284208418
40510,287192985
40510,287243580
40510,289172871
40510,289192119
40510,289192505
40510,291192984
40510,291222501
40510,291235036
40510,291257057
40510,804243580
40510,807192985
40510,808243580
40510,810207421
40510,810243580
40510,810246420
40510,810265450
40510,814208418
40510,815192505
40510,815216393
40510,815234078
40510,815235036
40510,815246420
40510,815257057
40510,815257278
40510,820243580
40510,820265450
40510,825192119
40510,825192985
40510,826192505
40510,826222501
40510,828192119
40510,828192505
40510,828192985
40510,829192119
40510,829192505
40510,829207421
40510,829243580
40510,832243580
40510,834192119
40510,834207421
40510,834216393
40510,834246420
40510,834257057
40510,834265450
40510,836192505
40510,836192985
40510,840192119
40510,840192505
40510,844192119
40510,844192505
40510,844192984
40510,844199641
40510,846192119
40510,846192505
40510,846192985
40510,848192119
40510,848192505
40510,848192985
40510,848208418
40510,848216393
40510,851207421
40510,851231416
40510,851243580
40510,851257278
40510,852192985
40510,852216393
40510,852222501
40510,855192119
40510,855192505
40510,856192119
40510,856207421
40510,856243580
40510,856246420
40510,863192119
40510,863192505
40510,863192985
40510,863207421
40510,863216393
40510,863222501
40510,863246420
40510,863257057
40510,863257278
40510,866192119
40510,866208418
40511,256177003
40511,256207410
40511,259177003
40511,260177003
40511,265181458
40511,265216352
40511,267177003
40511,267216352
40511,267244261
40511,267251517
40511,270181458
40511,270251517
40511,272177003
40511,272181458
40511,272199206
40511,272216352
40511,273177003
40511,273181458
40511,273207410
40511,273216352
40511,273251517
40511,274177003
40511,278177003
40511,279181458
40511,279216352
40511,279251517
40511,280177003
40511,280181458
40511,280207410
40511,280216352
40511,280251517
40511,287177003
40511,289177003
40511,289181458
40511,289199206
40511,291216354
40511,802177003
40511,808177003
40511,810177003
40511,810207410
40511,810251517
40511,814216352
40511,815177003
40511,815181458
40511,815207410
40511,815216352
40511,815216354
40511,815223273
40511,815241671
40511,815241673
40511,815243388
40511,815244261
40511,815250955
40511,815251517
40511,815252931
40511,815256325
40511,815257771
40511,818177003
40511,820188335
40511,825177003
40511,825207410
40511,826216354
40511,828177003
40511,829177003
40511,829216352
40511,832251517
40511,834177003
40511,834223273
40511,834251517
40511,836177003
40511,836251517
40511,840207410
40511,840223273
40511,840241673
40511,840250955
40511,844188335
40511,844256325
40511,846177003
40511,846188335
40511,848177003
40511,848216352
40511,848223273
40511,851216354
40511,851251517
40511,856223273
40511,856250955
40511,856251517
40511,863177003
40511,863181458
40511,863188335
40511,863216354
40511,863223273
40511,863241671
40511,863244261
40511,863250955
40511,863251517
40511,863256325
40511,866177003
40511,866216354
40511,867216352
40512,238246618
40512,250236792
40512,253204121
40512,253236792
40512,253244470
40512,253246618
40512,253247028
40512,253251116
40512,265236792
40512,270246618
40512,287216860
40512,291236792
40512,300204121
40512,300216860
40512,300221909
40512,300236583
40512,300236792
40512,300244470
40512,300246618
40512,300246919
40512,300247028
40512,300251116
40512,300252064
40512,300253727
40512,300255687
40512,300257536
40512,300258208
40512,300267594
40512,300269509
40512,300269510
40512,300270046
40512,300274906
40512,318246919
40512,323204121
40512,323236583
40512,500236583
40512,501236583
40512,502236583
40512,503236583
40512,506236583
40512,508236792
40512,511236583
40512,511236792
40512,511244470
40512,511246618
40512,517246618
40512,815204121
40512,815216860
40512,815221909
40512,815236583
40512,815236792
40512,815244470
40512,815246618
40512,815246919
40512,815247028
40512,815251116
40512,815252064
40512,815253727
40512,815255687
40512,815257536
40512,815258208
40512,815267594
40512,815269509
40512,815269510
40512,815270046
40512,815274906
40512,826236792
40512,840246618
40512,851236792
40512,851246618
40512,863216860
40512,863236792
40512,863244470
40512,863251116
40512,863252064
40512,863253727
40512,866244470
40513,215190460
40513,216190460
40513,222190460
40513,233163587
40513,234190460
40513,242193290
40513,246163587
40513,252163587
40513,252179645
40513,253163587
40513,253179645
40513,253193133
40513,253193290
40513,253207791
40513,253213648
40513,253213661
40513,253234678
40513,253241508
40513,256190460
40513,259179645
40513,260213661
40513,260233301
40513,270190460
40513,270245235
40513,273163587
40513,273179645
40513,273193133
40513,273207791
40513,273210697
40513,273213648
40513,273213661
40513,273224221
40513,273234678
40513,273240017
40513,273241508
40513,276241522
40513,276245741
40513,280179645
40513,280213648
40513,280240017
40513,280245235
40513,280245741
40513,283190460
40513,289179645
40513,289190460
40513,291213648
40513,291224221
40513,291229723
40513,513190460
40513,513213648
40513,515213648
40513,515213661
40513,517213648
40513,517241522
40513,517259399
40513,802163587
40513,802207791
40513,804259399
40513,804259762
40513,810207791
40513,810213661
40513,815163587
40513,815179645
40513,815190460
40513,815193133
40513,815193290
40513,815207791
40513,815210697
40513,815213648
40513,815213661
40513,815224221
40513,815229723
40513,815233301
40513,815234678
40513,815240017
40513,815241508
40513,815241522
40513,815245235
40513,815245741
40513,815259399
40513,815259762
40513,825213661
40513,826210697
40513,826224221
40513,826234678
40513,826241522
40513,826259399
40513,834163587
40513,834245235
40513,840213661
40513,840245741
40513,844213648
40513,844241508
40513,846190460
40513,848207791
40513,851210697
40513,851233301
40513,851241522
40513,855213648
40513,866259399
40514,287186345
40514,287202126
40514,287246669
40514,287252371
40514,290252371
40514,807202126
40514,807231281
40514,807252371
40514,808206517
40514,808246669
40514,810202126
40514,810234378
40514,810237692
40514,810246669
40514,810252371
40514,815246669
40514,815252371
40514,820202126
40514,820231281
40514,820234378
40514,820237692
40514,820246669
40514,820252371
40514,825203574
40514,825206517
40514,825229984
40514,825231281
40514,825252371
40514,826188377
40514,826238216
40514,829183711
40514,829231281
40514,829234378
40514,829246669
40514,829252371
40514,831252371
40514,832202126
40514,832231281
40514,832234378
40514,832237692
40514,832246669
40514,834202126
40514,834234378
40514,834237692
40514,834246669
40514,834252371
40514,836202126
40514,836231281
40514,836237692
40514,836246669
40514,836252371
40514,839246669
40514,840205988
40514,840231677
40514,844202126
40514,844231281
40514,844234378
40514,844246669
40514,844252371
40514,846186345
40514,846231281
40514,848186345
40514,848188377
40514,848202126
40514,848203574
40514,848220697
40514,848231281
40514,848237692
40514,848252371
40514,851204935
40514,851241159
40514,852183711
40514,852206517
40514,852237692
40514,852241159
40514,854234378
40514,855202126
40514,855241159
40514,855252371
40514,856186345
40514,856202126
40514,856231677
40514,856234378
40514,856237692
40514,856246669
40514,856252371
40514,863202126
40514,863204935
40514,863231677
40514,863234378
40514,863237692
40514,863241159
40514,863246669
40514,863252371
40514,866202126
40514,866234378
40514,867203263
40514,867220697
40514,867238216
40514,867252371
40515,278231747
40515,287194765
40515,287228093
40515,287231747
40515,287237679
40515,287241486
40515,289194765
40515,807231747
40515,807232656
40515,808194765
40515,808231443
40515,808237679
40515,808241486
40515,808241637
40515,810194765
40515,810231443
40515,810231747
40515,810248243
40515,814231747
40515,815215698
40515,815231747
40515,815241637
40515,818178509
40515,820178509
40515,820194765
40515,820228093
40515,820231443
40515,820231747
40515,820232656
40515,820237678
40515,820241486
40515,825226851
40515,825248243
40515,828194765
40515,828231747
40515,831231747
40515,832194765
40515,832215698
40515,832228093
40515,832231443
40515,832232656
40515,834194765
40515,834215698
40515,834226851
40515,834229558
40515,834231443
40515,834231747
40515,834237678
40515,834241486
40515,836231443
40515,836231747
40515,840194765
40515,840220814
40515,840241486
40515,844210008
40515,844228093
40515,844229558
40515,844231443
40515,844231747
40515,844239093
40515,844241486
40515,848178509
40515,848194765
40515,848213345
40515,848226851
40515,851194765
40515,851241637
40515,852178509
40515,852231443
40515,852237678
40515,852241486
40515,852248243
40515,854231443
40515,854231747
40515,854241486
40515,856194765
40515,856228093
40515,856229558
40515,856231443
40515,856231747
40515,856237678
40515,856237679
40515,856241486
40515,856241637
40515,856248243
40515,863215698
40515,863229558
40515,863231747
40515,863232656
40515,863237678
40515,863241486
40515,863241637
40515,866210008
40515,866215698
40515,866229558
40515,866231443
40515,866231747
40515,866241637
40515,867210008
40515,867232656
40516,287212622
40516,802189596
40516,808186942
40516,808192448
40516,808256790
40516,810178603
40516,810186942
40516,810205452
40516,810209658
40516,810212622
40516,810256790
40516,814178603
40516,814212622
40516,815205452
40516,820186942
40516,820205452
40516,820213331
40516,820222492
40516,820256630
40516,820256790
40516,821206113
40516,821212194
40516,825186942
40516,825192448
40516,825205452
40516,825235790
40516,826190765
40516,826205431
40516,826209658
40516,826212194
40516,826212622
40516,826228579
40516,826235790
40516,828189596
40516,829212194
40516,829235790
40516,832205452
40516,832212194
40516,832212622
40516,832213331
40516,832256630
40516,832256790
40516,834208333
40516,834212194
40516,834212622
40516,834235790
40516,834256630
40516,834256790
40516,836209658
40516,836235790
40516,836256630
40516,836256790
40516,840188943
40516,840208333
40516,840213331
40516,840256630
40516,844205452
40516,844212622
40516,844213331
40516,844256630
40516,844256790
40516,848186942
40516,848206113
40516,848212190
40516,848212622
40516,848213331
40516,848222492
40516,848256630
40516,851190765
40516,851212194
40516,851223697
40516,852186942
40516,852189596
40516,852192448
40516,852205452
40516,852208333
40516,852209658
40516,852213331
40516,852222492
40516,852228579
40516,852256630
40516,855212622
40516,855213331
40516,855256790
40516,856206113
40516,856212194
40516,856212622
40516,856222492
40516,856256630
40516,863206113
40516,863209658
40516,863212622
40516,863213331
40516,863222492
40516,863256630
40516,866206113
40516,866212622
40516,866213331
40516,867208333
40516,867235790
40517,206204638
40517,219236772
40517,221204638
40517,242204638
40517,242236772
40517,280204638
40517,280236772
40517,287260908
40517,291204638
40517,291236772
40517,300188537
40517,300204638
40517,300221610
40517,300230718
40517,300230936
40517,300234087
40517,300234171
40517,300236449
40517,300236510
40517,300236772
40517,300238277
40517,300253170
40517,300254159
40517,300258708
40517,300260908
40517,300263233
40517,317236510
40517,318201707
40517,318230718
40517,319254159
40517,320223208
40517,323201707
40517,323223207
40517,323223208
40517,324201707
40517,324268097
40517,500204638
40517,501204638
40517,502204638
40517,508204638
40517,508234171
40517,511204638
40517,512268097
40517,513204638
40517,513236772
40517,513238277
40517,515204638
40517,515236772
40517,517204638
40517,517236772
40517,517260908
40517,596236772
40517,804260908
40517,810204638
40517,815188537
40517,815201707
40517,815204638
40517,815221610
40517,815223207
40517,815223208
40517,815230718
40517,815230936
40517,815234087
40517,815234171
40517,815236449
40517,815236510
40517,815236772
40517,815238277
40517,815253170
40517,815254159
40517,815258708
40517,815260908
40517,815263233
40517,815268097
40517,834236772
40517,836236772
40517,836260908
40517,844260908
40517,851236772
40517,852204638
40517,852236772
40517,856234171
40517,856236772
40517,856260908
40517,866236772
40518,258205498
40518,258230621
40518,265210935
40518,267210935
40518,267217870
40518,267224232
40518,279224232
40518,280217870
40518,280226268
40518,280237383
40518,280253002
40518,283230621
40518,283235805
40518,284210935
40518,287217870
40518,287224232
40518,290235805
40518,291222077
40518,291239807
40518,808210935
40518,808217870
40518,808224232
40518,808226268
40518,808235805
40518,808237383
40518,810216409
40518,810217870
40518,810224232
40518,810239807
40518,814205498
40518,814235805
40518,815210935
40518,815230621
40518,815237383
40518,815239807
40518,820226268
40518,820229582
40518,820230621
40518,820237383
40518,825205498
40518,826184392
40518,826208268
40518,826216409
40518,826217870
40518,826222077
40518,826224232
40518,826235805
40518,826241850
40518,828205498
40518,828230621
40518,829224232
40518,829237383
40518,832226268
40518,832230621
40518,832237383
40518,834222077
40518,834224232
40518,834230621
40518,834241850
40518,836230621
40518,836237383
40518,836265188
40518,840184392
40518,840205498
40518,840208268
40518,840224232
40518,840229582
40518,840265188
40518,844217870
40518,844222077
40518,844224232
40518,844226268
40518,844237383
40518,844241850
40518,845205498
40518,845217870
40518,845222077
40518,845224232
40518,845230621
40518,845235805
40518,848217870
40518,848224232
40518,848237383
40518,851216409
40518,851229582
40518,854230621
40518,855224232
40518,855237383
40518,856222077
40518,856224232
40518,856226268
40518,856230621
40518,856237383
40518,866222077
40518,866226268
40518,866230621
40518,867210935
40518,867217870
40518,867222077
40518,867224232
40519,267203376
40519,272190815
40519,272198176
40519,273203376
40519,278203376
40519,280235243
40519,284190815
40519,287199987
40519,287235243
40519,287240638
40519,287241187
40519,287245367
40519,287253109
40519,289190815
40519,290203376
40519,291203376
40519,291228702
40519,802190815
40519,804245367
40519,807203376
40519,810198176
40519,810208920
40519,810231447
40519,810245367
40519,810253109
40519,815198176
40519,815203376
40519,815208920
40519,815233096
40519,815242516
40519,815245367
40519,815271121
40519,820203376
40519,820231447
40519,820245367
40519,820248793
40519,820253109
40519,825203376
40519,825208920
40519,826190815
40519,826208461
40519,826223689
40519,826240638
40519,828203376
40519,828228702
40519,829198176
40519,829199987
40519,829203376
40519,829231447
40519,829233096
40519,829242516
40519,831203376
40519,832245367
40519,834198176
40519,834203376
40519,834208461
40519,834228702
40519,834233096
40519,834240638
40519,834242516
40519,834253109
40519,836228702
40519,836235243
40519,836245367
40519,840190815
40519,840208461
40519,840235243
40519,844203376
40519,844233096
40519,844240638
40519,844245367
40519,846203376
40519,848198176
40519,848203376
40519,851208461
40519,852190815
40519,852228702
40519,854203376
40519,855228702
40519,855233096
40519,856203376
40519,856211738
40519,856228702
40519,856233096
40519,856240638
40519,856242516
40519,856245367
40519,863203376
40519,863208920
40519,863228702
40519,863231447
40519,863233096
40519,863240638
40519,863242516
40519,863245367
40519,863258498
40519,866203376
40519,866253109
40519,867208461
40519,867245367
40520,258239818
40520,280239818
40520,287209889
40520,287239818
40520,287241721
40520,287256903
40520,289020801
40520,291212198
40520,807020801
40520,807239818
40520,808218667
40520,808241721
40520,810210514
40520,810239818
40520,810242444
40520,810255253
40520,814020801
40520,814224293
40520,815210514
40520,815212198
40520,815218667
40520,815234577
40520,815239818
40520,820020801
40520,820224293
40520,820234577
40520,820241721
40520,820255253
40520,820270086
40520,825020801
40520,825210514
40520,825218667
40520,825239818
40520,826210514
40520,826212198
40520,826218667
40520,826229391
40520,826234574
40520,828020801
40520,829020801
40520,829209889
40520,832020801
40520,832212198
40520,832234577
40520,832239818
40520,832255253
40520,834209889
40520,834241721
40520,834255253
40520,834257179
40520,836020801
40520,836218667
40520,836242444
40520,839020801
40520,840178005
40520,840212198
40520,844020801
40520,844210514
40520,844212198
40520,844234577
40520,844255253
40520,844257179
40520,845020801
40520,845178005
40520,845200888
40520,846020801
40520,846210514
40520,848020801
40520,848210514
40520,848218667
40520,848239818
40520,848241721
40520,851218667
40520,851234574
40520,851241721
40520,852209889
40520,852212198
40520,852234574
40520,854255253
40520,855020801
40520,856209889
40520,856229391
40520,856239818
40520,856255253
40520,863020801
40520,863210514
40520,863212198
40520,863218667
40520,863224293
40520,863234577
40520,863239818
40520,863242444
40520,863255253
40520,866020801
40520,866212198
40520,866224293
40520,866242444
40520,866255253
40520,867212198
40520,867229391
40521,260234102
40521,265234102
40521,265235813
40521,291235813
40521,300212207
40521,300223229
40521,300226568
40521,300234102
40521,300235813
40521,300239978
40521,300243000
40521,300243023
40521,300246562
40521,300248003
40521,300248060
40521,300248165
40521,300251136
40521,300252313
40521,300260105
40521,318197971
40521,318223229
40521,318239978
40521,319243023
40521,319252313
40521,320238274
40521,320243000
40521,320248003
40521,322243000
40521,323241278
40521,323243001
40521,323243023
40521,324197971
40521,324223229
40521,324225652
40521,324226568
40521,324238274
40521,324241278
40521,503234102
40521,511234102
40521,513235813
40521,810251136
40521,815197971
40521,815212207
40521,815223229
40521,815225652
40521,815226568
40521,815234102
40521,815235813
40521,815238274
40521,815239978
40521,815241278
40521,815243000
40521,815243001
40521,815243023
40521,815246562
40521,815248003
40521,815248060
40521,815248165
40521,815251136
40521,815252313
40521,815260105
40521,844248165
40521,855248165
40522,214216267
40522,215216267
40522,219226491
40522,220216267
40522,221216267
40522,230216267
40522,238237238
40522,238245992
40522,241216267
40522,242216267
40522,242245992
40522,260216267
40522,260237238
40522,270245992
40522,276248808
40522,280216267
40522,283237238
40522,291210881
40522,291216267
40522,300237238
40522,500216267
40522,501216267
40522,502216267
40522,502237238
40522,503202282
40522,503210881
40522,503216267
40522,503226491
40522,503237238
40522,506216267
40522,506226491
40522,506237238
40522,508216267
40522,508226491
40522,508245992
40522,511210881
40522,511216267
40522,511225316
40522,511226093
40522,511248808
40522,513216267
40522,513226491
40522,515210881
40522,515216267
40522,515237238
40522,517210881
40522,517237238
40522,804257896
40522,810225974
40522,810226491
40522,815198904
40522,815201368
40522,815202282
40522,815204269
40522,815210881
40522,815211093
40522,815213884
40522,815216267
40522,815216325
40522,815225316
40522,815225974
40522,815226093
40522,815226491
40522,815226508
40522,815237238
40522,815240439
40522,815245992
40522,815247279
40522,815248808
40522,815257896
40522,825216267
40522,826210881
40522,826213884
40522,829216267
40522,834210881
40522,834211093
40522,834216267
40522,834226508
40522,840237238
40522,844237238
40522,846216267
40522,846237238
40522,848216267
40522,852237238
40522,855237238
40522,856216267
40522,863198904
40522,863201368
40522,863210881
40522,863213884
40522,863216267
40522,863216325
40522,863225974
40522,863226093
40522,863226491
40522,863237238
40522,863245992
40522,863247279
40522,863248808
40522,866237238
40523,207232363
40523,221216435
40523,222232363
40523,233190854
40523,237190854
40523,250232363
40523,259232363
40523,260232363
40523,267232363
40523,280216435
40523,280232363
40523,287216435
40523,287247103
40523,300209232
40523,300216435
40523,300220061
40523,300220407
40523,300222148
40523,300227562
40523,300232363
40523,300234728
40523,300240988
40523,300244791
40523,300247103
40523,300255233
40523,300255409
40523,300263287
40523,317198193
40523,319198193
40523,319220061
40523,323190854
40523,323198193
40523,324277027
40523,500232363
40523,501216435
40523,501220407
40523,501232363
40523,502216435
40523,502220407
40523,502222148
40523,502232363
40523,503216435
40523,503220407
40523,503232363
40523,506220407
40523,506232363
40523,508220407
40523,508232363
40523,511232363
40523,513232363
40523,515216435
40523,515232363
40523,517216435
40523,517240988
40523,517247103
40523,810216435
40523,810232363
40523,810240988
40523,815190854
40523,815198193
40523,815209232
40523,815216435
40523,815220061
40523,815220407
40523,815222148
40523,815227562
40523,815232363
40523,815234728
40523,815240988
40523,815244791
40523,815247103
40523,815255233
40523,815255409
40523,815263287
40523,815277027
40523,820247103
40523,826216435
40523,826222148
40523,829232363
40523,834247103
40523,844247103
40523,848216435
40523,848232363
40523,851216435
40523,851240988
40523,856247103
40524,206200389
40524,214200389
40524,215200389
40524,216200389
40524,221200389
40524,222200389
40524,230200389
40524,242200389
40524,250200389
40524,259200389
40524,260200389
40524,260260592
40524,291244238
40524,300200389
40524,300223866
40524,300225995
40524,300225996
40524,300226129
40524,300231786
40524,300233478
40524,300238464
40524,300238941
40524,300244238
40524,300247861
40524,300260592
40524,300264085
40524,300276716
40524,319238464
40524,319247861
40524,324225997
40524,324238945
40524,500200389
40524,501200389
40524,502200389
40524,503200389
40524,506200389
40524,508200389
40524,508225995
40524,511200389
40524,513200389
40524,515200389
40524,515260592
40524,517200389
40524,517260592
40524,802200389
40524,804260592
40524,808200389
40524,810200389
40524,810260592
40524,815200389
40524,815223866
40524,815225995
40524,815225996
40524,815225997
40524,815226129
40524,815231786
40524,815233478
40524,815238464
40524,815238941
40524,815238945
40524,815244238
40524,815247861
40524,815260592
40524,815264085
40524,815276716
40524,826200389
40524,828200389
40524,834200389
40524,836260592
40524,840200389
40524,848200389
40524,851244238
40524,851260592
40524,855200389
40524,856200389
40525,267231866
40525,279231866
40525,280231866
40525,284201153
40525,284204963
40525,284231866
40525,287173608
40525,287211688
40525,287225193
40525,287225341
40525,287231866
40525,287263578
40525,291233486
40525,291256516
40525,291259377
40525,291264240
40525,802204963
40525,802211688
40525,804263578
40525,807231866
40525,808201153
40525,808211688
40525,810173608
40525,810201153
40525,810204963
40525,810225193
40525,810230142
40525,810231866
40525,814204525
40525,814212218
40525,815204963
40525,815212218
40525,815225193
40525,815226271
40525,815231866
40525,815256516
40525,820204963
40525,820230869
40525,820231866
40525,821230142
40525,825201153
40525,825204963
40525,825206585
40525,825212218
40525,825231866
40525,826225193
40525,826256516
40525,828231866
40525,829204963
40525,831204963
40525,831231866
40525,832230869
40525,832256516
40525,834204525
40525,834225193
40525,834226271
40525,834241461
40525,834263578
40525,836231866
40525,836256516
40525,836263578
40525,840206585
40525,844204525
40525,844256516
40525,844263578
40525,845204963
40525,845212218
40525,845226271
40525,845230869
40525,845231866
40525,845233486
40525,845256516
40525,848204963
40525,848211688
40525,848231866
40525,852225193
40525,852230142
40525,852233486
40525,852241461
40525,852256516
40525,855256516
40525,856225193
40525,856226271
40525,856231866
40525,856233486
40525,856241461
40525,856263578
40525,863212218
40525,863225193
40525,863226271
40525,863230142
40525,863230869
40525,863231866
40525,863233486
40525,863241461
40525,863256516
40525,866230142
40525,867204963
40525,867211688
40525,867225193
40526,230177683
40526,250202024
40526,253193348
40526,253193352
40526,253199503
40526,253202024
40526,253221491
40526,253229237
40526,256193348
40526,260242530
40526,273193348
40526,273193352
40526,273202024
40526,273216158
40526,273221491
40526,273229237
40526,273229261
40526,273238581
40526,276242530
40526,280229237
40526,280229752
40526,289193348
40526,289193352
40526,289199503
40526,291193352
40526,291199503
40526,291210047
40526,291221491
40526,291229752
40526,515177683
40526,515199503
40526,517177683
40526,517199503
40526,808199503
40526,810177683
40526,810229237
40526,814193348
40526,814199503
40526,815177683
40526,815193348
40526,815193352
40526,815199503
40526,815202024
40526,815206003
40526,815210047
40526,815210537
40526,815215556
40526,815216158
40526,815221491
40526,815229237
40526,815229261
40526,815233139
40526,815238581
40526,815242530
40526,815257980
40526,815262642
40526,820177683
40526,820199503
40526,825193348
40526,825229237
40526,826193352
40526,826202024
40526,826210047
40526,826221491
40526,829229237
40526,832199503
40526,834177683
40526,834199503
40526,834215556
40526,834229237
40526,834229261
40526,834262642
40526,840199503
40526,840229752
40526,844199503
40526,844229261
40526,848199503
40526,851202024
40526,851210047
40526,851257980
40526,852193352
40526,852202024
40526,852229237
40526,852257980
40526,856177683
40526,856229237
40526,863193352
40526,863199503
40526,863202024
40526,863216158
40526,863221491
40526,863229237
40526,863229261
40526,863229752
40526,863238581
40526,863257980
40526,866199503
40526,866229237
40526,867199503
40526,867210047
40527,210223197
40527,219235889
40527,230232119
40527,238243245
40527,242238160
40527,250224490
40527,260208128
40527,260224490
40527,262238160
40527,264208128
40527,265223197
40527,265238160
40527,267208128
40527,267243245
40527,270223197
40527,270235407
40527,270235889
40527,280208128
40527,280235407
40527,283243245
40527,287208128
40527,287243245
40527,291223197
40527,501208128
40527,502208128
40527,503208128
40527,503232119
40527,506208128
40527,508208128
40527,508224490
40527,508232119
40527,511208128
40527,511223197
40527,511224490
40527,511235407
40527,511238160
40527,513208128
40527,513223197
40527,515208128
40527,517208128
40527,517264309
40527,804264309
40527,810208128
40527,810235407
40527,814208128
40527,814223197
40527,815190113
40527,815208128
40527,815223197
40527,815224490
40527,815225403
40527,815226300
40527,815229905
40527,815230624
40527,815232119
40527,815235152
40527,815235407
40527,815235889
40527,815238160
40527,815243245
40527,815258396
40527,815258580
40527,815260466
40527,815263021
40527,815263205
40527,815264309
40527,820208128
40527,820243245
40527,829208128
40527,829235407
40527,832208128
40527,834208128
40527,834243245
40527,834258580
40527,834264309
40527,840224490
40527,844243245
40527,844258580
40527,848224490
40527,852208128
40527,852232119
40527,856208128
40527,856226300
40527,856229905
40527,856263205
40527,856264309
40527,863208128
40527,863224490
40527,863226300
40527,863229905
40527,863235152
40527,863235407
40527,863238160
40527,863243245
40527,863258580
40527,863260466
40527,863263021
40527,863263205
40527,863264309
40527,867208128
40528,215199434
40528,215208574
40528,222199434
40528,230199434
40528,230208574
40528,230223848
40528,238238095
40528,242223848
40528,250199434
40528,250208574
40528,250223848
40528,252199434
40528,259199434
40528,259208574
40528,259246430
40528,260199434
40528,262246430
40528,265208574
40528,265232099
40528,265258683
40528,267199434
40528,267208574
40528,267223848
40528,267246430
40528,270232099
40528,270246430
40528,273193198
40528,273199434
40528,273208574
40528,273215716
40528,273221354
40528,273223848
40528,273236699
40528,273238095
40528,273246430
40528,273254840
40528,276258683
40528,279208574
40528,279223848
40528,279246430
40528,280232099
40528,284193881
40528,287199434
40528,287223848
40528,291193198
40528,291208574
40528,291215716
40528,511208574
40528,511223848
40528,513208574
40528,513215716
40528,513223848
40528,513246430
40528,515193198
40528,515208574
40528,515215716
40528,515223848
40528,515246430
40528,517193198
40528,517208574
40528,517223848
40528,517246430
40528,808223848
40528,814223848
40528,814246430
40528,815193198
40528,815193881
40528,815199434
40528,815208574
40528,815215716
40528,815221354
40528,815221969
40528,815223848
40528,815224836
40528,815232099
40528,815236699
40528,815238095
40528,815239433
40528,815246430
40528,815251105
40528,815254840
40528,815258683
40528,820223848
40528,820246430
40528,828199434
40528,828246430
40528,829193198
40528,832246430
40528,834246430
40528,834254840
40528,836223848
40528,836246430
40528,840193198
40528,840208574
40528,844223848
40528,844224836
40528,844238095
40528,852246430
40528,856246430
40528,867223848
40529,276247635
40529,280247635
40529,287247635
40529,300235005
40529,300241168
40529,300247635
40529,318247635
40529,321241168
40529,511247635
40529,515247635
40529,517247635
40529,596247635
40529,808247635
40529,810247635
40529,815235005
40529,815241168
40529,815247635
40529,826247635
40529,828247635
40529,832247635
40529,834247635
40529,848247635
40529,855247635
40529,856247635
40529,866247635
40530,206188545
40530,206210406
40530,214188545
40530,215188545
40530,221188545
40530,221210406
40530,222188545
40530,230188545
40530,234188545
40530,237188545
40530,240188545
40530,242188545
40530,250188545
40530,251188545
40530,251210406
40530,252188545
40530,256188545
40530,258188545
40530,260188545
40530,264188545
40530,267188545
40530,273188545
40530,273210406
40530,273212138
40530,279188545
40530,280210406
40530,287188545
40530,289188545
40530,300188545
40530,300210406
40530,300212138
40530,500188545
40530,501188545
40530,501210406
40530,502188545
40530,502210406
40530,503188545
40530,503210406
40530,506188545
40530,506210406
40530,508188545
40530,508210406
40530,511188545
40530,511210406
40530,511212138
40530,513188545
40530,513212138
40530,515188545
40530,515210406
40530,515212138
40530,517188545
40530,808188545
40530,810188545
40530,810210406
40530,814188545
40530,815188545
40530,815210406
40530,815212138
40530,820188545
40530,825188545
40530,828188545
40530,829212138
40530,832188545
40530,834188545
40530,834210406
40530,836188545
40530,844188545
40530,846188545
40530,848188545
40530,848210406
40530,852188545
40530,855188545
40530,856188545
40530,856210406
40530,866210406
40531,253244380
40531,276244380
40531,280246340
40531,291244380
40531,300244380
40531,300259913
40531,319246340
40531,324246340
40531,511244380
40531,804246340
40531,814246340
40531,815244380
40531,815246340
40531,815259913
40531,826244380
40531,851244380
40531,856259913
40532,821000570
40532,821001040
40532,821001041
40532,821005679
40532,821007512
40532,821007763
40532,821010535
40532,821013038
40532,821023174
40532,821025924
40532,821028130
40532,821037576
40532,821140233
40532,821142754
40532,821143001
40532,821164240
40532,821165889
40532,821180283
40532,821182152
40532,821190871
40532,821199183
40532,821199266
40532,821206113
40532,821207862
40532,821211002
40532,821211003
40532,821212187
40532,821212194
40532,821212626
40532,821214622
40532,821219693
40532,821222331
40532,821222844
40532,821223765
40532,821225161
40532,821229980
40532,821230142
40532,821230666
40532,821231627
40532,821231628
40532,821231943
40532,821236499
40532,821240243
40532,821240915
40532,821244260
40532,821244349
40532,821245037
40532,821247851
40532,821251854
40532,821254544
40533,258239818
40533,278192985
40533,279239085
40533,280192985
40533,280231866
40533,280239818
40533,287192985
40533,287206517
40533,287231866
40533,287239085
40533,287239818
40533,290239085
40533,807192985
40533,807231866
40533,807239085
40533,807239818
40533,808203574
40533,808206517
40533,808218667
40533,810231866
40533,810237692
40533,810239085
40533,810239818
40533,810246191
40533,814239085
40533,815231866
40533,815239818
40533,820231866
40533,820237692
40533,820239085
40533,820246191
40533,825192985
40533,825203574
40533,825206517
40533,825208920
40533,825210257
40533,825218667
40533,825229237
40533,825231866
40533,825237692
40533,825239085
40533,825239818
40533,825246191
40533,826188377
40533,826218667
40533,828192985
40533,828239085
40533,831231866
40533,832237692
40533,832239085
40533,832239818
40533,834237692
40533,834239085
40533,834246191
40533,836188377
40533,836192985
40533,836218667
40533,836231866
40533,836237692
40533,836239085
40533,836246191
40533,844239085
40533,844246191
40533,845231866
40533,845246191
40533,846192985
40533,848188377
40533,848192985
40533,848203574
40533,848210257
40533,848218667
40533,848231866
40533,848237692
40533,848239085
40533,848239818
40533,851218667
40533,852192985
40533,852206517
40533,852229237
40533,852237692
40533,854239085
40533,855246191
40533,856203574
40533,856231866
40533,856237692
40533,856239085
40533,856239818
40533,856246191
40533,863192985
40533,863210257
40533,863218667
40533,863229237
40533,863231866
40533,863237692
40533,863239085
40533,863239818
40533,863246191
40533,866229237
40533,866239085
40533,866246191
40534,267234236
40534,267256630
40534,280210035
40534,287210035
40534,287210324
40534,287253149
40534,289199503
40534,291199503
40534,291212242
40534,291247263
40534,807253149
40534,808199503
40534,808210035
40534,808256630
40534,814199503
40534,814210324
40534,815199503
40534,815250955
40534,815256630
40534,820199503
40534,820210035
40534,820213331
40534,820231521
40534,820247679
40534,820253149
40534,820256630
40534,826210324
40534,831210035
40534,832199503
40534,832213331
40534,832253149
40534,832256630
40534,834190941
40534,834199503
40534,834210035
40534,834212242
40534,834213331
40534,834231521
40534,834246875
40534,834247263
40534,834247679
40534,834253149
40534,834256197
40534,834256630
40534,836256630
40534,840199503
40534,840210035
40534,840212242
40534,840213331
40534,840231521
40534,840247263
40534,840250955
40534,840253149
40534,840256197
40534,840256630
40534,844199503
40534,844210035
40534,844213331
40534,844234236
40534,844253149
40534,844256197
40534,844256630
40534,845246875
40534,848190941
40534,848199503
40534,848210035
40534,848210324
40534,848212242
40534,848213331
40534,848231521
40534,848246875
40534,848247263
40534,848247679
40534,848253149
40534,848256630
40534,852213331
40534,852253149
40534,852256630
40534,855210035
40534,855213331
40534,855234236
40534,856210035
40534,856213331
40534,856234236
40534,856246875
40534,856247263
40534,856250955
40534,856253149
40534,856256630
40534,863199503
40534,863213331
40534,863234236
40534,863246875
40534,863250955
40534,863256197
40534,863256630
40534,866199503
40534,866210035
40534,866213331
40534,867199503
40535,825000194
40535,825000240
40535,825000246
40535,825000250
40535,825001040
40535,825001041
40535,825001075
40535,825001088
40535,825001109
40535,825001397
40535,825001625
40535,825003622
40535,825004202
40535,825004231
40535,825004833
40535,825005454
40535,825005471
40535,825005479
40535,825005589
40535,825005661
40535,825005673
40535,825007289
40535,825007763
40535,825010535
40535,825013038
40535,825013128
40535,825013743
40535,825020289
40535,825020801
40535,825026709
40535,825028130
40535,825031432
40535,825034079
40535,825045197
40535,825045661
40535,825048940
40535,825049369
40535,825051539
40535,825054050
40535,825107715
40535,825121939
40535,825121944
40535,825138449
40535,825139869
40535,825140601
40535,825142754
40535,825156616
40535,825158023
40535,825161840
40535,825165153
40535,825166676
40535,825166906
40535,825167134
40535,825167425
40535,825167680
40535,825173731
40535,825176580
40535,825177003
40535,825186942
40535,825188545
40535,825189332
40535,825189511
40535,825190045
40535,825190048
40535,825190871
40535,825192181
40535,825192985
40535,825197445
40535,825197781
40535,825200145
40535,825200724
40535,825201535
40535,825203376
40535,825203574
40535,825204963
40535,825206517
40535,825208618
40535,825208722
40535,825209331
40535,825214098
40535,825214100
40535,825214649
40535,825218667
40535,825222000
40535,825226764
40535,825231866
40535,825235790
40535,825238794
40535,825239053
40535,825239085
40535,825239818
40535,825240130
40535,825242519
40535,825243812
40535,825247699
40535,825247703
40535,825252371
40535,825254642
40535,825261593
40535,825262271
40574,826177413
40574,826188377
40574,826189513
40574,826190765
40574,826190815
40574,826192505
40574,826192629
40574,826193698
40574,826197031
40574,826197756
40574,826199189
40574,826199915
40574,826202024
40574,826202695
40574,826203605
40574,826204497
40574,826205186
40574,826205431
40574,826205569
40574,826205632
40574,826206591
40574,826207439
40574,826208093
40574,826208135
40574,826208165
40574,826208268
40574,826208450
40574,826208461
40574,826209658
40574,826210047
40574,826210324
40574,826210514
40574,826210697
40574,826210881
40574,826212096
40574,826212194
40574,826212198
40574,826212622
40574,826214096
40574,826215333
40574,826215590
40574,826216199
40574,826216354
40574,826216409
40574,826218667
40574,826220876
40574,826222077
40574,826224221
40574,826224232
40574,826225193
40574,826225539
40574,826226161
40574,826226753
40574,826228579
40574,826228635
40574,826229391
40574,826229906
40574,826230786
40574,826231184
40574,826232488
40574,826232639
40574,826233195
40574,826233731
40574,826234824
40574,826235790
40574,826235794
40574,826235805
40574,826235944
40574,826236015
40574,826236461
40574,826236703
40574,826238216
40574,826238756
40574,826240243
40574,826240638
40574,826241084
40574,826241522
40574,826241925
40574,826242453
40574,826242964
40574,826243032
40574,826243576
40574,826243812
40574,826244369
40574,826245155
40574,826247635
40574,826247649
40574,826247851
40574,826250959
40574,826251470
40574,826252259
40574,826253072
40574,826254117
40574,826256516
40574,826257191
40574,826257279
40574,826258316
40574,826259197
40574,826266866
40574,826277643
40575,100005479
40575,100045197
40575,100138449
40575,100176676
40575,101005479
40575,101045197
40575,101138449
40575,101176676
40575,110005479
40575,110045197
40575,110138449
40575,110176676
40575,111138449
40575,113005479
40575,113138449
40575,272177003
40575,278165153
40575,278177003
40575,283005479
40575,287165153
40575,287177003
40575,289005479
40575,289020801
40575,289045197
40575,289177003
40575,802005479
40575,802155862
40575,802165153
40575,802177003
40575,807020801
40575,808165153
40575,808177003
40575,814020801
40575,814138449
40575,814155862
40575,814165153
40575,815020801
40575,818120533
40575,818155862
40575,818165153
40575,818177003
40575,820020801
40575,820120533
40575,820183898
40575,825005479
40575,825020801
40575,825045197
40575,825138449
40575,825165153
40575,825177003
40575,827005479
40575,827045197
40575,827138449
40575,828020801
40575,828165153
40575,828177003
40575,829005479
40575,829020801
40575,829045197
40575,829138449
40575,829165153
40575,829177003
40575,832020801
40575,832183898
40575,834183898
40575,836005479
40575,836020801
40575,836045197
40575,836165153
40575,836177003
40575,839020801
40575,844020801
40575,844165153
40575,845005479
40575,845020801
40575,845045197
40575,845183898
40575,846020801
40575,846045197
40575,846165153
40575,846177003
40575,848020801
40575,848165153
40575,848176676
40575,848177003
40575,850138449
40575,852176676
40575,855020801
40575,855165153
40575,861005479
40575,861045197
40575,861138449
40575,861176676
40575,863020801
40575,863177003
40575,866020801
40575,866177003
40575,867045197
40575,867176676
40575,868138449
40576,100001075
40576,100001179
40576,100007763
40576,100138956
40576,101001075
40576,101001179
40576,101007763
40576,101138956
40576,110001075
40576,110001179
40576,110007763
40576,110138956
40576,111001075
40576,113001179
40576,113173210
40576,215159261
40576,216001075
40576,231001179
40576,231138956
40576,231159261
40576,231181872
40576,234001075
40576,234001179
40576,234181872
40576,237001179
40576,237181872
40576,249007763
40576,251001075
40576,251001179
40576,251007763
40576,251184344
40576,252001075
40576,252001179
40576,252138956
40576,253138956
40576,253184344
40576,256001075
40576,256001179
40576,256007763
40576,256138956
40576,256159261
40576,256181872
40576,256184344
40576,259138956
40576,259184344
40576,260181872
40576,260184344
40576,264007763
40576,264181872
40576,268001075
40576,268007763
40576,272001075
40576,272001179
40576,272007763
40576,281173210
40576,283173210
40576,284001179
40576,284159261
40576,284184344
40576,289001179
40576,289007763
40576,289138956
40576,289184344
40576,801001075
40576,801007763
40576,801173210
40576,802001075
40576,802007763
40576,802138956
40576,802173210
40576,814007763
40576,818184344
40576,821007763
40576,825001075
40576,825007763
40576,827001075
40576,827001179
40576,827007763
40576,829001075
40576,829001179
40576,835137186
40576,836001075
40576,836001179
40576,840001075
40576,840001179
40576,848001179
40576,848137186
40576,848138956
40576,848173210
40576,850007763
40576,852001075
40576,852001179
40576,861001075
40576,861001179
40576,861007763
40576,861137186
40576,861138956
40576,861173210
40576,867138956
40576,867173210
40577,100226764
40577,100230025
40577,101226764
40577,101230025
40577,110226764
40577,110230025
40577,214226764
40577,268226764
40577,802226764
40577,813226764
40577,825226764
40577,827226764
40577,836226764
40577,836230025
40577,839226764
40577,850226764
40577,852230025
40577,861230025
40577,868230025
40578,807231866
40578,810204963
40578,810231866
40578,815231866
40578,820204963
40578,820210035
40578,820231866
40578,821230142
40578,821251854
40578,825204963
40578,825231866
40578,826215590
40578,826225193
40578,826256516
40578,826257279
40578,826277643
40578,829204963
40578,831204963
40578,831210035
40578,831231866
40578,832248148
40578,832251854
40578,832256516
40578,832257279
40578,832277643
40578,834210035
40578,834220901
40578,834226271
40578,834251854
40578,834277179
40578,834277643
40578,836231866
40578,836251854
40578,836277643
40578,840210035
40578,844210035
40578,844248550
40578,844251854
40578,844256516
40578,844257279
40578,844277643
40578,845204963
40578,845212218
40578,845226271
40578,845230869
40578,845231866
40578,845233486
40578,845239231
40578,845244260
40578,845256516
40578,845277643
40578,848204963
40578,848210035
40578,848231866
40578,851220901
40578,851239231
40578,851248148
40578,852215590
40578,852225193
40578,852230142
40578,852233486
40578,852241461
40578,852248550
40578,852251854
40578,852256516
40578,852277643
40578,854251854
40578,854277643
40578,855210035
40578,855215590
40578,855220901
40578,855239231
40578,855256516
40578,856210035
40578,856220901
40578,856225193
40578,856226271
40578,856248148
40578,856251854
40578,856277179
40578,856277643
40578,863212218
40578,863225193
40578,863230142
40578,863230869
40578,863233486
40578,863239231
40578,863241461
40578,863248148
40578,863251854
40578,863277643
40578,866210035
40578,866220901
40578,866230142
40578,866239231
40578,866251854
40578,866277643
40578,867204963
40578,867225193
40578,867257279
40579,101053769
40579,201053769
40579,207053769
40579,214053769
40579,216053769
40579,234053769
40579,237053769
40579,251053769
40579,254053769
40579,256053769
40579,268053769
40579,272003622
40579,272053769
40579,281003622
40579,813003622
40579,825003622
40579,827003622
40579,829003622
40579,840003622
40579,845003622
40579,848003622
40579,849003622
40579,861003622
40579,867003622
40580,261000330
40580,289000330
40580,811030110
40580,813000330
40580,813030110
40580,814000330
40580,827030110
40580,829000330
40580,829030110
40580,836000330
40580,848030110
40580,849000330
40580,849030110
40580,861000330
40581,100001625
40581,100009676
40581,100028130
40581,101001625
40581,101009676
40581,101028130
40581,110001625
40581,110009676
40581,110028130
40581,111001625
40581,113001625
40581,113028130
40581,211158023
40581,216001625
40581,220158023
40581,230158023
40581,234001625
40581,234028130
40581,234158023
40581,237001625
40581,237028130
40581,241158023
40581,242158023
40581,249009676
40581,250158023
40581,251001625
40581,252028130
40581,252158023
40581,254009676
40581,256001625
40581,256009676
40581,256028130
40581,256158023
40581,258158023
40581,260158023
40581,264009676
40581,264028130
40581,264158023
40581,267158023
40581,268001625
40581,268009676
40581,268028130
40581,272001625
40581,272028130
40581,272158023
40581,273158023
40581,278158023
40581,280158023
40581,283001625
40581,283158023
40581,287158023
40581,289001625
40581,289009676
40581,289158023
40581,511158023
40581,515158023
40581,517158023
40581,807158023
40581,813009676
40581,813028130
40581,814001625
40581,814009676
40581,814158023
40581,820158023
40581,821028130
40581,825001625
40581,825028130
40581,825158023
40581,827001625
40581,827009676
40581,827028130
40581,828158023
40581,829158023
40581,832158023
40581,836001625
40581,836158023
40581,840001625
40581,844158023
40581,845001625
40581,845009676
40581,845158023
40581,848001625
40581,848009676
40581,848028130
40581,848158023
40581,850001625
40581,850009676
40581,850028130
40581,852009676
40581,852158023
40581,855158023
40581,861001625
40581,861009676
40581,861028130
40581,863158023
40581,866158023
40581,867009676
40581,867028130
40581,868001625
40581,868009676
40582,100001088
40582,100001109
40582,100001183
40582,101001088
40582,101001109
40582,101001183
40582,110001088
40582,110001109
40582,110001183
40582,111001183
40582,113001088
40582,201001088
40582,201001109
40582,201001183
40582,207001088
40582,207001183
40582,214001088
40582,214001109
40582,216001088
40582,216001109
40582,216001183
40582,233001088
40582,234001088
40582,234001109
40582,234001183
40582,251001088
40582,251001109
40582,251001183
40582,252001088
40582,252001109
40582,252001183
40582,256001109
40582,256001183
40582,264001088
40582,268001088
40582,268001109
40582,268001183
40582,272001088
40582,272001109
40582,272001183
40582,283001088
40582,283001109
40582,284001183
40582,289001109
40582,289001183
40582,802001088
40582,802001109
40582,814001088
40582,814001183
40582,825001088
40582,825001109
40582,827001088
40582,827001109
40582,827001183
40582,829001088
40582,829001183
40582,836001109
40582,836001183
40582,840001088
40582,840001183
40582,850001109
40582,852001088
40582,852001183
40582,861001088
40582,861001109
40582,861001183
40582,867001088
40582,867001183
40582,868001109
40583,210238794
40583,215238794
40583,219243812
40583,221238794
40583,221243812
40583,242238794
40583,242243812
40583,242252371
40583,253252371
40583,259252371
40583,260238794
40583,260243812
40583,262238794
40583,262252371
40583,267238794
40583,267252371
40583,270238794
40583,270243812
40583,270252371
40583,273238794
40583,278252371
40583,279238794
40583,280238794
40583,280243812
40583,280252371
40583,287238794
40583,287252371
40583,290238794
40583,290252371
40583,291243812
40583,300238794
40583,300243812
40583,300252371
40583,501238794
40583,502238794
40583,503243812
40583,506238794
40583,508238794
40583,508252371
40583,511238794
40583,511252371
40583,513238794
40583,513243812
40583,513252371
40583,515238794
40583,515243812
40583,515252371
40583,517238794
40583,517243812
40583,517252371
40583,596252371
40583,807252371
40583,808238794
40583,810238794
40583,810243812
40583,810252371
40583,815252371
40583,820238794
40583,820252371
40583,825238794
40583,825243812
40583,825252371
40583,826243812
40583,828238794
40583,828252371
40583,829238794
40583,829252371
40583,831238794
40583,831252371
40583,834238794
40583,834243812
40583,834252371
40583,836238794
40583,836243812
40583,836252371
40583,844238794
40583,844252371
40583,846243812
40583,848238794
40583,848252371
40583,852243812
40583,855238794
40583,855252371
40583,856238794
40583,856243812
40583,856252371
40583,863238794
40583,863243812
40583,863252371
40583,867238794
40583,867252371
40584,827000051
40584,827000240
40584,827000250
40584,827001025
40584,827001040
40584,827001075
40584,827001088
40584,827001109
40584,827001114
40584,827001179
40584,827001183
40584,827001201
40584,827001397
40584,827001419
40584,827001615
40584,827001620
40584,827001625
40584,827001668
40584,827003622
40584,827004000
40584,827004202
40584,827004231
40584,827004833
40584,827005419
40584,827005454
40584,827005471
40584,827005479
40584,827005589
40584,827005661
40584,827005673
40584,827005679
40584,827005680
40584,827005740
40584,827006235
40584,827007289
40584,827007512
40584,827007518
40584,827007763
40584,827007826
40584,827009676
40584,827010264
40584,827010535
40584,827011141
40584,827013038
40584,827013128
40584,827013743
40584,827020289
40584,827023174
40584,827028130
40584,827031432
40584,827037576
40584,827045197
40584,827045661
40584,827045674
40584,827048940
40584,827049072
40584,827049369
40584,827052241
40584,827054050
40584,827107715
40584,827121939
40584,827121944
40584,827135455
40584,827138449
40584,827139869
40584,827140601
40584,827142754
40584,827156616
40584,827161840
40584,827166124
40584,827166676
40584,827166906
40584,827167134
40584,827167198
40584,827167680
40584,827173731
40584,827183277
40584,827190044
40584,827190045
40584,827190048
40584,827190053
40584,827191189
40584,827191695
40584,827192181
40584,827214098
40584,827214100
40584,827214101
40584,827214267
40584,827214649
40584,827222000
40584,827222481
40584,827226764
40584,827233700
40584,827242519
40584,827247515
40584,827247699
40584,827247703
40584,827254642
40584,827261593
40584,827266695
40585,828020801
40585,828158023
40585,828165153
40585,828167495
40585,828167948
40585,828175943
40585,828176580
40585,828177003
40585,828178005
40585,828180930
40585,828181291
40585,828184432
40585,828184941
40585,828186942
40585,828188545
40585,828188567
40585,828189511
40585,828189596
40585,828190871
40585,828192119
40585,828192318
40585,828192448
40585,828192505
40585,828192985
40585,828193747
40585,828194765
40585,828197781
40585,828199434
40585,828200104
40585,828200145
40585,828200389
40585,828201024
40585,828201942
40585,828202126
40585,828202652
40585,828202811
40585,828203376
40585,828204485
40585,828205452
40585,828205498
40585,828205693
40585,828207865
40585,828208093
40585,828208722
40585,828208830
40585,828209331
40585,828209499
40585,828209981
40585,828210514
40585,828211110
40585,828212198
40585,828212622
40585,828212831
40585,828215698
40585,828215914
40585,828218667
40585,828221363
40585,828222665
40585,828224232
40585,828226753
40585,828228702
40585,828230621
40585,828231281
40585,828231478
40585,828231747
40585,828231866
40585,828232293
40585,828232411
40585,828233064
40585,828235243
40585,828237086
40585,828237679
40585,828237692
40585,828238794
40585,828239085
40585,828239818
40585,828241084
40585,828241721
40585,828242444
40585,828246191
40585,828246430
40585,828246669
40585,828247635
40585,828251517
40585,828251854
40585,828252371
40585,828253072
40585,828256790
40587,829000240
40587,829000246
40587,829001075
40587,829001179
40587,829001183
40587,829001397
40587,829001419
40587,829001551
40587,829001605
40587,829001620
40587,829004000
40587,829005003
40587,829005099
40587,829005471
40587,829005479
40587,829005589
40587,829007512
40587,829010535
40587,829011141
40587,829013038
40587,829013743
40587,829020801
40587,829021146
40587,829030110
40587,829034079
40587,829045197
40587,829045674
40587,829048940
40587,829051539
40587,829054050
40587,829107715
40587,829121939
40587,829121944
40587,829138449
40587,829140601
40587,829142754
40587,829156616
40587,829158023
40587,829162895
40587,829165153
40587,829167198
40587,829169588
40587,829172143
40587,829173731
40587,829176580
40587,829177003
40587,829177413
40587,829183711
40587,829184941
40587,829188350
40587,829189505
40587,829189511
40587,829189805
40587,829190053
40587,829190871
40587,829191189
40587,829192119
40587,829192505
40587,829193198
40587,829197781
40587,829199304
40587,829199564
40587,829200145
40587,829201942
40587,829202652
40587,829203376
40587,829204963
40587,829205175
40587,829207865
40587,829208004
40587,829208128
40587,829208722
40587,829209331
40587,829209499
40587,829209889
40587,829212194
40587,829212831
40587,829216267
40587,829216352
40587,829220651
40587,829221992
40587,829222481
40587,829222665
40587,829224232
40587,829225953
40587,829231281
40587,829231478
40587,829231936
40587,829232363
40587,829232580
40587,829233049
40587,829234378
40587,829235173
40587,829235790
40587,829242516
40587,829243580
40587,829246669
40587,829247819
40587,829252371
40587,829274967
40588,830070418
40588,830071106
40588,830180283
40588,830191980
40588,830200601
40588,830207494
40588,830210941
40588,830212432
40588,830213189
40588,830213471
40588,830222052
40588,830223994
40588,830225733
40588,830227632
40588,830227659
40588,830228007
40588,830228124
40588,830228130
40588,830228861
40588,830229343
40588,830230921
40588,830232000
40588,830232065
40588,830232595
40588,830233011
40588,830233018
40588,830233568
40588,830234264
40588,830237091
40588,830238763
40588,830245054
40588,830247748
40588,830248188
40588,830251161
40588,830251162
40588,830254225
40588,830255500
40588,830256370
40588,830260474
40588,830261053
40588,830261115
40588,830261128
40588,830263845
40588,830266751
40588,830266789
40588,830268342
40588,830269093
40588,830270203
40588,830272733
40588,830274437
40588,830276616
40590,834177683
40590,834186942
40590,834188545
40590,834190941
40590,834192119
40590,834192366
40590,834194765
40590,834198176
40590,834202126
40590,834202811
40590,834203376
40590,834204525
40590,834207865
40590,834208128
40590,834208333
40590,834209331
40590,834210035
40590,834210881
40590,834212194
40590,834212622
40590,834212831
40590,834215410
40590,834215441
40590,834215698
40590,834216393
40590,834220901
40590,834222077
40590,834224196
40590,834225193
40590,834225375
40590,834226161
40590,834226271
40590,834226851
40590,834227796
40590,834229558
40590,834230621
40590,834230899
40590,834231443
40590,834231478
40590,834231747
40590,834232580
40590,834233096
40590,834233419
40590,834234378
40590,834234396
40590,834235790
40590,834237086
40590,834237678
40590,834237692
40590,834238794
40590,834239053
40590,834239085
40590,834239763
40590,834239837
40590,834239977
40590,834240638
40590,834240913
40590,834240950
40590,834241084
40590,834241486
40590,834241651
40590,834241721
40590,834241788
40590,834243630
40590,834243715
40590,834244260
40590,834245235
40590,834246104
40590,834246191
40590,834246430
40590,834246669
40590,834247819
40590,834247827
40590,834251470
40590,834251805
40590,834251854
40590,834252145
40590,834252371
40590,834253124
40590,834255253
40590,834256115
40590,834256196
40590,834256197
40590,834256630
40590,834256790
40590,834256853
40590,834260247
40590,834261050
40590,834264652
40590,834264862
40590,834265450
40590,834266032
40590,834268889
40590,834271400
40590,834271421
40590,834272600
40590,834272834
40590,834277179
40590,834277643
40590,834277954
40592,829000240
40592,829000246
40592,829000330
40592,829001075
40592,829001088
40592,829001179
40592,829001183
40592,829001397
40592,829001419
40592,829001551
40592,829001605
40592,829001615
40592,829001620
40592,829003622
40592,829004000
40592,829005003
40592,829005099
40592,829005471
40592,829005479
40592,829005589
40592,829006235
40592,829007512
40592,829007743
40592,829010535
40592,829011141
40592,829013038
40592,829013743
40592,829021146
40592,829030110
40592,829031432
40592,829034079
40592,829045197
40592,829045674
40592,829048940
40592,829051539
40592,829054050
40592,829107715
40592,829121939
40592,829121944
40592,829138449
40592,829140601
40592,829142754
40592,829156616
40592,829162895
40592,829167198
40592,829173731
40592,829190053
40592,829191189
40592,829222481
40592,829274967
40593,836000027
40593,836000250
40593,836001075
40593,836001109
40593,836001114
40593,836001179
40593,836001183
40593,836001397
40593,836001419
40593,836001551
40593,836001605
40593,836001625
40593,836004000
40593,836005419
40593,836005467
40593,836005471
40593,836005479
40593,836005661
40593,836005679
40593,836005680
40593,836007289
40593,836007512
40593,836009593
40593,836013743
40593,836020801
40593,836021146
40593,836025924
40593,836034079
40593,836037576
40593,836045197
40593,836045661
40593,836048940
40593,836049369
40593,836050752
40593,836054050
40593,836121939
40593,836139869
40593,836158023
40593,836162895
40593,836165153
40593,836166906
40593,836167495
40593,836167948
40593,836168473
40593,836173731
40593,836183277
40593,836188350
40593,836188545
40593,836189511
40593,836190044
40593,836190045
40593,836190048
40593,836191189
40593,836191695
40593,836192181
40593,836192505
40593,836192985
40593,836197445
40593,836200104
40593,836202126
40593,836202652
40593,836209658
40593,836211110
40593,836212188
40593,836214098
40593,836214100
40593,836218667
40593,836223848
40593,836226764
40593,836227796
40593,836230025
40593,836230621
40593,836231281
40593,836231443
40593,836231747
40593,836231866
40593,836233049
40593,836233064
40593,836234396
40593,836235243
40593,836235790
40593,836237692
40593,836238794
40593,836239085
40593,836245367
40593,836246669
40593,836247515
40593,836247703
40593,836251566
40593,836251854
40593,836252371
40593,836256079
40593,836256630
40593,836256790
40593,836257534
40593,836266801
40593,836270409
40593,836272834
40593,836277643
40593,836277954
40594,836000027
40594,836000250
40594,836000330
40594,836001075
40594,836001109
40594,836001114
40594,836001179
40594,836001183
40594,836001397
40594,836001419
40594,836001551
40594,836001605
40594,836001625
40594,836004000
40594,836005419
40594,836005454
40594,836005467
40594,836005471
40594,836005479
40594,836005661
40594,836005679
40594,836005680
40594,836007289
40594,836007512
40594,836009593
40594,836013743
40594,836015723
40594,836021146
40594,836025924
40594,836034079
40594,836037576
40594,836045197
40594,836045661
40594,836048940
40594,836049369
40594,836050752
40594,836051257
40594,836054050
40594,836121939
40594,836121944
40594,836139869
40594,836162895
40594,836166906
40594,836168473
40594,836171877
40594,836173731
40594,836183277
40594,836190044
40594,836190045
40594,836190048
40594,836191189
40594,836191695
40594,836192181
40594,836214098
40594,836214100
40594,836226764
40594,836230025
40594,836247515
40594,836247703
40594,836266801
40595,839000250
40595,839001605
40595,839005589
40595,839008473
40595,839013128
40595,839013383
40595,839020801
40595,839039943
40595,839045661
40595,839049072
40595,839052241
40595,839156616
40595,839167198
40595,839184943
40595,839191695
40595,839200104
40595,839204485
40595,839215914
40595,839226764
40595,839238616
40595,839241084
40595,839246669
40595,839247699
40595,839268513
40596,839000250
40596,839001605
40596,839005589
40596,839008473
40596,839013128
40596,839013383
40596,839039943
40596,839045661
40596,839049072
40596,839052241
40596,839156616
40596,839167198
40596,839184943
40596,839191695
40596,839226764
40596,839247699
40596,839268513
40604,840001041
40604,840001075
40604,840001088
40604,840001114
40604,840001183
40604,840001201
40604,840001397
40604,840001419
40604,840001605
40604,840001615
40604,840001620
40604,840001625
40604,840003622
40604,840004000
40604,840005419
40604,840005454
40604,840005467
40604,840005471
40604,840005679
40604,840006235
40604,840007512
40604,840007518
40604,840008473
40604,840013743
40604,840013940
40604,840031432
40604,840037576
40604,840049072
40604,840049369
40604,840052241
40604,840138412
40604,840157481
40604,840166124
40604,840166149
40604,840166676
40604,840176944
40604,840178562
40604,840180403
40604,840180819
40604,840183277
40604,840184392
40604,840184432
40604,840184943
40604,840188567
40604,840189505
40604,840189513
40604,840189575
40604,840189881
40604,840190042
40604,840190149
40604,840190815
40604,840191189
40604,840191202
40604,840191208
40604,840191695
40604,840191740
40604,840192119
40604,840192190
40604,840192505
40604,840192883
40604,840193198
40604,840193301
40604,840193747
40604,840194765
40604,840199189
40604,840199503
40604,840202651
40604,840205566
40604,840207410
40604,840208093
40604,840208165
40604,840208268
40604,840208333
40604,840208421
40604,840208574
40604,840210736
40604,840211110
40604,840212198
40604,840214997
40604,840216460
40604,840219681
40604,840220253
40604,840220814
40604,840222481
40604,840224309
40604,840226710
40604,840228251
40604,840230899
40604,840231521
40604,840231677
40604,840233700
40604,840235243
40604,840235410
40604,840237221
40604,840237238
40604,840241486
40604,840256630
40604,840257540
40604,840259584
40604,840261593
40605,840001041
40605,840001075
40605,840001088
40605,840001114
40605,840001179
40605,840001183
40605,840001201
40605,840001397
40605,840001419
40605,840001605
40605,840001615
40605,840001620
40605,840001625
40605,840003622
40605,840004000
40605,840005419
40605,840005454
40605,840005467
40605,840005471
40605,840005679
40605,840006235
40605,840007512
40605,840007518
40605,840008473
40605,840013743
40605,840013940
40605,840021146
40605,840031432
40605,840037576
40605,840048940
40605,840049072
40605,840049369
40605,840052241
40605,840155897
40605,840166124
40605,840166149
40605,840166676
40605,840176944
40605,840183277
40605,840184943
40605,840190042
40605,840191189
40605,840191208
40605,840191695
40605,840192190
40605,840222481
40605,840233700
40605,840261593
40617,845001040
40617,845001116
40617,845001397
40617,845001419
40617,845001615
40617,845001620
40617,845001625
40617,845004231
40617,845005003
40617,845005454
40617,845005479
40617,845007743
40617,845009676
40617,845010535
40617,845013038
40617,845016619
40617,845020289
40617,845020801
40617,845025924
40617,845028765
40617,845037576
40617,845039386
40617,845045197
40617,845047390
40617,845049072
40617,845049369
40617,845135455
40617,845140233
40617,845156353
40617,845158023
40617,845162895
40617,845167680
40617,845168473
40617,845170733
40617,845171791
40617,845176580
40617,845178005
40617,845183898
40617,845184941
40617,845189332
40617,845189511
40617,845190048
40617,845190053
40617,845192181
40617,845192190
40617,845192366
40617,845193474
40617,845198219
40617,845198861
40617,845200145
40617,845201024
40617,845201942
40617,845202811
40617,845204485
40617,845204838
40617,845204963
40617,845205347
40617,845205498
40617,845207439
40617,845207566
40617,845207865
40617,845208722
40617,845212218
40617,845212616
40617,845212831
40617,845214098
40617,845214100
40617,845216451
40617,845217870
40617,845222077
40617,845222481
40617,845224232
40617,845225508
40617,845225659
40617,845226271
40617,845226754
40617,845230621
40617,845230658
40617,845230666
40617,845230767
40617,845230869
40617,845230938
40617,845231138
40617,845231478
40617,845231866
40617,845232488
40617,845233486
40617,845234642
40617,845235805
40617,845235844
40617,845239231
40617,845239301
40617,845239837
40617,845244260
40617,845246191
40617,845247090
40617,845256516
40617,845260779
40617,845275049
40617,845277643
40618,845000570
40618,845001040
40618,845001116
40618,845001397
40618,845001419
40618,845001615
40618,845001620
40618,845001625
40618,845003622
40618,845004231
40618,845005003
40618,845005454
40618,845005479
40618,845007743
40618,845009676
40618,845010535
40618,845013038
40618,845016254
40618,845016619
40618,845020289
40618,845025924
40618,845026709
40618,845028765
40618,845037576
40618,845039386
40618,845045197
40618,845047390
40618,845049072
40618,845049369
40618,845051412
40618,845135455
40618,845155897
40618,845156353
40618,845162895
40618,845167680
40618,845168473
40618,845168886
40618,845170733
40618,845188428
40618,845190048
40618,845190053
40618,845191694
40618,845192181
40618,845192190
40618,845214098
40618,845214100
40618,845222481
40618,845275049
40619,278203376
40619,279209331
40619,287209331
40619,290203376
40619,291231281
40619,291236772
40619,807203376
40619,807212831
40619,807231281
40619,808209331
40619,814235805
40619,815236772
40619,820203376
40619,820209331
40619,820212831
40619,820231281
40619,820237678
40619,820239837
40619,825203376
40619,825209331
40619,825212831
40619,825216267
40619,825231281
40619,826235805
40619,826241084
40619,826253072
40619,828203376
40619,828209331
40619,829203376
40619,829209331
40619,829212831
40619,829216267
40619,829231281
40619,829242516
40619,831203376
40619,831209331
40619,832231281
40619,834203376
40619,834209331
40619,834212831
40619,834216267
40619,834237678
40619,834239837
40619,834240913
40619,834241084
40619,834246104
40619,836231281
40619,836237678
40619,839241084
40619,844203376
40619,844209331
40619,844231281
40619,844239837
40619,844246104
40619,845212831
40619,845235805
40619,845239837
40619,846203376
40619,846212831
40619,846216267
40619,846231281
40619,848203376
40619,848209331
40619,848212831
40619,848216267
40619,848225100
40619,848231281
40619,851236772
40619,851241084
40619,852236772
40619,852237678
40619,854203376
40619,855209331
40619,855212831
40619,855241084
40619,855246104
40619,856203376
40619,856209331
40619,856212831
40619,856216267
40619,856236772
40619,856237678
40619,856239837
40619,856241084
40619,856242516
40619,856246104
40619,863203376
40619,863209331
40619,863212831
40619,863216267
40619,863232487
40619,863237678
40619,863239837
40619,863241084
40619,863242516
40619,863246104
40619,863253072
40619,866203376
40619,866236772
40619,866241084
40620,287222665
40620,287225193
40620,287232580
40620,287246669
40620,287251566
40620,808222665
40620,808234378
40620,808243715
40620,808246669
40620,810222665
40620,810230666
40620,810234378
40620,810246669
40620,815246669
40620,820222665
40620,820231936
40620,820232580
40620,820234378
40620,820243715
40620,820246669
40620,820257711
40620,821230666
40620,825205498
40620,825235790
40620,826225193
40620,826235790
40620,829202652
40620,829222665
40620,829231936
40620,829232580
40620,829234378
40620,829235790
40620,829246669
40620,831243715
40620,832222665
40620,832234378
40620,832246669
40620,834220901
40620,834225193
40620,834232580
40620,834234378
40620,834235790
40620,834243715
40620,834246669
40620,834251566
40620,834251805
40620,836202652
40620,836234378
40620,836235790
40620,836246669
40620,836251566
40620,839246669
40620,840205498
40620,844232580
40620,844234378
40620,844243715
40620,844246669
40620,845205498
40620,845230666
40620,848202652
40620,848230666
40620,851207421
40620,851220901
40620,851251566
40620,851251805
40620,852225193
40620,852230666
40620,854234378
40620,854243715
40620,855220901
40620,855232580
40620,856207421
40620,856220901
40620,856222665
40620,856225193
40620,856232580
40620,856234378
40620,856243715
40620,856246669
40620,856251566
40620,856251805
40620,856257711
40620,856278773
40620,863207421
40620,863222665
40620,863225193
40620,863232580
40620,863234378
40620,863243715
40620,863246669
40620,863251805
40620,863278773
40620,866220901
40620,866232580
40620,866234378
40620,866243715
40620,866251805
40620,866265693
40620,867225193
40620,867235790
40621,278192985
40621,279239085
40621,280231866
40621,280239818
40621,287192985
40621,287231866
40621,287239085
40621,290239085
40621,807192985
40621,807231866
40621,807239085
40621,807239818
40621,808186942
40621,808206517
40621,808218667
40621,810186942
40621,810231866
40621,810237692
40621,810239085
40621,814239085
40621,815231866
40621,820186942
40621,820231866
40621,820237692
40621,820239085
40621,820256675
40621,820270409
40621,825186942
40621,825192985
40621,825203574
40621,825206517
40621,825207410
40621,825208920
40621,825210257
40621,825218667
40621,825229237
40621,825231866
40621,825239085
40621,825239818
40621,826188377
40621,826218667
40621,828192985
40621,828239085
40621,831231866
40621,832237692
40621,832239085
40621,832239818
40621,832251517
40621,832256675
40621,834237692
40621,834239085
40621,834253124
40621,836192985
40621,836218667
40621,836231866
40621,836237692
40621,836239085
40621,836270409
40621,840207410
40621,844239085
40621,845231866
40621,846192985
40621,848186942
40621,848188377
40621,848192985
40621,848203574
40621,848210257
40621,848218667
40621,848231866
40621,848237692
40621,848239085
40621,848239818
40621,851218667
40621,851251517
40621,852186942
40621,852192985
40621,852200159
40621,852206517
40621,852229237
40621,852237692
40621,854239085
40621,856237692
40621,856239085
40621,856239818
40621,856246420
40621,856251517
40621,856277427
40621,863192985
40621,863210257
40621,863218667
40621,863229237
40621,863237692
40621,863239085
40621,863239818
40621,863246420
40621,863251517
40621,863277031
40621,866229237
40621,866239085
40621,866277427
40622,230233049
40622,250233049
40622,250248695
40622,260238074
40622,265239231
40622,267232411
40622,267242444
40622,270230918
40622,270232411
40622,270238074
40622,273256079
40622,276230918
40622,279232411
40622,279238074
40622,279242444
40622,279247090
40622,280229984
40622,280230918
40622,280232411
40622,280238074
40622,280246340
40622,280247090
40622,283242578
40622,287232411
40622,290247090
40622,291256079
40622,517257534
40622,804233049
40622,804246340
40622,804256079
40622,804259197
40622,804262859
40622,804263620
40622,810242444
40622,814246340
40622,815229984
40622,815242444
40622,815246340
40622,820257534
40622,825229984
40622,825238074
40622,825257534
40622,826256079
40622,826259197
40622,828232411
40622,828242444
40622,829233049
40622,831257534
40622,836233049
40622,836238616
40622,836242444
40622,836248695
40622,836256079
40622,836257534
40622,836259197
40622,836262859
40622,839238616
40622,844256079
40622,844257534
40622,845239231
40622,845247090
40622,851238616
40622,851239231
40622,851254796
40622,851259197
40622,851262859
40622,852232411
40622,852233049
40622,852248695
40622,855239231
40622,855256079
40622,855257534
40622,856222104
40622,856228789
40622,856230918
40622,856238074
40622,856238616
40622,856239231
40622,856247090
40622,856248695
40622,856254796
40622,856256079
40622,856257534
40622,856259197
40622,856259307
40622,856259356
40622,863238074
40622,863238616
40622,863239231
40622,863242444
40622,863247090
40622,863256079
40622,863259197
40622,863259307
40622,863273906
40622,866238074
40622,866239231
40622,866242444
40622,866247090
40622,867256079
40623,230211990
40623,250186345
40623,250233731
40623,250251809
40623,253186345
40623,253233731
40623,259186345
40623,260211990
40623,260251809
40623,262251809
40623,262262118
40623,267241096
40623,270241096
40623,270242964
40623,270262118
40623,272186345
40623,276242964
40623,279186345
40623,279241096
40623,280241096
40623,283234742
40623,283237161
40623,287186345
40623,287211990
40623,287241096
40623,287247851
40623,287251809
40623,291198032
40623,291210047
40623,291223334
40623,291230977
40623,291234742
40623,291237161
40623,291237329
40623,513247851
40623,515233731
40623,515241096
40623,515242964
40623,515247851
40623,517206085
40623,517210047
40623,517223334
40623,517233731
40623,517241096
40623,517242964
40623,517247851
40623,808247851
40623,815186345
40623,815210047
40623,815220407
40623,821247851
40623,826210047
40623,826233731
40623,826237161
40623,826242964
40623,826247851
40623,829230977
40623,836233731
40623,836241096
40623,836242964
40623,836266127
40623,844233731
40623,846186345
40623,848186345
40623,848234742
40623,848241096
40623,851198032
40623,851206085
40623,851210047
40623,851223334
40623,851241096
40623,851242964
40623,851247851
40623,851262118
40623,852233731
40623,855247851
40623,856186345
40623,856198032
40623,856203841
40623,856223334
40623,856231512
40623,856233731
40623,856234742
40623,856241096
40623,856242964
40623,856247851
40623,856251809
40623,856266127
40623,856274246
40623,863198032
40623,863230977
40623,863233731
40623,863242964
40623,863247851
40623,866247851
40623,867210047
40623,867223334
40623,867241096
40623,867242964
40623,867247851
40624,240200104
40624,250200104
40624,252200104
40624,258200104
40624,265232488
40624,265247394
40624,267200104
40624,267243576
40624,270231943
40624,270232488
40624,273200104
40624,273212188
40624,273227535
40624,273231943
40624,278200104
40624,279232488
40624,279247394
40624,280200104
40624,280227535
40624,284212188
40624,289200104
40624,290200104
40624,291200104
40624,291220697
40624,291225539
40624,291247394
40624,291259583
40624,291264453
40624,802205923
40624,804264453
40624,804268421
40624,806200104
40624,807200104
40624,810268421
40624,815220697
40624,815260105
40624,820200104
40624,820240091
40624,820264453
40624,821231943
40624,825212188
40624,826225539
40624,826232488
40624,826243576
40624,826247394
40624,826251421
40624,828200104
40624,829237985
40624,831200104
40624,836200104
40624,836212188
40624,836247394
40624,836251421
40624,836259583
40624,836259868
40624,839200104
40624,840200104
40624,840245279
40624,844200104
40624,845232488
40624,846200104
40624,848200104
40624,848212188
40624,848220697
40624,848227535
40624,851225539
40624,851243576
40624,851251421
40624,852247394
40624,855200104
40624,855264453
40624,856225539
40624,856227535
40624,856231943
40624,856232488
40624,856237985
40624,856240091
40624,856243576
40624,856243702
40624,856259583
40624,856259868
40624,856264453
40624,856270208
40624,856270579
40624,856272926
40624,862200104
40624,863200104
40624,863227535
40624,863232488
40624,863237985
40624,863243576
40624,863259868
40624,863264453
40624,863272926
40624,864200104
40624,866200104
40624,867220697
40624,867227535
40624,867232488
40624,867236480
40625,230219693
40625,230231677
40625,250202811
40625,250216393
40625,250231447
40625,250231677
40625,253207557
40625,253241464
40625,256220834
40625,259202811
40625,260241464
40625,265216393
40625,270246923
40625,272216393
40625,273202811
40625,273216393
40625,273231447
40625,276246923
40625,279202811
40625,280220834
40625,283199189
40625,283231677
40625,283236987
40625,283241464
40625,287221697
40625,287231677
40625,287241464
40625,291210881
40625,291212419
40625,291226162
40625,291227678
40625,291246923
40625,291257057
40625,515202811
40625,517202811
40625,517221697
40625,804247172
40625,804248465
40625,804257057
40625,810231447
40625,815210881
40625,815216393
40625,815231447
40625,815231677
40625,815257057
40625,820221697
40625,820231447
40625,821219693
40625,826199189
40625,826200458
40625,826210881
40625,826227678
40625,826229906
40625,826231677
40625,828202811
40625,829220834
40625,829231447
40625,831202811
40625,832221697
40625,834200458
40625,834202811
40625,834210881
40625,834216393
40625,834221697
40625,834227174
40625,834227678
40625,834229906
40625,834231677
40625,834236987
40625,834241464
40625,834246923
40625,834248465
40625,834257057
40625,834260247
40625,836220834
40625,836231677
40625,836246923
40625,840199189
40625,840219693
40625,840231677
40625,840236987
40625,840241464
40625,845202811
40625,846202811
40625,846231677
40625,848216393
40625,851221697
40625,851260247
40625,852216393
40625,856231677
40625,863200458
40625,863202811
40625,863210881
40625,863216393
40625,863227678
40625,863231447
40625,863231677
40625,863247172
40625,863257057
40625,863260247
40626,219235353
40626,221224221
40626,230233306
40626,246200759
40626,250232730
40626,250244067
40626,260229984
40626,260230918
40626,260233306
40626,262233866
40626,262235794
40626,262241159
40626,262244067
40626,265233306
40626,270230918
40626,270233267
40626,270236988
40626,270240947
40626,270241159
40626,273197756
40626,273224221
40626,273233267
40626,273235353
40626,276230918
40626,276236988
40626,276240947
40626,276242619
40626,279232730
40626,280229984
40626,280230918
40626,280232730
40626,283197756
40626,284190456
40626,287244067
40626,291197756
40626,291200759
40626,291213991
40626,291224221
40626,291235794
40626,291240947
40626,291241159
40626,291242619
40626,513235794
40626,515232730
40626,515235794
40626,517230918
40626,517233306
40626,517235794
40626,517236461
40626,517241159
40626,517259240
40626,802186392
40626,810232730
40626,810236988
40626,815224221
40626,815229984
40626,815241159
40626,825229984
40626,826197756
40626,826224221
40626,826235794
40626,826236461
40626,826240947
40626,836241159
40626,840190456
40626,840232730
40626,844233306
40626,845233267
40626,851235353
40626,851235794
40626,851236461
40626,851237646
40626,851240947
40626,851241159
40626,851244067
40626,852213991
40626,852232730
40626,852235353
40626,852235794
40626,852236461
40626,852237646
40626,852241159
40626,852244067
40626,852250954
40626,852259240
40626,855236461
40626,855241159
40626,856230918
40626,856235794
40626,856241159
40626,863197756
40626,863213991
40626,863232730
40626,863235353
40626,863235794
40626,863236461
40626,863237646
40626,863241159
40626,863250954
40626,867237646
40627,206238095
40627,217224656
40627,219235173
40627,219240740
40627,221240740
40627,234192123
40627,238238095
40627,238243057
40627,242240740
40627,242243057
40627,253243057
40627,260240740
40627,260256008
40627,260257470
40627,267235173
40627,270230978
40627,270235173
40627,270257470
40627,273238095
40627,273243057
40627,276257470
40627,280256008
40627,283205569
40627,287235173
40627,291205569
40627,291236015
40627,300192123
40627,300199641
40627,300224656
40627,300236015
40627,300237819
40627,300238095
40627,300254243
40627,300257470
40627,300278016
40627,501192123
40627,501199641
40627,501202750
40627,501205569
40627,502199641
40627,502202750
40627,502205569
40627,502235173
40627,502238095
40627,503192123
40627,503199641
40627,503205569
40627,503217036
40627,503235173
40627,503238095
40627,503240740
40627,506199641
40627,508192123
40627,508199641
40627,508205569
40627,511199641
40627,511205569
40627,511217036
40627,511230978
40627,511238095
40627,511240740
40627,513199641
40627,513217036
40627,513237819
40627,513238095
40627,517192123
40627,517199641
40627,517236015
40627,517257470
40627,517278016
40627,802205569
40627,804236015
40627,804256008
40627,804273106
40627,815199641
40627,815238095
40627,825240740
40627,826205569
40627,826236015
40627,826257470
40627,826278016
40627,829235173
40627,844192123
40627,844199641
40627,844238095
40627,845235173
40627,851224656
40627,851236015
40627,851240740
40627,851243057
40627,851254243
40627,851257470
40627,851278016
40627,852217036
40627,863192123
40627,863235173
40627,863254243
40627,863257470
40627,867205569
40627,867236015
40628,258188545
40628,279188545
40628,287188545
40628,287233419
40628,287241486
40628,287251854
40628,291228702
40628,808188545
40628,808192448
40628,808241486
40628,808251854
40628,810188545
40628,810241486
40628,810253163
40628,814188545
40628,814204525
40628,820186153
40628,820188545
40628,820241486
40628,820253163
40628,821244260
40628,821245037
40628,821251854
40628,825188545
40628,825192448
40628,825213661
40628,826277643
40628,828188545
40628,829192448
40628,832188545
40628,832233419
40628,832251854
40628,832277643
40628,834188545
40628,834204525
40628,834233419
40628,834241486
40628,834244260
40628,834251854
40628,834272600
40628,834277179
40628,834277643
40628,836188545
40628,836228702
40628,836251854
40628,836277643
40628,840213661
40628,840241486
40628,844188545
40628,844204525
40628,844233419
40628,844241486
40628,844251854
40628,844263578
40628,844277643
40628,844278046
40628,845244260
40628,845277643
40628,846188545
40628,848188545
40628,852074462
40628,852186153
40628,852188545
40628,852192448
40628,852228702
40628,852233419
40628,852241461
40628,852241486
40628,852251854
40628,852253163
40628,852277643
40628,852278046
40628,854241486
40628,854251854
40628,854277643
40628,855188545
40628,855228702
40628,855233419
40628,856074462
40628,856233419
40628,856241461
40628,856241486
40628,856244260
40628,856251854
40628,856277179
40628,856277643
40628,856278046
40628,863228702
40628,863233419
40628,863241461
40628,863241486
40628,863251854
40628,863253163
40628,863277643
40628,863278046
40628,866233419
40628,866245037
40628,866251854
40628,866277643
40628,866278046
40629,278231747
40629,287231747
40629,287252371
40629,807231747
40629,807239053
40629,807252371
40629,808238794
40629,810238794
40629,810252371
40629,814231747
40629,818177003
40629,820204963
40629,820231747
40629,820238794
40629,820239053
40629,820252371
40629,825177003
40629,825197445
40629,825204963
40629,825208618
40629,825238794
40629,825239053
40629,825240130
40629,825252371
40629,826243812
40629,828177003
40629,828231747
40629,829177003
40629,829192119
40629,829252371
40629,831204963
40629,831231747
40629,831238794
40629,831252371
40629,832205452
40629,832239053
40629,834192119
40629,834231747
40629,834238794
40629,834252371
40629,836197445
40629,836231747
40629,836238794
40629,836252371
40629,840192119
40629,844192119
40629,844205452
40629,844231747
40629,844238794
40629,844239053
40629,844252371
40629,845204963
40629,846177003
40629,846192119
40629,846243812
40629,848177003
40629,848192119
40629,848197445
40629,848204963
40629,848228618
40629,848238794
40629,848239053
40629,848252371
40629,851241637
40629,852205452
40629,852240130
40629,852243812
40629,852248243
40629,854231747
40629,855192119
40629,855238794
40629,855239053
40629,855252371
40629,856192119
40629,856231747
40629,856238794
40629,856239053
40629,856241637
40629,856243812
40629,856252371
40629,856264309
40629,863177003
40629,863192119
40629,863231410
40629,863231747
40629,863238794
40629,863239053
40629,863241637
40629,863243812
40629,863252371
40629,863264309
40629,866070966
40629,866177003
40629,866192119
40629,866231747
40629,866239053
40629,866241637
40629,867204963
40629,867238794
40629,867252371
40630,272194765
40630,283193747
40630,283194765
40630,287194765
40630,287233084
40630,289177413
40630,289194765
40630,291193747
40630,291216549
40630,291231591
40630,802184432
40630,802193747
40630,802200389
40630,808194765
40630,808200389
40630,810177413
40630,810193747
40630,810194765
40630,810200389
40630,810233084
40630,810246191
40630,810251445
40630,814177413
40630,814226161
40630,815194765
40630,815200389
40630,820194765
40630,820216549
40630,820246191
40630,825184432
40630,825246191
40630,826177413
40630,826193747
40630,826200389
40630,826226161
40630,826238216
40630,828194765
40630,828246191
40630,829177413
40630,832194765
40630,834194765
40630,834200389
40630,834212616
40630,834216460
40630,834226161
40630,834231591
40630,834246191
40630,834272449
40630,836238216
40630,836246191
40630,840184432
40630,840193747
40630,840194765
40630,840200389
40630,840214979
40630,840214997
40630,840216460
40630,844212616
40630,844246191
40630,845212616
40630,845233084
40630,845233486
40630,845246191
40630,846193747
40630,846214997
40630,846216460
40630,848194765
40630,848200389
40630,848216549
40630,848220440
40630,848226161
40630,851194765
40630,851226161
40630,852233486
40630,855200389
40630,855226161
40630,855246191
40630,856193747
40630,856194765
40630,856200389
40630,856216460
40630,856216549
40630,856226161
40630,856233486
40630,856238216
40630,856246191
40630,856253396
40630,856272449
40630,863212616
40630,863216460
40630,863216549
40630,863226161
40630,863233084
40630,863233486
40630,863246191
40630,863253396
40630,866226161
40630,866246191
40630,867231591
40630,867238216
40631,216216201
40631,221191740
40631,230183512
40631,231190149
40631,238244675
40631,242191740
40631,246183512
40631,253230869
40631,260191740
40631,273230869
40631,276248550
40631,276256516
40631,283216201
40631,283225523
40631,283227950
40631,283230869
40631,283241049
40631,284183512
40631,291146947
40631,291183512
40631,291190149
40631,291205157
40631,291216201
40631,291240900
40631,291244675
40631,291256516
40631,506183512
40631,506216201
40631,508183512
40631,508216201
40631,508230869
40631,511183512
40631,511191740
40631,511216201
40631,511230869
40631,511241049
40631,513190149
40631,513216201
40631,513225201
40631,513227950
40631,513230869
40631,513244675
40631,515183512
40631,515190149
40631,515205157
40631,515216201
40631,515225201
40631,515227950
40631,515230869
40631,515231184
40631,515244675
40631,515248550
40631,515256516
40631,517205157
40631,517216201
40631,517225201
40631,517230869
40631,517231184
40631,517244675
40631,517248550
40631,517256516
40631,802190149
40631,802216201
40631,815230869
40631,815256516
40631,820216201
40631,820230869
40631,826231184
40631,826240900
40631,826241049
40631,826248550
40631,826256516
40631,829191740
40631,832230869
40631,832256516
40631,836256516
40631,840190149
40631,840191740
40631,844248550
40631,844256516
40631,845230869
40631,845256516
40631,851216201
40631,851225201
40631,852205157
40631,852216201
40631,852225201
40631,852231184
40631,852241049
40631,852244675
40631,852248550
40631,852256516
40631,852259524
40631,852263617
40631,852263880
40631,855256516
40631,863216201
40631,863230869
40631,863256516
40631,867183512
40632,215189513
40632,215226110
40632,216189513
40632,216226110
40632,218226110
40632,219237221
40632,221189513
40632,221205069
40632,230189513
40632,230208093
40632,231157481
40632,234157481
40632,237205069
40632,241189513
40632,246205069
40632,250208093
40632,252157481
40632,252189513
40632,253208093
40632,256205069
40632,259208093
40632,260157481
40632,260189513
40632,260208093
40632,260225508
40632,260228302
40632,260236276
40632,260237221
40632,260259377
40632,262259377
40632,265205192
40632,267236276
40632,270236276
40632,270259377
40632,273246800
40632,276241707
40632,279189513
40632,280205069
40632,280246800
40632,283157481
40632,283228302
40632,284205192
40632,284208093
40632,291189513
40632,291259377
40632,508189513
40632,508208093
40632,511189513
40632,511208093
40632,513157481
40632,513189513
40632,513208093
40632,513236276
40632,515189513
40632,515208093
40632,515237221
40632,517189513
40632,517215590
40632,517226110
40632,517237221
40632,517257279
40632,802189513
40632,804257279
40632,808208093
40632,814189513
40632,815259377
40632,826189513
40632,826208093
40632,826215590
40632,826257279
40632,826262402
40632,828208093
40632,829157481
40632,832257279
40632,840157481
40632,840189513
40632,840208093
40632,840225508
40632,840228302
40632,840237221
40632,844257279
40632,845225508
40632,845226110
40632,845241707
40632,846226110
40632,848189513
40632,851235781
40632,851262402
40632,851276295
40632,852205192
40632,852215590
40632,855215590
40632,856257279
40632,863241707
40632,863243923
40632,863246800
40632,863257279
40632,867157481
40632,867189513
40632,867257279
40633,210197781
40633,210203747
40633,214197781
40633,216193352
40633,216216594
40633,218216594
40633,218226226
40633,218226456
40633,221226226
40633,230216594
40633,230228520
40633,234207566
40633,241216594
40633,242194911
40633,246226226
40633,250216594
40633,250255475
40633,251207566
40633,253193352
40633,253207566
40633,256197781
40633,256198141
40633,259216594
40633,260226226
40633,260255475
40633,262255475
40633,264210385
40633,265226226
40633,267197891
40633,267216594
40633,267255475
40633,270216594
40633,272216594
40633,273193352
40633,273226226
40633,279216594
40633,283207566
40633,283235945
40633,284226456
40633,289193352
40633,291193352
40633,291207566
40633,503216594
40633,506216594
40633,508210385
40633,508216594
40633,508226226
40633,511197781
40633,511197891
40633,511216594
40633,511226226
40633,511228520
40633,511255475
40633,513193352
40633,513197781
40633,513207566
40633,513210385
40633,513216594
40633,513228520
40633,515197781
40633,515207566
40633,515210385
40633,515226226
40633,515228520
40633,515237034
40633,517197781
40633,517198141
40633,517212602
40633,517226226
40633,517255475
40633,517259516
40633,804264432
40633,810277537
40633,815193352
40633,820197781
40633,820237034
40633,825197781
40633,825198141
40633,826193352
40633,828197781
40633,829197781
40633,829198141
40633,844197781
40633,845207566
40633,845226226
40633,846197781
40633,848197781
40633,848203747
40633,852193352
40633,852197891
40633,852198141
40633,852241867
40633,855255475
40633,856210385
40633,863193352
40633,863198951
40633,863264432
40633,866226456
40633,866264432
40633,867197781
40634,206192629
40634,206192638
40634,206223061
40634,215192629
40634,215224179
40634,215225085
40634,216189690
40634,218224179
40634,221192638
40634,233210972
40634,242192638
40634,246192638
40634,246223061
40634,250192629
40634,250225085
40634,260192638
40634,260225085
40634,262259233
40634,264225085
40634,267192629
40634,276235997
40634,279192629
40634,279224179
40634,280240223
40634,283192629
40634,284192629
40634,287192629
40634,287261478
40634,291224179
40634,291230021
40634,300075628
40634,300189690
40634,300192629
40634,300192638
40634,300220821
40634,300224179
40634,300225085
40634,300230021
40634,300235997
40634,300243034
40634,300252866
40634,300259233
40634,300259694
40634,300261478
40634,300262140
40634,300263227
40634,300264095
40634,300266331
40634,300272453
40634,300279027
40634,300279112
40634,324189690
40634,500192629
40634,501189690
40634,501192629
40634,501192638
40634,501224179
40634,502189690
40634,502192629
40634,502192638
40634,502224179
40634,502225085
40634,503189690
40634,503192629
40634,503192638
40634,503225085
40634,506192629
40634,506225085
40634,508189690
40634,508192629
40634,508192638
40634,508210972
40634,508225085
40634,511189690
40634,511192629
40634,511192638
40634,513192629
40634,513224179
40634,513235997
40634,515192629
40634,515259694
40634,517192629
40634,517192638
40634,517224179
40634,517225085
40634,596192629
40634,802192629
40634,810192638
40634,814192638
40634,826192629
40634,826259694
40634,848192638
40634,851192638
40634,851259694
40634,852224179
40634,852259694
40634,863220821
40634,866224179
40634,866261478
40634,867192629
40635,201198710
40635,206198710
40635,207198710
40635,210198710
40635,214198710
40635,221198710
40635,231198710
40635,237198710
40635,242248805
40635,252198710
40635,256198710
40635,265210315
40635,267173030
40635,267210315
40635,270210315
40635,284214944
40635,284251756
40635,287232498
40635,291216447
40635,291243558
40635,291248805
40635,300074178
40635,300074551
40635,300173030
40635,300189472
40635,300197948
40635,300198710
40635,300203581
40635,300214944
40635,300216447
40635,300219953
40635,300222390
40635,300227186
40635,300229624
40635,300231873
40635,300232498
40635,300235662
40635,300236033
40635,300236492
40635,300243558
40635,300243559
40635,300247131
40635,300248165
40635,300248805
40635,300250858
40635,300251756
40635,300258371
40635,300261339
40635,300272486
40635,319227186
40635,321198710
40635,323229624
40635,324189472
40635,324198710
40635,324210315
40635,500198710
40635,501173030
40635,501197948
40635,501198710
40635,501210315
40635,502197948
40635,502198710
40635,502229624
40635,503189472
40635,503222390
40635,503229624
40635,506198710
40635,508198710
40635,508203581
40635,508222390
40635,508247131
40635,511173030
40635,511189472
40635,511203581
40635,511210315
40635,511247131
40635,513210315
40635,513232498
40635,515198710
40635,515232498
40635,517216447
40635,517232498
40635,815203581
40635,815248165
40635,826197948
40635,826216447
40635,826219953
40635,826232498
40635,826243558
40635,844248165
40635,851197948
40635,851232498
40635,855248165
40635,863198710
40635,867173030
40636,241192505
40636,250192505
40636,253192505
40636,253202884
40636,259192505
40636,265202884
40636,265216409
40636,267217870
40636,270192505
40636,272192505
40636,273192505
40636,276247635
40636,280216435
40636,280216816
40636,280217870
40636,280225116
40636,280227236
40636,280236632
40636,280244263
40636,280247635
40636,280253002
40636,283237238
40636,284192505
40636,287216435
40636,287217870
40636,287236632
40636,287247635
40636,289192505
40636,291220714
40636,291243241
40636,808217870
40636,808247635
40636,810200752
40636,810216409
40636,810216435
40636,810217870
40636,810225116
40636,810227236
40636,810240716
40636,810244263
40636,810247635
40636,810253002
40636,815192505
40636,815216435
40636,815217870
40636,815237238
40636,815247635
40636,815253002
40636,826192505
40636,826216409
40636,826216435
40636,826217870
40636,826227236
40636,826247635
40636,826268683
40636,828192505
40636,828247635
40636,829192505
40636,832243241
40636,832247635
40636,834247635
40636,836192505
40636,840192505
40636,840202884
40636,840227236
40636,840237238
40636,844192505
40636,844217870
40636,844237238
40636,844243241
40636,844244263
40636,845217870
40636,846192505
40636,846237238
40636,848192505
40636,848216435
40636,848217870
40636,848225116
40636,848227236
40636,848240716
40636,848244263
40636,848247635
40636,851216409
40636,851216435
40636,852237238
40636,855192505
40636,855227236
40636,855237238
40636,855244263
40636,855247635
40636,856247635
40636,863192505
40636,863237238
40636,863240716
40636,863245992
40636,866237238
40636,866247635
40636,867200752
40636,867217870
40636,867240716
40637,280208128
40637,280210406
40637,280226268
40637,280237383
40637,287208128
40637,287224232
40637,287228093
40637,287231478
40637,287241788
40637,808224232
40637,808226268
40637,808231478
40637,808237383
40637,808241788
40637,810177683
40637,810224232
40637,814184200
40637,814208128
40637,814226851
40637,815208128
40637,815233096
40637,820177683
40637,820192883
40637,820208128
40637,820226268
40637,820228093
40637,820231478
40637,820237383
40637,825226851
40637,826184392
40637,826224232
40637,829198176
40637,829208128
40637,829224232
40637,829231478
40637,829233096
40637,829237383
40637,832208128
40637,832226268
40637,832228093
40637,832231478
40637,832237383
40637,834177683
40637,834198176
40637,834208128
40637,834226851
40637,834231478
40637,834233096
40637,834241736
40637,834241788
40637,836231478
40637,836237383
40637,840184392
40637,840192883
40637,840224232
40637,840262113
40637,844224232
40637,844226268
40637,844228093
40637,844233096
40637,844237383
40637,845199845
40637,845224232
40637,845231478
40637,848198176
40637,848210406
40637,848224232
40637,848226851
40637,848231478
40637,848237383
40637,851192883
40637,852208128
40637,855224232
40637,855231478
40637,855233096
40637,855237383
40637,856177683
40637,856192883
40637,856199845
40637,856208128
40637,856210406
40637,856224232
40637,856226268
40637,856228093
40637,856231478
40637,856233096
40637,856237383
40637,856241736
40637,856258648
40637,863184200
40637,863208128
40637,863231478
40637,863233096
40637,863241788
40637,863246800
40637,866210406
40637,866226268
40637,866231478
40637,867208128
40637,867224232
40638,265193082
40638,267193082
40638,270226710
40638,273223273
40638,283207993
40638,284208461
40638,287230899
40638,289193082
40638,291223671
40638,804256115
40638,814193082
40638,815208165
40638,815223273
40638,815223671
40638,815265188
40638,826208165
40638,826208461
40638,826223671
40638,826241850
40638,826247229
40638,826251470
40638,826256115
40638,826259584
40638,826266866
40638,828178005
40638,829239368
40638,832230899
40638,832251470
40638,834193082
40638,834207993
40638,834208165
40638,834208461
40638,834216150
40638,834223273
40638,834230899
40638,834239368
40638,834241850
40638,834246875
40638,834247229
40638,834251470
40638,834252154
40638,834256115
40638,834259584
40638,834260697
40638,834266866
40638,836238067
40638,836251470
40638,836265188
40638,840178005
40638,840207993
40638,840208165
40638,840208461
40638,840214979
40638,840216150
40638,840223273
40638,840226710
40638,840230899
40638,840251470
40638,840259584
40638,840260697
40638,840265188
40638,840266866
40638,844230899
40638,844241850
40638,844266866
40638,845178005
40638,845246875
40638,848207993
40638,848208165
40638,848216150
40638,848223273
40638,848246875
40638,848251470
40638,848252154
40638,848259584
40638,848260697
40638,851208461
40638,851247229
40638,856208165
40638,856208461
40638,856216150
40638,856223273
40638,856226710
40638,856230899
40638,856246875
40638,856247229
40638,856251470
40638,856252154
40638,856256115
40638,856259584
40638,856266866
40638,863207993
40638,863223273
40638,863223671
40638,863246875
40638,863251470
40638,863260697
40638,866278339
40638,867193082
40638,867208461
40639,250240679
40639,253222077
40639,259222077
40639,259246430
40639,267239580
40639,267240690
40639,267246430
40639,270239580
40639,270246430
40639,270255654
40639,273199304
40639,273246430
40639,279237679
40639,279239580
40639,279246430
40639,280255654
40639,283240679
40639,287237679
40639,287239580
40639,291199304
40639,291222077
40639,291236499
40639,517246430
40639,801199304
40639,808237679
40639,808239580
40639,810237679
40639,814239580
40639,814246430
40639,814247246
40639,815222077
40639,815237679
40639,815246430
40639,820236499
40639,820239580
40639,820240679
40639,820246430
40639,821236499
40639,825199304
40639,826222077
40639,826238744
40639,826258966
40639,828237679
40639,828246430
40639,829199304
40639,832239580
40639,832246430
40639,834222077
40639,834235840
40639,834238744
40639,834240679
40639,834241496
40639,834246430
40639,834247246
40639,834255654
40639,834258966
40639,834261050
40639,834266872
40639,834277954
40639,836074310
40639,836246430
40639,836277954
40639,840240679
40639,844222077
40639,845222077
40639,845240690
40639,848255654
40639,851277954
40639,852198009
40639,852238744
40639,852239580
40639,852246430
40639,852258966
40639,855277954
40639,856222077
40639,856231512
40639,856235840
40639,856237679
40639,856238744
40639,856240679
40639,856240690
40639,856246430
40639,856247246
40639,856255654
40639,856258966
40639,856261050
40639,856266872
40639,856277954
40639,863238744
40639,863240690
40639,863241496
40639,863247246
40639,863273906
40639,863277954
40639,866222077
40639,866238744
40639,866239580
40639,866277954
40639,867222077
40639,867239580
40640,230178603
40640,230211110
40640,241178603
40640,241211110
40640,250178603
40640,250220651
40640,250224490
40640,251178603
40640,253178603
40640,256178603
40640,256211110
40640,259178603
40640,260211110
40640,265208268
40640,265220651
40640,267211110
40640,267228251
40640,267236403
40640,272178603
40640,273207439
40640,276250723
40640,279228251
40640,280178603
40640,280236403
40640,280242664
40640,284178603
40640,284190813
40640,284228251
40640,287211110
40640,291250723
40640,517211110
40640,517229582
40640,802178603
40640,804246350
40640,804269312
40640,808178603
40640,810178603
40640,810229668
40640,814178603
40640,814246350
40640,815178603
40640,815208268
40640,815224490
40640,820211110
40640,820228251
40640,820229582
40640,820242458
40640,820265695
40640,825231352
40640,826207439
40640,826208268
40640,828211110
40640,829220651
40640,832211110
40640,832242458
40640,834231352
40640,836211110
40640,836228251
40640,840190813
40640,840208268
40640,840211110
40640,840224490
40640,840228251
40640,840229582
40640,840231352
40640,840236403
40640,840262113
40640,844211110
40640,845199005
40640,845207439
40640,845236403
40640,846211110
40640,848211110
40640,848224490
40640,848228251
40640,848242664
40640,848265695
40640,851220651
40640,851229582
40640,851230872
40640,851236403
40640,851242458
40640,851250723
40640,852211110
40640,855230872
40640,856277252
40640,863199005
40640,863207439
40640,863224490
40640,863236403
40640,863239964
40640,863242664
40640,863246688
40640,863250723
40640,866230872
40640,866236403
40640,866242664
40640,867228251
40640,867231352
40640,867250723
40641,210234671
40641,217202024
40641,219233556
40641,221202024
40641,242202024
40641,250202024
40641,250231836
40641,253202024
40641,267231836
40641,273202024
40641,276252060
40641,280228881
40641,280252060
40641,283228881
40641,284240915
40641,291223671
40641,291231207
40641,291233556
40641,300189908
40641,300202024
40641,300210381
40641,300223671
40641,300228881
40641,300231207
40641,300231836
40641,300233556
40641,300234671
40641,300236898
40641,300239770
40641,300240657
40641,300240915
40641,300242280
40641,300244270
40641,300252021
40641,300252060
40641,300257980
40641,300262394
40641,300267861
40641,300268703
40641,300271019
40641,319244270
40641,500170320
40641,501189908
40641,501202024
40641,501228881
40641,502189908
40641,502202024
40641,502228881
40641,502233556
40641,503170320
40641,503189908
40641,503202024
40641,503228881
40641,503233556
40641,508170320
40641,508189908
40641,508228881
40641,511189908
40641,511202024
40641,511228881
40641,511233556
40641,513189908
40641,513228881
40641,513231836
40641,513233556
40641,515189908
40641,515202024
40641,515228881
40641,515233556
40641,515242280
40641,517202024
40641,517233556
40641,804252021
40641,810239770
40641,815202024
40641,815223671
40641,815257980
40641,820242280
40641,821240915
40641,826202024
40641,826223671
40641,832233556
40641,844233556
40641,851202024
40641,851257980
40641,851262394
40641,852170320
40641,852189908
40641,852202024
40641,852231207
40641,852252021
40641,852257980
40641,852262394
40641,855233556
40641,863202024
40641,863223671
40641,863231207
40641,863236898
40641,863242280
40641,863257980
40642,201193080
40642,206193080
40642,207193080
40642,210193080
40642,211193080
40642,212193080
40642,215234612
40642,215238067
40642,218236610
40642,219225439
40642,219234612
40642,219235866
40642,219236610
40642,219238067
40642,221223697
40642,230223697
40642,231193080
40642,241223697
40642,242223697
40642,242236610
40642,250223697
40642,253223697
40642,253236791
40642,260193080
40642,260223697
40642,260236610
40642,265224158
40642,265225439
40642,265236610
40642,273224158
40642,279201389
40642,279224158
40642,280223697
40642,280243627
40642,283211361
40642,291258976
40642,500193080
40642,501193080
40642,502193080
40642,502234612
40642,503193080
40642,503223697
40642,503234612
40642,506193080
40642,506223697
40642,506234612
40642,508193080
40642,508223697
40642,508234612
40642,508236791
40642,508238067
40642,511193080
40642,511201389
40642,511234612
40642,511236791
40642,511238067
40642,513201389
40642,513205812
40642,513223697
40642,513224158
40642,513228708
40642,513234112
40642,513234612
40642,513235866
40642,513236610
40642,513236791
40642,513258976
40642,515193080
40642,515201389
40642,515205812
40642,515223697
40642,517193080
40642,517223697
40642,517236610
40642,804246258
40642,808228708
40642,810211361
40642,814225439
40642,815223697
40642,826223697
40642,826251988
40642,826268683
40642,829201389
40642,829236610
40642,836236610
40642,836238067
40642,840193080
40642,844193080
40642,844236610
40642,845235866
40642,846193080
40642,848225439
40642,848246258
40642,848278340
40642,851223697
40642,851234112
40642,851240777
40642,855236610
40642,863224158
40642,863238370
40643,283189596
40643,287202126
40643,287212622
40643,287237086
40643,802167495
40643,802189596
40643,802202126
40643,807202126
40643,807237086
40643,808256790
40643,810202126
40643,810209658
40643,810212622
40643,810256790
40643,814212622
40643,814237086
40643,818167495
40643,820202126
40643,820222492
40643,820256790
40643,821206113
40643,826209658
40643,826212622
40643,826229391
40643,828167495
40643,828189596
40643,829209889
40643,832202126
40643,832212622
40643,832256790
40643,834202126
40643,834212622
40643,834225375
40643,834229558
40643,834234396
40643,834237086
40643,834247827
40643,834256790
40643,836167495
40643,836202126
40643,836209658
40643,836234396
40643,836256790
40643,840250955
40643,844202126
40643,844212622
40643,844229558
40643,844234396
40643,844237086
40643,844247827
40643,844256790
40643,848167495
40643,848202126
40643,848202335
40643,848206113
40643,848212622
40643,848213345
40643,848222492
40643,848234396
40643,848237086
40643,852189596
40643,852209658
40643,852209889
40643,852222492
40643,852225375
40643,855167495
40643,855202126
40643,855212622
40643,855247827
40643,855256790
40643,856202126
40643,856206113
40643,856212622
40643,856222492
40643,856225375
40643,856229391
40643,856229558
40643,856247827
40643,856250955
40643,856275298
40643,862237086
40643,863202126
40643,863206113
40643,863209658
40643,863212622
40643,863222492
40643,863225375
40643,863229558
40643,863234396
40643,863237086
40643,863247827
40643,863250955
40643,863275298
40643,866202126
40643,866206113
40643,866212622
40643,866229558
40643,866247827
40643,866275298
40643,867229391
40644,267234236
40644,267236786
40644,267256630
40644,280210035
40644,287210035
40644,287210324
40644,287253149
40644,289199503
40644,291199503
40644,291212242
40644,291247263
40644,807253149
40644,808199503
40644,808210035
40644,808228813
40644,808256630
40644,810229668
40644,814199503
40644,814210324
40644,815199503
40644,815256630
40644,820199503
40644,820210035
40644,820213331
40644,820228813
40644,820231521
40644,820247679
40644,820253149
40644,820256630
40644,826210324
40644,831210035
40644,832199503
40644,832213331
40644,832253149
40644,832256630
40644,834190941
40644,834199503
40644,834210035
40644,834212242
40644,834213331
40644,834231521
40644,834247263
40644,834247679
40644,834253149
40644,834256197
40644,834256630
40644,836256630
40644,840199503
40644,840210035
40644,840212242
40644,840213331
40644,840231521
40644,840237328
40644,840242948
40644,840247263
40644,840253149
40644,840255223
40644,840256197
40644,840256630
40644,844199503
40644,844210035
40644,844213331
40644,844234236
40644,844253149
40644,844256197
40644,844256630
40644,848190941
40644,848199503
40644,848210035
40644,848210324
40644,848212242
40644,848213331
40644,848231521
40644,848247263
40644,848247679
40644,848253149
40644,848256630
40644,852213331
40644,852253149
40644,852255223
40644,852256630
40644,855210035
40644,855213331
40644,855234236
40644,856210035
40644,856213331
40644,856228813
40644,856234236
40644,856256630
40644,863199503
40644,863213331
40644,863234236
40644,863242948
40644,863256197
40644,863256630
40644,866199503
40644,866210035
40644,866213331
40644,866228813
40644,867199503
40645,207192318
40645,207204529
40645,210192318
40645,210218339
40645,214192318
40645,215188943
40645,216188943
40645,218225126
40645,221192318
40645,221204529
40645,234192318
40645,242218339
40645,246188943
40645,251192318
40645,253204529
40645,256192318
40645,260233301
40645,264192318
40645,265204529
40645,270192318
40645,270257289
40645,272192318
40645,272204529
40645,273225126
40645,276247182
40645,276257278
40645,276257289
40645,276260407
40645,279188943
40645,280188943
40645,280192318
40645,280218339
40645,280247182
40645,280248573
40645,280257540
40645,283192318
40645,283225126
40645,284188943
40645,284192318
40645,284202316
40645,291192318
40645,291225126
40645,291236532
40645,291247182
40645,501192318
40645,502192318
40645,503188943
40645,506188943
40645,508188943
40645,508218339
40645,511188943
40645,511192318
40645,511225126
40645,511233301
40645,511257289
40645,511257540
40645,513188943
40645,513192318
40645,513225126
40645,515188943
40645,515192318
40645,515225126
40645,515236532
40645,515256675
40645,517188943
40645,517225126
40645,517233301
40645,517236532
40645,517256675
40645,517257278
40645,517257289
40645,517268896
40645,517275328
40645,814192318
40645,815188943
40645,815233301
40645,815257278
40645,820256675
40645,826236532
40645,826247182
40645,828192318
40645,829192318
40645,832256675
40645,834256675
40645,836260407
40645,840188943
40645,840247182
40645,840257540
40645,844257289
40645,848192318
40645,851233301
40645,851236532
40645,851257278
40645,851268896
40645,856257289
40645,863225126
40645,863256675
40645,863257278
40645,863257289
40645,863270670
40646,267212190
40646,267247819
40646,270212190
40646,270247819
40646,287212194
40646,287235073
40646,287247819
40646,291190765
40646,291224196
40646,808212194
40646,808215441
40646,808235073
40646,810204923
40646,810212190
40646,810212194
40646,810224196
40646,810231447
40646,810235073
40646,810235407
40646,810247819
40646,810251852
40646,814204923
40646,814212190
40646,815204923
40646,815231447
40646,820215441
40646,820229476
40646,820231447
40646,820235073
40646,820247819
40646,821212194
40646,826190765
40646,826212194
40646,826254117
40646,829208333
40646,829212190
40646,829212194
40646,829231447
40646,829235073
40646,829247819
40646,832212194
40646,832215441
40646,832235073
40646,834190765
40646,834208333
40646,834212194
40646,834215441
40646,834224196
40646,834229476
40646,834229891
40646,834235073
40646,834246863
40646,834247819
40646,834251852
40646,834266032
40646,836212194
40646,836254117
40646,836266032
40646,840208333
40646,844215441
40646,844247819
40646,848204923
40646,848212190
40646,848245541
40646,851190765
40646,851212194
40646,851229891
40646,852208333
40646,855215441
40646,855246863
40646,855247819
40646,856204923
40646,856212194
40646,856215441
40646,856224196
40646,856229476
40646,856229891
40646,856235073
40646,856246863
40646,856247819
40646,856251852
40646,856259075
40646,856259356
40646,856259716
40646,856266032
40646,863204923
40646,863224196
40646,863229476
40646,863229891
40646,863231447
40646,863235073
40646,863235407
40646,863247819
40646,863251852
40646,863259716
40646,866215441
40646,866229891
40646,866235073
40646,866247819
40646,867208333
40647,210207862
40647,210232639
40647,215226168
40647,230207862
40647,241207862
40647,242207862
40647,253199439
40647,253207862
40647,253231366
40647,259209846
40647,260257877
40647,267209846
40647,267212096
40647,270207862
40647,279212096
40647,279232639
40647,283199897
40647,283209846
40647,284207862
40647,284212096
40647,287212096
40647,291199439
40647,291199897
40647,291207862
40647,291209846
40647,291226168
40647,291232639
40647,500207862
40647,501207862
40647,501212096
40647,501216497
40647,501226168
40647,502199439
40647,502207862
40647,502209846
40647,502212096
40647,502226168
40647,503207862
40647,503209846
40647,503226168
40647,506207862
40647,506209846
40647,506212096
40647,508207862
40647,508209846
40647,508212096
40647,508234171
40647,508234833
40647,511199897
40647,511207862
40647,511209846
40647,511212096
40647,511232639
40647,511234833
40647,513199439
40647,513207862
40647,513209846
40647,513212096
40647,513231366
40647,513232639
40647,515199439
40647,515207862
40647,515209846
40647,515212096
40647,515231366
40647,515232639
40647,517207862
40647,517212096
40647,517231366
40647,517232639
40647,802199897
40647,802209846
40647,804260930
40647,808212096
40647,815199439
40647,815231366
40647,815234171
40647,815257877
40647,820240451
40647,821207862
40647,826199897
40647,826212096
40647,826226168
40647,826232639
40647,826234875
40647,826258316
40647,826262659
40647,829232639
40647,844232639
40647,851207862
40647,851212096
40647,851226168
40647,851234875
40647,852207862
40647,855232639
40647,856234171
40647,863199439
40647,863231366
40647,863232639
40647,863276694
40648,219227503
40648,221238476
40648,238238476
40648,242223885
40648,242238476
40648,250245940
40648,283227647
40648,291238900
40648,300070752
40648,300072420
40648,300073585
40648,300223603
40648,300223885
40648,300227503
40648,300227647
40648,300229584
40648,300238379
40648,300238476
40648,300238900
40648,300239096
40648,300239340
40648,300241925
40648,300242602
40648,300244176
40648,300245940
40648,300247360
40648,300250959
40648,300251829
40648,300252259
40648,300252448
40648,300252512
40648,300254022
40648,300255529
40648,300256118
40648,300259306
40648,300263573
40648,300266685
40648,300273667
40648,300277668
40648,300278780
40648,318241925
40648,319244176
40648,321238476
40648,501238476
40648,502223885
40648,502238476
40648,503223885
40648,503227647
40648,503238476
40648,511223885
40648,511244176
40648,515223885
40648,515227647
40648,515238900
40648,515241925
40648,515244176
40648,515250959
40648,517223885
40648,517227647
40648,517238900
40648,517239340
40648,517244176
40648,517250959
40648,517254022
40648,804259306
40648,810277668
40648,814223885
40648,820227647
40648,820238900
40648,820244176
40648,826239340
40648,826241925
40648,826250959
40648,826252259
40648,832227647
40648,832244176
40648,836252259
40648,851227647
40648,851238900
40648,851250959
40648,852223885
40648,852227647
40648,852238900
40648,852239340
40648,852241925
40648,852250959
40648,852251829
40648,852254022
40648,855227647
40648,855250959
40648,856254022
40648,863238900
40648,863254022
40648,863259306
40648,866244176
40648,866250959
40649,210236624
40649,215202429
40649,225221671
40649,253216158
40649,253229071
40649,262244257
40649,264221671
40649,273216158
40649,273221671
40649,273236624
40649,283198352
40649,283224251
40649,283225309
40649,283236636
40649,284212212
40649,291229071
40649,293221671
40649,295221671
40649,298221671
40649,300073078
40649,300075280
40649,300198352
40649,300202429
40649,300212212
40649,300216158
40649,300216275
40649,300221671
40649,300224251
40649,300225309
40649,300228518
40649,300229071
40649,300234843
40649,300236518
40649,300236636
40649,300240669
40649,300241494
40649,300244108
40649,300244257
40649,300257075
40649,300259162
40649,300263116
40649,300267862
40649,300267899
40649,300268259
40649,318244108
40649,319240669
40649,320259162
40649,324236624
40649,501202429
40649,501212212
40649,501225309
40649,502202429
40649,502212212
40649,502225309
40649,503202429
40649,503212212
40649,503224251
40649,503225309
40649,503229071
40649,508202429
40649,508216158
40649,508221671
40649,508224251
40649,508225309
40649,511216158
40649,511221671
40649,511224251
40649,513221671
40649,515225309
40649,517073078
40649,517212212
40649,517221671
40649,517225309
40649,517244257
40649,517257075
40649,596221671
40649,802198352
40649,806221671
40649,806244108
40649,815216158
40649,815216275
40649,826221671
40649,826236636
40649,844224251
40649,844225309
40649,851073078
40649,851216275
40649,851221671
40649,851236636
40649,851244257
40649,851257075
40649,863073078
40649,863216158
40649,863216275
40649,863221671
40650,278235212
40650,287237679
40650,287247635
40650,287256903
40650,808207865
40650,808231443
40650,808237679
40650,808247635
40650,810231443
40650,810247635
40650,810255253
40650,814243780
40650,815226271
40650,815247635
40650,820230621
40650,820231443
40650,820255253
40650,820270673
40650,820272834
40650,826247635
40650,829207865
40650,829232363
40650,832207865
40650,832230621
40650,832231443
40650,832247635
40650,832255253
40650,832264652
40650,834207865
40650,834226271
40650,834230621
40650,834231443
40650,834247635
40650,834252145
40650,834255253
40650,834256196
40650,834264652
40650,834271421
40650,834272834
40650,836220834
40650,836230621
40650,836231443
40650,836243780
40650,836272834
40650,840220814
40650,844207865
40650,844231443
40650,844252145
40650,844255253
40650,844256196
40650,844264652
40650,844272834
40650,845207865
40650,845226271
40650,845230621
40650,848232363
40650,848247635
40650,852231443
40650,854230621
40650,854231443
40650,854252145
40650,854255253
40650,855207865
40650,855247635
40650,855256196
40650,855264652
40650,855271421
40650,855272834
40650,856070004
40650,856207865
40650,856226271
40650,856230621
40650,856231443
40650,856237679
40650,856243780
40650,856247635
40650,856252145
40650,856255253
40650,856256196
40650,856264652
40650,856270673
40650,856271421
40650,856272834
40650,862243780
40650,863207865
40650,863226271
40650,863243780
40650,863252145
40650,863255253
40650,863256196
40650,863264652
40650,863272834
40650,866230621
40650,866231443
40650,866247635
40650,866252145
40650,866255253
40650,866256196
40650,866264652
40650,866270673
40651,206210008
40651,206215316
40651,210201455
40651,210210008
40651,217226754
40651,218215316
40651,219226754
40651,219236355
40651,221201455
40651,221210008
40651,237210008
40651,238246147
40651,242201455
40651,242210008
40651,242236355
40651,246210008
40651,253210008
40651,253213648
40651,256210008
40651,260201455
40651,260210008
40651,260215316
40651,262240753
40651,264210008
40651,265201455
40651,267215316
40651,273210008
40651,273213648
40651,276260407
40651,279210008
40651,280213648
40651,280226754
40651,283210008
40651,283223874
40651,287210008
40651,287223874
40651,291213648
40651,501210008
40651,501215316
40651,501223874
40651,502201455
40651,502210008
40651,502215316
40651,502223874
40651,503201455
40651,503215316
40651,503223874
40651,503232097
40651,506210008
40651,506213648
40651,506215316
40651,506223874
40651,508213648
40651,508215316
40651,508226754
40651,508246147
40651,511213648
40651,511215316
40651,511236355
40651,511240753
40651,511251380
40651,513201455
40651,513210008
40651,513213648
40651,513223874
40651,513226754
40651,513236355
40651,515201455
40651,515213648
40651,515215316
40651,515223874
40651,515226754
40651,515242835
40651,517210008
40651,517213648
40651,517215316
40651,517240753
40651,517242835
40651,801210008
40651,808210008
40651,814251380
40651,815210008
40651,815213648
40651,815223143
40651,836260407
40651,840215316
40651,844210008
40651,844213648
40651,844215316
40651,845226754
40651,848226754
40651,855213648
40651,856257345
40651,863237841
40651,863240753
40651,863242835
40651,863264207
40651,866210008
40651,866223874
40651,867210008
40652,210225663
40652,219222357
40652,219229261
40652,219238227
40652,237226627
40652,242222357
40652,246226229
40652,250232440
40652,253222357
40652,253229261
40652,256226229
40652,260226627
40652,260229261
40652,260239364
40652,270226627
40652,270263781
40652,273222357
40652,273226229
40652,273226627
40652,273229261
40652,276244915
40652,276263781
40652,280229261
40652,287225663
40652,287247463
40652,287252308
40652,511222357
40652,511229261
40652,513222357
40652,513225663
40652,513229261
40652,515225663
40652,515226627
40652,515229261
40652,515252802
40652,517225663
40652,517226229
40652,517226627
40652,517229261
40652,517264862
40652,517270050
40652,804247463
40652,804252802
40652,808225663
40652,810245211
40652,815229261
40652,820225663
40652,820226627
40652,820252802
40652,829226229
40652,829245211
40652,832252802
40652,834222357
40652,834225663
40652,834226229
40652,834226627
40652,834229261
40652,834232440
40652,834235413
40652,834252802
40652,834263781
40652,834264862
40652,834270050
40652,834272781
40652,834275138
40652,836247463
40652,836252802
40652,836263781
40652,836272781
40652,836275138
40652,844229261
40652,844252802
40652,844264862
40652,845252802
40652,855264862
40652,856225663
40652,856226229
40652,856226627
40652,856232440
40652,856239364
40652,856244915
40652,856245211
40652,856247463
40652,856252293
40652,856252802
40652,856263781
40652,856264862
40652,856273933
40652,856279700
40652,863222357
40652,863226627
40652,863229261
40652,863238227
40652,863244915
40652,863252293
40652,863252802
40652,863272781
40652,863275138
40652,866264862
40652,866275138
40653,201158625
40653,206210896
40653,207210896
40653,214158625
40653,216158625
40653,218235569
40653,219235569
40653,221235569
40653,231158625
40653,237158625
40653,246158625
40653,250209519
40653,250239093
40653,256158625
40653,262244892
40653,265235569
40653,267158625
40653,267209519
40653,267239093
40653,270256476
40653,276256476
40653,279239093
40653,280235569
40653,280240833
40653,287239093
40653,290240833
40653,300158625
40653,300210896
40653,300219792
40653,300224422
40653,300235134
40653,300238186
40653,300239093
40653,300244892
40653,300253157
40653,300254548
40653,300255000
40653,300255533
40653,300256476
40653,300258444
40653,300270465
40653,300274536
40653,324209519
40653,500158625
40653,500210896
40653,500235569
40653,501158625
40653,501209519
40653,501210896
40653,501235569
40653,502158625
40653,502209519
40653,502210896
40653,502219792
40653,502235569
40653,503158625
40653,503209519
40653,503210896
40653,503219792
40653,503224422
40653,503235569
40653,506210896
40653,506219792
40653,506235569
40653,508209519
40653,508224422
40653,508235569
40653,508239093
40653,511204513
40653,511209519
40653,511234686
40653,511235569
40653,511239093
40653,511244892
40653,513158625
40653,513209519
40653,513239093
40653,513240833
40653,515158625
40653,515238186
40653,515239093
40653,517239093
40653,596239093
40653,804240833
40653,808158625
40653,808239093
40653,810240833
40653,814244892
40653,815239093
40653,820158625
40653,829235134
40653,840210896
40653,844239093
40653,844258444
40653,848158625
40653,863252711
40653,863253157
40653,863258444
40653,863269164
40653,863274536
40654,206202371
40654,207211575
40654,210213296
40654,219243630
40654,221202371
40654,230190674
40654,234201143
40654,237202371
40654,237211575
40654,242202371
40654,242239368
40654,246202371
40654,250190674
40654,251202371
40654,251211575
40654,252190674
40654,253202371
40654,256202371
40654,259243630
40654,260190674
40654,260236822
40654,260240507
40654,260243630
40654,264201143
40654,264202371
40654,265211575
40654,272202371
40654,273202371
40654,273243630
40654,276239368
40654,280202371
40654,283201143
40654,287190674
40654,287193476
40654,287243630
40654,502202371
40654,503190674
40654,503202371
40654,506190674
40654,506202371
40654,508190674
40654,508243630
40654,511190674
40654,511201119
40654,511243630
40654,513190674
40654,513193476
40654,513243630
40654,513251752
40654,515190674
40654,515239763
40654,515243630
40654,515251752
40654,517190674
40654,517239763
40654,517243630
40654,517251752
40654,517262088
40654,517269493
40654,804240507
40654,820213296
40654,820239763
40654,820243630
40654,820251752
40654,820270559
40654,829239368
40654,832239763
40654,832243630
40654,834190674
40654,834193476
40654,834201143
40654,834202371
40654,834236822
40654,834239368
40654,834239763
40654,834240507
40654,834243630
40654,834246548
40654,834246565
40654,834251752
40654,834269493
40654,834274447
40654,834276048
40654,834278901
40654,836243630
40654,840211575
40654,844243630
40654,844251752
40654,844269493
40654,845201143
40654,845211575
40654,852211575
40654,856243630
40654,856251752
40654,863201143
40654,863202371
40654,863213296
40654,863236822
40654,863243630
40654,866190674
40655,207193301
40655,210193301
40655,214219683
40655,215193301
40655,215211256
40655,216193301
40655,216198717
40655,217211256
40655,221219683
40655,222211256
40655,230211256
40655,231191202
40655,231193301
40655,237191202
40655,238225782
40655,238245371
40655,238246646
40655,242219683
40655,246211256
40655,246219683
40655,252211256
40655,253219683
40655,253225263
40655,260191202
40655,260211256
40655,260219683
40655,262234078
40655,262251570
40655,265198717
40655,270191202
40655,272219683
40655,272225263
40655,273211256
40655,273225263
40655,283193301
40655,283219683
40655,284191202
40655,284193301
40655,284198717
40655,287193301
40655,502193301
40655,503193301
40655,503219683
40655,506193301
40655,508193301
40655,508198717
40655,508201519
40655,508219683
40655,511193301
40655,511198717
40655,511201519
40655,511211256
40655,511219683
40655,511225263
40655,513191202
40655,513193301
40655,513201519
40655,513211256
40655,513219683
40655,513245371
40655,513246646
40655,515191202
40655,515193301
40655,515198717
40655,515201519
40655,517198717
40655,517211256
40655,517219683
40655,517225859
40655,517245371
40655,517251570
40655,517254551
40655,517256420
40655,802198717
40655,804268312
40655,815234078
40655,820193301
40655,820245371
40655,832193301
40655,834237960
40655,836193301
40655,840191202
40655,840193301
40655,840225782
40655,844219683
40655,844251570
40655,845211256
40655,848191202
40655,852225782
40655,855219683
40655,856251570
40655,863211256
40655,863220621
40655,863225263
40655,863225859
40655,863245371
40655,863268763
40655,866219683
40655,866225859
40655,866251570
40656,230200104
40656,240200104
40656,246227535
40656,250200104
40656,250232488
40656,250243576
40656,251205923
40656,252200104
40656,256227535
40656,258200104
40656,259232488
40656,265232488
40656,265243576
40656,265247394
40656,267200104
40656,267243576
40656,270232488
40656,270236480
40656,270259583
40656,273200104
40656,273205923
40656,273227535
40656,273232488
40656,276259583
40656,278200104
40656,279232488
40656,279247394
40656,280200104
40656,280227535
40656,280232488
40656,280243576
40656,289200104
40656,290200104
40656,291200104
40656,291220697
40656,291225539
40656,291247394
40656,291259583
40656,291264453
40656,293200104
40656,515200104
40656,517200104
40656,802205923
40656,804264453
40656,806200104
40656,807200104
40656,815220697
40656,820200104
40656,820240091
40656,820264453
40656,826225539
40656,826232488
40656,826243576
40656,826247394
40656,826251421
40656,828200104
40656,831200104
40656,836200104
40656,836247394
40656,836251421
40656,836259583
40656,836259868
40656,839200104
40656,840200104
40656,844200104
40656,845232488
40656,846200104
40656,848200104
40656,848220697
40656,848227535
40656,851225539
40656,851243576
40656,851251421
40656,852247394
40656,855200104
40656,855264453
40656,856225539
40656,856227535
40656,856232488
40656,856240091
40656,856243576
40656,856259583
40656,856259868
40656,856264453
40656,856270208
40656,856272926
40656,862200104
40656,863200104
40656,863227535
40656,863232488
40656,863243576
40656,863259868
40656,863264453
40656,863272926
40656,864200104
40656,866200104
40656,867220697
40656,867227535
40656,867232488
40656,867236480
40657,206213991
40657,206235353
40657,210235353
40657,217235353
40657,218235353
40657,219235353
40657,230233306
40657,250232730
40657,250244067
40657,260233306
40657,262235794
40657,262241159
40657,262244067
40657,265233306
40657,270233267
40657,270236988
40657,270240947
40657,270241159
40657,273233267
40657,273235353
40657,276236988
40657,276240947
40657,279232730
40657,280232730
40657,287244067
40657,291213991
40657,291235794
40657,291240947
40657,291241159
40657,300233306
40657,300235353
40657,300235794
40657,300236461
40657,300237646
40657,300241159
40657,300244067
40657,501206516
40657,501213991
40657,501235353
40657,502213991
40657,502233306
40657,502235353
40657,502236461
40657,503232730
40657,503233306
40657,503235353
40657,506233306
40657,508233306
40657,508235353
40657,511233306
40657,511240947
40657,513235794
40657,513241159
40657,515232730
40657,515235794
40657,517233306
40657,517235794
40657,517236461
40657,517241159
40657,517259240
40657,810232730
40657,810236988
40657,815241159
40657,826235794
40657,826236461
40657,826240947
40657,836241159
40657,840232730
40657,844233306
40657,845233267
40657,851235353
40657,851235794
40657,851236461
40657,851237646
40657,851240947
40657,851241159
40657,851244067
40657,852213991
40657,852232730
40657,852235353
40657,852235794
40657,852236461
40657,852237646
40657,852241159
40657,852244067
40657,852250954
40657,852259240
40657,855236461
40657,855241159
40657,856235794
40657,856241159
40657,863213991
40657,863232730
40657,863235353
40657,863235794
40657,863236461
40657,863237646
40657,863241159
40657,863250954
40657,867237646
40658,207192883
40658,210190813
40658,215190813
40658,215229582
40658,215238067
40658,216178005
40658,217178005
40658,218190813
40658,218192883
40658,219231352
40658,219238067
40658,221231352
40658,230189881
40658,230228251
40658,231192883
40658,234178005
40658,234192883
40658,238245426
40658,242231352
40658,246222558
40658,251178005
40658,252178005
40658,253178005
40658,253208268
40658,262247257
40658,264192883
40658,265208268
40658,265247257
40658,267228251
40658,279228251
40658,280192883
40658,283178005
40658,284190813
40658,284228251
40658,287189881
40658,289178005
40658,508192883
40658,508201519
40658,508228251
40658,511178005
40658,511192883
40658,511201519
40658,511208268
40658,511222558
40658,511228251
40658,511231352
40658,511238067
40658,513192883
40658,513201519
40658,513247257
40658,515189881
40658,515190813
40658,515192883
40658,515201519
40658,515208268
40658,515228251
40658,515229582
40658,517189881
40658,517192883
40658,517208268
40658,517228251
40658,517229582
40658,517247257
40658,810192883
40658,815178005
40658,815208268
40658,815229582
40658,820192883
40658,820228251
40658,820229582
40658,825231352
40658,826208268
40658,828178005
40658,834192883
40658,834222558
40658,834231352
40658,836228251
40658,836238067
40658,840178005
40658,840189881
40658,840190813
40658,840192883
40658,840208268
40658,840228251
40658,840229582
40658,840231352
40658,840247257
40658,840262113
40658,844247257
40658,845178005
40658,846189881
40658,848228251
40658,851192883
40658,851229582
40658,851245426
40658,856192883
40658,863239964
40658,866247257
40658,867228251
40658,867231352
40659,278235212
40659,280247635
40659,287243780
40659,287247635
40659,287256903
40659,808207865
40659,808231443
40659,808243780
40659,808247635
40659,810231443
40659,810247635
40659,810255253
40659,814243780
40659,815226271
40659,815247635
40659,820230621
40659,820231443
40659,820255253
40659,820270673
40659,820272834
40659,826247635
40659,829207865
40659,832207865
40659,832230621
40659,832231443
40659,832247635
40659,832255253
40659,832264652
40659,834207865
40659,834226271
40659,834230621
40659,834231443
40659,834247635
40659,834252145
40659,834255253
40659,834256196
40659,834264652
40659,834271421
40659,834272834
40659,836207865
40659,836230621
40659,836231443
40659,836243780
40659,836256903
40659,836272834
40659,840220814
40659,844207865
40659,844231443
40659,844252145
40659,844255253
40659,844256196
40659,844264652
40659,844272834
40659,845207865
40659,845226271
40659,845230621
40659,848247635
40659,852231443
40659,854230621
40659,854231443
40659,854252145
40659,854255253
40659,855207865
40659,855247635
40659,855256196
40659,855264652
40659,855271421
40659,855272834
40659,856070004
40659,856207865
40659,856226271
40659,856230621
40659,856231443
40659,856243780
40659,856247635
40659,856252145
40659,856255253
40659,856256196
40659,856264652
40659,856270673
40659,856271421
40659,856272834
40659,862243780
40659,863207865
40659,863226271
40659,863243780
40659,863252145
40659,863255253
40659,863256196
40659,863256903
40659,863264652
40659,863272834
40659,866230621
40659,866231443
40659,866247635
40659,866252145
40659,866255253
40659,866256196
40659,866264652
40659,866270673
40660,113000388
40660,113001088
40660,113001179
40660,113001625
40660,113001668
40660,113005479
40660,113007289
40660,113013038
40660,113013743
40660,113021146
40660,113028130
40660,113031432
40660,113034079
40660,113034666
40660,113039943
40660,113047390
40660,113054050
40660,113121944
40660,113135455
40660,113138449
40660,113140601
40660,113156616
40660,113173210
40660,113173731
40660,113183277
40660,113274967
40660,114007289
40660,114183277
40661,846000250
40661,846001551
40661,846001845
40661,846005467
40661,846005471
40661,846005661
40661,846005740
40661,846013743
40661,846020289
40661,846020801
40661,846031432
40661,846044897
40661,846045197
40661,846121939
40661,846138412
40661,846139720
40661,846143001
40661,846156616
40661,846164835
40661,846165153
40661,846170890
40661,846173731
40661,846176944
40661,846177003
40661,846181291
40661,846183277
40661,846184943
40661,846186345
40661,846186627
40661,846188335
40661,846188545
40661,846188567
40661,846189881
40661,846190053
40661,846190460
40661,846192119
40661,846192505
40661,846192985
40661,846193080
40661,846193747
40661,846197781
40661,846199564
40661,846200104
40661,846200724
40661,846202811
40661,846203376
40661,846208421
40661,846208722
40661,846210514
40661,846211110
40661,846211117
40661,846212831
40661,846213135
40661,846214997
40661,846216267
40661,846216460
40661,846221660
40661,846225953
40661,846226110
40661,846228618
40661,846231281
40661,846231677
40661,846237238
40661,846242519
40661,846243812
40661,846266801
40661,846274967
40662,846000250
40662,846001551
40662,846001845
40662,846005467
40662,846005471
40662,846005661
40662,846005740
40662,846013743
40662,846020289
40662,846031432
40662,846044897
40662,846045197
40662,846121939
40662,846139720
40662,846143001
40662,846156616
40662,846170890
40662,846173731
40662,846176944
40662,846183277
40662,846184943
40662,846190053
40662,846242519
40662,846266801
40662,846274967
40663,848000027
40663,848000041
40663,848000240
40663,848000246
40663,848000388
40663,848001041
40663,848001238
40663,848001397
40663,848001419
40663,848001605
40663,848001625
40663,848001668
40663,848004000
40663,848005471
40663,848005740
40663,848006975
40663,848007289
40663,848007512
40663,848009676
40663,848010535
40663,848013038
40663,848020801
40663,848028130
40663,848031432
40663,848034079
40663,848037576
40663,848041236
40663,848045674
40663,848047390
40663,848054050
40663,848120274
40663,848121939
40663,848121944
40663,848137186
40663,848138956
40663,848140601
40663,848142754
40663,848143001
40663,848146562
40663,848156616
40663,848158023
40663,848158625
40663,848162895
40663,848165153
40663,848167495
40663,848173210
40663,848173731
40663,848176580
40663,848176676
40663,848180930
40663,848181783
40663,848182521
40663,848183277
40663,848184941
40663,848186345
40663,848186942
40663,848188545
40663,848189332
40663,848189505
40663,848189511
40663,848189513
40663,848190042
40663,848192505
40663,848192985
40663,848197445
40663,848197781
40663,848199503
40663,848200104
40663,848200145
40663,848202126
40663,848202652
40663,848203376
40663,848204485
40663,848206113
40663,848208418
40663,848208448
40663,848208722
40663,848209331
40663,848210035
40663,848211110
40663,848211117
40663,848212188
40663,848212622
40663,848215914
40663,848216267
40663,848222492
40663,848224411
40663,848226161
40663,848231281
40663,848232293
40663,848234396
40663,848237086
40663,848238794
40663,848239053
40663,848239085
40663,848239818
40663,848241721
40663,848247635
40663,848252371
40663,848256630
40664,848000027
40664,848000041
40664,848000240
40664,848000246
40664,848000388
40664,848000488
40664,848001041
40664,848001179
40664,848001238
40664,848001397
40664,848001419
40664,848001605
40664,848001625
40664,848001668
40664,848003622
40664,848004000
40664,848005471
40664,848005589
40664,848005740
40664,848006975
40664,848007289
40664,848007512
40664,848009676
40664,848010535
40664,848013038
40664,848016619
40664,848021146
40664,848026709
40664,848028130
40664,848030110
40664,848031432
40664,848034079
40664,848037576
40664,848039943
40664,848041236
40664,848045674
40664,848047390
40664,848048940
40664,848051539
40664,848054050
40664,848120274
40664,848121939
40664,848121944
40664,848135455
40664,848137186
40664,848138956
40664,848140601
40664,848142754
40664,848143001
40664,848156616
40664,848162895
40664,848170890
40664,848173210
40664,848173731
40664,848176676
40664,848181783
40664,848182521
40664,848183277
40664,848190042
40665,851073078
40665,851186146
40665,851190765
40665,851192883
40665,851194765
40665,851197031
40665,851198032
40665,851202695
40665,851204838
40665,851206085
40665,851206511
40665,851206591
40665,851207421
40665,851208461
40665,851210697
40665,851212096
40665,851212194
40665,851213655
40665,851216199
40665,851216201
40665,851216354
40665,851216409
40665,851216435
40665,851218667
40665,851220651
40665,851220901
40665,851221671
40665,851221697
40665,851223334
40665,851223697
40665,851224371
40665,851225201
40665,851225539
40665,851226161
40665,851227647
40665,851228805
40665,851229582
40665,851229880
40665,851230872
40665,851231416
40665,851232711
40665,851233301
40665,851234112
40665,851234575
40665,851234824
40665,851235353
40665,851235781
40665,851235794
40665,851236015
40665,851236401
40665,851236403
40665,851236461
40665,851236532
40665,851236636
40665,851236772
40665,851237646
40665,851237681
40665,851237712
40665,851237942
40665,851238616
40665,851239701
40665,851240359
40665,851240740
40665,851241084
40665,851241096
40665,851241159
40665,851241236
40665,851241637
40665,851241721
40665,851242201
40665,851242641
40665,851242964
40665,851243014
40665,851243057
40665,851243576
40665,851243580
40665,851244257
40665,851245155
40665,851247851
40665,851248148
40665,851248484
40665,851250723
40665,851250959
40665,851251421
40665,851251517
40665,851251566
40665,851254243
40665,851255001
40665,851255565
40665,851257075
40665,851257470
40665,851260247
40665,851260592
40665,851261188
40665,851262402
40665,851263765
40665,851264697
40665,851269181
40665,851277954
40665,851278016
40666,852000041
40666,852000194
40666,852000246
40666,852000488
40666,852001025
40666,852001041
40666,852001075
40666,852001088
40666,852001179
40666,852001183
40666,852001201
40666,852001419
40666,852004231
40666,852005471
40666,852006235
40666,852007518
40666,852007826
40666,852009676
40666,852010264
40666,852010535
40666,852011141
40666,852013743
40666,852028765
40666,852031432
40666,852034079
40666,852037576
40666,852048940
40666,852053302
40666,852121944
40666,852139869
40666,852146562
40666,852150418
40666,852158023
40666,852166149
40666,852166676
40666,852167198
40666,852168473
40666,852171877
40666,852176580
40666,852176676
40666,852178509
40666,852182521
40666,852186942
40666,852188350
40666,852188545
40666,852188567
40666,852189332
40666,852189505
40666,852189511
40666,852189596
40666,852190042
40666,852190044
40666,852190048
40666,852191189
40666,852191208
40666,852192387
40666,852192448
40666,852192985
40666,852195864
40666,852205452
40666,852209658
40666,852211110
40666,852212198
40666,852213331
40666,852214100
40666,852214267
40666,852216201
40666,852216393
40666,852222000
40666,852224179
40666,852228702
40666,852230025
40666,852230142
40666,852230666
40666,852231443
40666,852232411
40666,852233049
40666,852233419
40666,852233700
40666,852233731
40666,852235353
40666,852235794
40666,852236772
40666,852237692
40666,852241461
40666,852241486
40666,852243812
40666,852247394
40666,852247515
40666,852247703
40666,852248146
40666,852251854
40666,852253149
40666,852254022
40666,852255223
40666,852256516
40666,852256630
40666,852258966
40666,852274967
40666,852277643
40667,852000041
40667,852000194
40667,852000246
40667,852000488
40667,852001025
40667,852001041
40667,852001075
40667,852001088
40667,852001179
40667,852001183
40667,852001201
40667,852001419
40667,852004202
40667,852004231
40667,852005471
40667,852006235
40667,852007518
40667,852007826
40667,852009676
40667,852010264
40667,852010535
40667,852011141
40667,852013383
40667,852013743
40667,852028765
40667,852031432
40667,852034079
40667,852037576
40667,852048940
40667,852053302
40667,852121944
40667,852138123
40667,852139869
40667,852150418
40667,852166149
40667,852166676
40667,852167198
40667,852168473
40667,852171877
40667,852176676
40667,852176944
40667,852182521
40667,852190042
40667,852190044
40667,852190048
40667,852191189
40667,852191208
40667,852214100
40667,852214267
40667,852222000
40667,852230025
40667,852233700
40667,852247515
40667,852247703
40667,852248146
40667,852274967
40668,853071103
40668,853073466
40668,853077661
40668,853193144
40668,853199231
40668,853207494
40668,853210941
40668,853211786
40668,853212432
40668,853213189
40668,853213317
40668,853221467
40668,853221767
40668,853222582
40668,853225733
40668,853227632
40668,853227659
40668,853227791
40668,853232065
40668,853232232
40668,853232595
40668,853233078
40668,853233286
40668,853233711
40668,853238089
40668,853238570
40668,853240280
40668,853242004
40668,853242821
40668,853243672
40668,853243673
40668,853245054
40668,853245848
40668,853247844
40668,853254225
40668,853255500
40668,853259843
40668,853260396
40668,853260474
40668,853261078
40668,853261115
40668,853261128
40668,853262447
40668,853263034
40668,853263845
40668,853268895
40668,853272733
40668,853272992
40668,853274035
40668,853274437
40670,856076687
40670,856078063
40670,856177683
40670,856186345
40670,856192119
40670,856194765
40670,856198032
40670,856200155
40670,856202126
40670,856203376
40670,856203841
40670,856206113
40670,856207421
40670,856207865
40670,856208128
40670,856210035
40670,856210385
40670,856212194
40670,856212622
40670,856212811
40670,856215441
40670,856216267
40670,856220901
40670,856222389
40670,856222492
40670,856222665
40670,856225193
40670,856225375
40670,856226161
40670,856226268
40670,856226271
40670,856226300
40670,856228093
40670,856230621
40670,856231443
40670,856231478
40670,856231677
40670,856231747
40670,856232293
40670,856232488
40670,856232580
40670,856233096
40670,856233848
40670,856234378
40670,856234742
40670,856236772
40670,856237383
40670,856237692
40670,856238744
40670,856238794
40670,856239053
40670,856239085
40670,856239364
40670,856239818
40670,856240091
40670,856241084
40670,856241486
40670,856241637
40670,856241651
40670,856241736
40670,856242516
40670,856242964
40670,856243576
40670,856243715
40670,856244778
40670,856246191
40670,856246420
40670,856246669
40670,856246863
40670,856247635
40670,856247827
40670,856247851
40670,856248148
40670,856251470
40670,856251517
40670,856251566
40670,856251570
40670,856251805
40670,856251852
40670,856251854
40670,856252145
40670,856252154
40670,856252371
40670,856254796
40670,856255253
40670,856256079
40670,856256196
40670,856256630
40670,856257289
40670,856259075
40670,856264309
40670,856264453
40670,856264652
40670,856271421
40670,856272834
40670,856275298
40670,856277179
40670,856277643
40670,856277954
40670,856278349
40671,100001238
40671,101001238
40671,110001238
40671,201053302
40671,206053302
40671,214053302
40671,319053302
40671,501053302
40671,848001238
40671,852053302
40671,858053302
40671,861001238
40671,861053302
40671,867001238
40671,867053302
40672,861000041
40672,861000051
40672,861000246
40672,861000250
40672,861000388
40672,861000488
40672,861001040
40672,861001109
40672,861001114
40672,861001116
40672,861001179
40672,861001183
40672,861001238
40672,861001397
40672,861001419
40672,861001615
40672,861001620
40672,861001625
40672,861001668
40672,861004000
40672,861004202
40672,861004231
40672,861004833
40672,861005003
40672,861005099
40672,861005419
40672,861005454
40672,861005479
40672,861005589
40672,861005661
40672,861005680
40672,861005740
40672,861006235
40672,861007289
40672,861007512
40672,861007518
40672,861007763
40672,861007826
40672,861008473
40672,861009676
40672,861010535
40672,861011141
40672,861013038
40672,861013128
40672,861013383
40672,861013743
40672,861015723
40672,861023174
40672,861026709
40672,861028130
40672,861037576
40672,861045197
40672,861045661
40672,861047390
40672,861049072
40672,861049369
40672,861051539
40672,861052241
40672,861081644
40672,861107715
40672,861121939
40672,861121944
40672,861138449
40672,861139869
40672,861142754
40672,861143001
40672,861156353
40672,861156616
40672,861166124
40672,861166676
40672,861166691
40672,861166906
40672,861167135
40672,861168473
40672,861181783
40672,861182521
40672,861183277
40672,861190042
40672,861190043
40672,861190044
40672,861190045
40672,861190048
40672,861191189
40672,861191695
40672,861192190
40672,861214100
40672,861214267
40672,861214649
40672,861215732
40672,861221162
40672,861222000
40672,861222481
40672,861230025
40672,861238380
40672,861242519
40672,861247553
40672,861254642
40672,861261593
40672,861266695
40672,861268513
40674,862007489
40674,862034666
40674,862138161
40674,862140057
40674,862180283
40674,862199236
40674,862200104
40674,862212432
40674,862232000
40674,862237086
40674,862243780
40676,864007489
40676,864019580
40676,864033730
40676,864034666
40676,864039943
40676,864084333
40676,864103133
40676,864136497
40676,864136553
40676,864136590
40676,864136600
40676,864136705
40676,864138161
40676,864139443
40676,864140053
40676,864140057
40676,864155355
40676,864155630
40676,864176403
40676,864180283
40676,864182152
40676,864191566
40676,864191910
40676,864191924
40676,864199266
40676,864200104
40676,864200577
40676,864226380
40676,864242878
40676,864247686
40677,863020801
40677,863158023
40677,863180930
40677,863181458
40677,863184200
40677,863185427
40677,863192366
40677,863192985
40677,863197756
40677,863198032
40677,863198710
40677,863199503
40677,863200104
40677,863200155
40677,863201024
40677,863202126
40677,863202556
40677,863202811
40677,863203376
40677,863204923
40677,863204935
40677,863207865
40677,863208128
40677,863208722
40677,863209331
40677,863209981
40677,863210514
40677,863211256
40677,863212198
40677,863212218
40677,863212616
40677,863212622
40677,863216354
40677,863216393
40677,863216549
40677,863221491
40677,863222357
40677,863222665
40677,863225193
40677,863227678
40677,863228092
40677,863228702
40677,863229237
40677,863229558
40677,863229891
40677,863230142
40677,863230869
40677,863231410
40677,863231478
40677,863231677
40677,863231747
40677,863232488
40677,863232580
40677,863233084
40677,863233096
40677,863233419
40677,863233486
40677,863234378
40677,863235073
40677,863236403
40677,863236703
40677,863237681
40677,863238074
40677,863239053
40677,863239085
40677,863239231
40677,863239818
40677,863239837
40677,863240690
40677,863241084
40677,863241461
40677,863241788
40677,863242516
40677,863243576
40677,863243780
40677,863245155
40677,863245410
40677,863246104
40677,863246191
40677,863246420
40677,863247090
40677,863247827
40677,863247851
40677,863248148
40677,863251479
40677,863251854
40677,863252145
40677,863252371
40677,863254022
40677,863254243
40677,863255253
40677,863256079
40677,863256196
40677,863256630
40677,863257980
40677,863260247
40677,863262863
40677,863264697
40677,863277643
40677,863278046
40678,596020801
40678,596158023
40678,596165153
40678,596177003
40678,596178509
40678,596181291
40678,596188350
40678,596188567
40678,596189596
40678,596190765
40678,596191655
40678,596192505
40678,596192629
40678,596195864
40678,596198717
40678,596200104
40678,596204485
40678,596210514
40678,596212198
40678,596212432
40678,596214096
40678,596215441
40678,596219683
40678,596221284
40678,596221671
40678,596225951
40678,596226380
40678,596227659
40678,596228010
40678,596230899
40678,596231443
40678,596231478
40678,596231747
40678,596231866
40678,596232639
40678,596234378
40678,596236610
40678,596236703
40678,596236772
40678,596237086
40678,596237424
40678,596237681
40678,596237712
40678,596238216
40678,596238570
40678,596239085
40678,596239093
40678,596240243
40678,596241159
40678,596241236
40678,596241721
40678,596243673
40678,596243780
40678,596244800
40678,596245054
40678,596247635
40678,596247679
40678,596247686
40678,596247827
40678,596248712
40678,596251421
40678,596251854
40678,596252198
40678,596252371
40678,596254980
40678,596255475
40678,596256516
40678,596257711
40678,596258437
40678,596260397
40678,596260492
40678,596261062
40678,596261063
40678,596261128
40678,596264194
40678,596266774
40678,596267401
40678,596272834
40678,596277643
40680,221204923
40680,230204923
40680,241204923
40680,250204923
40680,253184200
40680,253197445
40680,253204923
40680,253225375
40680,253233195
40680,253242187
40680,256197445
40680,259197445
40680,260197445
40680,260231838
40680,260257876
40680,262242187
40680,264197445
40680,267197445
40680,270233195
40680,276257876
40680,280197445
40680,280233195
40680,283197445
40680,283242187
40680,289184200
40680,291199439
40680,291223671
40680,291242187
40680,513197445
40680,515197445
40680,515204923
40680,515225375
40680,517197445
40680,517204923
40680,517225375
40680,517231366
40680,517233195
40680,802197445
40680,804254566
40680,810184200
40680,810197445
40680,810204923
40680,810225375
40680,810233195
40680,810242187
40680,810257876
40680,814184200
40680,814204923
40680,815184200
40680,815197445
40680,815199439
40680,815204923
40680,815215522
40680,815216275
40680,815223671
40680,815225375
40680,815228336
40680,815231366
40680,815231838
40680,815233195
40680,815237985
40680,815239901
40680,815242187
40680,815254566
40680,815257876
40680,825197445
40680,826223671
40680,826228336
40680,826233195
40680,826239701
40680,829237985
40680,834204923
40680,834225375
40680,836197445
40680,848197445
40680,848204923
40680,851216275
40680,851239701
40680,852225375
40680,856204923
40680,856225375
40680,856237985
40680,856259356
40680,863184200
40680,863197445
40680,863199439
40680,863204923
40680,863215522
40680,863216275
40680,863223671
40680,863225375
40680,863228505
40680,863231366
40680,863233195
40680,863237985
40680,863239701
40680,863242187
40680,863254566
40680,863257876
40680,866242187
40681,258192985
40681,267192985
40681,272192505
40681,272192985
40681,272202371
40681,278192119
40681,278192985
40681,280192119
40681,280192985
40681,287192985
40681,287243580
40681,289177413
40681,289192119
40681,289192505
40681,804243580
40681,807192985
40681,808243580
40681,810207421
40681,810243580
40681,810246420
40681,814177413
40681,815192505
40681,820243580
40681,825192119
40681,825192985
40681,826177413
40681,826192505
40681,826222501
40681,826251470
40681,828192119
40681,828192985
40681,829177413
40681,829192119
40681,829192505
40681,829207421
40681,829243580
40681,832243580
40681,832251470
40681,834192119
40681,834200155
40681,834202371
40681,834216393
40681,834246420
40681,834251470
40681,834251479
40681,834254262
40681,834257057
40681,836192505
40681,836192985
40681,836251470
40681,840192119
40681,840192505
40681,840251470
40681,844192119
40681,844192505
40681,844199641
40681,846192119
40681,846192505
40681,846192985
40681,848192119
40681,848192505
40681,848192985
40681,848216393
40681,848242664
40681,848251470
40681,851207421
40681,851231416
40681,851243580
40681,851257278
40681,852192985
40681,852216393
40681,852222501
40681,855192119
40681,855192505
40681,856071305
40681,856192119
40681,856200155
40681,856207421
40681,856243580
40681,856246420
40681,856251470
40681,863192119
40681,863192505
40681,863192985
40681,863200155
40681,863202371
40681,863207421
40681,863216393
40681,863222501
40681,863239810
40681,863242664
40681,863246420
40681,863251470
40681,863251479
40681,863254262
40681,863257057
40681,863257278
40681,866192119
40681,866242664
40681,866258378
40682,206180930
40682,207180930
40682,214180930
40682,216180930
40682,231180930
40682,233180930
40682,234180930
40682,237180930
40682,260180930
40682,264207993
40682,280180930
40682,283207993
40682,289180930
40682,291238900
40682,300072360
40682,300073113
40682,300073949
40682,300075533
40682,300076602
40682,300077056
40682,300080505
40682,300084037
40682,300084039
40682,300084041
40682,300180930
40682,300207993
40682,300212002
40682,300228082
40682,300233053
40682,300236541
40682,300238900
40682,300240628
40682,300244204
40682,300244271
40682,300251168
40682,300251617
40682,300257345
40682,300259101
40682,300262027
40682,300262956
40682,300268468
40682,300269823
40682,300272596
40682,300276189
40682,318240628
40682,319251168
40682,319251617
40682,323244271
40682,323251168
40682,324236541
40682,500180930
40682,501180930
40682,501207993
40682,502180930
40682,502207993
40682,503180930
40682,506180930
40682,508180930
40682,511180930
40682,515207993
40682,515238900
40682,517180930
40682,517238900
40682,517262956
40682,818180930
40682,820238900
40682,828180930
40682,834207993
40682,840207993
40682,848180930
40682,848207993
40682,851238900
40682,852238900
40682,856257345
40682,863073113
40682,863075533
40682,863076602
40682,863180930
40682,863207993
40682,863212002
40682,863228082
40682,863238900
40682,863244204
40682,863262027
40682,863262956
40682,863269823
40683,250216354
40683,256177003
40683,256207410
40683,259177003
40683,260177003
40683,265181458
40683,267177003
40683,267244261
40683,267251517
40683,270181458
40683,270251517
40683,272177003
40683,272181458
40683,273177003
40683,273181458
40683,273207410
40683,273216354
40683,273223273
40683,273251517
40683,274177003
40683,278177003
40683,279181458
40683,279251517
40683,280177003
40683,280181458
40683,280207410
40683,280251517
40683,287177003
40683,289177003
40683,289181458
40683,291216354
40683,291241095
40683,802177003
40683,808177003
40683,810177003
40683,810207410
40683,810251517
40683,815177003
40683,815181458
40683,815207410
40683,815216354
40683,815223273
40683,815241671
40683,815244261
40683,815250955
40683,815251517
40683,815256325
40683,815257771
40683,818177003
40683,820188335
40683,825177003
40683,825207410
40683,826216354
40683,826241095
40683,828177003
40683,828251517
40683,829177003
40683,832251517
40683,834177003
40683,834223273
40683,834251517
40683,836177003
40683,836251517
40683,840207410
40683,840223273
40683,840250955
40683,840257889
40683,844188335
40683,844256325
40683,846177003
40683,846188335
40683,848177003
40683,848223273
40683,851216354
40683,851251517
40683,856223273
40683,856250955
40683,856251517
40683,856276278
40683,863074896
40683,863177003
40683,863181458
40683,863188335
40683,863216354
40683,863223273
40683,863225263
40683,863238370
40683,863241095
40683,863241671
40683,863244261
40683,863250955
40683,863251517
40683,863256325
40683,863257889
40683,863275192
40683,863276278
40683,866177003
40683,866216354
40683,866241095
40683,866275192
40684,206201262
40684,214234236
40684,221234236
40684,234201262
40684,238246618
40684,250236792
40684,251201262
40684,253201262
40684,253234236
40684,253236792
40684,253244470
40684,253246618
40684,253247028
40684,253251116
40684,265234236
40684,265236792
40684,267234236
40684,270246618
40684,287216860
40684,291236792
40684,300216860
40684,300221909
40684,300234236
40684,300236792
40684,300242948
40684,300244470
40684,300244793
40684,300245209
40684,300246618
40684,300247050
40684,300251116
40684,300252064
40684,300253727
40684,300255687
40684,300259188
40684,300259748
40684,300269511
40684,300274906
40684,300276646
40684,322201262
40684,501201262
40684,501234236
40684,502201262
40684,502234236
40684,503201262
40684,503234236
40684,508201262
40684,508234236
40684,508236792
40684,511201262
40684,511234236
40684,511236792
40684,511244470
40684,511246618
40684,513234236
40684,515234236
40684,517234236
40684,517246618
40684,815216860
40684,815221909
40684,815236792
40684,815244470
40684,815246618
40684,815247028
40684,815251116
40684,815252064
40684,815253727
40684,815255687
40684,815257536
40684,815267594
40684,815269509
40684,815274906
40684,826236792
40684,834234236
40684,834242948
40684,840242948
40684,840246618
40684,844234236
40684,851236792
40684,851246618
40684,855234236
40684,856234236
40684,863071259
40684,863073456
40684,863199323
40684,863216860
40684,863234236
40684,863236792
40684,863242948
40684,863244470
40684,863244793
40684,863245209
40684,863247050
40684,863251116
40684,863252064
40684,863253727
40684,863256970
40684,863276646
40684,866244470
40684,866247050
40685,807202126
40685,807252371
40685,810202126
40685,810252371
40685,820202126
40685,820221697
40685,820224371
40685,820234378
40685,820237692
40685,820246669
40685,820252371
40685,820257534
40685,825252371
40685,826225539
40685,826235794
40685,826242964
40685,829234378
40685,829246669
40685,829252371
40685,831252371
40685,831257534
40685,832202126
40685,832221697
40685,832234378
40685,832237692
40685,832246669
40685,834202126
40685,834234378
40685,834237692
40685,834246669
40685,834252371
40685,834260247
40685,836202126
40685,836246669
40685,836252371
40685,836257534
40685,839246669
40685,840231677
40685,844202126
40685,844233306
40685,844234378
40685,844246669
40685,844252371
40685,844257534
40685,848202126
40685,848203574
40685,848232756
40685,848237692
40685,848252371
40685,851198032
40685,851204935
40685,851221697
40685,851224371
40685,851225539
40685,851235794
40685,851241159
40685,851242964
40685,851254243
40685,851254796
40685,851260247
40685,852183711
40685,852235794
40685,852237692
40685,852241159
40685,854234378
40685,855202126
40685,855241159
40685,855252371
40685,855257534
40685,856198032
40685,856202126
40685,856231677
40685,856234378
40685,856237692
40685,856242964
40685,856246669
40685,856252371
40685,856254796
40685,863198032
40685,863202126
40685,863204935
40685,863227678
40685,863231677
40685,863234378
40685,863235794
40685,863238074
40685,863241159
40685,863246669
40685,863252371
40685,863254243
40685,863260247
40685,863278773
40685,866202126
40685,866212228
40685,866234378
40685,866238074
40685,866277427
40685,867203263
40685,867242964
40685,867252371
40686,278231747
40686,807231747
40686,807232656
40686,814231747
40686,820228093
40686,820231443
40686,820231747
40686,820232656
40686,831231747
40686,831243715
40686,832215698
40686,832228093
40686,832231443
40686,832232656
40686,832264652
40686,834229558
40686,834231443
40686,834231747
40686,834241486
40686,834247827
40686,836231443
40686,836231747
40686,839215914
40686,840220814
40686,840241486
40686,844210008
40686,844215914
40686,844228093
40686,844229558
40686,844231443
40686,844231747
40686,844241486
40686,844243715
40686,844247827
40686,844251570
40686,844251752
40686,844257289
40686,844264652
40686,844264862
40686,848215914
40686,848255654
40686,851236461
40686,851241637
40686,851244067
40686,851250723
40686,852231443
40686,852237678
40686,852241486
40686,854231443
40686,854231747
40686,854241486
40686,854243715
40686,855236461
40686,855247827
40686,855264652
40686,855264862
40686,855271421
40686,856228093
40686,856231443
40686,856231747
40686,856237678
40686,856241486
40686,856241637
40686,856243715
40686,856247827
40686,856251570
40686,856257289
40686,856264652
40686,856271421
40686,863200458
40686,863215698
40686,863229558
40686,863231747
40686,863232656
40686,863236461
40686,863237678
40686,863241486
40686,863241637
40686,863243715
40686,863247246
40686,863247827
40686,863250723
40686,863257289
40686,863259307
40686,863264652
40686,866210008
40686,866215698
40686,866229558
40686,866231443
40686,866231747
40686,866241637
40686,866243715
40686,866247827
40686,866251570
40686,866264652
40686,866264862
40686,866270673
40686,867210008
40686,867232656
40686,867250723
40687,287212622
40687,810256790
40687,814212622
40687,818167495
40687,820205452
40687,820213331
40687,820222492
40687,820244176
40687,820247819
40687,820256630
40687,820256790
40687,821206113
40687,825205452
40687,825235790
40687,826190765
40687,826209658
40687,826212622
40687,826235790
40687,826236703
40687,826241925
40687,826254117
40687,828167495
40687,832205452
40687,832212622
40687,832213331
40687,832244176
40687,832256630
40687,832256790
40687,834212622
40687,834235790
40687,834247819
40687,834256630
40687,834256790
40687,836167495
40687,836256630
40687,836256790
40687,840213331
40687,840256630
40687,844205452
40687,844212622
40687,844213331
40687,844225309
40687,844247819
40687,844256630
40687,844256790
40687,848167495
40687,848206113
40687,848212622
40687,848213331
40687,848222492
40687,848256630
40687,851190765
40687,851250959
40687,851257191
40687,851260926
40687,852205452
40687,852209658
40687,852213331
40687,852222492
40687,852250959
40687,852254022
40687,852256630
40687,855167495
40687,855212622
40687,855213331
40687,855236703
40687,855246863
40687,855247819
40687,855250959
40687,855256790
40687,856078063
40687,856206113
40687,856212622
40687,856222492
40687,856246863
40687,856247819
40687,856251852
40687,856256630
40687,856275298
40687,863193698
40687,863206113
40687,863209658
40687,863212622
40687,863213331
40687,863222492
40687,863236703
40687,863254022
40687,863256630
40687,863275298
40687,866078063
40687,866193698
40687,866206113
40687,866212622
40687,866213331
40687,866236703
40687,866244176
40687,866247819
40687,866250959
40687,866275298
40687,867235790
40688,278203376
40688,287235243
40688,287245367
40688,287253149
40688,290203376
40688,291203376
40688,291228702
40688,807203376
40688,807253149
40688,810245367
40688,815203376
40688,815233096
40688,815242516
40688,815245367
40688,820203376
40688,820231447
40688,820240679
40688,820245367
40688,820248793
40688,820251806
40688,820251810
40688,820253149
40688,820264453
40688,825203376
40688,825208920
40688,826208461
40688,826240638
40688,828203376
40688,829203376
40688,829242516
40688,831203376
40688,832245367
40688,832253149
40688,834198176
40688,834203376
40688,834208461
40688,834233096
40688,834240638
40688,834242516
40688,834246104
40688,834251805
40688,836228702
40688,836235243
40688,836245367
40688,840208461
40688,840235243
40688,840240679
40688,840253149
40688,844203376
40688,844233096
40688,844239380
40688,844240638
40688,844245367
40688,844246104
40688,844253149
40688,844258437
40688,844272978
40688,846203376
40688,848198176
40688,848203376
40688,848253149
40688,851208461
40688,851251805
40688,851258908
40688,852228702
40688,852253149
40688,854203376
40688,855228702
40688,855233096
40688,855246104
40688,855258437
40688,855264453
40688,856203376
40688,856211738
40688,856233096
40688,856240638
40688,856242516
40688,856245367
40688,856246104
40688,856251805
40688,856264453
40688,863202556
40688,863203376
40688,863208920
40688,863228702
40688,863231447
40688,863233096
40688,863236920
40688,863240638
40688,863242516
40688,863245367
40688,863246104
40688,863251805
40688,863258498
40688,863264453
40688,866203376
40688,866235149
40688,866251805
40688,867208461
40688,867245367
40689,215222665
40689,218222665
40689,219239085
40689,221239085
40689,230222665
40689,230239085
40689,238228092
40689,241239085
40689,242239085
40689,250239085
40689,259239085
40689,262222665
40689,265222665
40689,267231913
40689,267238756
40689,267239085
40689,270233848
40689,270239085
40689,279222665
40689,279239085
40689,280231913
40689,280238516
40689,280239085
40689,287222665
40689,287239085
40689,290239085
40689,291216549
40689,506222665
40689,506239085
40689,508222665
40689,508239085
40689,511222665
40689,511239085
40689,513222665
40689,513229891
40689,513239085
40689,515216549
40689,515222665
40689,515229891
40689,515239085
40689,517216549
40689,517222665
40689,517239085
40689,807239085
40689,808222665
40689,810222665
40689,810229891
40689,810238516
40689,810239085
40689,810277295
40689,814239085
40689,820216549
40689,820222665
40689,820239085
40689,825239085
40689,826238756
40689,828222665
40689,828239085
40689,829222665
40689,832222665
40689,832239085
40689,834222665
40689,834229891
40689,834231913
40689,834239085
40689,836239085
40689,836262863
40689,844239085
40689,848216549
40689,848239085
40689,851229891
40689,851238756
40689,854239085
40689,856216549
40689,856222227
40689,856222665
40689,856229891
40689,856231913
40689,856233800
40689,856233848
40689,856239085
40689,856242623
40689,863185427
40689,863216549
40689,863222227
40689,863222475
40689,863222665
40689,863224258
40689,863228092
40689,863229891
40689,863238516
40689,863239085
40689,863248342
40689,863259185
40689,863262135
40689,863262863
40689,863277295
40689,866229891
40689,866231913
40689,866239085
40690,289020801
40690,291212198
40690,807020801
40690,807239818
40690,808218667
40690,808241721
40690,810210514
40690,810255253
40690,814020801
40690,815212198
40690,815234577
40690,820020801
40690,820241721
40690,820255253
40690,820270086
40690,820272834
40690,825020801
40690,825218667
40690,825239818
40690,826210514
40690,826212198
40690,826218667
40690,828020801
40690,829020801
40690,832020801
40690,832212198
40690,832234577
40690,832239818
40690,832255253
40690,834241721
40690,834252145
40690,834253124
40690,834255253
40690,834261050
40690,834272834
40690,836020801
40690,836218667
40690,836272834
40690,839020801
40690,839238616
40690,840212198
40690,844020801
40690,844210514
40690,844212198
40690,844213516
40690,844234577
40690,844244778
40690,844252145
40690,844255253
40690,844257179
40690,844272834
40690,845020801
40690,846020801
40690,846210514
40690,848020801
40690,848210514
40690,848218667
40690,848224411
40690,848239818
40690,848241721
40690,851218667
40690,851234574
40690,851238616
40690,851241721
40690,851255566
40690,851270857
40690,852212198
40690,852234574
40690,854252145
40690,854255253
40690,855020801
40690,855272834
40690,856210385
40690,856239818
40690,856244778
40690,856252145
40690,856255253
40690,856261050
40690,856272834
40690,863020801
40690,863210514
40690,863212198
40690,863218667
40690,863224293
40690,863227928
40690,863234577
40690,863238616
40690,863239818
40690,863242444
40690,863252145
40690,863255253
40690,863272834
40690,866020801
40690,866212198
40690,866224293
40690,866242444
40690,866244778
40690,866252145
40690,866255253
40690,867212198
40691,214216267
40691,215216267
40691,219226491
40691,220216267
40691,221216267
40691,230216267
40691,238237238
40691,238245992
40691,241216267
40691,242216267
40691,242245992
40691,260216267
40691,260237238
40691,270245992
40691,276248808
40691,280216267
40691,283237238
40691,291210881
40691,291216267
40691,300210881
40691,300213884
40691,300216267
40691,300237238
40691,500216267
40691,501216267
40691,502216267
40691,502237238
40691,503210881
40691,503216267
40691,503226491
40691,503237238
40691,506216267
40691,506226491
40691,506237238
40691,508216267
40691,508226491
40691,508245992
40691,511210881
40691,511216267
40691,511225316
40691,511226093
40691,511248808
40691,513216267
40691,513226491
40691,515210881
40691,515216267
40691,515237238
40691,515242280
40691,517210881
40691,517237238
40691,804257896
40691,810225974
40691,810226491
40691,815198904
40691,815201368
40691,815210881
40691,815213884
40691,815216267
40691,815216325
40691,815225316
40691,815225974
40691,815226093
40691,815226491
40691,815237238
40691,815245992
40691,815247279
40691,815248808
40691,815257896
40691,820242280
40691,825216267
40691,826210881
40691,826213884
40691,829216267
40691,834210881
40691,834216267
40691,840237238
40691,844237238
40691,846216267
40691,846237238
40691,848216267
40691,852237238
40691,855237238
40691,856216267
40691,863198904
40691,863201368
40691,863210881
40691,863212516
40691,863213884
40691,863216267
40691,863216325
40691,863225974
40691,863226093
40691,863226491
40691,863237238
40691,863242280
40691,863245992
40691,863247279
40691,863248808
40691,863266815
40691,866237238
40692,807231866
40692,815231866
40692,820210035
40692,820231866
40692,825231866
40692,826225193
40692,826256516
40692,831210035
40692,831231866
40692,832248148
40692,832251854
40692,832256516
40692,832257279
40692,832277643
40692,834210035
40692,834220901
40692,834226271
40692,834251854
40692,834277179
40692,834277643
40692,836277643
40692,840210035
40692,844210035
40692,844251854
40692,844256516
40692,844257279
40692,844259532
40692,844277643
40692,844278046
40692,845212218
40692,845226271
40692,845230869
40692,845231866
40692,845233486
40692,845239231
40692,845244260
40692,845256516
40692,845277643
40692,848210035
40692,848226161
40692,848231866
40692,851220901
40692,851226161
40692,851239231
40692,851243576
40692,851248148
40692,852224179
40692,852225193
40692,852230142
40692,852233486
40692,852241461
40692,852251854
40692,852256516
40692,852277643
40692,854251854
40692,854277643
40692,855210035
40692,855220901
40692,855226161
40692,855239231
40692,855256516
40692,855278349
40692,856210035
40692,856220901
40692,856225193
40692,856226161
40692,856226271
40692,856243576
40692,856248148
40692,856251854
40692,856277179
40692,856277643
40692,856278349
40692,863212218
40692,863225193
40692,863230142
40692,863230869
40692,863233486
40692,863239231
40692,863241461
40692,863243576
40692,863248148
40692,863251854
40692,863277643
40692,863278046
40692,866210035
40692,866220901
40692,866224179
40692,866226161
40692,866226456
40692,866230142
40692,866239231
40692,866245037
40692,866251854
40692,866259532
40692,866266039
40692,866277643
40692,866278046
40692,867225193
40692,867257279
40693,206207650
40693,206208448
40693,207221660
40693,210233731
40693,219233731
40693,221208448
40693,242208448
40693,246221660
40693,250233731
40693,253207557
40693,253207650
40693,253208448
40693,253221660
40693,253233731
40693,260221660
40693,260236822
40693,260257470
40693,270257470
40693,276228946
40693,276257470
40693,280208448
40693,300208448
40693,300220821
40693,300228946
40693,300233731
40693,300241651
40693,300257400
40693,300257470
40693,300259716
40693,300260697
40693,300268896
40693,300272926
40693,500221660
40693,501207557
40693,501208448
40693,501221660
40693,502207557
40693,502208448
40693,502221660
40693,503207557
40693,503208448
40693,503233731
40693,506208448
40693,508208448
40693,508233731
40693,511208448
40693,511233731
40693,513208448
40693,513233731
40693,515208448
40693,515233731
40693,517208448
40693,517233731
40693,517241651
40693,517257470
40693,517259716
40693,517268896
40693,810265600
40693,820241651
40693,826233731
40693,826257470
40693,832241651
40693,834236822
40693,834241651
40693,834260697
40693,836208448
40693,836233731
40693,840221660
40693,840260697
40693,844208448
40693,844233731
40693,844241651
40693,846221660
40693,848208448
40693,848260697
40693,851222369
40693,851257470
40693,851268896
40693,852233731
40693,855241651
40693,856233731
40693,856241651
40693,856259716
40693,856260697
40693,856272926
40693,863214658
40693,863220821
40693,863221660
40693,863233731
40693,863236822
40693,863241643
40693,863241651
40693,863243646
40693,863255459
40693,863257400
40693,863257470
40693,863259716
40693,863260697
40693,863264191
40693,863272926
40694,250202024
40694,253199503
40694,253202024
40694,253221491
40694,253222357
40694,253229237
40694,260242530
40694,273193352
40694,273202024
40694,273216158
40694,273221491
40694,273222357
40694,273229237
40694,273229261
40694,273238581
40694,276242530
40694,279235073
40694,280229237
40694,280229752
40694,280235073
40694,287235073
40694,289193352
40694,289199503
40694,291193352
40694,291199503
40694,291221491
40694,291229752
40694,515235073
40694,517235073
40694,804259306
40694,808199503
40694,808235073
40694,810229237
40694,810235073
40694,814199503
40694,815193352
40694,815199503
40694,815202024
40694,815206003
40694,815215556
40694,815216158
40694,815221491
40694,815229237
40694,815229261
40694,815233139
40694,815238581
40694,815242530
40694,815257980
40694,815262642
40694,820199503
40694,820235073
40694,825229237
40694,826193352
40694,826202024
40694,826221491
40694,829229237
40694,829235073
40694,832199503
40694,832235073
40694,834199503
40694,834215556
40694,834222357
40694,834229237
40694,834229261
40694,834235073
40694,834257186
40694,834262642
40694,840199503
40694,840229752
40694,844199503
40694,844229261
40694,848199503
40694,851202024
40694,851257980
40694,852193352
40694,852202024
40694,852229237
40694,852257980
40694,856229237
40694,856235073
40694,863193352
40694,863199503
40694,863202024
40694,863216158
40694,863221491
40694,863222357
40694,863229237
40694,863229261
40694,863229752
40694,863232839
40694,863235073
40694,863236898
40694,863238581
40694,863257980
40694,863259306
40694,863276694
40694,866199503
40694,866229237
40694,866235073
40694,867199503
40695,216207790
40695,219239890
40695,230232119
40695,238243245
40695,242238160
40695,250224490
40695,260208128
40695,260224490
40695,262238160
40695,264208128
40695,265238160
40695,267208128
40695,267243245
40695,270235407
40695,280208128
40695,280235407
40695,283243245
40695,287208128
40695,287243245
40695,501208128
40695,502208128
40695,503208128
40695,503232119
40695,506208128
40695,508208128
40695,508224490
40695,508232119
40695,511208128
40695,511224490
40695,511235407
40695,511238160
40695,513208128
40695,515208128
40695,517208128
40695,517264309
40695,517275328
40695,517277954
40695,804264309
40695,810208128
40695,810235407
40695,814208128
40695,815190113
40695,815208128
40695,815224490
40695,815225403
40695,815226300
40695,815229905
40695,815232119
40695,815235152
40695,815235407
40695,815238160
40695,815243245
40695,815258580
40695,815260466
40695,815263021
40695,815263205
40695,815264309
40695,820208128
40695,820243245
40695,829208128
40695,829235407
40695,832208128
40695,834208128
40695,834243245
40695,834258580
40695,834264309
40695,834277954
40695,836277954
40695,840224490
40695,844243245
40695,844258580
40695,848224490
40695,851277954
40695,852208128
40695,852232119
40695,855277954
40695,856208128
40695,856226300
40695,856229905
40695,856263205
40695,856264309
40695,856277954
40695,863208128
40695,863224490
40695,863226300
40695,863229905
40695,863235152
40695,863235407
40695,863238160
40695,863239892
40695,863243245
40695,863243526
40695,863258580
40695,863260466
40695,863263021
40695,863263205
40695,863264309
40695,863277954
40695,866277954
40695,867208128
40696,258158023
40696,272158023
40696,278158023
40696,283158023
40696,287158023
40696,287231478
40696,289158023
40696,807158023
40696,808231478
40696,810246191
40696,814158023
40696,820158023
40696,820231478
40696,820231521
40696,820236804
40696,820239837
40696,820245371
40696,820246191
40696,825158023
40696,825246191
40696,826207439
40696,826232488
40696,828158023
40696,829158023
40696,829231478
40696,831202811
40696,832158023
40696,832231478
40696,834192366
40696,834202811
40696,834212616
40696,834231478
40696,834239837
40696,834246191
40696,836158023
40696,836246191
40696,836277846
40696,840214979
40696,840215316
40696,840231521
40696,844158023
40696,844192366
40696,844212616
40696,844215316
40696,844239837
40696,844246191
40696,844277846
40696,845158023
40696,845192366
40696,845202811
40696,845207439
40696,845211256
40696,845212616
40696,845226226
40696,845231478
40696,845232488
40696,845233084
40696,845239301
40696,845239837
40696,845240690
40696,845246191
40696,845247090
40696,846202811
40696,848158023
40696,848231478
40696,848231521
40696,852158023
40696,855158023
40696,855231478
40696,855246191
40696,855277846
40696,856192366
40696,856231478
40696,856232488
40696,856239837
40696,856246191
40696,856247090
40696,856253396
40696,863158023
40696,863192366
40696,863202811
40696,863207439
40696,863211256
40696,863212616
40696,863231478
40696,863232488
40696,863233084
40696,863239837
40696,863240690
40696,863245371
40696,863246191
40696,863247090
40696,863253396
40696,866158023
40696,866231478
40696,866246191
40696,866247090
40696,866267991
40696,866277846
40696,867232488
40697,287238794
40697,807212831
40697,808207865
40697,808238794
40697,810238794
40697,810243812
40697,814190871
40697,820232580
40697,820238794
40697,820239580
40697,821190871
40697,825190871
40697,825200145
40697,825210257
40697,825212831
40697,825238794
40697,825240130
40697,825243812
40697,826240243
40697,826243812
40697,826247851
40697,828190871
40697,829190871
40697,829199304
40697,829200145
40697,829212831
40697,831238794
40697,832207865
40697,832233419
40697,832239580
40697,834207865
40697,834212831
40697,834232580
40697,834233419
40697,834238794
40697,836238794
40697,836251566
40697,844207865
40697,844232580
40697,844233419
40697,844238794
40697,844240243
40697,844247257
40697,844273018
40697,845200145
40697,845207865
40697,845212831
40697,846212831
40697,846243812
40697,848200145
40697,848209499
40697,848210257
40697,848212831
40697,848238794
40697,851223334
40697,851247851
40697,851251566
40697,852233419
40697,852239580
40697,852240130
40697,852243812
40697,855207865
40697,855212831
40697,855232580
40697,855233419
40697,855238794
40697,855247851
40697,856076687
40697,856207865
40697,856212831
40697,856232580
40697,856233419
40697,856238794
40697,856240130
40697,856243812
40697,856247851
40697,856251566
40697,863190871
40697,863200145
40697,863207865
40697,863212831
40697,863232580
40697,863233419
40697,863238794
40697,863243812
40697,863247851
40697,866200145
40697,866232580
40697,866233419
40697,866239580
40697,866247257
40697,866247851
40697,866252042
40697,866275771
40697,867200145
40697,867223334
40697,867238794
40697,867239580
40697,867240243
40697,867247851
40698,201198710
40698,206193082
40698,206198710
40698,207193082
40698,207198710
40698,207220793
40698,210198710
40698,214198710
40698,221193082
40698,221220793
40698,230193082
40698,230241084
40698,231176550
40698,231198710
40698,234176550
40698,234193082
40698,237193082
40698,237198710
40698,237241084
40698,242193082
40698,242241084
40698,246193082
40698,246241084
40698,250193082
40698,252198710
40698,256193082
40698,256198710
40698,256204259
40698,259241084
40698,260193082
40698,260241084
40698,264220883
40698,265193082
40698,267193082
40698,270241084
40698,280220883
40698,280241084
40698,289176550
40698,289193082
40698,291213991
40698,291231207
40698,500198710
40698,501198710
40698,502198710
40698,502220793
40698,503193082
40698,506193082
40698,506198710
40698,508193082
40698,508198710
40698,508204259
40698,508220793
40698,511193082
40698,511241084
40698,513176550
40698,513193082
40698,513241084
40698,515193082
40698,515198710
40698,515237034
40698,515241084
40698,517241084
40698,804247172
40698,810193082
40698,814193082
40698,820237034
40698,826241084
40698,828241084
40698,829220837
40698,834193082
40698,834241084
40698,834251870
40698,839241084
40698,840220793
40698,851237646
40698,851241084
40698,852213991
40698,852231207
40698,852237646
40698,855241084
40698,856220793
40698,856241084
40698,856262881
40698,863198710
40698,863213991
40698,863214026
40698,863220523
40698,863220793
40698,863231207
40698,863237646
40698,863241084
40698,863241602
40698,863245158
40698,863247172
40698,863262881
40698,863272951
40698,866241084
40698,866245158
40698,867193082
40698,867237646
40699,234220295
40699,238237942
40699,260237942
40699,265237942
40699,273220295
40699,273237942
40699,273246055
40699,273247181
40699,273256079
40699,273256197
40699,276256197
40699,291237942
40699,291256079
40699,300072656
40699,300082427
40699,300220295
40699,300237942
40699,300242755
40699,300246055
40699,300246058
40699,300247181
40699,300252053
40699,300253350
40699,300253354
40699,300253568
40699,300254039
40699,300254887
40699,300255137
40699,300256079
40699,300256161
40699,300256196
40699,300256197
40699,300256199
40699,300259027
40699,300259904
40699,300260740
40699,300261222
40699,300263397
40699,300263522
40699,300264205
40699,300268508
40699,300268611
40699,300271417
40699,300272569
40699,300273969
40699,300274559
40699,300277197
40699,300277742
40699,318246055
40699,321252053
40699,322220295
40699,322246058
40699,322247181
40699,322254039
40699,322260740
40699,322268508
40699,323255137
40699,324260740
40699,324261222
40699,503237942
40699,511237942
40699,511247181
40699,511256197
40699,515256079
40699,515256197
40699,517237942
40699,517256079
40699,517256196
40699,517256197
40699,804256079
40699,826256079
40699,834256196
40699,834256197
40699,834268611
40699,836256079
40699,836256196
40699,840256197
40699,844256079
40699,844256196
40699,844256197
40699,851237942
40699,855256079
40699,855256196
40699,856256079
40699,856256196
40699,856268611
40699,863237942
40699,863246055
40699,863253354
40699,863256079
40699,863256196
40699,863256197
40699,863268611
40699,863272569
40699,863274559
40699,866256196
40699,867256079
40700,210219932
40700,291219932
40700,291230977
40700,300074142
40700,300074930
40700,300075260
40700,300077972
40700,300083924
40700,300193241
40700,300218191
40700,300219932
40700,300220332
40700,300220337
40700,300222429
40700,300226286
40700,300226376
40700,300228229
40700,300228730
40700,300230977
40700,300237183
40700,300240359
40700,300242084
40700,300245079
40700,300246690
40700,300246696
40700,300248870
40700,300248872
40700,300251613
40700,300253238
40700,300254601
40700,300254714
40700,300254952
40700,300255434
40700,300255718
40700,300263518
40700,300268431
40700,300268482
40700,300269278
40700,300270844
40700,300273843
40700,300278020
40700,317218191
40700,318245079
40700,319220337
40700,319248870
40700,320220332
40700,320228229
40700,320228730
40700,321220332
40700,321248872
40700,321254952
40700,322237183
40700,322254714
40700,323253238
40700,324246690
40700,324246696
40700,324251613
40700,324255718
40700,500228229
40700,501219932
40700,501228229
40700,501230977
40700,502219932
40700,502230977
40700,503230977
40700,511219932
40700,513219932
40700,513230977
40700,517230977
40700,804255434
40700,829230977
40700,851240359
40700,863219932
40700,863222429
40700,863226286
40700,863230977
40700,863240359
40700,863255434
40700,863269278
40700,863278020
40701,222216460
40701,237227535
40701,237239053
40701,242216460
40701,246227535
40701,246239053
40701,256227535
40701,260216460
40701,260239053
40701,260253072
40701,262253072
40701,267253072
40701,267253163
40701,270240716
40701,270253072
40701,270253163
40701,272182494
40701,273182494
40701,273216460
40701,273219985
40701,273227535
40701,273230965
40701,273239053
40701,273240699
40701,273253163
40701,273253290
40701,276253163
40701,276253306
40701,279239053
40701,279253072
40701,280227535
40701,280239053
40701,280240716
40701,280253072
40701,287239053
40701,287253306
40701,289182494
40701,291237658
40701,513216460
40701,513227535
40701,513239053
40701,513253072
40701,513253163
40701,515216460
40701,515239053
40701,515253072
40701,515253163
40701,517216460
40701,517239053
40701,517253072
40701,517253163
40701,802182494
40701,807239053
40701,810216460
40701,810219985
40701,810239053
40701,810240716
40701,810253163
40701,810253306
40701,820239053
40701,820253163
40701,825239053
40701,826253072
40701,828253072
40701,832239053
40701,834216460
40701,834239053
40701,834253072
40701,834254817
40701,834270141
40701,836253072
40701,840216460
40701,844239053
40701,846216460
40701,848227535
40701,848239053
40701,848240716
40701,852253163
40701,855239053
40701,856216460
40701,856227535
40701,856239053
40701,856253163
40701,856254817
40701,863216460
40701,863227535
40701,863230965
40701,863239053
40701,863240716
40701,863253072
40701,863253163
40701,863253283
40701,863253306
40701,863254817
40701,866239053
40701,866251377
40701,866254817
40701,866276493
40701,867227535
40701,867240716
40702,219234396
40702,219243630
40702,221234396
40702,230234396
40702,240234396
40702,242234396
40702,250234396
40702,256234396
40702,259234396
40702,259243630
40702,260234396
40702,260243630
40702,267234396
40702,273189462
40702,273213439
40702,273226777
40702,273232081
40702,273234396
40702,273242380
40702,273243630
40702,273246800
40702,273247648
40702,273256107
40702,279234396
40702,280234396
40702,280242380
40702,280246800
40702,287234396
40702,287243630
40702,300073070
40702,300189462
40702,300213439
40702,300213536
40702,300226777
40702,300232081
40702,300234396
40702,300236315
40702,300240925
40702,300242380
40702,300243009
40702,300243630
40702,300244680
40702,300246800
40702,300247228
40702,300247648
40702,300255339
40702,300255956
40702,300256107
40702,300259717
40702,300260398
40702,300262227
40702,300264207
40702,300269923
40702,300271108
40702,300272604
40702,300274536
40702,300275238
40702,322189462
40702,503234396
40702,506234396
40702,506243630
40702,508234396
40702,508243630
40702,511234396
40702,511243630
40702,513213439
40702,513234396
40702,513243630
40702,515234396
40702,515243630
40702,517234396
40702,517243630
40702,517246800
40702,810234396
40702,810242380
40702,810246800
40702,820243630
40702,832243630
40702,834234396
40702,834243630
40702,834256107
40702,836234396
40702,836243630
40702,844234396
40702,844243630
40702,848234396
40702,856234396
40702,856243630
40702,863073070
40702,863234396
40702,863242380
40702,863243630
40702,863246800
40702,863247228
40702,863256107
40702,863264207
40702,863271108
40702,863274536
40702,863275238
40702,866247228
40703,217166539
40703,217228591
40703,217244949
40703,300071077
40703,300073669
40703,300074646
40703,300078421
40703,300078651
40703,300082203
40703,300082407
40703,300082408
40703,300082409
40703,300166539
40703,300178363
40703,300227573
40703,300228591
40703,300229705
40703,300230991
40703,300232500
40703,300235456
40703,300237440
40703,300244949
40703,300247335
40703,300252416
40703,300259668
40703,300260943
40703,300262652
40703,300262737
40703,300264311
40703,300265610
40703,300268805
40703,317178363
40703,318227573
40703,318247335
40703,319252416
40703,320232500
40703,320259668
40703,321227573
40703,321244949
40703,321247335
40703,322232500
40703,323252416
40703,323259668
40703,324071077
40703,324073669
40703,324227573
40703,324264311
40703,503235456
40703,511229705
40703,814229705
40703,863178363
40703,863228591
40703,863229705
40703,863230991
40703,863235456
40703,863237440
40703,863244949
40703,863252416
40703,863268805
40704,201204838
40704,206204838
40704,217140233
40704,217204838
40704,217224574
40704,217226045
40704,217229980
40704,217233260
40704,217235389
40704,217235844
40704,217237043
40704,218221992
40704,219237995
40704,221221992
40704,230204838
40704,234140233
40704,234204838
40704,237204838
40704,237221992
40704,246204838
40704,250221992
40704,260235844
40704,265204838
40704,273204838
40704,273221992
40704,273233493
40704,273235844
40704,280221992
40704,287235844
40704,289140233
40704,300073325
40704,300204838
40704,300221992
40704,300222382
40704,300224574
40704,300226045
40704,300229980
40704,300233260
40704,300234579
40704,300235389
40704,300235537
40704,300235844
40704,300237043
40704,300237248
40704,300237995
40704,300239738
40704,300243015
40704,300244349
40704,300245152
40704,300246608
40704,300257784
40704,321234579
40704,321237043
40704,321237248
40704,322233260
40704,324235183
40704,501204838
40704,502204838
40704,502221992
40704,503204838
40704,506204838
40704,506221992
40704,508204838
40704,508221992
40704,513140233
40704,513235844
40704,515235844
40704,517221992
40704,517245152
40704,804245152
40704,810221992
40704,810233493
40704,810256098
40704,821140233
40704,821229980
40704,821244349
40704,826244349
40704,829221992
40704,834245152
40704,845140233
40704,845204838
40704,845224574
40704,845235844
40704,845244349
40704,845245152
40704,851204838
40704,851244349
40704,863079399
40704,863204838
40704,863221992
40704,863226045
40704,863229980
40704,863233260
40704,863233493
40704,863234579
40704,863235844
40704,863244349
40704,863245152
40704,863257784
40704,866234579
40705,210227796
40705,217198261
40705,217226807
40705,217227796
40705,217238744
40705,219232999
40705,219238744
40705,221227796
40705,221232999
40705,238227796
40705,238245541
40705,238251804
40705,242227796
40705,242238744
40705,242245541
40705,242251804
40705,260227796
40705,260238744
40705,260241496
40705,260247361
40705,270233267
40705,270247361
40705,273227796
40705,273229348
40705,273232999
40705,273233267
40705,273237255
40705,273241496
40705,273247361
40705,273251223
40705,276241496
40705,276247361
40705,280227796
40705,280245541
40705,280251804
40705,287247463
40705,291198261
40705,291229348
40705,502227796
40705,503227796
40705,503238744
40705,506227796
40705,508227796
40705,508238744
40705,508245541
40705,511229348
40705,513227796
40705,513245541
40705,515227796
40705,517227796
40705,517256853
40705,517259516
40705,804243133
40705,804247463
40705,810251223
40705,810251804
40705,810256853
40705,820227796
40705,820251804
40705,825227796
40705,826229348
40705,826238744
40705,829226807
40705,832227796
40705,834227796
40705,834235755
40705,834238744
40705,834241496
40705,834256853
40705,836227796
40705,836247463
40705,844227796
40705,844229348
40705,844256853
40705,845226807
40705,845233267
40705,845237255
40705,848245541
40705,852238744
40705,852250954
40705,855227796
40705,856238744
40705,856247463
40705,856256853
40705,863198261
40705,863227796
40705,863229348
40705,863232999
40705,863238743
40705,863238744
40705,863241496
40705,863247361
40705,863247506
40705,863250954
40705,863251804
40705,863256853
40705,863267920
40705,866226807
40705,866238744
40705,866255205
40706,207204485
40706,210213296
40706,210234906
40706,215234906
40706,215240754
40706,216204485
40706,217201143
40706,217204485
40706,217226754
40706,217240754
40706,219226754
40706,221204485
40706,221234906
40706,230204485
40706,230234906
40706,230240754
40706,233204485
40706,234201143
40706,234204485
40706,238242641
40706,241234906
40706,242204485
40706,242224196
40706,252204485
40706,260201143
40706,260204485
40706,262234906
40706,262240753
40706,264201143
40706,267204485
40706,280204485
40706,280226754
40706,283201143
40706,283234906
40706,291224196
40706,501204485
40706,502201143
40706,502204485
40706,502234906
40706,503204485
40706,503224196
40706,503234906
40706,503240754
40706,506204485
40706,506224196
40706,506234906
40706,506240754
40706,508204485
40706,508226754
40706,508234906
40706,511204485
40706,511224196
40706,511234906
40706,511240753
40706,513204485
40706,513224196
40706,513226754
40706,515204485
40706,515224196
40706,515226754
40706,517204485
40706,517224196
40706,517240753
40706,517242641
40706,517264697
40706,808204485
40706,810224196
40706,814204485
40706,820204485
40706,820213296
40706,825204485
40706,828204485
40706,834070726
40706,834201143
40706,834224196
40706,836242641
40706,839204485
40706,844204485
40706,845201143
40706,845204485
40706,845226754
40706,848204485
40706,848226754
40706,851242641
40706,851264697
40706,855204485
40706,856224196
40706,856242641
40706,856275029
40706,863201143
40706,863204485
40706,863213296
40706,863220621
40706,863224196
40706,863240311
40706,863240753
40706,863242641
40706,863253157
40706,863264697
40706,863270670
40707,215226110
40707,216198717
40707,216226110
40707,218205693
40707,218226110
40707,219235173
40707,219236403
40707,231216451
40707,250216320
40707,250230938
40707,260205693
40707,262246875
40707,265198717
40707,265230938
40707,267205693
40707,267216320
40707,267231691
40707,267235173
40707,267236403
40707,270235173
40707,276231691
40707,276260407
40707,279216320
40707,280236403
40707,284198717
40707,287216320
40707,287235173
40707,508198717
40707,508230938
40707,511198717
40707,511216320
40707,511226110
40707,511230938
40707,511236403
40707,513205693
40707,513216320
40707,513230938
40707,515198717
40707,515230938
40707,515246875
40707,515252802
40707,517198717
40707,517226110
40707,517236403
40707,802198717
40707,804252802
40707,804254088
40707,804270531
40707,810205693
40707,814230938
40707,820252802
40707,828205693
40707,829216320
40707,829235173
40707,832252802
40707,834246875
40707,834252802
40707,834270531
40707,836252802
40707,836254088
40707,836260407
40707,840236403
40707,844252802
40707,844258444
40707,845216320
40707,845216451
40707,845226110
40707,845230938
40707,845235173
40707,845236403
40707,845242179
40707,845246875
40707,845252802
40707,845260779
40707,845277178
40707,846226110
40707,848230938
40707,848246875
40707,851236403
40707,856246875
40707,856252802
40707,856259565
40707,856270531
40707,863078012
40707,863205693
40707,863216320
40707,863230938
40707,863235173
40707,863235634
40707,863236403
40707,863242179
40707,863246875
40707,863252802
40707,863254088
40707,863258444
40707,863258575
40707,863260779
40707,863275208
40707,863277178
40707,866236403
40708,210186197
40708,218229880
40708,219231485
40708,230229880
40708,237210897
40708,242210897
40708,246210897
40708,250245940
40708,260229880
40708,267231652
40708,287210897
40708,300073317
40708,300081544
40708,300082523
40708,300186197
40708,300198951
40708,300210897
40708,300212491
40708,300216485
40708,300217877
40708,300222875
40708,300223150
40708,300229880
40708,300231436
40708,300231485
40708,300231652
40708,300233884
40708,300234824
40708,300238391
40708,300239259
40708,300239814
40708,300240351
40708,300242217
40708,300244843
40708,300245716
40708,300245940
40708,300247623
40708,300248858
40708,300251532
40708,300253036
40708,300255314
40708,300257208
40708,300262265
40708,300269230
40708,300269507
40708,300274447
40708,317238391
40708,318245716
40708,320216485
40708,320244843
40708,321239814
40708,322217877
40708,322231485
40708,322248858
40708,323186197
40708,324238391
40708,324240351
40708,501198951
40708,501229880
40708,502198951
40708,502229880
40708,503186197
40708,503229880
40708,506186197
40708,506229880
40708,508186197
40708,508229880
40708,511186197
40708,511210897
40708,513210897
40708,515210897
40708,517234824
40708,820210897
40708,820231652
40708,826234824
40708,834274447
40708,840229880
40708,851229880
40708,851234824
40708,852229880
40708,856234824
40708,863198951
40708,863210897
40708,863212491
40708,863222875
40708,863223150
40708,863229880
40708,863231436
40708,863231485
40708,863233884
40708,863234824
40708,863242217
40708,863251532
40708,863253036
40708,863269230
40709,206216201
40709,214209989
40709,216216201
40709,221209989
40709,233197756
40709,234197756
40709,238245155
40709,260245155
40709,262242418
40709,262256035
40709,273197756
40709,273209989
40709,273212219
40709,273245155
40709,273256035
40709,276244915
40709,283197756
40709,283209989
40709,283216201
40709,287245155
40709,291197756
40709,291216201
40709,300074753
40709,300083520
40709,300197756
40709,300209989
40709,300212219
40709,300216201
40709,300229956
40709,300235662
40709,300235744
40709,300238392
40709,300241236
40709,300241710
40709,300242418
40709,300244915
40709,300245155
40709,300247124
40709,300250941
40709,300252059
40709,300256035
40709,300257946
40709,300267680
40709,300268763
40709,300271577
40709,300274913
40709,500209989
40709,500216201
40709,501209989
40709,501212219
40709,501216201
40709,502209989
40709,502212219
40709,502216201
40709,503197756
40709,503209989
40709,503212219
40709,503216201
40709,503244915
40709,506209989
40709,506212219
40709,506216201
40709,508209989
40709,508216201
40709,511209989
40709,511216201
40709,511242418
40709,513216201
40709,515216201
40709,515245155
40709,517216201
40709,517241236
40709,517245155
40709,596241236
40709,802216201
40709,804252059
40709,820216201
40709,826197756
40709,826241236
40709,826245155
40709,851216201
40709,851241236
40709,851245155
40709,852216201
40709,856241236
40709,856244915
40709,856245155
40709,863197756
40709,863212219
40709,863216201
40709,863241236
40709,863244915
40709,863245155
40709,863247124
40709,863252059
40709,863257946
40709,863267680
40709,863268763
40709,866241236
40709,867241236
40710,207231633
40710,210235212
40710,210235410
40710,219231633
40710,221231410
40710,221235212
40710,230235212
40710,237231410
40710,242209981
40710,242235410
40710,246236401
40710,258235212
40710,260235212
40710,260236401
40710,262231410
40710,265224158
40710,265231410
40710,265235212
40710,267236401
40710,270236401
40710,270244749
40710,273209981
40710,273224158
40710,273225410
40710,273235212
40710,273243586
40710,273244749
40710,276255223
40710,278235212
40710,279209981
40710,279224158
40710,280231410
40710,280235212
40710,280236401
40710,300235212
40710,501209981
40710,501231633
40710,501235212
40710,502231633
40710,502235212
40710,502235410
40710,503224158
40710,503231633
40710,503235212
40710,503235410
40710,506235212
40710,508209981
40710,508235212
40710,511209981
40710,511235212
40710,511236401
40710,513209981
40710,513224158
40710,513231410
40710,513235410
40710,513236401
40710,515209981
40710,515231410
40710,515236401
40710,515255223
40710,517209981
40710,517231410
40710,804255125
40710,804264432
40710,810231410
40710,810236401
40710,810259480
40710,820209981
40710,825231410
40710,828209981
40710,834231410
40710,834255223
40710,834259480
40710,834272781
40710,834278901
40710,836272781
40710,840209981
40710,840235410
40710,840255223
40710,851236401
40710,852255223
40710,856231410
40710,856243586
40710,863082240
40710,863209981
40710,863224158
40710,863231410
40710,863235410
40710,863236401
40710,863241775
40710,863243586
40710,863244749
40710,863255125
40710,863257504
40710,863259480
40710,863262745
40710,863264432
40710,863272781
40710,866259480
40710,866264432
40711,215201024
40711,215208722
40711,216201024
40711,217201024
40711,217208722
40711,220208722
40711,221201024
40711,221208722
40711,222201024
40711,230193474
40711,230208722
40711,233208722
40711,234208722
40711,237208722
40711,241208722
40711,242234642
40711,246193474
40711,259234642
40711,260193474
40711,260208722
40711,260234642
40711,267201024
40711,267208722
40711,270201024
40711,270208722
40711,273193474
40711,273201024
40711,273208722
40711,273234642
40711,273235353
40711,273246242
40711,276241707
40711,279201024
40711,279208722
40711,280201024
40711,280208722
40711,291193474
40711,291246242
40711,506208722
40711,513201024
40711,513208722
40711,515201024
40711,515208722
40711,517201024
40711,517208722
40711,517259197
40711,804259197
40711,804261188
40711,814201024
40711,814208722
40711,814234642
40711,820201024
40711,825208722
40711,825234642
40711,826259197
40711,828201024
40711,828208722
40711,829193474
40711,829208722
40711,834275138
40711,836259197
40711,836259868
40711,836275138
40711,845193474
40711,845201024
40711,845208722
40711,845234642
40711,845241707
40711,845246242
40711,846208722
40711,848208722
40711,851193474
40711,851235353
40711,851246242
40711,851259197
40711,851261188
40711,852235353
40711,856252293
40711,856259197
40711,856259868
40711,863193474
40711,863201024
40711,863208722
40711,863225293
40711,863225859
40711,863234642
40711,863235353
40711,863238227
40711,863241707
40711,863252293
40711,863259197
40711,863259868
40711,863261188
40711,863274915
40711,863275138
40711,866201024
40711,866225859
40711,866275138
40711,867193474
40711,867201024
40712,206225126
40712,217225126
40712,217235565
40712,218225126
40712,273225126
40712,273235565
40712,273255210
40712,273258171
40712,283225126
40712,291211999
40712,291225126
40712,300071474
40712,300072919
40712,300079903
40712,300081410
40712,300082220
40712,300082781
40712,300084599
40712,300084604
40712,300211999
40712,300225126
40712,300235565
40712,300236316
40712,300242166
40712,300245410
40712,300252711
40712,300255210
40712,300255569
40712,300256383
40712,300258033
40712,300258171
40712,300263194
40712,300263432
40712,300263672
40712,300264705
40712,300268825
40712,300269562
40712,300274000
40712,300276544
40712,300279056
40712,319242166
40712,319255569
40712,320245410
40712,320258033
40712,322256383
40712,322263194
40712,323071474
40712,323268825
40712,324258033
40712,501225126
40712,502211999
40712,502225126
40712,503211999
40712,503225126
40712,508225126
40712,511225126
40712,513225126
40712,515225126
40712,517225126
40712,810263672
40712,863225126
40712,863235565
40712,863236316
40712,863245410
40712,863252711
40712,863258171
40712,863263672
40712,863274000
40713,201194359
40713,210232639
40713,219237681
40713,221226627
40713,234194359
40713,237226627
40713,250232730
40713,250233152
40713,260226627
40713,265237681
40713,270226627
40713,273226627
40713,273232487
40713,273232905
40713,273236764
40713,279232639
40713,279232730
40713,280232730
40713,287255565
40713,291232487
40713,291232639
40713,291237681
40713,300073078
40713,300226627
40713,300232487
40713,300232639
40713,300232730
40713,300232873
40713,300232905
40713,300233152
40713,300234205
40713,300236764
40713,300237681
40713,300246321
40713,300246826
40713,300252162
40713,300255565
40713,503226627
40713,503232730
40713,503237681
40713,506232487
40713,508232487
40713,511226627
40713,511232487
40713,511232639
40713,511232905
40713,511233152
40713,513232639
40713,513237681
40713,513255565
40713,515226627
40713,515232639
40713,515232730
40713,515234205
40713,515237681
40713,517073078
40713,517226627
40713,517232639
40713,517237681
40713,517255565
40713,596232639
40713,596237681
40713,808237681
40713,808255565
40713,810232730
40713,810237681
40713,820226627
40713,820237681
40713,820242916
40713,826232639
40713,829232639
40713,834226627
40713,834246321
40713,836237681
40713,840232730
40713,844232639
40713,851073078
40713,851237681
40713,851255565
40713,852232730
40713,855232639
40713,856226627
40713,863073078
40713,863226627
40713,863232487
40713,863232639
40713,863232730
40713,863232873
40713,863232905
40713,863233152
40713,863233225
40713,863234205
40713,863236764
40713,863237681
40713,863252162
40713,863255565
40713,863255981
40713,866246826
40713,866252162
40713,866277809
40714,240200104
40714,250200104
40714,258200104
40714,267200104
40714,273200104
40714,277213189
40714,277247686
40714,277260397
40714,278200104
40714,280200104
40714,280237086
40714,287237086
40714,287243780
40714,289200104
40714,290200104
40714,291200104
40714,518212432
40714,518213189
40714,518227659
40714,518227790
40714,518238570
40714,518245054
40714,805212432
40714,805213189
40714,805222052
40714,805243673
40714,805251162
40714,805254980
40714,805260492
40714,805266789
40714,806200104
40714,806226380
40714,806228010
40714,806237086
40714,806243780
40714,807200104
40714,807237086
40714,808243780
40714,810237086
40714,810243780
40714,814237086
40714,814243780
40714,820200104
40714,826221671
40714,826226380
40714,828200104
40714,830212432
40714,830213189
40714,830222052
40714,830227659
40714,830245054
40714,830251162
40714,830261128
40714,830266789
40714,831200104
40714,834228010
40714,834237086
40714,834243780
40714,836200104
40714,836243780
40714,839200104
40714,840200104
40714,844200104
40714,844237086
40714,846200104
40714,848200104
40714,848237086
40714,851221671
40714,853212432
40714,853213189
40714,853227659
40714,853238570
40714,853243673
40714,853245054
40714,853261128
40714,855200104
40714,856237086
40714,856243780
40714,862200104
40714,862212432
40714,862237086
40714,862243780
40714,863200104
40714,863212432
40714,863221671
40714,863222052
40714,863226380
40714,863226652
40714,863228010
40714,863237086
40714,863237424
40714,863243780
40714,863247686
40714,863248712
40714,863254980
40714,863261063
40714,864200104
40714,864226380
40714,864247686
40714,866200104
40715,300074236
40715,300075401
40715,300076232
40715,300076241
40715,300081834
40715,300081956
40715,300082253
40715,300082255
40715,300084621
40715,300180561
40715,300203244
40715,300209236
40715,300215911
40715,300228352
40715,300234051
40715,300238878
40715,300239878
40715,300268771
40715,300268772
40715,300268775
40715,300268776
40715,300268778
40715,300268779
40715,300268780
40715,300268781
40715,300268783
40715,300268877
40715,300268879
40715,300268979
40715,300268982
40715,300268985
40715,300268986
40715,300272472
40715,300279194
40715,317228352
40715,319209236
40715,322268985
40715,323239878
40715,323268979
40715,324076232
40715,324268775
40715,324268779
40715,324268985
40715,863074236
40715,863075401
40715,863203244
40715,863228352
40715,863234051
40715,863238878
40715,863268771
40715,863268772
40715,863268775
40715,863268776
40715,863268781
40715,863268783
40715,863268879
40715,863268982
40715,863279194
40716,252191269
40716,273191269
40716,273210602
40716,273210923
40716,273211173
40716,273229851
40716,273238545
40716,273241197
40716,300070584
40716,300074436
40716,300074699
40716,300191269
40716,300209027
40716,300210602
40716,300210843
40716,300210923
40716,300211173
40716,300220075
40716,300225976
40716,300228783
40716,300229851
40716,300231801
40716,300232675
40716,300237721
40716,300238545
40716,300241197
40716,300241938
40716,300242223
40716,300242506
40716,300245751
40716,300246688
40716,300248498
40716,300253440
40716,300254685
40716,300255368
40716,300256331
40716,300260977
40716,300261357
40716,300263182
40716,300263824
40716,300264203
40716,300272303
40716,300275571
40716,300277233
40716,318242506
40716,320231801
40716,321209027
40716,321220075
40716,321242506
40716,321263182
40716,321264203
40716,323191269
40716,324210923
40716,515210602
40716,517210602
40716,802210602
40716,820210602
40716,832210602
40716,844210602
40716,844254685
40716,855210602
40716,863210602
40716,863210843
40716,863211173
40716,863220075
40716,863228783
40716,863229851
40716,863238545
40716,863241938
40716,863245751
40716,863246688
40716,863254685
40716,863255368
40716,863260977
40716,863261357
40716,863263824
40716,866210602
40717,201195033
40717,206199005
40717,225202676
40717,234195033
40717,234199005
40717,273195033
40717,273199005
40717,273202157
40717,273211378
40717,273212830
40717,273229585
40717,273237647
40717,300075145
40717,300080236
40717,300195033
40717,300199005
40717,300202157
40717,300202676
40717,300204424
40717,300209885
40717,300209888
40717,300211221
40717,300211378
40717,300212511
40717,300212830
40717,300216744
40717,300229585
40717,300229901
40717,300230888
40717,300233487
40717,300233931
40717,300237647
40717,300240648
40717,300241552
40717,300246006
40717,300252700
40717,300255767
40717,300259677
40717,300260386
40717,300260521
40717,300261875
40717,300262039
40717,300264251
40717,300265761
40717,300266245
40717,300267599
40717,300268913
40717,319204424
40717,320260386
40717,321255767
40717,321264251
40717,321267599
40717,322209885
40717,322229585
40717,322260386
40717,323260386
40717,323264251
40717,324212511
40717,501199005
40717,501202676
40717,502199005
40717,502202676
40717,503199005
40717,504202676
40717,506199005
40717,845199005
40717,851211378
40717,863199005
40717,863209888
40717,863211378
40717,863229901
40717,863230888
40717,863260521
40717,863262039
40718,234192123
40718,300073092
40718,300182091
40718,300186352
40718,300192123
40718,300202170
40718,300206566
40718,300209361
40718,300213094
40718,300219392
40718,300220763
40718,300220886
40718,300231065
40718,300231131
40718,300232669
40718,300235860
40718,300237268
40718,300242429
40718,300243666
40718,300245539
40718,300246195
40718,300254136
40718,300254142
40718,300254143
40718,300255360
40718,300259680
40718,300262289
40718,300263851
40718,300266150
40718,300276249
40718,300277552
40718,318231065
40718,319235860
40718,319243666
40718,319246195
40718,320206566
40718,320213094
40718,320254143
40718,320255360
40718,320259680
40718,321220763
40718,322237268
40718,322246195
40718,322254136
40718,322255360
40718,322259680
40718,323232669
40718,323254143
40718,324186352
40718,501192123
40718,503192123
40718,508192123
40718,517192123
40718,844192123
40718,863182091
40718,863192123
40718,863202170
40718,863213094
40718,863219392
40718,863237268
40718,863242429
40718,863254136
40718,863259680
40718,863277552
40719,207204366
40719,210204366
40719,210212269
40719,246204366
40719,246209818
40719,250212269
40719,256204366
40719,256209818
40719,300073030
40719,300079028
40719,300079032
40719,300079814
40719,300080766
40719,300081346
40719,300082938
40719,300209818
40719,300212269
40719,300226677
40719,300228666
40719,300233098
40719,300233510
40719,300241171
40719,300254752
40719,300260099
40719,300261674
40719,300264221
40719,300274490
40719,300275206
40719,317242761
40719,318213694
40719,318228666
40719,319254752
40719,320260099
40719,320260745
40719,321198133
40719,321204366
40719,321216981
40719,321239558
40719,321254752
40719,321264221
40719,322198133
40719,322213694
40719,322228666
40719,322274490
40719,322275206
40719,323189084
40719,323204366
40719,323209818
40719,323250917
40719,323274490
40719,324073030
40719,324189084
40719,324198133
40719,324239558
40719,324242761
40719,324260745
40719,324270011
40719,502204366
40719,810241171
40719,863209818
40719,863226677
40719,863233098
40719,863233510
40719,863241171
40719,863260099
40720,289217047
40720,300072708
40720,300074978
40720,300077423
40720,300079560
40720,300079882
40720,300080484
40720,300080678
40720,300082404
40720,300082405
40720,300194415
40720,300202089
40720,300217045
40720,300217047
40720,300217050
40720,300220409
40720,300231867
40720,300234154
40720,300234726
40720,300237841
40720,300240196
40720,300241731
40720,300243544
40720,300243545
40720,300252873
40720,300259568
40720,300263976
40720,300264457
40720,300266387
40720,300274198
40720,300278488
40720,318217050
40720,318240196
40720,319220409
40720,320234154
40720,321240196
40720,321241731
40720,321264457
40720,322259568
40720,323217045
40720,323234726
40720,323243545
40720,324243544
40720,863217047
40720,863237841
40720,863252873
40720,863259568
40720,863263976
40721,210244193
40721,284250893
40721,300070289
40721,300071291
40721,300073853
40721,300079254
40721,300079823
40721,300083505
40721,300194847
40721,300202014
40721,300210212
40721,300212090
40721,300212401
40721,300217141
40721,300219754
40721,300230857
40721,300231150
40721,300235355
40721,300243923
40721,300244193
40721,300250893
40721,300257194
40721,300258739
40721,300263669
40721,300267636
40721,300269419
40721,300270611
40721,300276909
40721,300276923
40721,317194847
40721,317212090
40721,317235355
40721,319243923
40721,320258739
40721,321210212
40721,321257194
40721,322250893
40721,322263669
40721,322269419
40721,323194847
40721,323210212
40721,323235355
40721,323244193
40721,324210212
40721,844212401
40721,863073853
40721,863194847
40721,863212401
40721,863231150
40721,863243923
40721,863244193
40721,863257194
40722,206209331
40722,207209331
40722,210209331
40722,214209331
40722,215209331
40722,216209331
40722,221209331
40722,222209331
40722,230209331
40722,233209331
40722,234209331
40722,237209331
40722,241209331
40722,242209331
40722,250209331
40722,259209331
40722,260209331
40722,265209331
40722,267209331
40722,279209331
40722,280209331
40722,287209331
40722,300074910
40722,300081918
40722,300081958
40722,300081960
40722,300082318
40722,300082329
40722,300082400
40722,300083651
40722,300197975
40722,300209331
40722,300210259
40722,300210648
40722,300220380
40722,300222537
40722,300224198
40722,300226078
40722,300228182
40722,300245870
40722,300254247
40722,300254252
40722,300254254
40722,300256675
40722,300261624
40722,300261742
40722,300269161
40722,300269164
40722,317220380
40722,317222537
40722,320220380
40722,320222537
40722,320228182
40722,320254252
40722,321210259
40722,321224198
40722,322210259
40722,322261742
40722,323210648
40722,324197975
40722,324226078
40722,500209331
40722,501209331
40722,502209331
40722,502226078
40722,503209331
40722,506209331
40722,508209331
40722,511209331
40722,513209331
40722,515209331
40722,515256675
40722,517209331
40722,517256675
40722,808209331
40722,820209331
40722,820256675
40722,825209331
40722,828209331
40722,829209331
40722,831209331
40722,832256675
40722,834209331
40722,834256675
40722,844209331
40722,848209331
40722,855209331
40722,856209331
40722,863209331
40722,863220380
40722,863254247
40722,863256675
40722,863269164
40723,300077951
40723,300079280
40723,300079632
40723,300080422
40723,300081238
40723,300082294
40723,300082308
40723,300082487
40723,300082493
40723,300082497
40723,300082507
40723,300082509
40723,300213615
40723,300222560
40723,300241173
40723,300242935
40723,300242936
40723,300253949
40723,300255703
40723,300257293
40723,300259293
40723,300262638
40723,300264516
40723,300269625
40723,300270951
40723,300271875
40723,300278688
40723,319242935
40723,319253949
40723,320213615
40723,320222560
40723,320241173
40723,320242936
40723,321257293
40723,321259293
40723,322213615
40723,322222560
40723,322242935
40723,322242936
40723,322262638
40723,322269625
40723,322270951
40723,322271875
40723,863079632
40723,863241173
40723,863257293
40724,230241788
40724,242241788
40724,250241788
40724,267241788
40724,273215871
40724,273233218
40724,273241788
40724,273243549
40724,273243551
40724,280241788
40724,287241788
40724,300215871
40724,300239323
40724,300241788
40724,300243549
40724,300243551
40724,300251575
40724,317239675
40724,318231949
40724,319251575
40724,321241790
40724,321263238
40724,321264425
40724,322268846
40724,323215871
40724,323231949
40724,323233218
40724,323259094
40724,324215871
40724,501215871
40724,515241788
40724,808241788
40724,810241788
40724,834241788
40724,856241788
40724,863241788
40724,863243551
40725,300070955
40725,300074514
40725,300074705
40725,300076603
40725,300243539
40725,300252736
40725,300253010
40725,300261298
40725,300263376
40725,300264749
40725,300265788
40725,300270471
40725,300271440
40725,300272967
40725,300276252
40725,321264749
40725,322253010
40725,322270471
40725,322271440
40725,323276144
40725,324070955
40725,324252736
40725,514276144
40725,863074705
40725,863076603
40725,863252736
40725,863261298
40725,863265788
40726,225247468
40726,300080304
40726,300081921
40726,300081922
40726,300081924
40726,300081925
40726,300081926
40726,300081927
40726,300081928
40726,300081930
40726,300081932
40726,300081938
40726,300081952
40726,300081953
40726,300220375
40726,300220376
40726,300239964
40726,300242970
40726,300247468
40726,300257858
40726,300271294
40726,300277031
40726,300277568
40726,320257858
40726,321220375
40726,321247468
40726,324271294
40726,504247468
40726,507220375
40726,507247468
40726,834277031
40726,856277031
40726,863080304
40726,863239964
40726,863277031
40726,863277568
40727,300070860
40727,300073466
40727,300080641
40727,300083534
40727,300259191
40727,324076913
40727,516073466
40727,518073466
40727,853073466
40727,863259191
40728,867000240
40728,867000250
40728,867000488
40728,867001040
40728,867001088
40728,867001116
40728,867001183
40728,867001238
40728,867001419
40728,867001668
40728,867003622
40728,867004202
40728,867005589
40728,867006235
40728,867007518
40728,867008348
40728,867009593
40728,867009676
40728,867016254
40728,867016619
40728,867020775
40728,867025924
40728,867028130
40728,867031432
40728,867041236
40728,867045197
40728,867045674
40728,867053302
40728,867054050
40728,867135455
40728,867138412
40728,867138956
40728,867142754
40728,867157481
40728,867161840
40728,867162895
40728,867166676
40728,867167680
40728,867173210
40728,867176676
40728,867176944
40728,867181783
40728,867183512
40728,867186537
40728,867189513
40728,867191972
40728,867192629
40728,867192816
40728,867193082
40728,867193474
40728,867197781
40728,867199503
40728,867200145
40728,867200752
40728,867201024
40728,867202695
40728,867203263
40728,867204963
40728,867205569
40728,867208128
40728,867208333
40728,867208620
40728,867210008
40728,867210047
40728,867210413
40728,867210935
40728,867211688
40728,867212198
40728,867214649
40728,867216352
40728,867217870
40728,867217940
40728,867220502
40728,867220697
40728,867222077
40728,867223334
40728,867223848
40728,867224232
40728,867224309
40728,867225193
40728,867227535
40728,867228251
40728,867229391
40728,867231352
40728,867232488
40728,867232656
40728,867234060
40728,867235790
40728,867237646
40728,867238216
40728,867238794
40728,867240243
40728,867241236
40728,867242964
40728,867245367
40728,867247851
40728,867248146
40728,867252371
40728,867257279
40728,867261593
40729,867000027
40729,867000240
40729,867000250
40729,867000488
40729,867001040
40729,867001088
40729,867001116
40729,867001183
40729,867001238
40729,867001419
40729,867001668
40729,867003622
40729,867004202
40729,867005589
40729,867006235
40729,867007518
40729,867008348
40729,867009593
40729,867009676
40729,867016254
40729,867016619
40729,867020775
40729,867025924
40729,867028130
40729,867031432
40729,867041236
40729,867045197
40729,867045674
40729,867051412
40729,867053302
40729,867054050
40729,867135455
40729,867138956
40729,867139869
40729,867142754
40729,867161840
40729,867162895
40729,867166676
40729,867167680
40729,867173210
40729,867176676
40729,867176944
40729,867181783
40729,867191972
40729,867214101
40729,867214649
40729,867248146
40729,867261593
40730,215200458
40730,215233049
40730,221233049
40730,222233049
40730,230233049
40730,237200458
40730,242233049
40730,246221660
40730,250202811
40730,250216393
40730,250233049
40730,253216393
40730,253221660
40730,253233049
40730,253241464
40730,256200458
40730,259202811
40730,260221660
40730,260233049
40730,260241464
40730,265216393
40730,272216393
40730,273202811
40730,273216393
40730,273227174
40730,279202811
40730,283241464
40730,287221697
40730,287241464
40730,291210881
40730,291226162
40730,291227678
40730,291257057
40730,506233049
40730,508216393
40730,511202811
40730,511241464
40730,513202811
40730,513216393
40730,513221697
40730,513241464
40730,515202811
40730,515210881
40730,515216393
40730,515221697
40730,515227678
40730,515233049
40730,515241464
40730,517202811
40730,517210881
40730,517221697
40730,517260247
40730,804233049
40730,804248465
40730,804257057
40730,810233049
40730,815210881
40730,815216393
40730,815257057
40730,820221697
40730,826200458
40730,826210881
40730,826227678
40730,828202811
40730,829233049
40730,831202811
40730,832221697
40730,834200458
40730,834202811
40730,834210881
40730,834216393
40730,834221697
40730,834226162
40730,834227174
40730,834227678
40730,834241464
40730,834248465
40730,834257057
40730,834260247
40730,836233049
40730,840221660
40730,840241464
40730,844258444
40730,845202811
40730,846202811
40730,846221660
40730,848216393
40730,851221697
40730,851260247
40730,852216393
40730,852233049
40730,863200458
40730,863202811
40730,863210881
40730,863216393
40730,863221660
40730,863227678
40730,863257057
40730,863258444
40730,863260247
40731,206202126
40731,212202126
40731,216202126
40731,217202126
40731,221202126
40731,222202126
40731,230241084
40731,237241084
40731,241202126
40731,242241084
40731,246241084
40731,250202126
40731,253202126
40731,259202126
40731,259241084
40731,260241084
40731,262247827
40731,267202126
40731,270241084
40731,272202126
40731,273202126
40731,279202126
40731,280202126
40731,280241084
40731,283202126
40731,287202126
40731,291247827
40731,300202126
40731,300241084
40731,300247827
40731,500202126
40731,501202126
40731,502202126
40731,503202126
40731,506202126
40731,508202126
40731,511202126
40731,511241084
40731,513202126
40731,513241084
40731,513247827
40731,515202126
40731,515241084
40731,515247827
40731,517202126
40731,517241084
40731,517247827
40731,596247827
40731,802202126
40731,807202126
40731,810202126
40731,815202126
40731,820202126
40731,826241084
40731,828202126
40731,828241084
40731,832202126
40731,834202126
40731,834241084
40731,834247827
40731,836202126
40731,836247827
40731,839241084
40731,844202126
40731,844247827
40731,848202126
40731,851241084
40731,855202126
40731,855241084
40731,855247827
40731,856202126
40731,856241084
40731,856247827
40731,863202126
40731,863241084
40731,863247827
40731,866202126
40731,866241084
40731,866247827
40732,206212198
40732,215212198
40732,217212198
40732,219240243
40732,238243014
40732,240212198
40732,250212198
40732,252212198
40732,253212198
40732,259212198
40732,260212198
40732,260240243
40732,260260592
40732,267212198
40732,273212198
40732,279212198
40732,291212198
40732,291243014
40732,300212198
40732,300240243
40732,300243014
40732,300260592
40732,503212198
40732,503240243
40732,506212198
40732,506240243
40732,508212198
40732,508240243
40732,511212198
40732,513212198
40732,513243014
40732,515212198
40732,515260592
40732,517212198
40732,517240243
40732,517243014
40732,517260592
40732,596212198
40732,596240243
40732,804260592
40732,810260592
40732,815212198
40732,815260592
40732,821240243
40732,826212198
40732,826240243
40732,828212198
40732,832212198
40732,836260592
40732,840212198
40732,844212198
40732,844240243
40732,851243014
40732,851260592
40732,852212198
40732,855243014
40732,863212198
40732,863240243
40732,866212198
40732,867212198
40732,867240243
40733,206204970
40733,210204970
40733,210235454
40733,215204970
40733,242235454
40733,260235454
40733,262233866
40733,265204970
40733,283235454
40733,287227232
40733,300075319
40733,300075320
40733,300077105
40733,300204970
40733,300208787
40733,300212613
40733,300227232
40733,300229236
40733,300233866
40733,300235454
40733,300246688
40733,300258601
40733,300259816
40733,300270997
40733,300271918
40733,321204970
40733,322271918
40733,500204970
40733,501204970
40733,502204970
40733,502208787
40733,502212613
40733,502235454
40733,503208787
40733,503235454
40733,506204970
40733,506208787
40733,511235454
40733,513208787
40733,829227232
40733,834259816
40733,840204970
40733,863246688
40733,866204970
40733,866208787
40733,866229236
40733,866235454
40733,866258601
40735,287222665
40735,287246669
40735,808222665
40735,808246669
40735,810246669
40735,820222665
40735,820231936
40735,820232580
40735,820234378
40735,820241651
40735,820243715
40735,820246669
40735,820257711
40735,825235790
40735,826225193
40735,826235790
40735,826235794
40735,829222665
40735,829234378
40735,829235790
40735,829246669
40735,831243715
40735,832222665
40735,832234378
40735,832241651
40735,832246669
40735,832248148
40735,834220901
40735,834232580
40735,834234378
40735,834235790
40735,834241651
40735,834243715
40735,834246669
40735,834251805
40735,836235790
40735,836246669
40735,836251566
40735,839246669
40735,840256197
40735,844232580
40735,844234378
40735,844241651
40735,844243715
40735,844246669
40735,844256197
40735,845230666
40735,848230666
40735,851207421
40735,851210697
40735,851220901
40735,851235794
40735,851248148
40735,851251566
40735,851251805
40735,851254796
40735,852225193
40735,852230666
40735,852235794
40735,854234378
40735,854243715
40735,855220901
40735,855232580
40735,855241651
40735,856207421
40735,856220901
40735,856222665
40735,856225193
40735,856232580
40735,856234378
40735,856235794
40735,856241651
40735,856243715
40735,856246669
40735,856248148
40735,856251566
40735,856251805
40735,856254796
40735,856257711
40735,856278773
40735,863207421
40735,863222665
40735,863225193
40735,863232580
40735,863234378
40735,863235794
40735,863241651
40735,863243715
40735,863246669
40735,863248148
40735,863251805
40735,863256197
40735,863278773
40735,866220901
40735,866232580
40735,866234378
40735,866243715
40735,866251805
40735,867225193
40735,867235790
40736,279239085
40736,280231866
40736,280239818
40736,287231866
40736,287239085
40736,290239085
40736,807231866
40736,807239085
40736,807239818
40736,808203574
40736,808218667
40736,810231866
40736,810237692
40736,810239085
40736,814239085
40736,815231866
40736,820230621
40736,820231866
40736,820237692
40736,820239085
40736,820256675
40736,820270409
40736,825203574
40736,825207410
40736,825208920
40736,825218667
40736,825231866
40736,825239085
40736,825239818
40736,826218667
40736,826240638
40736,828239085
40736,831231866
40736,832230621
40736,832237692
40736,832239085
40736,832239818
40736,832251517
40736,832256675
40736,834230621
40736,834237692
40736,834239085
40736,834240638
40736,834253124
40736,834270409
40736,836218667
40736,836230621
40736,836231866
40736,836237692
40736,836239085
40736,836270409
40736,840207410
40736,844239085
40736,844240638
40736,844251570
40736,845230621
40736,845231866
40736,848203574
40736,848218667
40736,848231866
40736,848237692
40736,848239085
40736,848239818
40736,851218667
40736,851241159
40736,851241236
40736,851242641
40736,851251517
40736,852237692
40736,852241159
40736,854230621
40736,854239085
40736,855241159
40736,856203574
40736,856230621
40736,856237692
40736,856239085
40736,856239818
40736,856242641
40736,856246420
40736,856251517
40736,856251570
40736,856253124
40736,856277427
40736,863218667
40736,863237692
40736,863239085
40736,863239818
40736,863240638
40736,863241159
40736,863241236
40736,863246420
40736,863251517
40736,863277031
40736,866230621
40736,866239085
40736,866241236
40736,866251570
40736,866277427
40736,867241236
40737,240212198
40737,250200145
40737,250205988
40737,250212198
40737,250233064
40737,252212198
40737,253203263
40737,256200145
40737,259205988
40737,259212198
40737,259233064
40737,260200145
40737,260212198
40737,260236401
40737,267212198
40737,267236401
40737,267239301
40737,270235243
40737,270236401
40737,272203263
40737,273200145
40737,273203263
40737,273212198
40737,273233064
40737,273235243
40737,279200145
40737,279212198
40737,280226753
40737,280233064
40737,280235243
40737,280236401
40737,283233064
40737,287200145
40737,287235243
40737,287253306
40737,291205988
40737,291212198
40737,291243014
40737,802205988
40737,804260592
40737,810236401
40737,810253306
40737,810260592
40737,814200145
40737,815203263
40737,815205988
40737,815212198
40737,815234574
40737,815260592
40737,820250961
40737,820269087
40737,821240243
40737,825200145
40737,825233064
40737,826212198
40737,826226753
40737,826234574
40737,826240243
40737,828200145
40737,828212198
40737,828233064
40737,828235243
40737,829200145
40737,829226753
40737,832212198
40737,836233064
40737,836235243
40737,836254088
40737,836260592
40737,836269087
40737,836269136
40737,840205988
40737,840212198
40737,840226753
40737,840235243
40737,844212198
40737,844240243
40737,845200145
40737,845239301
40737,848200145
40737,851234574
40737,851236401
40737,851243014
40737,851260592
40737,852212198
40737,852234574
40737,852269136
40737,855243014
40737,863200145
40737,863212198
40737,863236401
40737,863240243
40737,863253306
40737,863254088
40737,866200145
40737,866212198
40737,867200145
40737,867203263
40737,867212198
40737,867240243
40738,222233049
40738,230233049
40738,246221660
40738,250202811
40738,250216393
40738,250231447
40738,250233049
40738,253216393
40738,253221660
40738,253241464
40738,259202811
40738,260241464
40738,262236499
40738,265216393
40738,272216393
40738,273202811
40738,273216393
40738,273231447
40738,279202811
40738,280246174
40738,283199189
40738,283236987
40738,283241464
40738,287221697
40738,287241464
40738,291210881
40738,291212419
40738,291226162
40738,291227678
40738,291236499
40738,291257057
40738,515202811
40738,517202811
40738,517221697
40738,804233049
40738,804246174
40738,804248465
40738,804257057
40738,810231447
40738,815210881
40738,815216393
40738,815231447
40738,815257057
40738,820221697
40738,820231447
40738,820236499
40738,821236499
40738,825231352
40738,826199189
40738,826200458
40738,826210881
40738,826227678
40738,826229906
40738,828202811
40738,829231447
40738,829233049
40738,831202811
40738,832221697
40738,834200110
40738,834200458
40738,834202811
40738,834210881
40738,834216393
40738,834221697
40738,834227174
40738,834227678
40738,834229906
40738,834231352
40738,834236987
40738,834241464
40738,834248465
40738,834257057
40738,834260247
40738,836233049
40738,836246174
40738,840199189
40738,840221660
40738,840231352
40738,840236987
40738,840241464
40738,844258444
40738,845202811
40738,846202811
40738,846221660
40738,848216393
40738,851221697
40738,851260247
40738,852216393
40738,852233049
40738,863200458
40738,863202811
40738,863210881
40738,863216393
40738,863221660
40738,863227678
40738,863231447
40738,863257057
40738,863258444
40738,863260247
40738,867231352
40739,278203376
40739,287209331
40739,290203376
40739,291236772
40739,807203376
40739,807212831
40739,807253149
40739,808209331
40739,814235805
40739,815236772
40739,820203376
40739,820209331
40739,820212831
40739,820237678
40739,820239837
40739,820253149
40739,820256630
40739,825203376
40739,825209331
40739,825212831
40739,825216267
40739,826233731
40739,826235805
40739,828203376
40739,828209331
40739,829203376
40739,829209331
40739,829212831
40739,829216267
40739,829242516
40739,831203376
40739,831209331
40739,832253149
40739,832256630
40739,834203376
40739,834209331
40739,834212831
40739,834237678
40739,834239837
40739,834246104
40739,834256630
40739,836256630
40739,840253149
40739,840256630
40739,844203376
40739,844209331
40739,844233731
40739,844239837
40739,844246104
40739,844253149
40739,844256630
40739,844257289
40739,844260908
40739,845212831
40739,845235805
40739,845239837
40739,846203376
40739,846212831
40739,846216267
40739,848203376
40739,848209331
40739,848212831
40739,848216267
40739,848225100
40739,848253149
40739,848256630
40739,851236772
40739,852233731
40739,852236772
40739,852237678
40739,852253149
40739,852256630
40739,854203376
40739,855209331
40739,855212831
40739,855246104
40739,856203376
40739,856209331
40739,856212831
40739,856216267
40739,856236772
40739,856237678
40739,856239837
40739,856242516
40739,856246104
40739,856256630
40739,856257289
40739,863203376
40739,863209331
40739,863212831
40739,863216267
40739,863232487
40739,863237678
40739,863239837
40739,863242516
40739,863246104
40739,863256630
40739,863257289
40739,866203376
40739,866236772
40740,210223197
40740,210236920
40740,219220196
40740,219232999
40740,221232999
40740,230236506
40740,238240787
40740,242232999
40740,242236920
40740,242256612
40740,253220196
40740,265223197
40740,267256612
40740,270223197
40740,273232999
40740,276236920
40740,276255223
40740,276256612
40740,276256769
40740,280256612
40740,291223197
40740,300070903
40740,300075839
40740,300076254
40740,300081319
40740,300083494
40740,300190885
40740,300213884
40740,300220196
40740,300223197
40740,300224294
40740,300232999
40740,300236506
40740,300236920
40740,300237477
40740,300240787
40740,300241236
40740,300246565
40740,300247678
40740,300248492
40740,300255223
40740,300256612
40740,300256769
40740,300261299
40740,300266815
40740,300269626
40740,300269796
40740,300277909
40740,300278928
40740,324076254
40740,501190885
40740,501224294
40740,503223197
40740,503236920
40740,503240787
40740,511220196
40740,511223197
40740,511236506
40740,511236920
40740,511240787
40740,513223197
40740,515255223
40740,515269626
40740,517241236
40740,596241236
40740,804261299
40740,810240787
40740,810256612
40740,814223197
40740,815213884
40740,815223197
40740,826213884
40740,826224294
40740,826241236
40740,834246565
40740,834255223
40740,840255223
40740,851224294
40740,851241236
40740,851256612
40740,852255223
40740,856241236
40740,863213884
40740,863232999
40740,863236920
40740,863241236
40740,863266815
40740,866241236
40740,867241236
40741,206199503
40741,207199503
40741,210199503
40741,216199503
40741,217199503
40741,219226166
40741,221207948
40741,221226166
40741,234199503
40741,242226166
40741,253199503
40741,259236045
40741,260236045
40741,260251810
40741,276241187
40741,280226166
40741,284251810
40741,287241187
40741,289199503
40741,291199503
40741,300083236
40741,300199503
40741,300207948
40741,300212491
40741,300215700
40741,300221982
40741,300226166
40741,300236045
40741,300240359
40741,300241187
40741,300243908
40741,300246350
40741,300246417
40741,300247335
40741,300251521
40741,300251810
40741,300256831
40741,300258483
40741,300260779
40741,300263798
40741,300264205
40741,300264293
40741,300266400
40741,300266467
40741,300268903
40741,300269230
40741,300271248
40741,300273459
40741,300275048
40741,300278813
40741,321247335
40741,500207948
40741,501199503
40741,501207948
40741,502199503
40741,502207948
40741,502226166
40741,503199503
40741,503226166
40741,506226166
40741,508199503
40741,508226166
40741,508236045
40741,511199503
40741,511226166
40741,511246350
40741,513199503
40741,513236045
40741,515199503
40741,515226166
40741,515236045
40741,515241187
40741,517199503
40741,804246350
40741,804251810
40741,808199503
40741,810226166
40741,810278813
40741,814199503
40741,814246350
40741,815199503
40741,815241187
40741,820199503
40741,820251810
40741,829207948
40741,832199503
40741,834199503
40741,834226166
40741,840199503
40741,844199503
40741,845260779
40741,848199503
40741,851240359
40741,863199503
40741,863212491
40741,863240359
40741,863260779
40741,863269230
40741,866199503
40741,867199503
40742,215215223
40742,219235353
40742,230233306
40742,250232730
40742,250244067
40742,260233306
40742,260259377
40742,262233866
40742,262235794
40742,262241159
40742,262243388
40742,262244067
40742,262259377
40742,265233306
40742,267215223
40742,267238756
40742,270215223
40742,270236988
40742,270240947
40742,270241159
40742,270259377
40742,273235353
40742,273243388
40742,273251421
40742,276236988
40742,276240947
40742,276251421
40742,279232730
40742,280232730
40742,284190456
40742,287244067
40742,291213991
40742,291235794
40742,291240947
40742,291241159
40742,291259377
40742,513235794
40742,513241159
40742,513259377
40742,515232730
40742,515235794
40742,517233306
40742,517235794
40742,517236461
40742,517241159
40742,517251421
40742,517259240
40742,810215223
40742,810232730
40742,810236988
40742,815241159
40742,815243388
40742,815259377
40742,820215223
40742,826235794
40742,826236461
40742,826238756
40742,826240947
40742,826251421
40742,834215223
40742,836241159
40742,836251421
40742,840190456
40742,840232730
40742,844233306
40742,844258444
40742,851073374
40742,851235353
40742,851235794
40742,851236461
40742,851237646
40742,851238756
40742,851240947
40742,851241159
40742,851244067
40742,851251421
40742,852213991
40742,852232730
40742,852235353
40742,852235794
40742,852236461
40742,852237646
40742,852241159
40742,852244067
40742,852250954
40742,852259240
40742,855236461
40742,855241159
40742,856235794
40742,856241159
40742,863213991
40742,863232730
40742,863235353
40742,863235794
40742,863236461
40742,863237646
40742,863241159
40742,863250954
40742,863258444
40742,867237646
40743,201138412
40743,206138412
40743,207138412
40743,210186146
40743,214138412
40743,221138412
40743,231138412
40743,231186146
40743,233138412
40743,234138412
40743,242138412
40743,246138412
40743,246186146
40743,251138412
40743,251186146
40743,253208004
40743,256208004
40743,260138412
40743,264138412
40743,267225863
40743,272186146
40743,272208004
40743,276245637
40743,280138412
40743,283199915
40743,283206594
40743,283208004
40743,287255565
40743,291190765
40743,291199915
40743,291206594
40743,300186146
40743,300190765
40743,300199915
40743,300225863
40743,300255565
40743,300258498
40743,300258908
40743,300271800
40743,300272500
40743,500199915
40743,501138412
40743,501186146
40743,501190765
40743,501199915
40743,502138412
40743,502186146
40743,502190765
40743,502199915
40743,503138412
40743,503199915
40743,508199915
40743,511190765
40743,511206594
40743,511208004
40743,513190765
40743,513199915
40743,513255565
40743,515190765
40743,517190765
40743,517255565
40743,802199915
40743,802206594
40743,804248793
40743,808255565
40743,810225863
40743,815190765
40743,815235152
40743,815248793
40743,815258498
40743,818138412
40743,820225863
40743,820248793
40743,825138412
40743,826190765
40743,826199915
40743,829208004
40743,829225863
40743,834190765
40743,834225863
40743,834251479
40743,836272500
40743,840138412
40743,840208004
40743,844225863
40743,846138412
40743,851186146
40743,851190765
40743,851255565
40743,851258908
40743,851269181
40743,851272500
40743,863235152
40743,863251479
40743,863255565
40743,863257400
40743,863258498
40743,863269278
40743,866186146
40743,867138412
40744,279188545
40744,287188545
40744,287231677
40744,287241486
40744,287251854
40744,291228702
40744,808188545
40744,808192448
40744,808241486
40744,808251854
40744,810188545
40744,810210514
40744,814188545
40744,820186153
40744,820188545
40744,820241486
40744,820253163
40744,821244260
40744,821251854
40744,825188545
40744,825192448
40744,825213661
40744,826210514
40744,826277643
40744,828188545
40744,832188545
40744,832233419
40744,832251854
40744,832277643
40744,834188545
40744,834233419
40744,834241486
40744,834244260
40744,834251854
40744,834272600
40744,834277179
40744,834277643
40744,836188545
40744,836228702
40744,836251854
40744,836277643
40744,840213661
40744,840231677
40744,840241486
40744,844188545
40744,844210514
40744,844233419
40744,844241486
40744,844251854
40744,844259532
40744,844263578
40744,844277643
40744,844278046
40744,845244260
40744,845277643
40744,846188545
40744,846210514
40744,846231677
40744,848188545
40744,848210514
40744,852186153
40744,852188545
40744,852192448
40744,852228702
40744,852233419
40744,852241461
40744,852241486
40744,852251854
40744,852253163
40744,852277643
40744,852278046
40744,854241486
40744,854251854
40744,854277643
40744,855188545
40744,855228702
40744,855233419
40744,856074462
40744,856231677
40744,856233419
40744,856241486
40744,856251854
40744,856259532
40744,856277179
40744,856277643
40744,863210514
40744,863228702
40744,863231677
40744,863233419
40744,863241461
40744,863241486
40744,863251854
40744,863277643
40744,863278046
40744,866233419
40744,866245037
40744,866251854
40744,866259532
40744,866277643
40744,866278046
40745,278231747
40745,287231747
40745,287252371
40745,807231747
40745,807239053
40745,807252371
40745,808238794
40745,810238794
40745,810252371
40745,814231747
40745,820204963
40745,820231281
40745,820231747
40745,820238794
40745,820239053
40745,820252371
40745,825197445
40745,825204963
40745,825238794
40745,825239053
40745,825240130
40745,825252371
40745,826243812
40745,828231747
40745,829192119
40745,829231281
40745,829252371
40745,831204963
40745,831231747
40745,831238794
40745,831252371
40745,832205452
40745,832231281
40745,832239053
40745,834192119
40745,834231747
40745,834238794
40745,834252371
40745,836197445
40745,836231281
40745,836231747
40745,836238794
40745,836252371
40745,840192119
40745,844192119
40745,844205452
40745,844231281
40745,844231747
40745,844238794
40745,844239053
40745,844252371
40745,845204963
40745,846192119
40745,846231281
40745,846243812
40745,848192119
40745,848197445
40745,848204963
40745,848228618
40745,848231281
40745,848238794
40745,848239053
40745,848252371
40745,851241637
40745,852205452
40745,852240130
40745,852243812
40745,852248243
40745,854231747
40745,855192119
40745,855238794
40745,855239053
40745,855252371
40745,855278349
40745,856192119
40745,856231747
40745,856238794
40745,856239053
40745,856241637
40745,856243812
40745,856252371
40745,856264309
40745,856268889
40745,856278349
40745,863192119
40745,863231410
40745,863231747
40745,863238794
40745,863239053
40745,863241637
40745,863243812
40745,863252371
40745,863264309
40745,866192119
40745,866231747
40745,866239053
40745,866241637
40745,867204963
40745,867238794
40745,867252371
40746,210189513
40746,215189513
40746,215226110
40746,216189513
40746,216208093
40746,216215590
40746,216226110
40746,218226110
40746,219237221
40746,221189513
40746,221209989
40746,230189513
40746,230208093
40746,241189513
40746,250208093
40746,252189513
40746,253208093
40746,259208093
40746,260189513
40746,260208093
40746,260228302
40746,260237221
40746,260259377
40746,262259377
40746,270259377
40746,273209989
40746,273246800
40746,276241707
40746,279189513
40746,280246800
40746,283209989
40746,283228302
40746,284208093
40746,291189513
40746,291259377
40746,500189513
40746,501189513
40746,502189513
40746,502209989
40746,503189513
40746,503208093
40746,503209989
40746,506189513
40746,506208093
40746,506209989
40746,506226110
40746,508189513
40746,508208093
40746,508209989
40746,508226110
40746,511189513
40746,511208093
40746,511209989
40746,511226110
40746,511237221
40746,513189513
40746,513208093
40746,513237221
40746,513259377
40746,515189513
40746,515208093
40746,515237221
40746,517189513
40746,517215590
40746,517226110
40746,517237221
40746,517246800
40746,517254551
40746,802189513
40746,808208093
40746,810246800
40746,814189513
40746,815259377
40746,826189513
40746,826208093
40746,826215590
40746,826262402
40746,828208093
40746,840189513
40746,840208093
40746,840228302
40746,840237221
40746,845226110
40746,845241707
40746,846226110
40746,848189513
40746,851235781
40746,851262402
40746,851264388
40746,852215590
40746,855215590
40746,863241707
40746,863243923
40746,863246800
40746,863267920
40746,863271108
40746,863273906
40746,866264388
40746,866276493
40746,867189513
40747,272194765
40747,283193747
40747,283194765
40747,287194765
40747,287230899
40747,287233084
40747,289194765
40747,802193747
40747,802200389
40747,808194765
40747,808200389
40747,810194765
40747,810200389
40747,810246191
40747,814226161
40747,815194765
40747,815200389
40747,815247103
40747,820194765
40747,820216549
40747,820245371
40747,820246191
40747,820247103
40747,825246191
40747,826193747
40747,826200389
40747,826226161
40747,826238216
40747,826257279
40747,826259584
40747,828194765
40747,828246191
40747,832194765
40747,832230899
40747,832257279
40747,834194765
40747,834200389
40747,834216460
40747,834226161
40747,834230899
40747,834231591
40747,834246191
40747,836238216
40747,836246191
40747,840193747
40747,840194765
40747,840200389
40747,840214979
40747,840216460
40747,840230899
40747,840259584
40747,844230899
40747,844246191
40747,844247103
40747,844257279
40747,845233084
40747,845233486
40747,845240690
40747,845246191
40747,846193747
40747,846216460
40747,848194765
40747,848200389
40747,848216549
40747,848220440
40747,848226161
40747,848259584
40747,851194765
40747,851226161
40747,852233486
40747,855200389
40747,855226161
40747,855246191
40747,856194765
40747,856216460
40747,856216549
40747,856226161
40747,856230899
40747,856233486
40747,856246191
40747,856247103
40747,856253396
40747,856266039
40747,856272449
40747,863216460
40747,863216549
40747,863226161
40747,863233084
40747,863233486
40747,863240690
40747,863245371
40747,863246191
40747,863253396
40747,863257279
40747,866226161
40747,866246191
40747,866266039
40747,867231591
40747,867238216
40747,867257279
40748,206197781
40748,207197781
40748,210197781
40748,210203747
40748,214197781
40748,216193352
40748,217226226
40748,218221087
40748,218226226
40748,218226456
40748,221197781
40748,221226226
40748,230228520
40748,234193352
40748,242194911
40748,242241184
40748,246226226
40748,250255475
40748,253193352
40748,256197781
40748,256198141
40748,260226226
40748,260255475
40748,262255475
40748,265224158
40748,265226226
40748,267255475
40748,270221087
40748,273193352
40748,273224158
40748,273226226
40748,279224158
40748,283235945
40748,284226456
40748,287221087
40748,289193352
40748,291193352
40748,501197781
40748,502197781
40748,502198951
40748,503198141
40748,503226226
40748,506197781
40748,506198141
40748,506221087
40748,506226226
40748,508221087
40748,508226226
40748,508228520
40748,511197781
40748,511221087
40748,511226226
40748,511228520
40748,511255475
40748,513193352
40748,513197781
40748,513221087
40748,513224158
40748,513228520
40748,515197781
40748,515226226
40748,515228520
40748,515237034
40748,515246657
40748,517197781
40748,517198141
40748,517212602
40748,517226226
40748,517246657
40748,517252324
40748,517255475
40748,804252324
40748,804264432
40748,810252324
40748,810277537
40748,815193352
40748,820197781
40748,820237034
40748,825197781
40748,825198141
40748,826193352
40748,828197781
40748,829197781
40748,829198141
40748,844197781
40748,845226226
40748,846197781
40748,848197781
40748,848203747
40748,852193352
40748,852198141
40748,852241867
40748,855255475
40748,863193352
40748,863198951
40748,863224158
40748,863264432
40748,866226456
40748,866264432
40748,867197781
40749,206192629
40749,206192638
40749,206219985
40749,206223061
40749,215192629
40749,215224179
40749,218224179
40749,221192638
40749,242192638
40749,246192638
40749,246223061
40749,250192629
40749,260192638
40749,260219985
40749,260234102
40749,262259233
40749,265234102
40749,267192629
40749,273219985
40749,276235997
40749,279192629
40749,279224179
40749,280240223
40749,280265800
40749,283192629
40749,284192629
40749,287192629
40749,291224179
40749,291230021
40749,300075628
40749,300192629
40749,300192638
40749,300219985
40749,300220821
40749,300222572
40749,300224179
40749,300230021
40749,300234102
40749,300235997
40749,300252866
40749,300259233
40749,300259694
40749,300262140
40749,300263227
40749,300264095
40749,300265800
40749,300266331
40749,300271916
40749,300272453
40749,300276745
40749,300277029
40749,300279027
40749,300279112
40749,500192629
40749,500219985
40749,501192629
40749,501192638
40749,501219985
40749,501224179
40749,502192629
40749,502192638
40749,502219985
40749,502224179
40749,503192629
40749,503192638
40749,503219985
40749,503234102
40749,506192629
40749,508192629
40749,508192638
40749,511192629
40749,511192638
40749,511234102
40749,513192629
40749,513224179
40749,513235997
40749,515192629
40749,515259694
40749,517192629
40749,517192638
40749,517224179
40749,517271916
40749,596192629
40749,802192629
40749,810192638
40749,810219985
40749,810271916
40749,814192638
40749,815234102
40749,826192629
40749,826259694
40749,834265800
40749,848192638
40749,851192638
40749,851259694
40749,852224179
40749,852259694
40749,863220821
40749,866224179
40749,867192629
40750,210224411
40750,210230142
40750,219235944
40750,219237681
40750,246224411
40750,250230142
40750,250234153
40750,252230142
40750,253225263
40750,253230142
40750,256224411
40750,259230142
40750,260258775
40750,265224411
40750,265237681
40750,267234153
40750,270224411
40750,272225263
40750,273225263
40750,276258775
40750,280234153
40750,280241811
40750,283226221
40750,283230142
40750,283233738
40750,283234153
40750,283235944
40750,291227127
40750,291235944
40750,291237681
40750,503230142
40750,506224411
40750,506230142
40750,508224411
40750,508227127
40750,508230142
40750,508234153
40750,511224411
40750,511225263
40750,511226221
40750,511227127
40750,511230142
40750,511234153
40750,513226221
40750,513227127
40750,513230142
40750,513233738
40750,513235944
40750,513237681
40750,515226221
40750,515227127
40750,515230142
40750,515233738
40750,515234060
40750,515235944
40750,515237681
40750,517227127
40750,517230142
40750,517233738
40750,517234060
40750,517234153
40750,517235944
40750,517237681
40750,804241811
40750,804264701
40750,808237681
40750,810226221
40750,810227127
40750,810230142
40750,810231627
40750,810233738
40750,810234035
40750,810234153
40750,810235944
40750,810237681
40750,810241811
40750,810246672
40750,810246748
40750,810262510
40750,810264701
40750,810269186
40750,814227127
40750,815230142
40750,820237681
40750,821230142
40750,821231627
40750,825241811
40750,826235944
40750,836237681
40750,848224411
40750,851237681
40750,851241811
40750,851259848
40750,852230142
40750,852233738
40750,863225263
40750,863230142
40750,863237681
40750,866230142
40750,867234060
40751,215217940
40751,267197891
40751,273232665
40751,291217940
40751,291223952
40751,291228635
40751,300073373
40751,300073374
40751,300073375
40751,300078728
40751,300079393
40751,300080675
40751,300082440
40751,300082907
40751,300189860
40751,300192667
40751,300197891
40751,300217940
40751,300220414
40751,300223952
40751,300226157
40751,300228635
40751,300232665
40751,300234835
40751,300237626
40751,300242201
40751,300245628
40751,300247458
40751,300251651
40751,300260178
40751,300260404
40751,300261307
40751,300264325
40751,300266085
40751,300270379
40751,300273850
40751,300274555
40751,300275986
40751,300277269
40751,300277825
40751,320260404
40751,323192667
40751,323266085
40751,323277825
40751,324192667
40751,500223952
40751,501189860
40751,501217940
40751,501223952
40751,502217940
40751,502223952
40751,503192667
40751,503217940
40751,503223952
40751,503228635
40751,503232665
40751,503234835
40751,506217940
40751,506223952
40751,506232665
40751,508217940
40751,508223952
40751,511197891
40751,511223952
40751,511232665
40751,515223952
40751,517223952
40751,517232665
40751,517242201
40751,820220414
40751,825228635
40751,826228635
40751,840223952
40751,851073374
40751,851220414
40751,851232665
40751,851242201
40751,851260178
40751,852197891
40751,866242201
40751,867217940
40752,287202126
40752,287212622
40752,287237086
40752,807202126
40752,807237086
40752,810202126
40752,810209658
40752,810212622
40752,810256790
40752,814212622
40752,818167495
40752,820202126
40752,820213331
40752,820256790
40752,821206113
40752,826209658
40752,826212622
40752,826241084
40752,826259197
40752,828167495
40752,832202126
40752,832212622
40752,832213331
40752,832256790
40752,834202126
40752,834212622
40752,834229558
40752,834234396
40752,834237086
40752,834241084
40752,834247827
40752,834256790
40752,836167495
40752,836202126
40752,836234396
40752,836256790
40752,839241084
40752,840213331
40752,844202126
40752,844212622
40752,844213331
40752,844229558
40752,844234396
40752,844237086
40752,844247827
40752,844256790
40752,848167495
40752,848202126
40752,848206113
40752,848212622
40752,848213331
40752,848234396
40752,848237086
40752,851241084
40752,851259197
40752,851263765
40752,852209658
40752,852209889
40752,852213331
40752,852225375
40752,855167495
40752,855202126
40752,855212622
40752,855213331
40752,855241084
40752,855247827
40752,855256790
40752,856078063
40752,856202126
40752,856206113
40752,856212622
40752,856225375
40752,856229558
40752,856241084
40752,856247827
40752,856259197
40752,856275298
40752,862237086
40752,863202126
40752,863206113
40752,863209658
40752,863212622
40752,863213331
40752,863225375
40752,863229558
40752,863234396
40752,863237086
40752,863241084
40752,863247827
40752,863250955
40752,863275298
40752,866078063
40752,866202126
40752,866206113
40752,866212622
40752,866213331
40752,866229558
40752,866241084
40752,866247827
40752,866275298
40753,267212190
40753,267247819
40753,270212190
40753,270247819
40753,280212194
40753,287212194
40753,287235073
40753,287247819
40753,291190765
40753,291224196
40753,804246863
40753,808212194
40753,808215441
40753,808235073
40753,810204923
40753,810208333
40753,810212190
40753,810212194
40753,810224196
40753,810229891
40753,810235073
40753,810235407
40753,810247819
40753,810251852
40753,814204923
40753,814212190
40753,815204923
40753,815212190
40753,815235407
40753,820215441
40753,820229476
40753,820235073
40753,820247819
40753,821212194
40753,826190765
40753,826212194
40753,826254117
40753,829208333
40753,829212190
40753,829212194
40753,829235073
40753,829247819
40753,832212194
40753,832215441
40753,832235073
40753,834190765
40753,834208333
40753,834212194
40753,834215441
40753,834224196
40753,834229476
40753,834229891
40753,834235073
40753,834246863
40753,834247819
40753,834251852
40753,836212194
40753,836254117
40753,840208333
40753,844215441
40753,844247819
40753,848204923
40753,848212190
40753,851190765
40753,851212194
40753,851229891
40753,852208333
40753,855215441
40753,855246863
40753,855247819
40753,856204923
40753,856212194
40753,856215441
40753,856224196
40753,856229476
40753,856229891
40753,856235073
40753,856246863
40753,856247819
40753,856251852
40753,856252037
40753,856259075
40753,856259356
40753,856259716
40753,856270964
40753,863204923
40753,863224196
40753,863229476
40753,863229891
40753,863235073
40753,863235407
40753,863246863
40753,863247819
40753,863251852
40753,863259716
40753,866215441
40753,866229891
40753,866235073
40753,866247819
40753,867208333
40754,221212188
40754,230212188
40754,250240709
40754,253233195
40754,253242187
40754,260212188
40754,260257876
40754,262240709
40754,262242187
40754,267236703
40754,270233195
40754,270236703
40754,270262138
40754,273212188
40754,273222331
40754,276257876
40754,276262138
40754,280204638
40754,280212188
40754,280233195
40754,280236703
40754,283242187
40754,284195365
40754,284212188
40754,287243580
40754,287245367
40754,291204638
40754,291240709
40754,291242187
40754,513204638
40754,515185122
40754,515204638
40754,515243580
40754,515245367
40754,517185122
40754,517204638
40754,517233195
40754,517236703
40754,517243580
40754,517245367
40754,517262138
40754,804243580
40754,804245367
40754,808243580
40754,810195365
40754,810222331
40754,810228579
40754,810233195
40754,810236703
40754,810242187
40754,810243580
40754,810245367
40754,810257876
40754,810262138
40754,810265450
40754,815204638
40754,815228579
40754,815233195
40754,815242187
40754,815243580
40754,815245367
40754,815257876
40754,815265450
40754,820243580
40754,820245367
40754,820265450
40754,821222331
40754,825212188
40754,826228579
40754,826233195
40754,826236703
40754,829243580
40754,832185122
40754,832243580
40754,832245367
40754,834265450
40754,836212188
40754,836245367
40754,836262863
40754,844185122
40754,844245367
40754,848195365
40754,848212188
40754,851243580
40754,852204638
40754,852228579
40754,855236703
40754,856243580
40754,856245367
40754,863078012
40754,863233195
40754,863236703
40754,863240709
40754,863242187
40754,863245367
40754,863257876
40754,863262863
40754,866236703
40754,866242187
40754,867245367
40755,221238476
40755,238238476
40755,242223885
40755,242238476
40755,283227647
40755,291238900
40755,300075056
40755,300079300
40755,300081634
40755,300223603
40755,300223885
40755,300227647
40755,300229584
40755,300238379
40755,300238476
40755,300238900
40755,300239096
40755,300239340
40755,300241925
40755,300242602
40755,300244176
40755,300247360
40755,300250959
40755,300251829
40755,300252448
40755,300254022
40755,300257073
40755,300257504
40755,300260574
40755,300263573
40755,300266685
40755,300270465
40755,300277742
40755,300278780
40755,318241925
40755,319244176
40755,321238476
40755,501238476
40755,502223885
40755,502238476
40755,503223885
40755,503227647
40755,503238476
40755,511223885
40755,511244176
40755,515223885
40755,515227647
40755,515238900
40755,515241925
40755,515244176
40755,515250959
40755,517223885
40755,517227647
40755,517238900
40755,517239340
40755,517244176
40755,517250959
40755,517254022
40755,814223885
40755,820227647
40755,820238900
40755,820244176
40755,826239340
40755,826241925
40755,826250959
40755,832227647
40755,832244176
40755,851227647
40755,851238900
40755,851250959
40755,852223885
40755,852227647
40755,852238900
40755,852239340
40755,852241925
40755,852250959
40755,852251829
40755,852254022
40755,855227647
40755,855250959
40755,856254022
40755,863238900
40755,863254022
40755,863257504
40755,866244176
40755,866250959
40756,206193698
40756,206216354
40756,207216354
40756,218216258
40756,219239890
40756,238246618
40756,241216354
40756,242239890
40756,250216354
40756,253216354
40756,253244470
40756,253246618
40756,260232805
40756,270246618
40756,272216354
40756,273216354
40756,283193698
40756,291193698
40756,291216354
40756,291245863
40756,300070038
40756,300071418
40756,300073057
40756,300074464
40756,300074871
40756,300076924
40756,300193698
40756,300211856
40756,300216258
40756,300216354
40756,300228595
40756,300232805
40756,300232873
40756,300239890
40756,300244050
40756,300244470
40756,300245863
40756,300246618
40756,300256564
40756,300259074
40756,300263041
40756,300265577
40756,300269084
40756,300271246
40756,300276646
40756,300276969
40756,300279542
40756,320259074
40756,323070038
40756,500193698
40756,500216354
40756,501193698
40756,501216258
40756,501216354
40756,502193698
40756,502216258
40756,502216354
40756,503193698
40756,503211856
40756,503216258
40756,503216354
40756,503239890
40756,506193698
40756,506216354
40756,508193698
40756,508216354
40756,511193698
40756,511216354
40756,511244470
40756,511246618
40756,513193698
40756,513216354
40756,515193698
40756,515216354
40756,517193698
40756,517216354
40756,517246618
40756,802193698
40756,815216354
40756,815244470
40756,815246618
40756,826193698
40756,826216354
40756,826232805
40756,826245863
40756,840246618
40756,848232805
40756,851216354
40756,851246618
40756,863193698
40756,863216354
40756,863232873
40756,863244470
40756,863276646
40756,866193698
40756,866216354
40756,866244470
40757,246208618
40757,250208618
40757,250210035
40757,250247263
40757,253234236
40757,256208618
40757,260208618
40757,260210035
40757,265234236
40757,267210035
40757,267234236
40757,267236786
40757,273210324
40757,273231521
40757,273256197
40757,274208618
40757,276256197
40757,279210035
40757,279236786
40757,280204092
40757,280208618
40757,280210035
40757,287210035
40757,287210324
40757,291211738
40757,291212242
40757,291247263
40757,515228813
40757,517210035
40757,517228813
40757,517231521
40757,517234236
40757,517256197
40757,804255106
40757,808210035
40757,808228813
40757,810204092
40757,810208618
40757,810256853
40757,814210324
40757,815211738
40757,820210035
40757,820228813
40757,820231521
40757,825208618
40757,826210324
40757,829208618
40757,831210035
40757,834208618
40757,834210035
40757,834212242
40757,834228813
40757,834231521
40757,834234236
40757,834237328
40757,834247263
40757,834255223
40757,834256197
40757,834256853
40757,834272781
40757,836272781
40757,840210035
40757,840212242
40757,840231521
40757,840237328
40757,840247263
40757,840255106
40757,840255223
40757,840256197
40757,844210035
40757,844234236
40757,844256197
40757,844256853
40757,848210035
40757,848210324
40757,848212242
40757,848231521
40757,848247263
40757,852204092
40757,852255223
40757,855210035
40757,855234236
40757,856076416
40757,856210035
40757,856211738
40757,856228813
40757,856234236
40757,856247263
40757,856255106
40757,856256853
40757,856264219
40757,856273651
40757,856275028
40757,856275029
40757,863234236
40757,863256197
40757,863256853
40757,863272781
40757,866210035
40757,866228813
40758,201207862
40758,210207862
40758,215226168
40758,230207862
40758,241207862
40758,242207862
40758,253207862
40758,253231366
40758,259209846
40758,260257877
40758,267209846
40758,267212096
40758,270207862
40758,279212096
40758,283199897
40758,283209846
40758,284207862
40758,284212096
40758,287212096
40758,291199897
40758,291207862
40758,291207897
40758,291209846
40758,291226168
40758,300207862
40758,300207897
40758,300208335
40758,300209846
40758,300212096
40758,300226168
40758,300231366
40758,300234833
40758,300234875
40758,300240451
40758,300250931
40758,300255185
40758,300258316
40758,300259714
40758,300259750
40758,300262659
40758,300263022
40758,300276694
40758,318216497
40758,500207862
40758,501207862
40758,501212096
40758,501216497
40758,501226168
40758,502207862
40758,502209846
40758,502212096
40758,502226168
40758,503199897
40758,503207862
40758,503209846
40758,503226168
40758,503234875
40758,506207862
40758,506209846
40758,506212096
40758,508207862
40758,508209846
40758,508212096
40758,508234833
40758,511199897
40758,511207862
40758,511209846
40758,511212096
40758,511234833
40758,513207862
40758,513209846
40758,513212096
40758,513231366
40758,515207862
40758,515209846
40758,515212096
40758,515231366
40758,517207862
40758,517212096
40758,517231366
40758,802199897
40758,802209846
40758,808212096
40758,815231366
40758,815257877
40758,820240451
40758,821207862
40758,826199897
40758,826212096
40758,826226168
40758,826234875
40758,826258316
40758,826262659
40758,851207862
40758,851212096
40758,851226168
40758,851234875
40758,852207862
40758,863231366
40758,863276694
40759,280208128
40759,280210406
40759,280226268
40759,280237383
40759,287208128
40759,287224232
40759,287228093
40759,287231478
40759,808224232
40759,808226268
40759,808231478
40759,808237383
40759,810177683
40759,810224232
40759,810229237
40759,814208128
40759,814226851
40759,815208128
40759,815233096
40759,820177683
40759,820192883
40759,820208128
40759,820226268
40759,820228093
40759,820231478
40759,820237383
40759,825226851
40759,825229237
40759,826184392
40759,826224232
40759,829198176
40759,829208128
40759,829224232
40759,829229237
40759,829231478
40759,829233096
40759,829237383
40759,832208128
40759,832226268
40759,832228093
40759,832231478
40759,832237383
40759,834177683
40759,834198176
40759,834208128
40759,834226851
40759,834231478
40759,834233096
40759,834241736
40759,836231478
40759,836237383
40759,840184392
40759,840192883
40759,840224232
40759,844224232
40759,844226268
40759,844228093
40759,844233096
40759,844237383
40759,845199845
40759,845224232
40759,845231478
40759,848198176
40759,848210406
40759,848224232
40759,848226851
40759,848231478
40759,848237383
40759,851192883
40759,852208128
40759,852229237
40759,855224232
40759,855231478
40759,855233096
40759,855237383
40759,856177683
40759,856192883
40759,856199845
40759,856208128
40759,856210406
40759,856224232
40759,856226268
40759,856228093
40759,856231478
40759,856233096
40759,856237383
40759,856241736
40759,856258648
40759,856277327
40759,863208128
40759,863229237
40759,863231478
40759,863233096
40759,863276278
40759,866210406
40759,866226268
40759,866229237
40759,866231478
40759,867208128
40759,867224232
40760,240192985
40760,250192505
40760,250192985
40760,256192985
40760,258192985
40760,259192505
40760,267192985
40760,267217870
40760,272192505
40760,272192985
40760,273192505
40760,273192985
40760,278192985
40760,280192985
40760,280216435
40760,280217870
40760,280227236
40760,287192985
40760,287216435
40760,287217870
40760,287236632
40760,289192505
40760,291243241
40760,291261865
40760,804259399
40760,807192985
40760,808217870
40760,810216409
40760,810216435
40760,810217870
40760,810225116
40760,810227236
40760,810244263
40760,815192505
40760,815216435
40760,815237238
40760,815259399
40760,820261865
40760,825192985
40760,826192505
40760,826216409
40760,826216435
40760,826217870
40760,826227236
40760,826259399
40760,828192505
40760,828192985
40760,829192505
40760,832243241
40760,832261865
40760,834239380
40760,836192505
40760,836192985
40760,840192505
40760,840202884
40760,840227236
40760,840237238
40760,844192505
40760,844217870
40760,844224836
40760,844237238
40760,844239380
40760,844243241
40760,844244263
40760,845217870
40760,846192505
40760,846192985
40760,846237238
40760,848192505
40760,848192985
40760,848216435
40760,848217870
40760,848225116
40760,848227236
40760,848240716
40760,848241390
40760,848244263
40760,851216409
40760,851216435
40760,851261865
40760,851262394
40760,851268474
40760,852192985
40760,852237238
40760,852262394
40760,855192505
40760,855227236
40760,855237238
40760,855244263
40760,856239380
40760,863192505
40760,863192985
40760,863237238
40760,863240716
40760,863245992
40760,866237238
40760,866259399
40760,867200752
40760,867217870
40760,867240716
40761,222211110
40761,230211110
40761,230228251
40761,241211110
40761,241220651
40761,242220651
40761,250220651
40761,250224490
40761,250231447
40761,256211110
40761,260211110
40761,260224490
40761,260229668
40761,260232223
40761,265208268
40761,265220651
40761,267211110
40761,267228251
40761,267236403
40761,273231447
40761,276250723
40761,279228251
40761,280232223
40761,280236403
40761,284190813
40761,284228251
40761,287211110
40761,291250723
40761,511211110
40761,515211110
40761,515228251
40761,515229582
40761,515229906
40761,515242458
40761,517208268
40761,517211110
40761,517228251
40761,517229582
40761,517229668
40761,517230872
40761,517236403
40761,517242458
40761,517250723
40761,804259608
40761,804269312
40761,810229668
40761,810231447
40761,815208268
40761,815224490
40761,815229582
40761,815231447
40761,820211110
40761,820228251
40761,820229582
40761,820231447
40761,820242458
40761,820265695
40761,826208268
40761,826229906
40761,828211110
40761,829220651
40761,829231447
40761,832211110
40761,832242458
40761,834229906
40761,834232223
40761,836211110
40761,836228251
40761,840190813
40761,840208268
40761,840211110
40761,840224490
40761,840228251
40761,840229582
40761,840236403
40761,844211110
40761,845236403
40761,846211110
40761,848211110
40761,848224490
40761,848228251
40761,848265695
40761,851220651
40761,851229582
40761,851230872
40761,851236403
40761,851242458
40761,851250723
40761,852211110
40761,855230872
40761,863224490
40761,863231447
40761,863236403
40761,863250723
40761,863262745
40761,866080170
40761,866230872
40761,866236403
40761,867228251
40761,867250723
40762,206199564
40762,206201153
40762,206211117
40762,207201153
40762,210211117
40762,214199564
40762,214201153
40762,217211117
40762,221199564
40762,221201153
40762,221211117
40762,221246646
40762,230219693
40762,237201153
40762,238246646
40762,242199564
40762,242201153
40762,242219693
40762,246199564
40762,253201153
40762,256199564
40762,256201153
40762,260201153
40762,260205566
40762,260251464
40762,264205566
40762,272211117
40762,273201153
40762,280267991
40762,283199564
40762,284201153
40762,287261478
40762,291223671
40762,300201153
40762,300219693
40762,300223671
40762,300239977
40762,300246646
40762,300262842
40762,300277846
40762,500199564
40762,500201153
40762,500211117
40762,501199564
40762,501201153
40762,501211117
40762,501219693
40762,502199564
40762,502201153
40762,502211117
40762,502219693
40762,503199564
40762,503201153
40762,503211117
40762,503219693
40762,503246646
40762,506199564
40762,506201153
40762,506219693
40762,508199564
40762,508201153
40762,508211117
40762,511201153
40762,511205566
40762,511219693
40762,513201153
40762,513219693
40762,513246646
40762,515199564
40762,515201153
40762,517201153
40762,517239977
40762,517277846
40762,802199564
40762,808201153
40762,810199564
40762,810201153
40762,810277846
40762,815201153
40762,815223671
40762,821219693
40762,825199564
40762,825201153
40762,826223671
40762,829199564
40762,834239977
40762,836277846
40762,840205566
40762,840219693
40762,844277846
40762,846199564
40762,846211117
40762,848211117
40762,851254579
40762,855277846
40762,863223671
40762,866070966
40762,866261478
40762,866267991
40762,866277846
40763,256177003
40763,259177003
40763,260177003
40763,265237942
40763,267177003
40763,267215698
40763,267232411
40763,267241721
40763,270232411
40763,270232756
40763,270241721
40763,272177003
40763,273177003
40763,273210008
40763,273227796
40763,274177003
40763,278177003
40763,279210008
40763,279215698
40763,279232411
40763,279232756
40763,279241721
40763,280177003
40763,280232411
40763,280241721
40763,280242664
40763,283210008
40763,287177003
40763,287205431
40763,287210008
40763,287232411
40763,287241721
40763,289177003
40763,291232756
40763,291237942
40763,801210008
40763,802177003
40763,804245152
40763,808177003
40763,808210008
40763,808215698
40763,808241721
40763,810177003
40763,810205431
40763,814213666
40763,815177003
40763,815205431
40763,815210008
40763,815215698
40763,815241721
40763,815245630
40763,815254840
40763,818177003
40763,820227796
40763,820241721
40763,825177003
40763,825227796
40763,826205431
40763,828177003
40763,828215698
40763,828232411
40763,828241721
40763,829177003
40763,832215698
40763,832227796
40763,834177003
40763,834215698
40763,834227796
40763,834240277
40763,834241721
40763,834245152
40763,834245630
40763,834246172
40763,834257186
40763,836177003
40763,836227796
40763,844210008
40763,844227796
40763,845245152
40763,846177003
40763,848177003
40763,848232756
40763,848241721
40763,848242664
40763,851237942
40763,851241721
40763,852232411
40763,855227796
40763,863177003
40763,863215698
40763,863227796
40763,863237942
40763,863241721
40763,863242664
40763,863245152
40763,866177003
40763,866210008
40763,866215698
40763,866242664
40763,867210008
40764,250240679
40764,259208574
40764,267208574
40764,267239580
40764,267240690
40764,267246430
40764,270246430
40764,279208574
40764,279239580
40764,279246430
40764,280255654
40764,283240679
40764,287239580
40764,287243580
40764,287243630
40764,291208574
40764,291222077
40764,804243580
40764,808239580
40764,808243580
40764,810243580
40764,810257290
40764,814239580
40764,814246430
40764,814247246
40764,820239580
40764,820239763
40764,820240679
40764,820243580
40764,820243630
40764,820246430
40764,826222077
40764,826238744
40764,826258966
40764,828246430
40764,829205175
40764,829243580
40764,832239580
40764,832239763
40764,832243580
40764,832243630
40764,832246430
40764,834222077
40764,834235840
40764,834238744
40764,834239763
40764,834240679
40764,834243630
40764,834246430
40764,834247246
40764,834255654
40764,834258966
40764,834261050
40764,834266872
40764,834277954
40764,836243630
40764,836246430
40764,836277954
40764,840208574
40764,840240679
40764,844222077
40764,844243630
40764,845222077
40764,845240690
40764,848255654
40764,851243580
40764,851277954
40764,852198009
40764,852238744
40764,852239580
40764,852246430
40764,852258966
40764,855277954
40764,856222077
40764,856231512
40764,856235840
40764,856238744
40764,856240679
40764,856240690
40764,856243580
40764,856243630
40764,856246430
40764,856247246
40764,856255654
40764,856258966
40764,856261050
40764,856266872
40764,856268802
40764,856277954
40764,863238744
40764,863240690
40764,863243630
40764,863247246
40764,863277954
40764,866222077
40764,866238744
40764,866239580
40764,866277954
40764,867222077
40764,867239580
40765,250208165
40765,262226710
40765,262253002
40765,264207993
40765,265223273
40765,265226710
40765,270226710
40765,273223273
40765,276239368
40765,280253002
40765,283207993
40765,284208461
40765,284216150
40765,287230899
40765,515230899
40765,515252154
40765,517230899
40765,517252154
40765,517266866
40765,804256115
40765,810253002
40765,815208165
40765,815208461
40765,815223273
40765,815253002
40765,815265188
40765,826208165
40765,826208461
40765,826247229
40765,826251470
40765,826256115
40765,826266866
40765,829239368
40765,832230899
40765,832251470
40765,834207993
40765,834208165
40765,834208461
40765,834216150
40765,834223273
40765,834230899
40765,834239368
40765,834246875
40765,834247229
40765,834251470
40765,834252154
40765,834253177
40765,834256115
40765,834260697
40765,834266866
40765,836251470
40765,836265188
40765,840207993
40765,840208165
40765,840208461
40765,840216150
40765,840223273
40765,840226710
40765,840230899
40765,840251470
40765,840260697
40765,840262113
40765,840265188
40765,840266866
40765,844230899
40765,844266866
40765,845246875
40765,848207993
40765,848208165
40765,848216150
40765,848223273
40765,848246875
40765,848251470
40765,848252154
40765,848260697
40765,851208461
40765,851247229
40765,851277839
40765,856074483
40765,856074574
40765,856208165
40765,856208461
40765,856216150
40765,856223273
40765,856226710
40765,856230899
40765,856246875
40765,856247229
40765,856251470
40765,856252154
40765,856256115
40765,856260697
40765,856266866
40765,856277839
40765,863207993
40765,863223273
40765,863246875
40765,863251470
40765,863260697
40765,867208461
40766,258207865
40766,278235212
40766,280247635
40766,287207865
40766,287243780
40766,287247635
40766,287256903
40766,808207865
40766,808231443
40766,808243780
40766,808247635
40766,810231443
40766,810247635
40766,810255253
40766,810270673
40766,814243780
40766,815226271
40766,815247635
40766,820231443
40766,820251752
40766,820255253
40766,820270673
40766,820272834
40766,826247635
40766,829207865
40766,832207865
40766,832231443
40766,832247635
40766,832255253
40766,832264652
40766,834207865
40766,834226271
40766,834231443
40766,834247635
40766,834251752
40766,834252145
40766,834255253
40766,834256196
40766,834264652
40766,834271421
40766,834272834
40766,836207865
40766,836231443
40766,836243780
40766,836252145
40766,836256903
40766,836270673
40766,836272834
40766,840220814
40766,844207865
40766,844231443
40766,844251752
40766,844252145
40766,844255253
40766,844256196
40766,844264652
40766,844272834
40766,845207865
40766,845226271
40766,848247635
40766,852231443
40766,854231443
40766,854252145
40766,854255253
40766,855207865
40766,855247635
40766,855256196
40766,855264652
40766,855271421
40766,855272834
40766,856070004
40766,856207865
40766,856226271
40766,856231443
40766,856243780
40766,856247635
40766,856252145
40766,856255253
40766,856256196
40766,856264652
40766,856270673
40766,856271421
40766,856272834
40766,862243780
40766,863207865
40766,863226271
40766,863243780
40766,863252145
40766,863255253
40766,863256196
40766,863256903
40766,863264652
40766,863272834
40766,866231443
40766,866247635
40766,866252145
40766,866255253
40766,866256196
40766,866264652
40766,866270673
40767,206204970
40767,210204970
40767,210235454
40767,210238463
40767,215204970
40767,218216388
40767,221238463
40767,242235454
40767,242238463
40767,260235454
40767,262233866
40767,262238463
40767,265204970
40767,280238463
40767,283235454
40767,287227232
40767,300070005
40767,300075319
40767,300075320
40767,300077056
40767,300077105
40767,300077633
40767,300083218
40767,300176994
40767,300199721
40767,300204970
40767,300208787
40767,300212491
40767,300212613
40767,300216388
40767,300220837
40767,300221284
40767,300223597
40767,300227232
40767,300229236
40767,300233866
40767,300235454
40767,300238463
40767,300246688
40767,300257020
40767,300258601
40767,300259816
40767,300268534
40767,300270997
40767,300271918
40767,300277935
40767,318220837
40767,321204970
40767,322271918
40767,324199721
40767,324216388
40767,500176994
40767,500204970
40767,500216388
40767,501176994
40767,501204970
40767,501216388
40767,501223597
40767,502176994
40767,502204970
40767,502208787
40767,502212613
40767,502216388
40767,502223597
40767,502235454
40767,503208787
40767,503216388
40767,503235454
40767,506204970
40767,506208787
40767,506216388
40767,508216388
40767,508223597
40767,511216388
40767,511235454
40767,513208787
40767,513216388
40767,513238463
40767,515221284
40767,515238463
40767,517221284
40767,596221284
40767,810238463
40767,814216388
40767,829220837
40767,829221284
40767,829227232
40767,834259816
40767,840204970
40767,852238463
40767,863212491
40767,863246688
40767,866204970
40767,866208787
40767,866229236
40767,866235454
40767,866258601
40768,206178509
40768,206202371
40768,207178509
40768,207211575
40768,210213296
40768,216178509
40768,217201143
40768,221178509
40768,221202371
40768,230190674
40768,231178509
40768,233178509
40768,234178509
40768,234201143
40768,237202371
40768,237210897
40768,237211575
40768,242178509
40768,242202371
40768,242210897
40768,246202371
40768,246210897
40768,250190674
40768,251178509
40768,251202371
40768,251211575
40768,252190674
40768,253178509
40768,253202371
40768,256202371
40768,260190674
40768,260201143
40768,264201143
40768,264202371
40768,265211575
40768,272178509
40768,272202371
40768,273202371
40768,279178509
40768,280178509
40768,280202371
40768,283201143
40768,287190674
40768,287210897
40768,289178509
40768,291178509
40768,501202371
40768,502178509
40768,502202371
40768,503190674
40768,503202371
40768,506190674
40768,506202371
40768,508178509
40768,508190674
40768,508202371
40768,508231318
40768,511178509
40768,511190674
40768,511210897
40768,511231318
40768,513178509
40768,513190674
40768,513210897
40768,515178509
40768,515190674
40768,515210897
40768,517178509
40768,517190674
40768,517262088
40768,517269493
40768,814178509
40768,815178509
40768,818178509
40768,820178509
40768,820210897
40768,820213296
40768,820270559
40768,825178509
40768,834190674
40768,834201143
40768,834202371
40768,834246548
40768,834269493
40768,834274447
40768,834276048
40768,834278901
40768,840211575
40768,844232360
40768,844269493
40768,845201143
40768,845211575
40768,848178509
40768,852178509
40768,852211575
40768,863201143
40768,863202371
40768,863210897
40768,863213296
40768,866190674
40769,206219683
40769,207219683
40769,214219683
40769,215211256
40769,217211256
40769,217220093
40769,221219683
40769,221220093
40769,222211256
40769,230211256
40769,238225782
40769,242219683
40769,242220093
40769,246211256
40769,246219683
40769,252211256
40769,253219683
40769,253240702
40769,260211256
40769,260219683
40769,260240702
40769,260265459
40769,262234078
40769,264210372
40769,272219683
40769,273211256
40769,280208364
40769,280240702
40769,283219683
40769,300071170
40769,300078145
40769,300078216
40769,300080067
40769,300080690
40769,300083214
40769,300208364
40769,300210372
40769,300211256
40769,300219683
40769,300220093
40769,300225782
40769,300225859
40769,300234078
40769,300234371
40769,300240702
40769,300247050
40769,300254551
40769,300256104
40769,300256420
40769,300256970
40769,300262102
40769,300263139
40769,300263815
40769,300264325
40769,300265459
40769,300268312
40769,300268763
40769,300272505
40769,300276901
40769,321247050
40769,323210372
40769,324210372
40769,501219683
40769,502219683
40769,502220093
40769,502225782
40769,503219683
40769,503220093
40769,503225859
40769,506220093
40769,508219683
40769,508220093
40769,508225859
40769,511211256
40769,511219683
40769,511220093
40769,513211256
40769,513219683
40769,517211256
40769,517219683
40769,517225859
40769,517254551
40769,517256420
40769,596219683
40769,804268312
40769,815234078
40769,834272505
40769,840225782
40769,844219683
40769,845211256
40769,852225782
40769,855219683
40769,863211256
40769,863225859
40769,863247050
40769,863256970
40769,863268763
40769,866219683
40769,866225859
40769,866247050
40770,215188567
40770,216188567
40770,222188567
40770,230188567
40770,237210008
40770,238240787
40770,238246147
40770,242210008
40770,246210008
40770,246226851
40770,252188567
40770,253210008
40770,253210736
40770,253213648
40770,253226851
40770,256210008
40770,256226851
40770,260201455
40770,260210008
40770,260215316
40770,260226851
40770,260240507
40770,262240753
40770,264210008
40770,265201455
40770,267215316
40770,270244749
40770,272226851
40770,273210008
40770,273213648
40770,273241496
40770,273244749
40770,276241496
40770,279210008
40770,280188567
40770,280213648
40770,280226851
40770,283210008
40770,284251806
40770,287210008
40770,287236804
40770,291213648
40770,513188567
40770,513210008
40770,513213648
40770,513226851
40770,515188567
40770,515213648
40770,515226851
40770,515236804
40770,517188567
40770,517210008
40770,517213648
40770,517215316
40770,517226851
40770,517240753
40770,517242835
40770,517271400
40770,801210008
40770,804240507
40770,808210008
40770,810226851
40770,814188567
40770,814226851
40770,815210008
40770,815213648
40770,815223143
40770,815226851
40770,820188567
40770,820236804
40770,820251806
40770,825210736
40770,825226851
40770,826210736
40770,828188567
40770,829236804
40770,834226851
40770,834240507
40770,834241496
40770,834251806
40770,834271400
40770,840188567
40770,840210736
40770,840215316
40770,844210008
40770,844213648
40770,844215316
40770,845210736
40770,846188567
40770,848226851
40770,852188567
40770,855213648
40770,863237841
40770,863240753
40770,863241496
40770,863242835
40770,863244749
40770,866188567
40770,866210008
40770,867210008
40771,206222357
40771,210222357
40771,217220093
40771,219222357
40771,221220093
40771,242220093
40771,242222357
40771,250216320
40771,253222357
40771,267216320
40771,273212138
40771,273222357
40771,276235973
40771,279216320
40771,283223874
40771,287204883
40771,287216320
40771,287223874
40771,287235973
40771,300070415
40771,300071114
40771,300073192
40771,300074698
40771,300075598
40771,300204883
40771,300212138
40771,300213654
40771,300216320
40771,300220093
40771,300222357
40771,300223874
40771,300231102
40771,300235973
40771,300236518
40771,300243631
40771,300251380
40771,300252512
40771,300257946
40771,300259191
40771,300259306
40771,300260658
40771,300261616
40771,300267905
40771,300270828
40771,300277118
40771,300278903
40771,300279557
40771,318235973
40771,500223874
40771,501223874
40771,502220093
40771,502222357
40771,502223874
40771,503216320
40771,503220093
40771,503223874
40771,503231102
40771,506220093
40771,506223874
40771,508216320
40771,508220093
40771,508222357
40771,508231102
40771,511204883
40771,511212138
40771,511216320
40771,511220093
40771,511222357
40771,511231102
40771,511251380
40771,513204883
40771,513212138
40771,513216320
40771,513222357
40771,513223874
40771,515204883
40771,515212138
40771,515223874
40771,517204883
40771,804259306
40771,808204883
40771,814231102
40771,814251380
40771,815204883
40771,815212138
40771,829204883
40771,829212138
40771,829216320
40771,832243631
40771,834222357
40771,834243631
40771,840213654
40771,845216320
40771,863216320
40771,863222357
40771,863257946
40771,863259191
40771,863259306
40771,866070415
40771,866223874
40772,210195864
40772,219229261
40772,230190941
40772,234195864
40772,238253004
40772,241190941
40772,242253004
40772,246226229
40772,250232440
40772,251195864
40772,253195864
40772,256195864
40772,256226229
40772,264190941
40772,264195864
40772,270226627
40772,270263781
40772,272195864
40772,272202335
40772,273195864
40772,273226229
40772,273226627
40772,273229261
40772,276244915
40772,276263781
40772,280202335
40772,280229261
40772,284195864
40772,287225663
40772,287247463
40772,291202335
40772,291235036
40772,513190941
40772,515190941
40772,515202335
40772,515225663
40772,515226627
40772,515229261
40772,517190941
40772,517195864
40772,517202335
40772,517225663
40772,517226229
40772,517226627
40772,517229261
40772,517264862
40772,517270050
40772,802202335
40772,804247463
40772,808225663
40772,810245211
40772,815229261
40772,815235036
40772,820225663
40772,820226627
40772,829226229
40772,829245211
40772,834190941
40772,834225663
40772,834226229
40772,834226627
40772,834229261
40772,834232440
40772,834263781
40772,834264862
40772,834270050
40772,834272781
40772,834275138
40772,836247463
40772,836263781
40772,836272781
40772,836275138
40772,844229261
40772,844264862
40772,845260779
40772,848190941
40772,848202335
40772,852195864
40772,855264862
40772,856225663
40772,856226229
40772,856226627
40772,856232440
40772,856239364
40772,856244915
40772,856245211
40772,856247463
40772,856263781
40772,856264862
40772,856273933
40772,856279700
40772,863226627
40772,863229261
40772,863238227
40772,863244915
40772,863260779
40772,863272781
40772,863275138
40772,866264862
40772,866275138
